####
#
# OBJ File Generated by Meshlab
#
####
# Object aneurysm.obj
#
# Vertices: 1652
# Faces: 3300
#
####
vn -0.155918 -0.820444 -0.550055
v 35.442890 25.570185 26.819958
vn -0.307725 -0.352783 -0.883657
v 35.368732 25.868158 26.736813
vn -0.212889 -0.384933 -0.898056
v 35.579029 25.826563 26.692173
vn -0.198586 -0.450142 -0.870595
v 35.729313 26.036173 26.551474
vn -0.072550 -0.453408 -0.888346
v 35.835838 25.791418 26.664366
vn -0.305112 -0.397392 -0.865440
v 35.491371 26.164061 26.561325
vn -0.373070 -0.363249 -0.853738
v 35.327137 26.477306 26.487539
vn -0.324837 -0.375614 -0.867984
v 35.539482 26.489531 26.395069
vn -0.309110 -0.337285 -0.889207
v 35.618355 26.749041 26.261465
vn -0.254674 -0.390482 -0.884683
v 35.761440 26.489811 26.318466
vn -0.240107 -0.261823 -0.934771
v 35.583561 27.515877 26.025827
vn -0.232289 -0.232840 -0.944366
v 35.460220 27.805046 25.979794
vn -0.188395 -0.212847 -0.958751
v 35.714195 27.745892 25.939005
vn -0.175213 -0.143289 -0.974048
v 35.414341 28.335258 25.882141
vn -0.117429 -0.041702 -0.992205
v 35.552303 28.640039 25.831108
vn -0.126210 -0.111976 -0.985663
v 35.699978 28.335230 25.839514
vn -0.112678 0.068055 -0.991298
v 35.402584 28.938925 25.848421
vn -0.095968 0.243868 -0.965049
v 35.527901 29.278238 25.892088
vn -0.080421 0.094609 -0.992261
v 35.694950 28.957952 25.823969
vn -0.364553 -0.282042 -0.887442
v 35.185448 25.699051 26.865114
vn -0.390014 -0.328888 -0.860071
v 35.159897 25.903162 26.805592
vn -0.374314 -0.364211 -0.852783
v 35.253994 26.173222 26.651402
vn -0.420465 -0.352404 -0.836075
v 35.118515 26.479008 26.585648
vn -0.399963 -0.341520 -0.850526
v 35.188244 26.782116 26.426405
vn -0.409395 -0.333927 -0.849052
v 35.054688 27.079910 26.372290
vn -0.364597 -0.322022 -0.873711
v 35.270916 27.065636 26.279652
vn -0.309614 -0.299098 -0.902596
v 35.382603 27.339092 26.142008
vn -0.318863 -0.305269 -0.897294
v 35.495285 27.034916 26.203651
vn -0.240102 -0.180193 -0.953877
v 35.137085 28.334118 25.941179
vn -0.173480 -0.073568 -0.982086
v 35.266365 28.635288 25.871927
vn -0.437874 -0.345296 -0.830083
v 34.979511 26.786177 26.529299
vn -0.444623 -0.342441 -0.827674
v 34.833138 27.095491 26.479120
vn -0.365329 -0.306544 -0.878957
v 34.966003 27.733725 26.167397
vn -0.309472 -0.258273 -0.915162
v 35.037746 28.032681 26.043585
vn -0.302102 -0.267784 -0.914891
v 35.228027 27.789490 26.050346
vn -0.304264 -0.220824 -0.926639
v 34.864117 28.328537 26.021488
vn -0.240209 -0.104156 -0.965117
v 34.987617 28.633583 25.930769
vn -0.239240 0.037981 -0.970217
v 34.858532 28.948261 25.946415
vn -0.188982 0.246121 -0.950637
v 35.024361 29.244144 25.953678
vn -0.184506 0.047047 -0.981705
v 35.128403 28.933926 25.888144
vn -0.459478 -0.319197 -0.828851
v 34.966042 25.966934 26.878384
vn -0.440346 -0.344057 -0.829289
v 35.042339 26.188812 26.747919
vn -0.463122 -0.350494 -0.814047
v 34.909245 26.488071 26.694502
vn -0.414385 -0.330923 -0.847806
v 34.722260 27.711872 26.286295
vn -0.367448 -0.296501 -0.881515
v 34.786461 28.016350 26.143919
vn -0.308944 0.031797 -0.950548
v 34.591553 28.957523 26.021191
vn -0.251283 0.237506 -0.938322
v 34.756088 29.243166 26.010355
vn -0.498457 -0.353573 -0.791535
v 34.725872 26.529413 26.786266
vn -0.473228 -0.350403 -0.808253
v 34.774384 26.791224 26.641407
vn -0.481305 -0.352304 -0.802638
v 34.618984 27.096176 26.600477
vn -0.449316 -0.344966 -0.824084
v 34.668747 27.404221 26.439610
vn -0.460206 -0.346298 -0.817489
v 34.496490 27.701960 26.409094
vn -0.421617 -0.324347 -0.846781
v 34.549530 28.002293 26.257908
vn -0.416681 0.036860 -0.908305
v 34.339428 28.964577 26.118082
vn -0.349820 0.248034 -0.903385
v 34.492245 29.238987 26.092981
vn -0.533598 -0.357423 -0.766499
v 34.567623 26.489809 26.909386
vn -0.508689 -0.356958 -0.783465
v 34.581944 26.791206 26.760149
vn -0.518151 -0.359832 -0.775913
v 34.419739 27.092974 26.728121
vn -0.491116 -0.354996 -0.795477
v 34.453770 27.398903 26.566771
vn -0.505952 -0.356920 -0.785252
v 34.284187 27.681860 26.546032
vn -0.474145 -0.343855 -0.810524
v 34.324730 27.974422 26.391329
vn -0.545394 -0.152431 -0.824203
v 34.012882 28.678371 26.325670
vn -0.613807 0.052552 -0.787705
v 33.886482 28.962858 26.391260
vn -0.518641 0.035672 -0.854248
v 34.104008 28.964127 26.242174
vn -0.458090 0.259851 -0.850077
v 34.242306 29.232264 26.206520
vn -0.603861 -0.291950 -0.741699
v 34.554810 25.911798 27.176111
vn -0.563719 -0.338664 -0.753345
v 34.563831 26.195782 27.048298
vn -0.523990 -0.302034 -0.796373
v 34.778934 25.950750 26.998205
vn -0.575887 -0.367995 -0.730023
v 34.378067 26.487852 27.049637
vn -0.542678 -0.364299 -0.756827
v 34.397610 26.787348 26.887827
vn -0.553487 -0.365393 -0.748425
v 34.231083 27.084040 26.865013
vn -0.531790 -0.361406 -0.765889
v 34.252029 27.384689 26.705593
vn -0.626110 -0.132752 -0.768351
v 33.807953 28.687658 26.473564
vn -0.697506 0.084891 -0.711533
v 33.680996 28.960588 26.571806
vn -0.705210 -0.302409 -0.641270
v 34.355595 25.875940 27.375677
vn -0.633709 -0.355861 -0.686860
v 34.340569 26.192640 27.234055
vn -0.617857 -0.389554 -0.683008
v 34.177025 26.527214 27.198458
vn -0.578766 -0.374714 -0.724306
v 34.211685 26.791348 27.025520
vn -0.591534 -0.370814 -0.715950
v 34.047943 27.070766 27.013857
vn -0.571134 -0.364153 -0.735662
v 34.063213 27.353701 26.859257
vn -0.814708 -0.313236 -0.487990
v 34.165604 25.895441 27.618101
vn -0.730931 -0.366732 -0.575540
v 34.198910 26.093224 27.437168
vn -0.668632 -0.422896 -0.611630
v 33.962376 26.625078 27.342758
vn -0.614065 -0.386339 -0.688234
v 34.021534 26.815977 27.172642
vn -0.800685 -0.497858 -0.333228
v 33.873627 26.393909 27.672405
vn -0.724158 -0.458381 -0.515249
v 33.786125 26.631250 27.542641
vn -0.705328 -0.476393 -0.524940
v 33.894779 26.495096 27.535849
vn -0.928309 0.232704 -0.289986
v 33.172279 28.930271 27.349440
vn -0.851771 0.366882 -0.374010
v 33.321163 29.156046 27.166014
vn -0.879767 0.159013 -0.448023
v 33.242462 28.842722 27.104420
vn -0.959963 0.230903 -0.158605
v 33.117565 28.976044 27.631670
vn -0.892860 0.364069 -0.265055
v 33.225739 29.190136 27.464369
vn -0.975787 -0.186521 -0.114232
v 33.072235 28.065298 27.920654
vn -0.998255 -0.055969 0.018846
v 33.035416 28.317141 28.054661
vn -0.985215 -0.121490 -0.120794
v 33.048706 28.295277 27.800478
vn -0.982981 -0.148210 -0.108550
v 33.970188 25.814837 28.347834
vn -0.931908 -0.352497 -0.085397
v 33.906353 26.146784 28.205442
vn -0.950594 -0.228166 -0.210504
v 34.005390 25.877581 28.058878
vn -0.995085 0.070657 0.069374
v 33.047462 28.632246 28.157648
vn -0.979879 0.155689 0.124890
v 33.095207 28.913658 28.339226
vn -0.984448 0.174281 0.022088
v 33.076691 28.920710 28.090738
vn -0.987950 -0.154577 0.007812
v 33.947247 25.900270 28.565048
vn -0.952977 -0.302713 0.014110
v 33.896004 26.143690 28.480129
vn -0.978531 -0.115273 0.170851
v 33.094635 28.062769 28.452929
vn -0.957486 -0.077414 0.277900
v 33.133476 28.257843 28.705521
vn -0.978391 -0.010027 0.206519
v 33.093536 28.383659 28.567001
vn -0.992485 -0.024598 0.119865
v 33.056454 28.339478 28.333693
vn -0.877893 0.445777 0.174888
v 33.344311 29.565992 28.513325
vn -0.835922 0.542439 0.083632
v 33.475327 29.825167 28.366262
vn -0.874812 0.482360 0.045081
v 33.327808 29.600121 28.243824
vn -0.916372 0.304944 0.259367
v 33.255402 29.196712 28.761208
vn -0.862104 0.431329 0.265956
v 33.403671 29.550905 28.778950
vn -0.945303 -0.230345 0.230961
v 33.920990 26.233965 28.907070
vn -0.894141 -0.287161 0.343584
v 33.880947 26.477604 29.004286
vn -0.891849 -0.381989 0.242260
v 33.798042 26.475634 28.755856
vn -0.905212 -0.221406 0.362727
v 33.285389 27.783203 28.914904
vn -0.942327 -0.156189 0.296016
v 33.170216 27.972706 28.706366
vn -0.929146 -0.256362 0.266396
v 33.208248 27.677494 28.629726
vn -0.888611 0.298082 0.348594
v 33.339729 29.170612 29.040949
vn -0.827279 0.391942 0.402481
v 33.510262 29.402637 29.207842
vn -0.865966 0.378377 0.327006
v 33.388763 29.395748 28.946663
vn -0.824391 -0.343226 0.450084
v 33.496330 27.484684 29.162100
vn -0.844102 -0.264732 0.466271
v 33.486500 27.721926 29.301615
vn -0.872770 -0.254333 0.416638
v 33.385864 27.710611 29.101463
vn -0.919685 -0.085477 0.383241
v 33.285069 28.338516 29.135084
vn -0.936696 0.031115 0.348757
v 33.263504 28.599693 29.105562
vn -0.949866 -0.020804 0.311965
v 33.164955 28.411171 28.828171
vn -0.820105 0.448454 0.355412
v 33.551502 29.636072 29.034590
vn -0.836085 0.450429 0.313172
v 33.683483 29.932718 28.950010
vn -0.838205 0.494796 0.229324
v 33.527897 29.797478 28.720398
vn -0.931415 -0.008632 0.363858
v 34.098896 25.750271 29.364885
vn -0.940997 -0.144371 0.306074
v 33.985634 26.186497 29.110651
vn -0.977562 -0.104914 0.182665
v 33.975105 25.920307 28.946796
vn -0.797170 0.431110 0.422688
v 33.684807 29.625210 29.315981
vn -0.820580 0.421641 0.385834
v 33.761986 29.896334 29.175501
vn -0.850755 0.331010 0.408227
v 33.934521 30.114216 29.326712
vn -0.879845 0.370579 0.297563
v 33.840252 30.182516 29.035055
vn -0.858109 -0.151037 0.490751
v 34.099686 26.493382 29.468658
vn -0.818591 -0.289473 0.496100
v 33.985157 26.765514 29.392179
vn -0.883451 -0.206910 0.420360
v 33.980286 26.480026 29.235411
vn -0.823846 -0.287480 0.488502
v 33.612747 27.726795 29.525118
vn -0.875664 -0.176678 0.449442
v 33.426788 28.085686 29.358290
vn -0.869068 -0.101210 0.484229
v 33.498844 28.338844 29.576979
vn -0.880848 0.041823 0.471548
v 33.428871 28.635983 29.477362
vn -0.895111 -0.098630 0.434797
v 33.386833 28.350105 29.366419
vn -0.777881 0.423847 0.463956
v 33.805084 29.603146 29.548225
vn -0.802602 0.397853 0.444459
v 33.870926 29.864559 29.417889
vn -0.863358 0.231693 0.448254
v 34.064213 30.272032 29.485767
vn -0.815434 -0.121053 0.566051
v 34.243141 26.510906 29.703140
vn -0.801879 -0.259632 0.538127
v 34.128040 26.772350 29.616390
vn -0.800216 -0.295721 0.521731
v 33.722889 27.757725 29.721014
vn -0.846271 -0.204601 0.491899
v 33.602867 28.030241 29.655678
vn -0.849886 -0.096355 0.518082
v 33.624504 28.333036 29.793516
vn -0.854868 0.042408 0.517109
v 33.555412 28.632204 29.695215
vn -0.764452 -0.319212 0.560105
v 33.854122 27.719835 29.887585
vn -0.814973 -0.221212 0.535615
v 33.725582 28.024652 29.854483
vn -0.820414 -0.112612 0.560570
v 33.746677 28.302347 29.979860
vn -0.827214 0.033149 0.560909
v 33.736755 28.593725 29.981239
vn -0.718498 -0.307012 0.624103
v 34.361366 26.912462 29.995354
vn -0.678515 -0.386713 0.624556
v 34.333946 27.178247 30.121246
vn -0.715336 -0.388364 0.580920
v 34.180061 27.136465 29.916636
vn -0.732348 -0.325958 0.597845
v 33.996880 27.715425 30.068926
vn -0.776444 -0.237385 0.583766
v 33.856426 28.021427 30.039412
vn -0.785673 -0.107520 0.609227
v 33.872650 28.329954 30.158270
vn -0.751853 0.243230 0.612826
v 34.334236 30.198231 29.932682
vn -0.805187 0.138864 0.576534
v 34.284790 30.463448 29.788383
vn -0.818006 0.231917 0.526384
v 34.180374 30.217850 29.709021
vn -0.701347 -0.328587 0.632568
v 34.144157 27.720301 30.242441
vn -0.740968 -0.242330 0.626293
v 33.996918 28.023340 30.216429
vn -0.743084 -0.116068 0.659056
v 34.024563 28.336805 30.341610
vn -0.784919 0.036596 0.618517
v 33.927052 28.624905 30.243614
vn -0.659670 -0.353714 0.663115
v 34.539177 27.013405 30.236189
vn -0.648611 -0.397013 0.649372
v 34.509220 27.249109 30.347122
vn -0.675382 -0.325344 0.661824
v 34.310860 27.735693 30.426588
vn -0.707604 -0.242749 0.663603
v 34.149563 28.025627 30.388182
vn -0.701476 -0.115193 0.703322
v 34.185711 28.337482 30.511435
vn -0.732486 0.031116 0.680070
v 34.089634 28.638863 30.433887
vn -0.655966 0.257838 0.709386
v 34.523457 30.189932 30.140131
vn -0.656571 -0.305459 0.689645
v 34.534729 27.782448 30.668421
vn -0.681310 -0.234548 0.693400
v 34.317875 28.032621 30.562206
vn -0.667258 -0.100945 0.737955
v 34.355526 28.337931 30.671328
vn -0.678802 0.034320 0.733519
v 34.259239 28.646273 30.601078
vn -0.529294 0.312498 0.788792
v 34.690674 30.068766 30.318951
vn -0.555721 0.200686 0.806783
v 34.722641 30.307894 30.266457
vn -0.380734 -0.017550 0.924518
v 35.143414 25.756529 30.422150
vn -0.506603 -0.071788 0.859186
v 34.956829 26.120716 30.350702
vn -0.584535 -0.017757 0.811174
v 34.762020 25.957510 30.218904
vn -0.577696 -0.163486 0.799713
v 34.886570 26.463230 30.346710
vn -0.626347 -0.284136 0.725917
v 34.782673 26.787943 30.358057
vn -0.665547 -0.142294 0.732666
v 34.644558 26.533657 30.165636
vn -0.628853 -0.384107 0.676022
v 34.744667 27.059101 30.457123
vn -0.634326 -0.403389 0.659476
v 34.666668 27.303490 30.534714
vn -0.634194 -0.080639 0.768957
v 34.533051 28.336866 30.823412
vn -0.639702 0.033493 0.767893
v 34.436920 28.635727 30.756145
vn -0.479051 0.445519 0.756322
v 34.692982 29.397800 30.702980
vn -0.412783 0.479542 0.774370
v 34.788559 29.667149 30.585146
vn -0.538380 0.445449 0.715348
v 34.548508 29.542877 30.513382
vn -0.429873 0.246082 0.868708
v 34.884026 30.180880 30.391348
vn -0.607791 -0.379722 0.697424
v 34.968678 26.917751 30.577063
vn -0.622470 -0.413336 0.664594
v 34.895916 27.226690 30.703917
vn -0.641296 -0.288168 0.711125
v 34.780308 27.756695 30.887583
vn -0.640330 -0.193237 0.743396
v 34.643467 28.039707 30.863520
vn -0.604102 -0.052713 0.795161
v 34.720757 28.335178 30.972404
vn -0.591529 0.047171 0.804903
v 34.619732 28.632086 30.898808
vn -0.531830 0.208667 0.820741
v 34.720947 28.924328 30.927088
vn -0.553192 0.311272 0.772715
v 34.599617 29.125088 30.777996
vn -0.598269 0.159226 0.785316
v 34.543167 28.872749 30.813742
vn -0.340486 0.178806 0.923091
v 35.103786 30.286606 30.461519
vn -0.613355 -0.260421 0.745638
v 34.987377 27.751469 31.067087
vn -0.616482 -0.159048 0.771138
v 34.839748 28.031467 31.025541
vn -0.560351 -0.010305 0.828191
v 34.921993 28.335390 31.118584
vn -0.541430 0.086838 0.836249
v 34.816605 28.641470 31.034595
vn -0.458287 0.242397 0.855112
v 34.933559 28.946468 31.048475
vn -0.454803 0.398200 0.796612
v 34.857471 29.229979 30.898840
vn -0.378345 -0.218260 0.899565
v 35.384781 26.164873 30.555019
vn -0.519884 -0.346437 0.780834
v 35.362946 26.482677 30.653278
vn -0.481848 -0.277438 0.831175
v 35.202221 26.437716 30.547424
vn -0.556587 -0.223711 0.800102
v 35.196575 27.754658 31.229393
vn -0.570912 -0.117169 0.812607
v 35.045025 28.029461 31.181770
vn -0.488253 0.042952 0.871645
v 35.138851 28.334906 31.254791
vn -0.468500 0.135736 0.872974
v 35.030346 28.644321 31.162302
vn -0.343103 0.283278 0.895563
v 35.155804 28.938948 31.152702
vn -0.359420 0.419898 0.833369
v 35.049824 29.224377 31.003460
vn -0.215485 0.230176 0.948992
v 35.384537 30.156340 30.569628
vn -0.263468 0.125002 0.956535
v 35.313023 30.415266 30.509892
vn -0.361652 -0.290160 0.886011
v 35.551338 26.153830 30.615185
vn -0.510754 -0.436883 0.740448
v 35.541164 26.484858 30.763981
vn -0.475320 -0.374488 0.796134
v 35.437569 26.464998 30.699919
vn -0.564780 -0.447549 0.693343
v 35.326332 26.780630 30.801376
vn -0.464907 -0.184467 0.865929
v 35.418560 27.766972 31.371477
vn -0.492972 -0.067844 0.867396
v 35.266460 28.030804 31.324862
vn -0.382996 0.105420 0.917715
v 35.370049 28.333992 31.369572
vn -0.364183 0.198058 0.910024
v 35.258564 28.640871 31.270950
vn -0.212223 0.342878 0.915093
v 35.395058 28.919407 31.231737
vn -0.209492 0.434727 0.875857
v 35.268528 29.178089 31.093092
vn -0.465265 -0.444222 0.765634
v 35.636528 26.373117 30.768545
vn -0.533427 -0.491746 0.688216
v 35.563881 26.627211 30.889208
vn -0.337145 -0.126733 0.932884
v 35.614315 27.812391 31.470478
vn -0.375662 -0.003927 0.926748
v 35.494438 28.049276 31.438873
vn -0.248942 0.158503 0.955460
v 35.614487 28.326307 31.454018
vn -0.242533 0.265060 0.933232
v 35.503788 28.624657 31.356028
vn -0.092384 0.407428 0.908553
v 35.679504 28.891294 31.287971
vn -0.091157 0.468602 0.878694
v 35.524788 29.163118 31.141727
vn -0.091337 0.220971 0.970994
v 35.652840 30.184000 30.606621
vn -0.245198 -0.240314 0.939216
v 35.818314 25.835785 30.634830
vn -0.367789 -0.505204 0.780705
v 35.902874 26.286810 30.864393
vn -0.423645 -0.536115 0.730141
v 35.832466 26.526356 31.001301
vn -0.231682 -0.219400 0.947727
v 35.950851 27.410049 31.485395
vn -0.103242 -0.070641 0.992145
v 36.100140 27.717077 31.562548
vn -0.219854 -0.120117 0.968110
v 35.827431 27.748104 31.521618
vn -0.221399 0.038496 0.974423
v 35.730179 28.045624 31.513153
vn -0.102984 0.191044 0.976164
v 35.870029 28.306808 31.503620
vn -0.127667 0.295782 0.946686
v 35.757946 28.580711 31.420546
vn 0.043347 0.481750 0.875236
v 35.953922 28.955933 31.261709
vn 0.021364 0.505335 0.862659
v 35.784218 29.175901 31.142540
vn 0.035853 0.217814 0.975332
v 35.885887 30.197859 30.610937
vn -0.126011 -0.283950 0.950523
v 36.206783 27.169081 31.474840
vn -0.291101 -0.335429 0.895962
v 35.948025 27.091707 31.391930
vn -0.078087 -0.167286 0.982811
v 36.276676 27.437357 31.546013
vn 0.030882 -0.007453 0.999495
v 36.388988 27.710201 31.573122
vn 0.131071 0.494495 0.859241
v 36.195663 28.949659 31.238911
vn 0.119623 0.534289 0.836795
v 36.098129 29.203691 31.094847
vn 0.186123 0.204982 0.960906
v 36.150608 30.203804 30.581987
vn 0.020416 -0.366924 0.930027
v 36.449551 27.009708 31.433968
vn 0.054694 -0.252882 0.965950
v 36.520443 27.244558 31.509747
vn 0.167186 0.016300 0.985791
v 36.683582 27.704655 31.542749
vn 0.126287 0.136347 0.982579
v 36.535385 27.986181 31.540096
vn 0.362948 0.204602 0.909069
v 36.468670 30.146826 30.500210
vn 0.267651 0.107041 0.957552
v 36.315350 30.455637 30.508417
vn 0.228971 -0.291117 0.928883
v 37.002586 27.125389 31.394190
vn 0.198921 -0.151222 0.968278
v 36.818012 27.382311 31.494249
vn 0.151208 -0.329842 0.931848
v 36.742474 27.089642 31.434465
vn 0.256695 0.019544 0.966295
v 36.969948 27.703178 31.479620
vn 0.219322 0.153813 0.963452
v 36.819622 27.990650 31.488592
vn 0.338134 -0.266537 0.902565
v 37.254318 27.134008 31.320181
vn 0.291992 -0.122834 0.948500
v 37.116276 27.401924 31.421968
vn 0.354848 0.035720 0.934241
v 37.247265 27.708872 31.391943
vn 0.311664 0.173566 0.934206
v 37.096352 28.001335 31.411043
vn 0.377186 0.316840 0.870255
v 37.207115 28.283802 31.292320
vn 0.320653 0.407955 0.854842
v 37.001514 28.545710 31.261860
vn 0.275140 0.282029 0.919107
v 36.935833 28.262346 31.395834
vn 0.447611 -0.261656 0.855091
v 37.498611 27.129539 31.210520
vn 0.404295 -0.111527 0.907804
v 37.381878 27.406523 31.324774
vn 0.482283 0.042770 0.874971
v 37.511299 27.701668 31.273804
vn 0.423788 0.196307 0.884233
v 37.370205 27.997618 31.304281
vn 0.516955 0.338423 0.786275
v 37.493855 28.264368 31.148924
vn 0.443604 0.438258 0.781758
v 37.305054 28.533266 31.131659
vn 0.587592 -0.233111 0.774852
v 37.720280 27.132059 31.075151
vn 0.542126 -0.098326 0.834525
v 37.628345 27.402824 31.193678
vn 0.651862 0.051863 0.756562
v 37.741745 27.680523 31.118879
vn 0.573385 0.187882 0.797452
v 37.629536 27.954983 31.167053
vn 0.693543 0.388977 0.606378
v 37.675385 28.331669 30.958460
vn 0.575945 0.450760 0.681985
v 37.510326 28.504375 31.010439
vn 0.709523 -0.395395 0.583301
v 37.887409 26.805431 30.750118
vn 0.863091 -0.172019 0.474851
v 38.032608 27.110409 30.696875
vn 0.752685 -0.211610 0.623448
v 37.895660 27.121855 30.907192
vn 0.709882 -0.071082 0.700725
v 37.838467 27.394670 31.025644
vn 0.806126 0.369518 0.462188
v 37.811279 28.358414 30.735601
vn 0.694206 0.462235 0.551740
v 37.643749 28.556776 30.826714
vn 0.770067 0.457333 0.444796
v 37.733727 28.973583 30.287060
vn 0.666102 0.540080 0.514413
v 37.531204 29.201744 30.354111
vn 0.693666 0.502754 0.515815
v 37.591869 28.964355 30.512943
vn 0.970905 0.025910 0.238058
v 38.188908 27.395624 30.301167
vn 0.970284 0.101260 0.219764
v 38.198608 27.690466 30.160385
vn 0.948383 0.122278 0.292605
v 38.131351 27.666792 30.431049
vn 0.831027 0.430879 0.351763
v 37.847061 29.011448 30.022970
vn 0.739492 0.509733 0.439687
v 37.665226 29.216585 30.142944
vn 0.981305 -0.064701 0.181256
v 38.215576 27.115015 30.152857
vn 0.941019 -0.106050 0.321305
v 38.146240 27.106991 30.430870
vn 0.989177 0.010357 0.146363
v 38.241085 27.407804 30.020424
vn 0.985860 0.062766 0.155370
v 38.250134 27.711166 29.884447
vn 0.958521 0.161508 0.234847
v 38.190987 27.990145 30.019186
vn 0.942340 0.232127 0.241063
v 38.166126 28.290659 29.876066
vn 0.921308 0.250598 0.297309
v 38.102501 28.232315 30.140329
vn 0.980446 -0.192346 0.041575
v 38.206444 26.762766 29.767359
vn 0.994482 -0.104550 0.008668
v 38.254658 27.091335 29.606350
vn 0.994148 -0.079870 0.072743
v 38.246471 27.101889 29.880922
vn 0.977529 0.128499 0.167108
v 38.244492 28.023365 29.749369
vn 0.964015 0.216924 0.153684
v 38.215469 28.315548 29.622328
vn 0.874346 0.459217 0.156966
v 37.840778 29.281191 29.558126
vn 0.890959 0.417304 0.179023
v 37.736511 29.511297 29.465403
vn 0.828637 0.486447 0.277000
v 37.721985 29.421354 29.716810
vn 0.906965 -0.421195 -0.002981
v 38.051685 26.221928 29.437979
vn 0.960805 -0.267485 -0.072842
v 38.140198 26.488533 29.328705
vn 0.956076 -0.292617 0.017149
v 38.143906 26.470242 29.580811
vn 0.927617 -0.354307 0.118294
v 38.113621 26.428585 29.834948
vn 0.996658 0.021679 0.078762
v 38.283653 27.718700 29.608240
vn 0.992529 0.098578 0.071898
v 38.278149 28.031332 29.481056
vn 0.977881 0.204187 0.045341
v 38.242485 28.317688 29.365601
vn 0.991752 -0.116175 -0.054146
v 38.248516 27.093857 29.335810
vn 0.998295 -0.058374 0.000271
v 38.280338 27.406122 29.471142
vn 0.999892 -0.008240 -0.012193
v 38.292877 27.719803 29.344286
vn 0.996587 0.074643 -0.035259
v 38.283360 28.027512 29.223820
vn 0.981582 0.180209 -0.063423
v 38.242180 28.304266 29.094290
vn 0.923648 0.382951 -0.014955
v 37.870892 29.272587 29.063196
vn 0.963168 0.268833 0.006068
v 37.768574 29.555674 28.925484
vn 0.935331 0.340277 0.096787
v 37.756569 29.550108 29.218615
vn 0.919357 0.291009 0.264757
v 37.633389 29.804113 29.402691
vn 0.890650 -0.437921 0.122339
v 37.765430 25.715677 29.308596
vn 0.948620 -0.274260 -0.157801
v 38.108837 26.487551 29.086216
vn 0.978029 -0.182823 -0.100180
v 38.193287 26.783022 29.205809
vn 0.985268 -0.124908 -0.116813
v 38.226715 27.093712 29.083973
vn 0.994409 -0.074734 -0.074606
v 38.270363 27.406401 29.211855
vn 0.994377 -0.023954 -0.103152
v 38.277321 27.717123 29.089413
vn 0.912803 0.401569 -0.074386
v 37.985153 29.000450 28.926344
vn 0.907828 0.419286 0.006871
v 37.985054 29.031816 29.253962
vn 0.615593 -0.786081 -0.055870
v 37.739162 25.574484 28.755728
vn 0.932049 -0.292730 -0.213529
v 38.058910 26.478437 28.856365
vn 0.966360 -0.200502 -0.161081
v 38.160301 26.780397 28.963993
vn 0.976319 -0.131411 -0.171852
v 38.191563 27.091871 28.847420
vn 0.986609 -0.078854 -0.142775
v 38.242443 27.405037 28.965055
vn 0.983693 -0.030285 -0.177289
v 38.237423 27.709322 28.824404
vn 0.989773 0.051819 -0.132905
v 38.259647 28.013399 28.956877
vn 0.916380 -0.304922 -0.259367
v 38.001183 26.477077 28.638456
vn 0.952409 -0.220401 -0.210573
v 38.115993 26.777319 28.737886
vn 0.966151 -0.140119 -0.216608
v 38.146194 27.087147 28.624277
vn 0.977799 -0.077994 -0.194491
v 38.199089 27.397821 28.721233
vn 0.974005 -0.037476 -0.223407
v 38.168324 27.673895 28.506887
vn 0.978879 0.032479 -0.201845
v 38.204216 27.999548 28.647144
vn 0.916017 0.377420 -0.135894
v 37.947971 28.995350 28.598885
vn 0.935055 0.344628 -0.083093
v 37.856220 29.263746 28.753477
vn 0.971023 0.224726 -0.081316
v 37.755543 29.560469 28.626087
vn 0.991580 0.127927 0.020074
v 37.706734 29.884897 28.811502
vn 0.930965 -0.206312 -0.301230
v 37.735332 25.923563 28.361849
vn 0.910619 -0.299499 -0.284735
v 37.865833 26.185953 28.537485
vn 0.899073 -0.319034 -0.299810
v 37.940300 26.484125 28.435606
vn 0.937443 -0.239353 -0.252805
v 38.063412 26.775303 28.524498
vn 0.955514 -0.150324 -0.253762
v 38.093746 27.086002 28.411964
vn 0.969630 -0.086036 -0.228944
v 38.150505 27.355896 28.515043
vn 0.917291 0.355721 -0.178999
v 37.891556 29.007425 28.305986
vn 0.938036 0.316063 -0.142103
v 37.819508 29.265585 28.460251
vn 0.963448 0.210448 -0.165772
v 37.719913 29.555723 28.337740
vn 0.987398 0.112732 -0.111067
v 37.696854 29.846209 28.484978
vn 0.881306 -0.335376 -0.332900
v 37.872364 26.485325 28.245483
vn 0.921583 -0.259339 -0.288839
v 38.003326 26.774111 28.319468
vn 0.946249 -0.164709 -0.278360
v 38.035774 27.088369 28.203867
vn 0.964344 -0.087988 -0.249599
v 38.103481 27.396542 28.313498
vn 0.969183 -0.038569 -0.243305
v 38.094021 27.702801 28.194227
vn 0.971387 0.027872 -0.235861
v 38.130077 28.001089 28.326828
vn 0.909236 -0.111167 -0.401164
v 37.591595 25.774082 28.041504
vn 0.885417 -0.279001 -0.371745
v 37.736450 26.195587 28.186035
vn 0.861138 -0.353903 -0.364959
v 37.792927 26.481493 28.053205
vn 0.904883 -0.283429 -0.317578
v 37.936787 26.773575 28.120150
vn 0.936355 -0.187474 -0.296804
v 37.972813 27.088413 27.997997
vn 0.959219 -0.103885 -0.262881
v 38.044449 27.399014 28.091362
vn 0.965505 -0.053161 -0.254899
v 38.037308 27.665718 27.979460
vn 0.967951 0.024091 -0.249981
v 38.044662 27.977213 27.989191
vn 0.923694 0.319590 -0.211310
v 37.949814 28.778471 28.160566
vn 0.916038 0.342662 -0.208463
v 37.821014 29.032207 28.018816
vn 0.942792 0.229398 -0.241910
v 37.661297 29.549826 28.055780
vn 0.964524 0.126325 -0.231810
v 37.648914 29.823969 28.199196
vn 0.867934 -0.169141 -0.466993
v 37.515930 25.990793 27.831562
vn 0.861879 -0.287660 -0.417631
v 37.644218 26.205061 27.977406
vn 0.835057 -0.387359 -0.390683
v 37.689045 26.477844 27.824518
vn 0.887140 -0.313536 -0.338642
v 37.863346 26.774565 27.919558
vn 0.926346 -0.213889 -0.310055
v 37.905968 27.089361 27.792131
vn 0.953517 -0.121305 -0.275847
v 37.985527 27.398829 27.881090
vn 0.963226 -0.052109 -0.263591
v 37.985462 27.706871 27.777306
vn 0.910141 0.344134 -0.230683
v 37.741367 29.056366 27.722858
vn 0.919943 0.315066 -0.233321
v 37.697887 29.288033 27.895222
vn 0.909827 0.287145 -0.299604
v 37.588223 29.524725 27.782131
vn 0.924011 0.182084 -0.336228
v 37.567631 29.789707 27.913424
vn 0.815795 -0.431477 -0.385106
v 37.627571 26.581598 27.580381
vn 0.871979 -0.342645 -0.349640
v 37.787510 26.789837 27.711903
vn 0.916913 -0.240274 -0.318652
v 37.834007 27.090275 27.581062
vn 0.948474 -0.138839 -0.284816
v 37.923180 27.400476 27.667309
vn 0.959988 -0.063348 -0.272781
v 37.920628 27.712061 27.542980
vn 0.966209 0.029118 -0.256110
v 37.963432 28.015299 27.679379
vn 0.958834 0.128322 -0.253318
v 37.910328 28.316990 27.565573
vn 0.941478 0.233818 -0.242794
v 37.898212 28.586817 27.717787
vn 0.960526 0.123639 -0.249205
v 37.988998 28.301954 27.859060
vn 0.897282 -0.292456 -0.330688
v 37.742058 27.063955 27.343237
vn 0.941725 -0.162632 -0.294457
v 37.853928 27.394697 27.441830
vn 0.956121 -0.077469 -0.282546
v 37.850555 27.706732 27.302313
vn 0.963963 0.022210 -0.265108
v 37.895344 28.018354 27.425461
vn 0.958072 0.120294 -0.260052
v 37.843891 28.306702 27.312300
vn 0.940843 0.229408 -0.249371
v 37.828220 28.583517 27.446581
vn 0.801405 -0.336217 -0.494679
v 37.298527 26.148891 27.405703
vn 0.756817 -0.474711 -0.449308
v 37.305431 26.367905 27.217672
vn 0.784600 -0.459183 -0.416597
v 37.461071 26.457039 27.395472
vn 0.821981 -0.426668 -0.377228
v 37.609287 26.731400 27.362339
vn 0.897411 -0.295064 -0.328009
v 37.690674 27.145090 27.128164
vn 0.936840 -0.181634 -0.298898
v 37.778656 27.389029 27.206474
vn 0.951990 -0.099215 -0.289604
v 37.762833 27.683790 27.017069
vn 0.961517 0.007963 -0.274631
v 37.825390 28.010664 27.175642
vn 0.950674 -0.072983 -0.301484
v 37.687069 27.794319 26.734621
vn 0.959119 0.003301 -0.282982
v 37.749447 28.029318 26.913767
vn 0.904640 0.343757 -0.251907
v 37.565090 28.902826 26.850174
vn 0.865347 0.431712 -0.254557
v 37.467533 29.156092 26.900820
vn 0.892947 0.370844 -0.255188
v 37.598934 29.019417 27.141657
vn 0.807673 0.493424 -0.322796
v 37.327457 29.540998 27.146519
vn 0.795117 0.440257 -0.417088
v 37.241482 29.752880 27.245926
vn 0.832108 0.411510 -0.371828
v 37.410831 29.563194 27.373159
vn 0.766887 -0.371026 -0.523664
v 37.197216 26.144344 27.251133
vn 0.804676 -0.201575 -0.558448
v 37.271912 25.973232 27.448351
vn 0.878832 0.401310 -0.258078
v 37.449051 29.036924 26.636303
vn 0.811729 0.462788 -0.356263
v 37.001797 29.916922 26.913502
vn 0.788717 0.380268 -0.483034
v 36.909531 30.204559 27.001366
vn 0.834580 0.244493 -0.493659
v 36.947906 30.191870 27.082724
vn 0.752859 0.209041 -0.624103
v 37.029678 30.200077 27.174929
vn 0.591114 -0.581214 -0.559263
v 37.053032 26.814674 26.252663
vn 0.727665 -0.467216 -0.502208
v 37.245075 27.077860 26.217665
vn 0.745105 -0.503429 -0.437468
v 37.301067 26.945593 26.458040
vn 0.519185 0.066467 -0.852073
v 37.239227 28.326599 25.881701
vn 0.548060 0.175219 -0.817881
v 37.211380 28.607845 25.907183
vn 0.766135 0.126579 -0.630092
v 37.362530 28.412142 26.003633
vn 0.736615 0.566269 -0.369779
v 36.891804 29.891624 26.616762
vn 0.716518 0.528443 -0.455357
v 36.810276 30.126661 26.758417
vn 0.798893 0.455326 -0.392999
v 36.847092 30.103258 26.820765
vn 0.472743 -0.506454 -0.721123
v 36.582623 25.862648 26.779434
vn 0.564121 -0.395864 -0.724610
v 36.731121 25.799170 26.922356
vn 0.330489 0.179776 -0.926530
v 36.975422 28.789408 25.831161
vn 0.653792 0.368567 -0.660844
v 37.118790 29.209743 26.052757
vn 0.579617 0.299678 -0.757784
v 37.177174 28.910660 25.973967
vn 0.386539 0.582276 -0.715222
v 36.746113 29.647026 26.062729
vn 0.522710 0.675026 -0.520687
v 36.737080 29.820562 26.268560
vn 0.562251 0.599320 -0.569815
v 36.831314 29.614403 26.110079
vn -0.039597 -0.033821 -0.998643
v 36.541782 28.333143 25.766880
vn 0.077782 0.059015 -0.995222
v 36.716084 28.636276 25.771074
vn 0.068441 -0.003144 -0.997650
v 36.794506 28.331097 25.763493
vn -0.027923 0.018725 -0.999435
v 36.404308 28.638124 25.769899
vn -0.033087 0.106769 -0.993733
v 36.275936 28.945946 25.790350
vn 0.026394 0.110975 -0.993473
v 36.544292 28.925278 25.784029
vn -0.127382 -0.166741 -0.977738
v 36.238934 27.695841 25.865612
vn -0.087380 -0.109095 -0.990183
v 36.427807 27.991886 25.803013
vn -0.088482 -0.163901 -0.982501
v 36.521122 27.650610 25.839094
vn -0.110349 -0.130210 -0.985327
v 36.114243 28.018332 25.831785
vn -0.095216 -0.086688 -0.991675
v 35.981800 28.333897 25.809103
vn -0.075213 -0.064421 -0.995084
v 36.259262 28.329182 25.786194
vn -0.060391 0.001255 -0.998174
v 36.125648 28.642683 25.783188
vn -0.055975 0.103170 -0.993088
v 35.991020 28.960508 25.804821
vn -0.215315 -0.310226 -0.925959
v 35.942989 26.887772 26.114939
vn -0.276018 -0.299140 -0.913417
v 35.730659 26.959743 26.150034
vn -0.214659 -0.259884 -0.941478
v 35.915966 27.140598 26.046341
vn -0.162362 -0.222542 -0.961308
v 36.134720 27.358721 25.948051
vn -0.162656 -0.285056 -0.944609
v 36.150101 27.010386 26.035353
vn -0.177936 -0.219121 -0.959336
v 35.968876 27.504280 25.944576
vn -0.148761 -0.183486 -0.971701
v 35.975708 27.731277 25.895781
vn -0.138737 -0.154783 -0.978159
v 35.838818 28.026695 25.864712
vn -0.083653 -0.015772 -0.996370
v 35.843483 28.644100 25.802813
vn -0.067604 0.226174 -0.971738
v 35.841438 29.277555 25.865816
vn -0.101822 0.370891 -0.923077
v 35.716248 29.571898 25.967258
vn -0.055228 0.369971 -0.927400
v 35.967491 29.577801 25.946928
vn 0.005474 0.559249 -0.828982
v 36.082436 29.849396 26.084780
vn -0.011172 0.379808 -0.924998
v 36.194031 29.580372 25.937935
vn -0.075782 0.548582 -0.832655
v 35.841465 29.864143 26.095442
vn -0.080907 0.634920 -0.768330
v 35.816250 30.013784 26.222994
vn 0.015295 0.684034 -0.729290
v 35.915123 30.140833 26.321486
vn -0.233479 -0.358669 -0.903794
v 35.863651 26.695545 26.205030
vn -0.179688 -0.182009 -0.966739
v 35.564640 28.038071 25.906576
vn -0.140998 0.521249 -0.841676
v 35.651546 29.829575 26.106701
vn -0.357771 -0.337817 -0.870563
v 35.397354 26.774349 26.336676
vn -0.229207 -0.434450 -0.871044
v 35.758034 26.259672 26.428019
vn -0.249613 -0.264605 -0.931492
v 35.710144 27.280903 26.058710
vn -0.284970 -0.276998 -0.917641
v 35.369064 27.614746 26.056641
vn -0.241923 -0.215583 -0.946043
v 35.297497 28.044100 25.963301
vn -0.135701 0.189991 -0.972362
v 35.267811 29.161686 25.892427
vn -0.191360 0.479717 -0.856302
v 35.263470 29.647306 26.077005
vn -0.140564 0.413439 -0.899617
v 35.480488 29.595280 26.008511
vn -0.150846 0.344568 -0.926563
v 35.265598 29.405884 25.964403
vn -0.069311 0.583801 -0.808933
v 35.575848 30.314520 26.482513
vn -0.369948 -0.317135 -0.873249
v 35.159672 27.283298 26.246449
vn -0.184124 0.542096 -0.819896
v 35.421291 29.850863 26.166672
vn -0.235961 0.554767 -0.797845
v 35.156731 29.847790 26.235338
vn -0.407094 -0.328393 -0.852310
v 34.923241 27.403622 26.309841
vn -0.349058 -0.304475 -0.886258
v 35.172016 27.512991 26.159988
vn -0.299920 -0.140858 -0.943508
v 34.695461 28.629358 26.013893
vn -0.349244 0.611086 -0.710354
v 34.733242 30.011694 26.525040
vn -0.355648 0.567087 -0.742918
v 34.897995 30.221746 26.619907
vn -0.282400 0.583436 -0.761481
v 35.036156 30.062357 26.435934
vn -0.502278 -0.338615 -0.795649
v 34.793159 26.231541 26.875542
vn -0.391491 -0.235977 -0.889410
v 34.443207 28.501917 26.134367
vn -0.367893 -0.120606 -0.922013
v 34.457363 28.716110 26.082018
vn -0.364413 -0.265140 -0.892695
v 34.623535 28.310482 26.114719
vn -0.342116 0.444240 -0.828014
v 34.508263 29.417654 26.161793
vn -0.278320 0.545135 -0.790801
v 34.718327 29.627966 26.219099
vn -0.237363 0.420825 -0.875537
v 34.808952 29.425268 26.064554
vn -0.556076 -0.229164 -0.798914
v 34.733944 25.717354 27.107805
vn -0.437437 -0.309129 -0.844446
v 34.372887 28.264326 26.247137
vn -0.464606 -0.144359 -0.873671
v 34.243263 28.694633 26.186211
vn -0.449915 0.463969 -0.763092
v 34.234867 29.426281 26.301935
vn -0.367519 0.568302 -0.736181
v 34.462837 29.629499 26.327576
vn -0.491839 0.541716 -0.681643
v 34.610878 30.365210 26.898756
vn -0.524339 -0.356179 -0.773437
v 34.117481 27.932852 26.540489
vn -0.501167 -0.328092 -0.800742
v 34.139362 28.216190 26.399918
vn -0.562881 0.273138 -0.780103
v 34.013386 29.228603 26.348625
vn -0.550433 0.477364 -0.684944
v 34.009563 29.429113 26.459044
vn -0.453242 0.585938 -0.671751
v 34.234409 29.632788 26.462582
vn -0.395345 0.624004 -0.674033
v 34.457855 29.827074 26.503647
vn -0.429687 0.627613 -0.649208
v 34.460808 30.026436 26.694275
vn -0.647711 -0.229296 -0.726563
v 34.526752 25.709900 27.269852
vn -0.552265 -0.362979 -0.750499
v 34.076927 27.651333 26.703245
vn -0.574152 -0.360523 -0.735100
v 33.913277 27.907372 26.701355
vn -0.657183 0.295087 -0.693566
v 33.805328 29.227789 26.522295
vn -0.636878 0.490654 -0.594681
v 33.814228 29.431002 26.643114
vn -0.540393 0.593298 -0.596635
v 34.031906 29.634115 26.622269
vn -0.512562 -0.761901 -0.395963
v 34.319790 25.578428 27.538013
vn -0.614482 -0.368215 -0.697731
v 33.889687 27.306549 27.025150
vn -0.599662 -0.362566 -0.713408
v 33.868534 27.613577 26.885904
vn -0.628159 -0.357476 -0.691106
v 33.705353 27.908777 26.874411
vn -0.616125 -0.262263 -0.742703
v 33.768475 28.416759 26.583849
vn -0.696591 -0.104109 -0.709874
v 33.596565 28.681215 26.664936
vn -0.556761 -0.336614 -0.759413
v 33.947659 28.171253 26.549126
vn -0.612945 -0.333048 -0.716504
v 33.739944 28.152016 26.721796
vn -0.729529 0.331919 -0.598011
v 33.619854 29.229967 26.724747
vn -0.709562 0.501005 -0.495495
v 33.646896 29.427557 26.848619
vn -0.618372 0.594097 -0.514457
v 33.854080 29.634312 26.808773
vn -0.505541 0.639507 -0.579189
v 34.269234 29.999777 26.810585
vn -0.552249 0.633832 -0.541551
v 34.072216 29.833500 26.805813
vn -0.578238 0.634228 -0.513222
v 34.165882 30.074833 27.002489
vn -0.672737 -0.388484 -0.629686
v 33.848442 26.860138 27.308443
vn -0.693613 -0.417903 -0.586735
v 34.103519 26.339256 27.386139
vn -0.647575 -0.371538 -0.665287
v 33.863392 27.060501 27.181591
vn -0.682355 -0.371700 -0.629469
v 33.711155 27.279095 27.211662
vn -0.665937 -0.360109 -0.653337
v 33.642578 27.698847 27.045507
vn -0.702554 -0.348872 -0.620247
v 33.508911 27.926750 27.059866
vn -0.678748 -0.244727 -0.692394
v 33.555923 28.404268 26.778185
vn -0.766940 -0.065699 -0.638346
v 33.370571 28.655046 26.908365
vn -0.679364 -0.323968 -0.658415
v 33.537727 28.147638 26.910831
vn -0.759501 0.126274 -0.638133
v 33.490902 28.953180 26.776461
vn -0.788663 0.363256 -0.496040
v 33.469067 29.198515 26.915241
vn -0.769492 0.496624 -0.401554
v 33.504856 29.419188 27.079002
vn -0.688935 0.582676 -0.431111
v 33.698177 29.632149 27.022072
vn -0.617666 0.632973 -0.466726
v 33.907696 29.836554 27.001150
vn -0.649118 0.637189 -0.415496
v 33.951878 30.039782 27.234659
vn -0.894800 -0.224519 -0.385908
v 34.107876 25.767904 27.807667
vn -0.744917 -0.389396 -0.541729
v 33.664265 27.016296 27.427973
vn -0.772724 -0.358267 -0.523968
v 33.526302 27.302399 27.423481
vn -0.760528 -0.352552 -0.545257
v 33.452118 27.737185 27.242910
vn -0.796702 -0.332327 -0.504802
v 33.353153 27.951082 27.246134
vn -0.646762 -0.363896 -0.670283
v 33.743706 27.482744 27.063337
vn -0.722438 -0.360464 -0.590042
v 33.574257 27.504080 27.232212
vn -0.756079 -0.237097 -0.610025
v 33.369671 28.399227 26.979683
vn -0.775211 -0.305797 -0.552753
v 33.358288 28.152809 27.116890
vn -0.825508 0.207615 -0.524817
v 33.352757 28.972620 26.963388
vn -0.814799 0.477586 -0.328655
v 33.382706 29.407654 27.328123
vn -0.738751 0.578700 -0.345475
v 33.577209 29.677076 27.315744
vn -0.672348 0.583739 -0.455190
v 34.138023 30.279140 27.298033
vn -0.680001 0.620940 -0.389912
v 33.752808 29.818056 27.205584
vn -0.703983 0.632191 -0.323638
v 33.743797 29.941317 27.443756
vn -0.796175 -0.426488 -0.429200
v 34.034500 26.187046 27.620718
vn -0.890873 -0.339024 -0.302339
v 34.021435 26.024496 27.828772
vn -0.848467 -0.468054 -0.247040
v 33.930302 26.247633 27.794426
vn -0.871267 -0.273559 -0.407504
v 33.207241 28.156380 27.376776
vn -0.819069 -0.339330 -0.462581
v 33.399113 27.546772 27.456396
vn -0.859085 -0.211776 -0.465966
v 33.224792 28.407385 27.190804
vn -0.792944 0.541939 -0.278465
v 33.430672 29.582710 27.496668
vn -0.757316 0.601149 -0.255132
v 33.547409 29.790609 27.610826
vn -0.705893 0.624909 -0.333471
v 33.914864 30.162868 27.514473
vn -0.735552 0.630894 -0.246852
v 33.720047 30.027515 27.698608
vn -0.909573 -0.380703 -0.166563
v 33.928848 26.150557 28.014095
vn -0.820973 -0.386505 -0.420259
v 33.489830 27.145908 27.600065
vn -0.866333 -0.346621 -0.359613
v 33.375053 27.350821 27.660746
vn -0.860082 -0.319781 -0.397490
v 33.269585 27.832991 27.490200
vn -0.927531 -0.256559 -0.271781
v 33.124329 28.071642 27.657591
vn -0.935315 0.003844 -0.353795
v 33.162697 28.644693 27.250740
vn -0.942249 -0.109586 -0.316477
v 33.114613 28.449217 27.424931
vn -0.973426 0.099019 -0.206486
v 33.089993 28.713495 27.526628
vn -0.948651 -0.175580 -0.263122
v 33.088814 28.295765 27.584518
vn -0.928240 0.343235 -0.143385
v 33.169682 29.192425 27.711500
vn -0.862693 0.455589 -0.219544
v 33.284889 29.390944 27.595121
vn -0.778922 0.568108 -0.265583
v 33.915169 30.295797 27.794796
vn -0.771618 0.616002 -0.158577
v 33.685547 30.073275 27.966927
vn -0.829518 0.534595 -0.161583
v 33.838562 30.311443 28.113312
vn -0.662394 -0.737741 -0.130279
v 34.022396 25.581249 28.202120
vn -0.880582 -0.472794 -0.032267
v 33.809807 26.342897 28.247904
vn -0.862798 -0.484085 -0.145744
v 33.846016 26.318584 27.992624
vn -0.887317 -0.391215 -0.244173
v 33.395489 27.160267 27.830477
vn -0.919383 -0.347833 -0.183705
v 33.280449 27.385302 27.935003
vn -0.925646 -0.290891 -0.241998
v 33.157047 27.831112 27.796764
vn -0.987408 -0.000884 -0.158189
v 33.051834 28.502100 27.675985
vn -0.999296 0.025579 -0.027439
v 33.030933 28.504622 27.910002
vn -0.989190 0.133677 -0.060271
v 33.056725 28.759687 27.844471
vn -0.786222 0.595770 -0.164051
v 33.510250 29.831673 27.860500
vn -0.831329 0.526793 -0.177147
v 33.369484 29.597015 27.749783
vn -0.858879 0.506786 -0.074125
v 33.337948 29.609211 28.000887
vn -0.912089 -0.402080 -0.080159
v 33.340950 27.177538 28.095995
vn -0.935845 -0.352114 -0.014470
v 33.243904 27.399673 28.219635
vn -0.879825 -0.453859 -0.141136
v 33.457619 26.961920 27.980284
vn -0.861292 -0.506336 -0.042422
v 33.553829 26.760742 28.139599
vn -0.887552 -0.459552 0.032616
v 33.433475 26.975399 28.255293
vn -0.965213 -0.245972 -0.088671
v 33.103420 27.864723 28.033333
vn -0.990524 -0.131491 0.039653
v 33.062943 28.068535 28.175400
vn -0.960913 0.272820 -0.047068
v 33.119980 29.094208 27.925222
vn -0.958663 0.278547 0.058115
v 33.132568 29.137039 28.220175
vn -0.814170 0.578125 -0.053851
v 33.485256 29.845959 28.109112
vn -0.903252 0.418058 -0.096765
v 33.226925 29.372885 27.867157
vn -0.921034 0.389465 0.003592
v 33.210693 29.365374 28.119089
vn -0.810761 0.584202 -0.037064
v 33.648659 30.072281 28.245008
vn -0.870409 0.492093 -0.015261
v 33.791954 30.290796 28.421129
vn -0.898368 -0.430452 0.087442
v 33.801140 26.372324 28.511211
vn -0.906189 -0.414271 0.084860
v 33.334099 27.192541 28.362913
vn -0.926057 -0.338763 0.166309
v 33.256393 27.419268 28.481449
vn -0.867313 -0.483453 0.118496
v 33.558647 26.772514 28.413420
vn -0.865799 -0.449638 0.219585
v 33.464375 27.003752 28.558664
vn -0.973479 -0.224045 0.046278
v 33.108124 27.827494 28.259855
vn -0.942603 -0.314213 -0.113002
v 33.174477 27.634167 28.040941
vn -0.952126 -0.294636 0.081519
v 33.171444 27.618561 28.352842
vn -0.982306 0.073365 0.172313
v 33.086967 28.639820 28.479559
vn -0.947488 0.268275 0.174056
v 33.157234 29.127506 28.455957
vn -0.917617 0.373004 0.137284
v 33.221912 29.348684 28.381771
vn -0.961733 -0.246587 0.119436
v 33.910000 26.157867 28.744617
vn -0.863765 -0.478335 0.158447
v 33.684448 26.586464 28.533062
vn -0.854274 -0.443714 0.270804
v 33.628742 26.757547 28.671442
vn -0.885988 -0.397775 0.238330
v 33.350098 27.241507 28.583424
vn -0.893370 -0.312648 0.322710
v 33.307541 27.496128 28.759087
vn -0.960715 -0.200586 0.191813
v 33.137539 27.824343 28.492592
vn -0.840144 -0.393094 0.373678
v 33.734741 26.738039 28.911911
vn -0.846200 -0.403024 0.348593
v 33.436417 27.211210 28.784311
vn -0.856354 -0.334687 0.393246
v 33.404751 27.464355 28.964342
vn -0.923203 -0.131852 0.360986
v 33.236343 28.106035 28.946749
vn -0.960257 0.073093 0.269378
v 33.152416 28.650080 28.760485
vn -0.938533 0.176348 0.296744
v 33.225845 28.933689 28.896111
vn -0.957935 0.175136 0.227349
v 33.152359 28.946039 28.622110
vn -0.886221 0.438185 0.150354
v 33.787395 30.241411 28.727068
vn -0.850034 0.476144 0.225231
v 33.703072 30.052666 28.808084
vn -0.831543 -0.332620 0.444860
v 33.853748 26.743570 29.151413
vn -0.808631 -0.400633 0.430824
v 33.569458 27.217237 29.060989
vn -0.892261 -0.178079 0.414919
v 33.340740 27.971769 29.137268
vn -0.910104 0.029678 0.413317
v 33.348274 28.616030 29.316576
vn -0.918646 0.167940 0.357611
v 33.303375 28.908218 29.134542
vn -0.910320 -0.082771 0.405544
v 34.076069 26.191504 29.352474
vn -0.794639 -0.369574 0.481627
v 33.645390 27.407825 29.356766
vn -0.786815 -0.384372 0.482888
v 33.850529 26.963667 29.315224
vn -0.804282 -0.401241 0.438334
v 33.705887 26.963209 29.070744
vn -0.882861 0.203605 0.423203
v 33.385880 28.946762 29.305132
vn -0.897251 -0.020450 0.441048
v 34.158890 25.931789 29.513290
vn -0.857425 -0.044756 0.512659
v 34.202732 26.222317 29.604212
vn -0.766998 -0.401166 0.500780
v 33.835331 27.205048 29.493866
vn -0.770039 -0.369977 0.519766
v 33.810165 27.465836 29.657694
vn -0.845213 0.312456 0.433574
v 33.480011 29.149977 29.364491
vn -0.854893 0.187217 0.483847
v 33.510479 28.907648 29.555588
vn -0.818237 0.304901 0.487364
v 33.628395 29.139854 29.637260
vn -0.775183 0.394652 0.493296
v 33.991394 29.796616 29.678770
vn -0.757424 0.421129 0.498959
v 33.916729 29.570864 29.755733
vn -0.801903 0.390680 0.452019
v 33.637329 29.374380 29.473383
vn -0.815123 0.321147 0.482119
v 34.043648 30.028307 29.591440
vn -0.868770 -0.014319 0.495008
v 34.220245 25.752151 29.628212
vn -0.767303 -0.372992 0.521654
v 34.020515 26.978851 29.589958
vn -0.829998 0.178307 0.528498
v 33.656616 28.897982 29.802130
vn -0.791883 0.303097 0.530145
v 33.786636 29.137878 29.889105
vn -0.779404 0.388830 0.491265
v 33.774658 29.366388 29.709679
vn -0.779015 -0.242912 0.578040
v 34.228893 26.776676 29.763786
vn -0.732648 -0.381082 0.563918
v 34.006687 27.416985 29.896137
vn -0.743670 -0.397199 0.537762
v 34.005974 27.167627 29.713007
vn -0.803267 0.172626 0.570054
v 33.830292 28.883120 30.066000
vn -0.828926 -0.003166 0.559350
v 34.291016 25.971292 29.741816
vn -0.747026 -0.148118 0.648084
v 34.417774 26.587389 29.944765
vn -0.699407 -0.381201 0.604579
v 34.155998 27.420023 30.080406
vn -0.745934 -0.352782 0.564914
v 34.166008 26.955626 29.777294
vn -0.761422 0.309557 0.569571
v 33.961246 29.148369 30.130980
vn -0.780741 -0.031645 0.624053
v 34.380116 26.234810 29.861441
vn -0.750202 -0.005271 0.661188
v 34.428242 25.955366 29.921387
vn -0.684014 -0.248853 0.685709
v 34.539909 26.788979 30.134619
vn -0.671575 -0.379046 0.636640
v 34.314640 27.447306 30.270777
vn -0.759979 0.180714 0.624319
v 34.015198 28.906042 30.304211
vn -0.718546 0.314695 0.620209
v 34.135494 29.155205 30.347157
vn -0.769526 0.338129 0.541756
v 34.169228 29.943466 29.840181
vn -0.734351 0.407807 0.542608
v 34.114681 29.662457 29.966410
vn -0.707174 0.351773 0.613320
v 34.337036 29.919058 30.071829
vn -0.700779 -0.057072 0.711092
v 34.544247 26.325312 30.048952
vn -0.653499 -0.372020 0.659196
v 34.496033 27.491798 30.481758
vn -0.703155 0.170870 0.690200
v 34.185165 28.915865 30.491438
vn -0.660326 0.301497 0.687800
v 34.282536 29.140770 30.512882
vn -0.678083 0.415355 0.606370
v 34.310284 29.656450 30.215628
vn -0.615600 0.376609 0.692245
v 34.499474 29.894800 30.252499
vn -0.715432 0.398169 0.574124
v 34.118881 29.407938 30.165873
vn -0.650043 0.404481 0.643303
v 34.319061 29.401711 30.399185
vn -0.682863 -0.012110 0.730446
v 34.561237 26.072279 30.057823
vn -0.672915 -0.011622 0.739628
v 34.577049 25.791412 30.067844
vn -0.612512 -0.058808 0.788271
v 34.732292 26.233740 30.206028
vn -0.658449 -0.205850 0.723928
v 34.471565 28.068785 30.719820
vn -0.636763 0.194472 0.746133
v 34.381317 28.953400 30.663202
vn -0.587038 0.367112 0.721537
v 34.455917 29.267687 30.604422
vn -0.599861 0.433699 0.672362
v 34.459465 29.665781 30.361237
vn -0.506124 0.423017 0.751595
v 34.644680 29.814047 30.409948
vn -0.641177 -0.368809 0.672958
v 34.711422 27.511251 30.702251
vn -0.310312 0.328716 0.891993
v 35.087299 30.026674 30.521975
vn -0.399264 0.389901 0.829798
v 34.858047 29.920401 30.476048
vn -0.561074 -0.001160 0.827765
v 34.796314 25.719515 30.242029
vn -0.575127 -0.278540 0.769184
v 35.033794 26.616560 30.492853
vn -0.347602 0.523090 0.778171
v 34.963486 29.510372 30.775532
vn -0.285975 0.484706 0.826607
v 35.068642 29.758614 30.646441
vn -0.301590 -0.046995 0.952279
v 35.345821 25.777962 30.498964
vn -0.467190 -0.169399 0.867777
v 35.120850 26.286757 30.461405
vn -0.627435 -0.363692 0.688515
v 34.944180 27.495441 30.912931
vn -0.573347 -0.382042 0.724788
v 35.151707 26.772875 30.654789
vn -0.593202 -0.336828 0.731203
v 35.154633 27.501417 31.100969
vn -0.572577 -0.384612 0.724037
v 35.320076 27.280516 31.123213
vn -0.515308 -0.299631 0.802919
v 35.369087 27.506088 31.261629
vn -0.486575 -0.347761 0.801440
v 35.526768 27.274097 31.267361
vn -0.448804 -0.417017 0.790362
v 35.706093 27.021225 31.248983
vn -0.373904 -0.312646 0.873183
v 35.739658 27.257837 31.374031
vn -0.463583 -0.489581 0.738513
v 35.773327 26.753199 31.131050
vn -0.537023 -0.468221 0.701694
v 35.521866 26.889677 31.040274
vn -0.379878 -0.248880 0.890927
v 35.628407 27.526499 31.408361
vn -0.026670 0.384709 0.922653
v 35.735096 29.899858 30.696751
vn -0.131925 0.390538 0.911085
v 35.546707 29.907053 30.677605
vn -0.376981 -0.342133 0.860715
v 35.700180 26.128311 30.669168
vn -0.090939 0.065805 0.993680
v 35.981678 28.025627 31.552641
vn 0.012951 0.313514 0.949495
v 36.011471 28.535700 31.448589
vn -0.015951 0.397153 0.917614
v 35.897717 28.744595 31.370289
vn -0.059777 0.535629 0.842335
v 35.603443 29.619532 30.846497
vn 0.056273 0.495564 0.866747
v 35.925465 29.675180 30.812326
vn -0.024462 0.547575 0.836399
v 35.633453 29.363867 31.026619
vn 0.056469 0.547966 0.834592
v 35.862999 29.428076 30.976164
vn 0.101882 0.355368 0.929157
v 36.017620 29.929071 30.679489
vn -0.080392 -0.346239 0.934696
v 36.058746 25.778603 30.662849
vn -0.261811 -0.415274 0.871208
v 35.979649 26.032015 30.754406
vn -0.283052 -0.526808 0.801470
v 36.026577 26.673525 31.216572
vn -0.238087 -0.581385 0.778014
v 36.098824 26.445004 31.066652
vn -0.094467 -0.534934 0.839596
v 36.210365 26.657286 31.242731
vn -0.178611 -0.552398 0.814220
v 36.168583 26.211084 30.911734
vn -0.307516 -0.442284 0.842507
v 35.986111 26.826731 31.291162
vn -0.137403 -0.400263 0.906041
v 36.183350 26.920855 31.382000
vn 0.021488 0.101258 0.994628
v 36.243820 27.993681 31.562843
vn 0.024444 0.220414 0.975100
v 36.131790 28.281670 31.517269
vn 0.096329 0.419811 0.902485
v 36.122303 28.745800 31.356010
vn 0.083486 -0.415499 0.905754
v 36.291702 25.752783 30.648586
vn 0.117051 -0.536479 0.835756
v 36.435043 25.932297 30.735332
vn 0.086302 -0.119362 0.989093
v 36.544037 27.467485 31.552271
vn 0.109498 0.346625 0.931591
v 36.272400 28.515995 31.434860
vn 0.110307 0.243652 0.963569
v 36.402111 28.253628 31.502748
vn 0.181488 0.528156 0.829526
v 36.395859 29.060450 31.133118
vn 0.167129 0.469068 0.867204
v 36.155212 29.713575 30.761724
vn 0.240593 0.363425 0.900021
v 36.272762 29.914694 30.634481
vn -0.037965 -0.580849 0.813126
v 36.313084 26.385378 31.057316
vn 0.003885 -0.570047 0.821603
v 36.349571 26.127348 30.874485
vn 0.110562 -0.590351 0.799538
v 36.540127 26.297195 30.980042
vn 0.162209 0.450156 0.878093
v 36.412201 28.765738 31.300123
vn 0.158308 0.359652 0.919559
v 36.541656 28.484053 31.407225
vn 0.182197 0.254207 0.949833
v 36.673607 28.239815 31.464558
vn 0.208278 0.551288 0.807900
v 36.384499 29.328688 30.955030
vn 0.257475 0.565367 0.783624
v 36.645489 29.162926 30.997168
vn 0.219982 0.518029 0.826592
v 36.657993 28.920160 31.159872
vn 0.214470 0.439366 0.872330
v 36.714401 28.667063 31.289537
vn 0.261741 0.503781 0.823223
v 36.397041 29.624180 30.751158
vn 0.307343 0.567929 0.763542
v 36.663681 29.407679 30.806467
vn 0.419389 0.100411 0.902236
v 36.577950 30.394550 30.416548
vn 0.349022 0.370690 0.860681
v 36.472305 29.898380 30.574814
vn 0.245342 -0.466216 0.849970
v 36.547634 25.761635 30.603128
vn 0.228583 0.355381 0.906341
v 36.776646 28.442345 31.376766
vn 0.292370 0.493631 0.819053
v 36.890808 28.797480 31.168314
vn 0.462110 0.358806 0.810995
v 36.721371 29.907928 30.449356
vn 0.169800 -0.602110 0.780149
v 36.748428 26.426437 31.039513
vn 0.219081 -0.608290 0.762880
v 36.739948 26.181740 30.846443
vn 0.242130 -0.627210 0.740257
v 36.971886 26.329693 30.897291
vn 0.188661 -0.468203 0.863246
v 36.919231 26.840036 31.288429
vn 0.266656 -0.416621 0.869093
v 37.143539 26.925625 31.278421
vn 0.407069 0.504590 0.761370
v 37.131100 28.773682 31.077429
vn 0.363222 0.587055 0.723489
v 36.934860 29.199039 30.852327
vn 0.403380 0.584564 0.703967
v 36.915749 29.442228 30.657333
vn 0.509328 0.192078 0.838863
v 36.756256 30.137413 30.356699
vn 0.426195 -0.545284 0.721820
v 37.040257 25.766188 30.382761
vn 0.295919 -0.618231 0.728164
v 36.980598 26.048353 30.649473
vn 0.308136 -0.640901 0.703063
v 37.226658 26.289642 30.767969
vn 0.363485 -0.427249 0.827851
v 37.353588 26.895046 31.183689
vn 0.551408 0.518329 0.653670
v 37.412014 28.736650 30.914640
vn 0.560340 0.347665 0.751763
v 36.947868 29.910450 30.297911
vn 0.631645 0.165994 0.757278
v 37.000957 30.167610 30.175350
vn 0.365976 -0.549654 0.750961
v 37.408787 26.675583 31.017929
vn 0.386200 -0.610503 0.691473
v 37.456703 26.475416 30.828894
vn 0.509016 -0.524379 0.682590
v 37.653759 26.691719 30.887451
vn 0.757515 0.187580 0.625287
v 37.804646 27.903666 31.016314
vn 0.673841 0.302688 0.674032
v 37.699829 28.119980 31.054859
vn 0.468317 -0.415768 0.779626
v 37.588879 26.890743 31.062641
vn 0.618145 -0.377986 0.689220
v 37.768280 26.913479 30.948324
vn 0.850920 -0.026254 0.524638
v 37.980377 27.404764 30.844290
vn 0.812150 0.087360 0.576871
v 37.907257 27.652267 30.939421
vn 0.867975 0.213342 0.448448
v 37.948044 27.896399 30.789059
vn 0.783641 0.423250 0.454716
v 37.768486 28.561558 30.634121
vn 0.811670 0.303291 0.499206
v 37.833382 28.124210 30.870352
vn 0.589155 0.539126 0.601863
v 37.415443 28.964233 30.716076
vn 0.690473 0.493192 0.529158
v 37.616154 28.753441 30.683172
vn 0.463371 0.598450 0.653563
v 37.098595 29.325697 30.647900
vn 0.583494 0.569553 0.578916
v 37.376881 29.180023 30.552053
vn 0.570282 0.579271 0.582430
v 37.297676 29.402746 30.402637
vn 0.666161 0.345945 0.660720
v 37.156544 29.908802 30.122114
vn 0.507981 -0.574171 0.642093
v 37.262547 25.742918 30.217405
vn 0.606895 -0.596452 0.525283
v 37.460430 25.730326 30.015602
vn 0.738366 -0.512169 0.438747
v 37.962658 26.403593 30.301783
vn 0.710426 -0.467196 0.526329
v 37.931519 26.569706 30.510887
vn 0.564697 -0.611093 0.554692
v 37.768684 26.302544 30.425825
vn 0.932239 0.006450 0.361786
v 38.105431 27.385473 30.581741
vn 0.845813 -0.288992 0.448424
v 38.044380 26.829063 30.531485
vn 0.906895 0.118046 0.404483
v 38.037933 27.652657 30.698784
vn 0.915556 0.212756 0.341309
v 38.050850 27.911926 30.534777
vn 0.873920 0.291586 0.388898
v 37.947945 28.145342 30.625069
vn 0.798034 0.422766 0.429430
v 37.795280 28.706970 30.441341
vn 0.699751 -0.590591 0.401933
v 37.901852 26.219162 30.157112
vn 0.858482 -0.441083 0.261637
v 38.048599 26.396278 30.085123
vn 0.866463 -0.354121 0.351909
v 38.074368 26.610270 30.293591
vn 0.940016 -0.200852 0.275732
v 38.159771 26.858244 30.262680
vn 0.939839 0.191210 0.283092
v 38.127819 27.940092 30.281651
vn 0.805252 0.490385 0.333304
v 37.762257 29.234940 29.929184
vn 0.848411 0.379282 0.369248
v 37.908955 28.747038 30.167089
vn 0.650645 0.557809 0.515277
v 37.444412 29.438606 30.203348
vn 0.740138 0.531200 0.412339
v 37.595604 29.441473 29.976969
vn 0.658724 -0.663887 0.354029
v 37.818153 26.036060 30.004831
vn 0.737783 -0.630584 0.240916
v 37.837597 25.959869 29.775351
vn 0.805574 -0.546903 0.227921
v 37.965012 26.159582 29.895597
vn 0.704094 -0.591522 0.392878
v 37.619228 25.744116 29.811089
vn 0.873648 0.332957 0.354794
v 37.972874 28.480406 30.276043
vn 0.900918 0.311626 0.302053
v 38.054508 28.528515 30.010895
vn 0.901531 0.273629 0.335216
v 38.029789 28.189972 30.383541
vn 0.866767 0.442509 0.230003
v 37.887466 29.114145 29.747759
vn 0.882240 0.376758 0.282324
v 37.980484 28.827263 29.891720
vn 0.866225 0.297918 0.401122
v 37.523937 29.896397 29.611061
vn 0.895142 0.182293 0.406804
v 37.521347 30.033621 29.538076
vn 0.838109 0.177122 0.515947
v 37.403759 30.104658 29.730541
vn 0.799407 -0.550530 0.240550
v 37.738800 25.767376 29.568283
vn 0.978997 -0.161192 0.124831
v 38.209614 26.870947 30.026146
vn 0.943875 -0.282337 0.171426
v 38.155815 26.650946 30.049570
vn 0.868237 -0.484888 0.105113
v 38.020695 26.182529 29.684010
vn 0.997044 -0.026884 0.071978
v 38.270565 27.405199 29.742144
vn 0.924427 0.309790 0.222407
v 38.112190 28.582581 29.755676
vn 0.897324 0.427710 0.108964
v 37.959045 29.058807 29.512520
vn 0.905310 0.384505 0.180473
v 38.031773 28.848679 29.661238
vn 0.859725 0.406098 0.309770
v 37.627880 29.664845 29.594028
vn 0.825346 -0.554818 0.104790
v 37.896297 25.969742 29.535498
vn 0.882186 -0.469244 -0.039463
v 37.932220 26.010607 29.236753
vn 0.984043 -0.175319 -0.030381
v 38.210312 26.780170 29.465588
vn 0.942909 0.311438 0.118020
v 38.151989 28.594835 29.522768
vn 0.902968 0.425103 0.062744
v 37.861942 29.282509 29.349218
vn 0.921409 0.383367 0.063526
v 38.079941 28.813055 29.411331
vn 0.946359 0.144328 0.289092
v 37.610703 30.049334 29.297947
vn 0.904314 0.084606 0.418400
v 37.511765 30.264059 29.496553
vn 0.920715 -0.374741 -0.108872
v 38.052044 26.254974 29.216681
vn 0.951604 0.307324 0.001518
v 38.174965 28.579416 29.233727
vn 0.923888 0.380091 -0.044296
v 38.091625 28.789465 29.089237
vn 0.968165 0.205546 0.142854
v 37.691940 29.825132 29.116692
vn 0.913850 -0.369782 -0.167749
v 37.991226 26.197136 29.003733
vn 0.954951 0.279958 -0.098446
v 38.172478 28.535101 28.930387
vn 0.982143 0.101342 0.158506
v 37.668617 30.055304 29.053198
vn 0.966588 0.064308 0.248139
v 37.627331 30.270346 29.174435
vn 0.916757 -0.329803 -0.225360
v 37.926746 26.171577 28.763361
vn 0.976997 0.146701 -0.154775
v 38.210876 28.284628 28.803776
vn 0.952725 0.249349 -0.173611
v 38.132534 28.517288 28.627771
vn 0.994766 0.055420 0.085848
v 37.678322 30.224066 28.878283
vn 0.968941 0.125077 -0.213330
v 38.150303 28.276716 28.491064
vn 0.925893 0.356136 -0.126054
v 38.074844 28.750084 28.752926
vn 0.893663 -0.299583 -0.334090
v 37.819530 26.237764 28.357880
vn 0.947587 0.233606 -0.217964
v 38.065022 28.527740 28.323053
vn 0.925086 0.334217 -0.180319
v 38.022366 28.752863 28.452522
vn 0.943089 -0.149583 -0.296998
v 37.687572 25.752214 28.297634
vn 0.962733 0.120170 -0.242288
v 38.072468 28.287674 28.174906
vn 0.943562 0.231012 -0.237329
v 37.982769 28.556931 28.017986
vn 0.933149 0.303904 -0.192030
v 37.766125 29.275057 28.177439
vn 0.921943 0.314130 -0.226590
v 37.864990 28.820807 27.868866
vn 0.979947 0.050642 -0.192716
v 37.657063 30.079090 28.325033
vn 0.939424 0.080333 -0.333210
v 37.580490 30.055161 28.043447
vn 0.836888 -0.310215 -0.450982
v 37.554085 26.225725 27.788988
vn 0.875947 -0.091900 -0.473573
v 37.487240 25.747553 27.832211
vn 0.825059 -0.273822 -0.494266
v 37.440350 26.152491 27.632225
vn 0.835800 -0.121122 -0.535507
v 37.389198 25.857384 27.651997
vn 0.862257 -0.357193 -0.359064
v 37.726986 26.831305 27.522358
vn 0.807390 -0.401128 -0.432687
v 37.505154 26.330326 27.608675
vn 0.899102 0.351592 -0.260767
v 37.626602 29.278934 27.617535
vn 0.957414 0.034371 -0.286665
v 37.613503 30.298325 28.177233
vn 0.904190 0.048427 -0.424377
v 37.505375 30.299896 27.898235
vn 0.942481 0.212878 -0.257706
v 37.768967 28.542675 27.191267
vn 0.900612 0.356843 -0.248114
v 37.666508 29.052752 27.430445
vn 0.919828 0.311769 -0.238152
v 37.786205 28.835705 27.576225
vn 0.918796 0.305557 -0.249896
v 37.725506 28.802927 27.304155
vn 0.874998 0.141346 -0.463034
v 37.447502 30.019205 27.736765
vn 0.874140 0.280441 -0.396525
v 37.472164 29.717770 27.643032
vn 0.821076 0.272312 -0.501677
v 37.326721 29.896917 27.489122
vn 0.874078 0.360565 -0.325548
v 37.527641 29.470827 27.551924
vn 0.836523 0.067839 -0.543717
v 37.360428 30.316175 27.642921
vn 0.779459 -0.488815 -0.391796
v 37.457264 26.622364 27.182728
vn 0.842533 -0.404609 -0.355569
v 37.597652 26.892921 27.153835
vn 0.919252 -0.232443 -0.317721
v 37.691544 27.327467 26.979000
vn 0.944287 0.187515 -0.270482
v 37.711140 28.477026 26.935083
vn 0.924216 0.283288 -0.256072
v 37.675167 28.729612 27.033451
vn 0.957820 0.105223 -0.267413
v 37.779453 28.279501 27.066774
vn 0.848977 0.445615 -0.284015
v 37.462925 29.313869 27.153048
vn 0.873450 0.398723 -0.279473
v 37.555805 29.265747 27.362333
vn 0.856673 -0.376383 -0.352770
v 37.579918 27.039505 26.946568
vn 0.877792 -0.330026 -0.347222
v 37.571877 27.192448 26.768394
vn 0.929696 -0.190518 -0.315228
v 37.661148 27.488647 26.782597
vn 0.930359 0.246269 -0.271633
v 37.618408 28.661243 26.763376
vn 0.951810 0.031636 -0.305054
v 37.661015 28.108435 26.630754
vn 0.943335 0.151071 -0.295461
v 37.645584 28.410419 26.675467
vn 0.953535 0.093861 -0.286288
v 37.717953 28.258902 26.844702
vn 0.819697 0.503387 -0.273311
v 37.335266 29.411207 26.938917
vn 0.698463 -0.418770 -0.580329
v 36.971214 26.052567 27.007805
vn 0.793517 -0.096022 -0.600925
v 37.256252 25.723009 27.482931
vn 0.722940 -0.504484 -0.472075
v 37.146561 26.317242 27.015524
vn 0.740266 -0.532737 -0.410119
v 37.311699 26.543774 27.009542
vn 0.832886 -0.400631 -0.381833
v 37.457542 27.105379 26.586069
vn 0.886807 -0.276778 -0.370091
v 37.548866 27.343714 26.583349
vn 0.797395 -0.466829 -0.382403
v 37.407997 26.906811 26.709419
vn 0.878815 -0.213833 -0.426567
v 37.501629 27.544384 26.350285
vn 0.921976 -0.167575 -0.349112
v 37.613853 27.594368 26.587896
vn 0.925831 0.218202 -0.308584
v 37.535992 28.626898 26.466082
vn 0.912387 0.305425 -0.272518
v 37.527550 28.826540 26.618568
vn 0.823155 0.381014 -0.421003
v 37.092991 29.927336 27.140471
vn 0.800996 0.314713 -0.509275
v 37.175430 29.911816 27.274622
vn 0.812888 0.144306 -0.564259
v 37.252354 30.129654 27.458950
vn 0.663834 -0.379208 -0.644613
v 36.887817 25.924398 26.998327
vn 0.936523 0.116182 -0.330797
v 37.574017 28.328531 26.416346
vn 0.890883 0.163673 -0.423719
v 37.466732 28.509001 26.207850
vn 0.802176 0.350783 -0.483181
v 37.300709 28.989029 26.158602
vn 0.851201 0.437471 -0.289959
v 37.327244 29.142281 26.401382
vn 0.890956 0.334077 -0.307555
v 37.436058 28.899330 26.404413
vn 0.833589 0.489424 -0.256114
v 37.331863 29.279408 26.671631
vn 0.802844 0.507037 -0.313616
v 37.175022 29.680283 26.989576
vn 0.800011 0.538629 -0.264314
v 37.196609 29.510843 26.721426
vn 0.789085 0.540121 -0.292599
v 37.050327 29.720034 26.719021
vn 0.797390 0.531721 -0.285381
v 37.187595 29.385698 26.425585
vn 0.754658 0.567491 -0.329310
v 37.022812 29.554525 26.317083
vn 0.779180 0.562351 -0.276839
v 37.086372 29.583445 26.535055
vn 0.626805 -0.359746 -0.691157
v 37.194767 27.197340 26.062607
vn 0.527010 -0.515363 -0.675767
v 37.087921 27.003185 26.098284
vn 0.778778 -0.296529 -0.552788
v 37.334236 27.346046 26.154718
vn 0.540366 -0.268091 -0.797578
v 37.190762 27.455421 25.965174
vn 0.497192 -0.168679 -0.851086
v 37.232231 27.743256 25.909864
vn 0.770326 -0.224717 -0.596741
v 37.366779 27.624725 26.070391
vn 0.733178 -0.121352 -0.669121
v 37.359150 27.867788 25.982973
vn 0.761341 0.245185 -0.600203
v 37.321293 28.756115 26.054514
vn 0.730422 0.533076 -0.426982
v 37.082844 29.383635 26.171083
vn 0.720122 0.357383 -0.594728
v 36.821388 30.337481 26.998016
vn 0.606948 0.476562 -0.636005
v 36.745979 30.358646 26.910862
vn 0.603224 -0.515190 -0.608852
v 36.783760 26.087942 26.771509
vn 0.664492 -0.551323 -0.504473
v 36.976913 26.298681 26.791273
vn 0.591127 -0.592314 -0.547479
v 36.825321 26.274664 26.630083
vn 0.626164 -0.605894 -0.490725
v 36.970982 26.454666 26.587307
vn 0.480088 -0.637300 -0.602797
v 36.726284 26.349628 26.447149
vn 0.552769 -0.615328 -0.561976
v 36.899651 26.576153 26.352415
vn 0.329793 -0.481292 -0.812154
v 36.865360 26.853016 26.084595
vn 0.366003 -0.372528 -0.852798
v 37.050537 27.140610 26.000109
vn 0.278297 -0.199963 -0.939450
v 37.050293 27.568054 25.865477
vn 0.422212 0.283016 -0.861185
v 36.924583 29.227715 25.929529
vn 0.394511 0.402373 -0.826109
v 36.886784 29.382738 25.969765
vn 0.554100 0.491626 -0.671772
v 36.948753 29.417368 26.025997
vn 0.662495 0.601570 -0.446333
v 36.942360 29.588984 26.205933
vn 0.486304 0.569227 -0.662940
v 36.682957 30.323435 26.838480
vn 0.533850 0.636039 -0.557188
v 36.696117 30.145170 26.655006
vn 0.394552 0.628451 -0.670357
v 36.489719 30.341270 26.718197
vn 0.401573 -0.575022 -0.712804
v 36.508278 25.951944 26.651478
vn 0.490888 -0.587712 -0.643135
v 36.662258 26.163212 26.590698
vn 0.288315 -0.577831 -0.763535
v 36.411118 25.879471 26.665304
vn 0.280108 -0.585716 -0.760576
v 36.455597 26.131979 26.496553
vn 0.351592 -0.547154 -0.759609
v 36.773720 26.690035 26.143694
vn 0.093384 -0.423164 -0.901228
v 36.645016 26.755875 26.076029
vn 0.246733 -0.629121 -0.737109
v 36.575691 26.372351 26.335833
vn 0.313282 -0.618465 -0.720664
v 36.678864 26.528133 26.232632
vn 0.010929 -0.332288 -0.943115
v 36.616955 26.976912 25.990423
vn -0.040054 -0.231831 -0.971931
v 36.632126 27.310686 25.897615
vn 0.112186 -0.332964 -0.936242
v 36.812973 27.125355 25.947535
vn 0.270882 0.079375 -0.959335
v 37.011646 28.475012 25.800884
vn 0.012829 -0.079380 -0.996762
v 36.729519 28.072645 25.775778
vn 0.228765 -0.032913 -0.972925
v 37.016068 28.170673 25.795776
vn 0.195912 0.458176 -0.867002
v 36.612419 29.550819 25.972433
vn 0.296173 0.639850 -0.709135
v 36.560543 29.803062 26.125528
vn 0.053261 -0.529692 -0.846516
v 36.545406 26.586199 26.161633
vn -0.021225 -0.122765 -0.992209
v 36.684093 27.820093 25.801668
vn -0.117974 -0.203920 -0.971853
v 36.390282 27.425598 25.895613
vn 0.031581 -0.176955 -0.983712
v 36.807911 27.578596 25.835865
vn 0.020992 0.213878 -0.976635
v 36.450325 29.186985 25.825775
vn 0.194956 0.336067 -0.921439
v 36.683807 29.337708 25.884592
vn 0.155800 0.228737 -0.960940
v 36.676514 29.135822 25.827410
vn 0.115341 0.487925 -0.865231
v 36.366928 29.696451 25.997526
vn 0.062343 0.330929 -0.941594
v 36.409081 29.444351 25.894855
vn 0.335620 0.727437 -0.598494
v 36.462757 30.151215 26.484873
vn 0.338017 0.713324 -0.613933
v 36.518150 29.964600 26.272728
vn 0.133853 0.618681 -0.774156
v 36.334446 29.835899 26.086718
vn 0.174989 0.732442 -0.657957
v 36.309914 30.042057 26.282850
vn 0.061936 -0.542524 -0.837754
v 36.292747 26.262918 26.363617
vn 0.103220 -0.559265 -0.822538
v 36.229012 26.019892 26.523079
vn -0.068866 -0.495785 -0.865711
v 36.053349 26.186914 26.411411
vn -0.095644 -0.364792 -0.926164
v 36.385937 26.803755 26.069868
vn -0.035812 -0.491534 -0.870122
v 36.328838 26.515209 26.209614
vn -0.153114 -0.372712 -0.915228
v 36.114712 26.723831 26.140289
vn -0.142087 -0.440217 -0.886578
v 35.991795 26.401318 26.306837
vn -0.117132 -0.263502 -0.957521
v 36.373966 27.125582 25.968338
vn -0.032374 0.228230 -0.973069
v 36.156387 29.288202 25.852119
vn 0.173926 0.722409 -0.669235
v 36.157558 30.187117 26.419415
vn -0.058373 -0.514310 -0.855616
v 35.971741 25.981155 26.543142
vn -0.207025 0.452886 -0.867199
v 35.021469 29.518694 26.062113
vn -0.272137 0.577131 -0.769975
v 34.889877 29.831747 26.309326
vn -0.327348 0.604583 -0.726170
v 34.655399 29.804047 26.380310
vn -0.472910 0.630543 -0.615444
v 34.247719 29.827694 26.643970
vn -0.831974 -0.502044 -0.236160
v 33.797890 26.497072 27.731462
vn -0.741733 -0.408056 -0.532281
v 33.754990 26.801535 27.461712
vn -0.840051 0.532595 0.103231
v 33.638737 30.041601 28.516788
vn -0.783755 -0.406493 0.469566
v 33.731865 27.131887 29.266375
vn 0.328660 0.560863 0.759879
v 36.920334 28.990316 31.024408
vn 0.214264 -0.585655 0.781728
v 36.961021 26.568962 31.098623
vn 0.283267 -0.612628 0.737866
v 37.197975 26.500780 30.966984
vn 0.459630 0.556910 0.691803
v 37.190125 28.980194 30.886759
vn 0.486535 0.584523 0.649320
v 37.201283 29.163633 30.723356
vn 0.586819 0.509714 0.629154
v 37.175114 29.659502 30.273760
vn 0.489478 0.499415 0.714839
v 36.917732 29.702478 30.444714
vn 0.543908 -0.563060 0.622196
v 37.721119 26.510864 30.679857
vn 0.497314 -0.665158 0.556996
v 37.468704 25.907196 30.221489
vn 0.599314 -0.677598 0.426244
v 37.653431 25.897032 30.008863
vn 0.547528 -0.667487 0.504652
v 37.693752 26.072563 30.223566
vn 0.829695 -0.356272 -0.429741
v 37.415054 27.219849 26.386318
vn 0.879179 0.258161 -0.400498
v 37.416592 28.758923 26.222702
vn 0.892910 0.052989 -0.447105
v 37.494770 28.216032 26.187727
vn 0.885673 -0.097223 -0.454017
v 37.491997 27.886757 26.199852
vn 0.763854 0.008239 -0.645337
v 37.379230 28.119276 25.989342
vn 0.694312 0.615255 -0.373353
v 36.915901 29.742228 26.406548
vn 0.763656 0.570522 -0.302214
v 36.958267 29.720016 26.467646
vn 0.192791 0.170303 -0.966348
v 36.771191 28.953096 25.804884
vn 0.013606 0.658621 -0.752352
v 35.810699 30.244516 26.428879
vn -0.109329 0.609110 -0.785514
v 35.613091 30.061966 26.279455
vn -0.282650 0.550263 -0.785697
v 35.120945 30.303799 26.583927
vn -0.424144 0.580642 -0.694951
v 34.675068 30.241058 26.756540
vn -0.477500 -0.264802 -0.837779
v 34.206959 28.457691 26.268045
vn -0.583946 0.569028 -0.578977
v 34.370537 30.321424 27.065916
vn -0.500086 0.612480 -0.612195
v 34.428165 30.197376 26.886553
vn -0.848444 -0.047728 -0.527128
v 33.246330 28.645889 27.070795
vn -0.816742 -0.456478 -0.352931
v 33.665531 26.739334 27.669832
vn -0.841137 -0.529910 -0.108095
v 33.702274 26.538511 28.039383
vn -0.842379 -0.502464 -0.194753
v 33.606068 26.736328 27.863623
vn -0.856403 -0.515648 0.026104
v 33.675713 26.562937 28.311501
vn -0.604455 -0.430906 0.670040
v 35.123898 27.013641 30.777243
vn -0.611793 -0.411055 0.675828
v 35.119652 27.264683 30.938787
vn -0.270261 0.532488 0.802132
v 35.130394 29.368837 30.946348
vn -0.588379 -0.443740 0.675948
v 35.308685 27.058887 30.976580
vn -0.535935 -0.428729 0.727300
v 35.470757 27.102179 31.140505
vn -0.121898 0.548810 0.827012
v 35.406425 29.386686 30.991598
vn 0.148794 0.534203 0.832158
v 36.141041 29.492424 30.899662
vn 0.006027 -0.479400 0.877576
v 36.397079 26.808044 31.341269
vn 0.067846 -0.563739 0.823162
v 36.517635 26.579390 31.187578
vn 0.113620 -0.468500 0.876127
v 36.638451 26.829144 31.332270
vn 0.155706 -0.582653 0.797666
v 36.542374 26.086441 30.823462
vn 0.249821 -0.572126 0.781192
v 36.675873 25.966988 30.698261
vn 0.379806 0.506162 0.774305
v 36.678616 29.669950 30.608278
vn 0.151813 -0.553644 0.818799
v 36.760452 26.641483 31.197418
vn 0.408884 -0.645342 0.645250
v 37.259903 25.933720 30.403297
vn 0.267487 -0.539945 0.798066
v 37.163353 26.719448 31.148457
vn 0.422056 -0.639546 0.642533
v 37.503990 26.292667 30.629103
vn 0.694280 0.483957 0.532691
v 37.383129 29.672979 30.034111
vn 0.503124 0.576101 0.644184
v 37.079647 29.534933 30.464231
vn 0.445818 -0.665473 0.598659
v 37.498058 26.106400 30.434858
vn 0.853018 0.350387 0.386767
v 37.902203 28.415949 30.500641
vn 0.780483 0.329177 0.531497
v 37.389290 29.904442 29.847780
vn 0.793261 0.447026 0.413406
v 37.540752 29.666044 29.792992
vn 0.740797 -0.538704 -0.401271
v 37.321346 26.712215 26.795237
vn 0.793080 -0.481027 -0.373679
v 37.446896 26.772583 26.965797
vn 0.695305 -0.571588 -0.435704
v 37.167103 26.516594 26.797482
vn 0.931809 -0.086365 -0.352523
v 37.605251 27.833082 26.480867
vn 0.933874 0.003169 -0.357589
v 37.578861 28.072258 26.378269
vn 0.679978 -0.575342 -0.454545
v 37.159355 26.688709 26.550423
vn 0.482481 -0.046506 -0.874671
v 37.249237 28.037060 25.883018
vn 0.791617 0.431810 -0.432300
v 37.220188 29.193609 26.180653
vn 0.555649 0.673281 -0.487798
v 36.714241 29.981583 26.460531
vn 0.196204 -0.264706 -0.944158
v 36.948147 27.347664 25.897631
vn 0.183035 -0.104292 -0.977559
v 36.980675 27.840620 25.815727
vn 0.062412 0.673447 -0.736596
v 36.096260 29.993502 26.204613
vn -0.207476 0.579964 -0.787779
v 35.317516 30.111687 26.383011
vn -0.837227 -0.431258 -0.336254
v 33.531532 26.954144 27.715296
vn -0.897128 -0.323435 -0.300917
v 33.260605 27.594629 27.722685
vn -0.830787 -0.423906 0.360691
v 33.578213 26.972551 28.830639
vn -0.752888 0.391201 0.529265
v 33.932034 29.379192 29.935886
vn -0.386940 -0.082108 0.918442
v 35.197151 25.983091 30.458248
vn -0.227243 0.396065 0.889659
v 35.235237 29.913511 30.613192
vn -0.171090 0.514373 0.840326
v 35.347301 29.731724 30.738064
vn 0.352356 -0.654905 0.668539
v 37.284386 26.131918 30.591719
vn -0.245052 -0.117356 0.962381
v 35.589668 25.785400 30.563354
vn 0.539025 0.093678 0.837064
v 36.801090 30.344624 30.299038
vn 0.633684 0.079993 0.769445
v 36.994789 30.437674 30.150055
vn -0.778326 -0.015986 0.627657
v 34.378704 25.761459 29.859518
vn 0.816349 0.083131 0.571545
v 37.332268 30.304977 29.799650
vn 0.931350 0.026011 0.363196
v 37.551720 30.497625 29.369068
vn 0.997698 0.047106 -0.048778
v 37.686840 30.137880 28.596706
vn 0.989618 0.029003 -0.140768
v 37.668396 30.299690 28.422609
vn 0.721461 0.083389 0.687416
v 37.161430 30.307629 30.005299
vn 0.744205 0.182656 0.642492
v 37.230579 30.113491 29.963020
vn -0.185482 0.570722 0.799920
v 35.264671 29.564970 30.837765
vn -0.550620 -0.271088 -0.789512
v 33.968906 28.433836 26.425566
vn -0.286263 0.722690 0.629105
v 35.038357 30.718132 30.384232
vn -0.506846 0.722090 0.470844
v 34.464127 30.718145 29.968288
vn -0.322554 0.830827 -0.453526
v 34.736511 30.718126 27.033670
vn -0.106453 0.712750 0.693293
v 35.545082 30.718142 30.537336
vn -0.179059 0.833134 -0.523283
v 35.201248 30.718145 26.791510
vn 0.246956 0.808354 -0.534394
v 36.468231 30.718145 26.923534
vn 0.122304 0.824743 -0.552123
v 35.909698 30.718145 26.733433
vn 0.625815 0.692941 0.358032
v 37.424187 30.718145 29.630589
vn 0.697465 0.692224 0.185389
v 37.600391 30.718145 29.221085
vn -0.557137 0.725139 0.404688
v 34.304482 30.718145 29.774759
vn 0.187684 0.705148 0.683770
v 36.296227 30.718124 30.497173
vn -0.604391 0.725750 0.328631
v 34.183979 30.718145 29.582966
vn 0.339220 0.711670 0.615188
v 36.726662 30.718212 30.315453
vn 0.425542 -0.762520 -0.487317
v 36.940556 25.575815 27.173405
vn -0.455416 -0.696280 0.554789
v 34.677097 25.575815 30.151770
vn 0.112426 -0.813252 0.570948
v 36.377850 25.575815 30.566713
vn -0.684403 -0.727935 -0.041272
v 33.980682 25.575815 28.500952
vn 0.400706 -0.870475 0.285847
v 37.491146 25.575815 29.811417
vn -0.443164 -0.763065 -0.470465
v 34.529861 25.575813 27.303766
vn 0.526056 -0.837548 0.147578
v 37.674984 25.575815 29.432177
vn -0.312425 -0.693476 0.649217
v 35.033543 25.575815 30.377407
vn -0.711582 -0.701051 0.046666
v 33.975372 25.575815 28.813768
vn -0.305896 -0.770989 -0.558573
v 34.952686 25.575815 27.006561
vn 0.637655 -0.734970 -0.230685
v 37.619228 25.575815 28.165222
vn -0.109203 -0.758019 0.643025
v 35.783340 25.575815 30.576986
vn -0.388997 -0.692504 0.607552
v 34.815670 25.575815 30.254740
vn 0.495734 -0.743691 -0.448521
v 37.131149 25.575815 27.355408
vn 0.123504 -0.839642 -0.528912
v 36.239201 25.575815 26.798113
vn -0.691307 -0.687028 0.223801
v 34.064327 25.575815 29.277020
vn 0.361102 -0.861877 0.356052
v 37.311043 25.575815 30.036579
vn 0.349381 -0.794673 -0.496414
v 36.743721 25.575815 27.025433
vn -0.232872 -0.695355 0.679891
v 35.263359 25.575815 30.470669
vn 0.586893 -0.720305 -0.369754
v 37.386200 25.575815 27.682274
vn -0.154397 -0.714855 0.682015
v 35.487785 25.575815 30.529055
vn 0.544998 -0.831202 0.109911
v 37.694458 25.575815 29.349081
vn -0.390750 -0.775507 -0.495886
v 34.603714 25.575815 27.244030
vn 0.456515 -0.858642 0.233082
v 37.560017 25.575815 29.705559
vn 0.642322 -0.753323 -0.141163
v 37.703697 25.575815 28.469212
vn -0.581986 -0.757152 -0.296669
v 34.155815 25.575815 27.793245
vn -0.229842 -0.780533 -0.581327
v 35.183228 25.575815 26.900604
vn -0.525034 -0.697268 0.488013
v 34.464046 25.575815 29.952934
vn 0.553365 -0.712593 -0.431275
v 37.260445 25.575815 27.500946
vn -0.061065 -0.780296 0.622422
v 35.920818 25.575846 30.592194
vn 0.016384 -0.807781 0.589256
v 36.103134 25.575815 30.594166
vn -0.690899 -0.711653 0.127311
v 34.007366 25.575815 29.031214
vn 0.300446 -0.858055 0.416502
v 37.112091 25.575813 30.207375
vn 0.594716 -0.803527 0.025617
v 37.741837 25.575815 29.036861
vn 0.215331 -0.832424 0.510591
v 36.693588 25.575815 30.462933
vn -0.596932 -0.697683 0.396121
v 34.282345 25.575815 29.722401
vn 0.262557 -0.852284 0.452411
v 36.852001 25.575813 30.374962
vn 0.246817 -0.831589 -0.497536
v 36.500931 25.575813 26.892056
vn -0.651090 -0.696940 0.300594
v 34.137260 25.575815 29.456196
vn 0.619134 -0.728674 -0.292758
v 37.536228 25.575815 27.962173
vn -0.618258 -0.761408 -0.194972
v 34.090096 25.575817 27.956629
vn -0.074531 -0.815384 -0.574102
v 35.659843 25.575815 26.773693
vn -0.370481 -0.756721 -0.538626
v 34.756081 25.575815 27.124002
vn -0.020214 0.129007 0.991438
v 35.772823 30.375523 30.583797
vn 0.022416 0.828185 -0.560007
v 35.691910 30.718145 26.706593
vn -0.752392 0.549094 -0.363870
v 34.050411 30.348028 27.555525
vn 0.631259 0.236953 -0.738489
v 36.829788 30.505119 27.074650
vn 0.478221 0.411612 -0.775810
v 36.616318 30.497416 26.917459
vn -0.961156 0.242317 0.132142
v 33.924152 30.556557 28.845722
vn 0.567537 0.057001 0.821372
v 36.869499 30.547270 30.235252
vn 0.710320 0.115653 -0.694313
v 37.044941 30.526915 27.276245
vn 0.082472 0.730334 0.678093
v 36.094147 30.718145 30.528822
vn 0.269300 0.490271 -0.828922
v 36.125111 30.529636 26.712317
vn -0.639382 0.761084 0.109279
v 33.973297 30.718143 28.966984
vn -0.359481 0.729634 0.581728
v 34.833176 30.718145 30.273392
vn -0.633297 0.749928 0.191163
v 34.019737 30.718145 29.173275
vn -0.085879 0.830791 -0.549919
v 35.486603 30.718145 26.718815
vn -0.264197 0.829658 -0.491800
v 34.949146 30.718145 26.900253
vn -0.385769 0.831028 -0.400719
v 34.531132 30.718145 27.202501
vn -0.560922 0.811165 -0.165461
v 34.048214 30.718145 28.037525
vn 0.581222 0.692395 0.427518
v 37.298782 30.718143 29.822634
vn -0.504403 0.814024 -0.287998
v 34.242428 30.718145 27.563805
vn 0.674379 0.691914 -0.257814
v 37.560074 30.719704 28.035425
vn 0.522072 0.709296 -0.473646
v 37.158466 30.717712 27.409409
vn 0.589018 0.695776 -0.411040
v 37.346016 30.718142 27.638952
vn -0.003296 0.721868 0.692023
v 35.771294 30.718143 30.552553
vn -0.540281 0.812969 -0.217203
v 34.129250 30.718147 27.802193
vn 0.516993 0.693798 0.501360
v 37.143799 30.718369 30.004019
vn 0.440003 0.733929 -0.517442
v 36.919533 30.718145 27.184464
vn -0.622725 0.738320 0.259029
v 34.092690 30.718098 29.383230
vn -0.595276 0.795170 -0.115545
v 33.982693 30.718145 28.276680
vn 0.000010 1.000000 -0.000004
v 36.886662 30.718145 27.992819
vn 0.000000 1.000000 0.000000
v 36.672539 30.718145 27.814066
vn -0.000002 1.000000 0.000005
v 35.618591 30.718145 28.360575
vn -0.872270 0.140299 0.468468
v 34.146137 30.482401 29.558172
vn -0.927198 0.333146 0.171225
v 33.872974 30.387596 28.857182
vn 0.057184 0.099324 0.993411
v 35.913414 30.555126 30.562778
vn -0.919188 0.378712 -0.108029
v 33.902115 30.501631 28.343777
vn 0.787051 0.046418 -0.615138
v 37.244881 30.519260 27.500849
vn 0.998582 0.028214 0.045145
v 37.674019 30.500811 28.766140
vn 0.679382 0.032568 0.733062
v 37.072483 30.538452 30.072729
vn 0.360392 0.476825 -0.801720
v 36.381790 30.515034 26.802774
vn -0.913495 0.171726 0.368831
v 34.035206 30.491390 29.317434
vn -0.000001 1.000000 0.000004
v 35.643909 30.718145 27.265554
vn 0.000004 1.000000 0.000001
v 36.737495 30.718147 28.457848
vn -0.000011 1.000000 0.000004
v 34.865410 30.718145 28.149302
vn 0.000000 1.000000 0.000000
v 34.822681 30.718145 28.343849
vn -0.000003 1.000000 0.000006
v 35.717815 30.718145 28.535898
vn -0.000002 1.000000 -0.000001
v 35.894188 30.718145 28.884445
vn 0.000000 1.000000 0.000000
v 35.119270 30.718145 29.672396
vn 0.000000 1.000000 0.000000
v 35.893742 30.718145 29.357418
vn 0.000000 1.000000 0.000000
v 36.829365 30.718145 29.185553
vn 0.000002 1.000000 -0.000001
v 35.451931 30.718145 30.082376
vn -0.000002 1.000000 0.000000
v 36.332539 30.718145 29.683048
vn -0.000001 1.000000 -0.000025
v 37.256931 30.718203 29.383444
vn 0.000043 1.000000 -0.000046
v 37.454651 30.718153 29.125664
vn 0.719505 0.231367 -0.654815
v 36.959167 30.335632 27.139450
vn -0.937674 0.237200 0.253978
v 33.946602 30.476536 29.063940
vn -0.050501 0.492893 -0.868623
v 35.581589 30.497561 26.604546
vn 0.999374 0.031711 -0.015671
v 37.681053 30.340551 28.639063
vn 0.919489 0.009754 -0.392995
v 37.533161 30.512766 27.974794
vn 0.188808 0.825762 -0.531477
v 36.217381 30.718147 26.827431
vn 0.704497 0.697404 -0.131574
v 37.646553 30.721457 28.340977
vn 0.444803 0.697208 0.562184
v 36.991661 30.718719 30.141342
vn -0.357575 0.481350 -0.800276
v 35.019241 30.488060 26.747366
vn 0.665911 0.691764 0.279329
v 37.542259 30.718145 29.392960
vn -0.444935 0.828573 -0.339852
v 34.364117 30.718145 27.389843
vn 0.995757 0.024066 -0.088819
v 37.670349 30.523346 28.510429
vn -0.212619 0.714168 0.666901
v 35.239616 30.718145 30.464493
vn 0.719182 0.694822 -0.000325
v 37.675480 30.718145 28.661793
vn 0.000002 1.000000 0.000002
v 36.535797 30.718145 27.164341
vn 0.000001 1.000000 -0.000002
v 36.829483 30.718145 28.227169
vn 0.000001 1.000000 -0.000012
v 35.103195 30.718143 27.838394
vn 0.000000 1.000000 0.000000
v 34.623413 30.718145 28.446720
vn 0.000003 1.000000 -0.000001
v 35.679928 30.718143 28.744795
vn -0.000002 1.000000 0.000001
v 35.462227 30.718147 28.846849
vn 0.000000 1.000000 0.000000
v 35.690880 30.718145 29.477024
vn 0.000000 1.000000 0.000000
v 35.478157 30.718145 29.812248
vn -0.000002 1.000000 -0.000004
v 36.069717 30.718145 29.984423
vn -0.004028 0.999990 0.001860
v 37.435497 30.718143 28.478451
vn 0.000000 1.000000 0.000000
v 36.141373 30.718145 28.782963
vn 0.000000 1.000000 -0.000002
v 34.558159 30.718145 29.252722
vn 0.000002 1.000000 -0.000019
v 37.144886 30.718176 29.604292
vn -0.628474 0.777083 0.034097
v 33.949047 30.718145 28.731358
vn -0.000094 1.000000 0.000021
v 37.294434 30.718037 27.842691
vn 0.000663 1.000000 -0.000237
v 36.931149 30.718145 27.488583
vn 0.000000 1.000000 0.000000
v 36.257282 30.718145 27.434246
vn 0.000000 1.000000 0.000000
v 35.832695 30.718145 27.615969
vn 0.000000 1.000000 0.000000
v 36.700420 30.718145 28.972963
vn -0.000198 1.000000 -0.000064
v 36.794445 30.718145 29.847065
vn 0.000000 1.000000 -0.000003
v 36.699974 30.718145 27.565353
vn 0.000229 1.000000 -0.000114
v 37.127193 30.718138 27.932783
vn 0.000000 1.000000 0.000000
v 36.026878 30.718145 27.794870
vn -0.000003 1.000000 -0.000001
v 36.345825 30.718147 28.412769
vn 0.000000 1.000000 0.000000
v 36.068665 30.718145 29.241823
vn -0.000104 1.000000 -0.000089
v 36.888046 30.718143 29.626728
vn -0.000273 1.000000 -0.000844
v 36.999077 30.718239 29.893599
vn -0.473498 0.457154 -0.752868
v 34.783466 30.533636 26.904425
vn -0.082547 0.083370 0.993094
v 35.654266 30.551758 30.560373
vn -0.002331 0.999997 0.000063
v 37.339653 30.718096 28.071014
vn 0.000223 1.000000 -0.000461
v 37.136749 30.718094 27.679127
vn -0.000002 1.000000 0.000002
v 36.010845 30.718145 26.986029
vn 0.000000 1.000000 0.000000
v 36.474255 30.718145 27.629345
vn -0.000000 1.000000 0.000003
v 35.508499 30.718147 27.118374
vn 0.000001 1.000000 0.000001
v 35.237965 30.718145 27.209558
vn 0.000000 1.000000 -0.000002
v 36.390968 30.718145 28.153391
vn 0.000000 1.000000 0.000000
v 34.433731 30.718145 28.050646
vn 0.000000 1.000000 0.000000
v 34.389801 30.718145 28.325632
vn 0.000001 1.000000 0.000003
v 34.408455 30.718145 28.825970
vn -0.000001 1.000000 0.000013
v 35.012337 30.718145 30.099449
vn 0.000002 1.000000 0.000001
v 35.662090 30.718145 30.219971
vn 0.000000 1.000000 0.000010
v 35.660782 30.718145 30.405418
vn 0.000000 1.000000 0.000003
v 36.286896 30.718145 30.093908
vn 0.000000 1.000000 0.000003
v 36.079273 30.718145 30.242554
vn 0.000000 1.000000 0.000000
v 34.587772 30.718145 27.826275
vn -0.420064 0.532158 -0.735088
v 34.815594 30.378330 26.777994
vn 0.000000 1.000000 0.000002
v 36.282181 30.718145 27.133001
vn -0.000005 1.000000 -0.000001
v 35.259048 30.718147 27.428905
vn -0.000001 1.000000 -0.000015
v 34.772274 30.718143 27.365025
vn -0.000002 1.000000 0.000001
v 35.275421 30.718145 28.621475
vn 0.000002 1.000000 0.000002
v 35.459782 30.718147 28.176609
vn 0.000000 1.000000 -0.000002
v 35.264729 30.718145 29.220888
vn 0.000000 1.000000 0.000000
v 36.297794 30.718145 29.222538
vn 0.000002 1.000000 0.000004
v 35.892635 30.718145 29.591080
vn -0.000085 1.000000 -0.000022
v 36.975510 30.718145 29.392048
vn 0.866382 0.025228 0.498744
v 37.423203 30.529547 29.631100
vn 0.000000 1.000000 0.000000
v 35.797356 30.718145 26.889299
vn 0.000000 1.000000 0.000000
v 35.838024 30.718145 27.359936
vn 0.000000 1.000000 0.000000
v 34.635883 30.718145 28.223230
vn -0.000001 1.000000 0.000004
v 34.186302 30.718145 28.759258
vn 0.000001 1.000000 0.000001
v 35.038876 30.718145 28.699734
vn 0.000000 1.000000 0.000000
v 34.607014 30.718143 28.961983
vn -0.000046 1.000000 0.000048
v 34.273438 30.718145 29.224525
vn 0.000000 1.000000 0.000000
v 36.115715 30.718145 29.031384
vn 0.000000 1.000000 0.000000
v 34.707550 30.718145 29.774595
vn -0.000003 1.000000 -0.000002
v 36.250519 30.718145 29.880535
vn 0.000002 1.000000 -0.000000
v 36.615616 30.718145 29.661161
vn 0.000007 1.000000 0.000039
v 36.295616 30.718143 30.329313
vn 0.000060 1.000000 -0.000070
v 37.263798 30.718145 28.328575
vn 0.000003 1.000000 0.000002
v 36.905735 30.718143 28.616695
vn 0.000001 1.000000 0.000002
v 37.004791 30.718145 28.395287
vn 0.000002 1.000000 0.000003
v 36.630699 30.718145 28.714207
vn 0.000000 1.000000 0.000000
v 36.567402 30.718145 29.195019
vn 0.000004 1.000000 -0.000008
v 35.285568 30.718147 28.010780
vn 0.000000 1.000000 0.000000
v 34.829857 30.718145 28.561260
vn 0.000000 1.000000 0.000000
v 36.971191 30.718145 28.977921
vn 0.000003 1.000000 -0.000001
v 35.874081 30.718143 29.848503
vn -0.000000 1.000000 -0.000000
v 35.412354 30.718147 27.557972
vn 0.000000 1.000000 0.000000
v 35.686989 30.718145 29.249319
vn 0.000002 1.000000 -0.000000
v 35.776421 30.718145 27.102621
vn -0.000002 1.000000 -0.000002
v 35.360294 30.718145 26.952579
vn 0.000003 1.000000 -0.000003
v 35.129410 30.718145 27.015530
vn -0.000023 1.000000 -0.000005
v 34.976913 30.718147 27.172897
vn 0.000001 1.000000 -0.000005
v 36.570827 30.718145 28.301556
vn 0.000000 1.000000 0.000000
v 34.197124 30.718145 28.189978
vn 0.000000 1.000000 0.000000
v 34.149658 30.718145 28.475765
vn 0.000000 1.000000 0.000000
v 35.454262 30.718145 29.393316
vn -0.000821 1.000000 -0.000449
v 36.749569 30.718145 30.070414
vn -0.000000 1.000000 -0.000002
v 35.228519 30.718145 29.905205
vn -0.000006 1.000000 0.000004
v 35.176903 30.718143 27.612654
vn -0.000002 1.000000 0.000001
v 34.817928 30.718145 28.829647
vn 0.000001 1.000000 -0.000003
v 37.379704 30.718145 28.710896
vn 0.000063 1.000000 -0.000032
v 37.093697 30.718145 28.166649
vn 0.000000 1.000000 0.000000
v 36.043777 30.718145 27.522457
vn 0.000001 1.000000 0.000002
v 35.912476 30.718147 28.374447
vn 0.000002 1.000000 -0.000001
v 35.509335 30.718145 28.576973
vn 0.000000 1.000000 0.000000
v 34.968601 30.718145 29.839294
vn 0.000003 1.000000 0.000007
v 35.463501 30.718145 30.326822
vn -0.000000 1.000000 0.000003
v 35.862869 30.718143 30.360023
vn 0.000003 1.000000 0.000000
v 34.348293 30.718145 27.793213
vn 0.000000 1.000000 0.000000
v 35.524757 30.718145 29.594034
vn 0.000001 1.000000 0.000002
v 36.718536 30.718145 29.419140
vn 0.000000 1.000000 0.000000
v 36.244328 30.718145 27.712574
vn 0.000000 1.000000 -0.000002
v 34.414738 30.718145 29.054581
vn -0.000002 1.000000 0.000001
v 35.486908 30.718145 29.124519
vn 0.000000 1.000000 0.000000
v 34.636505 30.718145 29.528431
vn 0.000000 1.000000 0.000000
v 36.444229 30.718145 29.444284
vn -0.000000 1.000000 0.000000
v 37.181053 30.718145 28.555641
vn 0.000000 1.000000 -0.000003
v 35.632339 30.718145 27.464361
vn 0.000005 1.000000 0.000010
v 35.233185 30.718147 28.218517
vn 0.000002 1.000000 0.000002
v 35.596344 30.718145 27.706821
vn -0.000000 1.000000 0.000002
v 36.522797 30.718147 28.509172
vn -0.000000 1.000000 0.000003
v 36.137825 30.718145 28.535324
vn -0.000002 1.000000 0.000004
v 35.904755 30.718145 28.639828
vn -0.000003 1.000000 0.000004
v 35.039822 30.718143 27.405264
vn 0.000002 1.000000 -0.000001
v 34.512486 30.718145 27.519697
vn 0.000001 1.000000 -0.000005
v 35.532528 30.718145 27.950718
vn -0.000047 1.000000 -0.000014
v 34.362713 30.718145 29.457617
vn 0.000000 1.000000 0.000000
v 34.449512 30.718145 29.693621
vn 0.000000 1.000000 0.000000
v 35.327076 30.718145 29.631479
vn -0.000014 1.000000 0.000010
v 35.237541 30.718147 30.212254
vn 0.344256 0.767739 -0.540431
v 36.720478 30.718145 27.046547
vn -0.568426 0.465058 -0.678685
v 34.564430 30.521189 27.052052
vn -0.000003 1.000000 0.000001
v 35.265633 30.718143 28.931355
vn 0.000001 1.000000 -0.000004
v 36.847023 30.718145 28.809380
vn -0.893624 0.262300 0.364191
v 33.957973 30.299196 29.242563
vn 0.000000 1.000000 -0.000000
v 36.718124 30.718143 27.317371
vn 0.000003 1.000000 -0.000002
v 36.003288 30.718145 28.079914
vn -0.000004 1.000000 -0.000001
v 35.347057 30.718145 27.782146
vn 0.000000 1.000000 0.000000
v 36.633255 30.718145 28.058653
vn -0.000001 1.000000 -0.000001
v 37.145401 30.718145 28.770679
vn 0.000001 1.000000 -0.000003
v 35.600060 30.718145 26.909193
vn 0.000000 1.000000 0.000000
v 34.774422 30.718145 30.010872
vn 0.000000 1.000000 0.000000
v 35.182053 30.718145 29.457054
vn 0.000000 1.000000 0.000000
v 36.441799 30.718145 27.895071
vn -0.000000 1.000000 0.000002
v 34.611725 30.718145 28.693367
vn 0.000000 1.000000 0.000000
v 35.886967 30.718145 29.128708
vn 0.000002 1.000000 -0.000001
v 35.447330 30.718143 27.336395
vn -0.000000 1.000000 0.000000
v 35.869743 30.718145 30.114449
vn 0.632361 0.696606 -0.338911
v 37.466652 30.718143 27.837938
vn 0.054374 0.581215 -0.811932
v 35.762577 30.383509 26.534006
vn -0.440210 0.728550 0.524815
v 34.637001 30.718145 30.133944
vn -0.000075 1.000000 -0.000044
v 36.512417 30.718145 30.187103
vn 0.000000 1.000000 0.000005
v 35.357841 30.718145 28.385441
vn 0.345879 0.086042 0.934326
v 36.425167 30.567207 30.464689
vn -0.000002 1.000000 0.000001
v 36.085674 30.718143 29.733353
vn 0.268911 0.654200 -0.706901
v 36.286076 30.340952 26.623795
vn -0.000002 1.000000 -0.000004
v 34.848900 30.718145 27.885628
vn -0.337453 0.092574 0.936779
v 35.172791 30.527821 30.453014
vn 0.000002 1.000000 0.000003
v 34.229000 30.718145 27.975471
vn 0.114401 0.128254 0.985121
v 36.037350 30.392286 30.568590
vn 0.000002 1.000000 0.000002
v 35.686172 30.718145 29.706026
vn -0.863742 0.424785 -0.271124
v 33.997608 30.503168 27.935123
vn 0.968202 0.018211 -0.249507
v 37.623592 30.518415 28.238924
vn 0.000000 1.000000 0.000000
v 34.394127 30.718145 28.578817
vn 0.000000 1.000000 0.000000
v 34.792587 30.718145 29.349279
vn 0.774500 0.116141 -0.621820
v 37.148949 30.337639 27.356237
vn 0.000000 1.000000 0.000000
v 36.032463 30.718145 27.242640
vn 0.987889 0.040121 0.149883
v 37.654991 30.465343 28.982712
vn -0.940358 0.338751 0.031229
v 33.881859 30.484364 28.623207
vn -0.150970 0.127693 0.980256
v 35.529564 30.373997 30.562206
vn -0.599438 0.799337 -0.041638
v 33.959297 30.718145 28.482071
vn -0.897065 0.385762 -0.215550
v 33.955479 30.535664 28.146059
vn 0.000000 1.000000 0.000000
v 36.509701 30.718145 29.916901
vn -0.000050 1.000000 -0.000064
v 37.102905 30.718145 29.170918
vn -0.000007 1.000000 -0.000009
v 37.255589 30.718145 28.954693
vn 0.181922 0.075695 0.980395
v 36.184555 30.567732 30.529043
vn 0.701714 0.706411 0.092636
v 37.654266 30.718143 28.928913
vn -0.221505 0.082887 0.971630
v 35.411179 30.553873 30.520763
vn 0.000002 1.000000 -0.000001
v 35.668018 30.718145 29.965389
vn 0.000002 1.000000 -0.000001
v 35.683537 30.718145 29.001940
vn 0.000000 1.000000 0.000000
v 36.404396 30.718145 28.946718
vn -0.000002 1.000000 0.000004
v 36.367622 30.718145 28.664036
vn -0.177652 0.555309 -0.812448
v 35.377922 30.342880 26.533243
vn 0.139182 0.488778 -0.861235
v 35.866238 30.519810 26.635096
vn 0.161600 0.642258 -0.749260
v 36.005890 30.337324 26.533648
vn 0.000000 1.000000 0.000000
v 35.013802 30.718145 29.288280
vn -0.000000 1.000000 0.000002
v 36.145020 30.718145 29.461346
vn 0.000000 1.000000 0.000000
v 34.681702 30.718145 28.026945
vn -0.000002 1.000000 -0.000001
v 34.817772 30.718145 29.110199
vn 0.000009 1.000000 -0.000006
v 37.529427 30.718145 28.896410
vn -0.454275 0.132169 0.881003
v 34.917458 30.468252 30.349527
vn 0.261477 0.749067 0.608710
v 36.511444 30.718145 30.406313
vn 0.000000 1.000000 0.000000
v 36.210823 30.718145 27.980200
vn 0.000001 1.000000 -0.000003
v 34.716354 30.718145 27.635174
vn -0.000003 1.000000 -0.000001
v 34.219337 30.718143 28.994553
vn -0.574417 0.120547 0.809638
v 34.718735 30.527735 30.220179
vn -0.825690 0.430439 -0.364634
v 34.093826 30.511391 27.686987
vn 0.971874 0.030562 0.233510
v 37.617546 30.544559 29.149271
vn -0.008835 0.999961 -0.000007
v 37.460350 30.718115 28.259296
vn 0.000003 1.000000 -0.000001
v 36.490154 30.718145 27.369650
vn 0.000003 1.000000 -0.000001
v 35.052559 30.718145 28.998138
vn 0.000077 1.000000 -0.000023
v 36.911640 30.718145 27.754936
vn 0.000000 1.000000 0.000000
v 34.916580 30.718145 29.557930
vn -0.224192 0.481067 -0.847533
v 35.305050 30.500687 26.654182
vn 0.450389 0.082992 0.888967
v 36.654037 30.549707 30.366253
vn 0.778883 0.031982 0.626353
v 37.255146 30.518129 29.879841
vn -0.000004 1.000000 -0.000002
v 35.060108 30.718151 28.091372
vn 0.000004 1.000000 -0.000003
v 34.927399 30.718145 27.621389
vn -0.000002 1.000000 0.000006
v 35.060375 30.718145 28.382214
vn 0.000000 1.000000 -0.000002
v 36.164009 30.718145 28.265043
vn -0.667935 0.153542 0.728209
v 34.553867 30.429871 30.101587
vn 0.858607 0.019314 -0.512270
v 37.414345 30.502035 27.743935
vn 0.000001 1.000000 -0.000002
v 35.808872 30.718145 27.894764
vn -0.763250 0.455700 -0.458026
v 34.201996 30.500160 27.462585
vn 0.000001 1.000000 -0.000002
v 35.731979 30.718147 28.139420
vn -0.669659 0.476465 -0.569682
v 34.351414 30.487005 27.237736
vn -0.732796 0.177075 0.657004
v 34.415527 30.350183 29.979378
vn -0.734166 0.111876 0.669690
v 34.454453 30.568258 29.975315
vn -0.947887 -0.058663 0.313160
v 34.040722 25.962942 29.227365
vn 0.947536 -0.309817 -0.078672
v 37.808037 25.787539 28.855501
vn 0.905136 -0.178500 -0.385832
v 37.657066 25.964779 28.124561
vn -0.726883 -0.244455 -0.641780
v 34.391113 25.683943 27.418720
vn -0.803177 -0.242868 -0.543987
v 34.240276 25.719995 27.593071
vn 0.917806 -0.378402 -0.120184
v 37.893353 25.993450 28.938917
vn 0.933044 -0.291089 -0.211415
v 37.840763 25.978714 28.675472
vn 0.913492 -0.406848 -0.002759
v 37.826294 25.827599 29.115412
vn -0.060620 -0.492048 0.868455
v 36.211941 25.966751 30.759052
vn 0.352908 -0.618737 0.701870
v 37.066799 25.943399 30.518816
vn 0.347312 -0.523532 0.778003
v 36.825050 25.814165 30.530027
vn -0.000194 -1.000000 -0.000435
v 36.743977 25.575815 27.350304
vn 0.000595 -1.000000 -0.000722
v 37.009430 25.575815 27.443180
vn -0.000058 -1.000000 -0.000278
v 36.876606 25.575254 27.630924
vn 0.000894 -1.000000 -0.000172
v 37.134739 25.575815 27.673838
vn 0.000296 -1.000000 0.000435
v 37.035313 25.575670 27.941439
vn -0.000607 -1.000000 0.000147
v 37.143810 25.575815 28.176550
vn 0.000003 -1.000000 0.000001
v 36.834473 25.575813 28.419989
vn -0.000002 -1.000000 0.000005
v 36.699806 25.575815 28.553680
vn -0.000002 -1.000000 -0.000001
v 36.644955 25.575815 28.755737
vn -0.000001 -1.000000 0.000002
v 36.482582 25.575815 28.534554
vn 0.000000 -1.000000 0.000000
v 36.462349 25.575815 28.914978
vn 0.000000 -1.000000 0.000000
v 36.367149 25.575815 28.701038
vn 0.000000 -1.000000 0.000000
v 36.115707 25.575815 29.151545
vn 0.000000 -1.000000 0.000000
v 36.091690 25.575815 28.698898
vn 0.000000 -1.000000 0.000000
v 35.942818 25.575815 28.965460
vn 0.000000 -1.000000 0.000000
v 35.876553 25.575815 28.727385
vn 0.000000 -1.000000 0.000000
v 35.468620 25.575815 29.519684
vn 0.000000 -1.000000 0.000000
v 35.669403 25.575815 28.613617
vn 0.000000 -1.000000 0.000000
v 35.465427 25.575815 28.293024
vn 0.000000 -1.000000 0.000000
v 35.366756 25.575815 28.502819
vn 0.000000 -1.000000 0.000000
v 35.250961 25.575815 28.221920
vn 0.000000 -1.000000 0.000000
v 35.081390 25.575815 28.426291
vn 0.000000 -1.000000 0.000000
v 34.859283 25.575815 28.402685
vn 0.000000 -1.000000 0.000000
v 34.996204 25.575815 28.135204
vn 0.000000 -1.000000 0.000000
v 35.221481 25.575815 27.971951
vn -0.001405 -0.999991 -0.003908
v 35.043041 25.575815 27.818674
vn -0.002185 -0.999998 0.000196
v 35.231277 25.577526 27.408247
vn 0.001305 -0.999994 -0.003093
v 34.873653 25.577841 27.613726
vn 0.003424 -0.999991 0.002501
v 34.724796 25.577787 27.387896
vn -0.001132 -0.999997 0.002092
v 35.322548 25.576994 27.146900
vn 0.001938 -0.999995 0.002596
v 35.065945 25.575924 27.152395
vn 0.003188 -0.999897 0.014026
v 35.487389 25.575815 26.955713
vn 0.955353 -0.222463 -0.194449
v 37.763317 25.769272 28.579515
vn -0.311482 -0.131662 0.941087
v 35.454735 25.973640 30.549330
vn 0.013792 -0.846533 -0.532157
v 35.955353 25.575815 26.770790
vn -0.000000 -1.000000 0.000005
v 36.495358 25.575815 27.182840
vn -0.000818 -1.000000 -0.000007
v 36.627197 25.575815 27.612167
vn -0.000001 -1.000000 -0.000003
v 36.540611 25.575815 27.819902
vn 0.000000 -1.000000 -0.000002
v 36.374634 25.575815 27.703056
vn 0.000000 -1.000000 0.000000
v 36.142948 25.575815 27.825159
vn 0.000000 -1.000000 0.000000
v 35.917538 25.575815 28.222979
vn 0.000000 -1.000000 0.000000
v 35.926414 25.575815 27.681259
vn 0.000000 -1.000000 0.000000
v 35.657928 25.575815 27.841038
vn 0.000000 -1.000000 0.000000
v 35.688820 25.575815 27.551458
vn 0.000000 -1.000000 0.000000
v 35.743824 25.575815 27.283859
vn -0.307495 -0.187884 0.932816
v 35.627220 25.976412 30.605783
vn -0.000607 -0.999999 -0.000936
v 37.369099 25.575392 28.171263
vn 0.000109 -1.000000 0.000274
v 37.477745 25.574900 28.448795
vn -0.000886 -0.999999 0.000791
v 37.334278 25.575815 28.702482
vn 0.000002 -1.000000 -0.000001
v 37.277756 25.575815 28.982643
vn 0.000003 -1.000000 0.000001
v 37.294559 25.575815 29.219955
vn 0.000000 -1.000000 0.000001
v 37.170830 25.575815 29.375050
vn 0.000003 -1.000000 0.000001
v 37.054264 25.575813 29.115181
vn 0.000001 -1.000000 0.000002
v 36.964748 25.575815 29.341347
vn -0.000001 -1.000000 -0.000003
v 36.845219 25.575813 29.579426
vn -0.000002 -1.000000 0.000000
v 36.743916 25.575815 29.345875
vn -0.000002 -1.000000 -0.000001
v 36.557945 25.575815 29.483301
vn -0.000004 -1.000000 0.000001
v 36.603333 25.575815 29.734476
vn 0.000000 -1.000000 0.000000
v 36.338505 25.575815 29.633539
vn 0.000000 -1.000000 0.000000
v 36.153393 25.575815 29.795544
vn 0.000000 -1.000000 0.000000
v 36.111797 25.575815 29.562056
vn 0.000000 -1.000000 0.000000
v 36.009056 25.575815 29.946119
vn 0.000000 -1.000000 0.000000
v 35.903645 25.575815 29.470787
vn 0.000002 -1.000000 -0.000001
v 35.879719 25.575815 29.729618
vn -0.000000 -1.000000 -0.000002
v 35.671642 25.575815 29.583725
vn 0.000000 -1.000000 0.000000
v 35.279190 25.575815 29.503859
vn 0.000000 -1.000000 0.000000
v 35.257347 25.575815 29.948404
vn 0.000000 -1.000000 0.000000
v 35.116470 25.575815 29.380550
vn 0.000000 -1.000000 0.000000
v 34.875656 25.575815 29.443171
vn 0.000000 -1.000000 0.000000
v 34.888817 25.575815 29.164904
vn 0.000000 -1.000000 0.000000
v 34.675854 25.575815 29.246912
vn 0.000000 -1.000000 0.000000
v 34.761024 25.575815 28.875402
vn 0.000000 -1.000000 0.000000
v 34.614830 25.575815 28.738380
vn 0.000000 -1.000000 0.000000
v 34.622540 25.575815 28.471153
vn 0.000000 -1.000000 0.000000
v 34.401936 25.575815 28.435146
vn -0.004278 -0.999989 0.001851
v 34.549149 25.577929 27.964756
vn 0.000520 -0.999999 -0.001072
v 34.598412 25.575817 27.648417
vn -0.000573 -0.999990 0.004549
v 34.952286 25.576622 27.358183
vn -0.470945 -0.021742 0.881895
v 34.973007 25.858734 30.348370
vn 0.654398 -0.259621 -0.710183
v 36.908867 25.756437 27.097233
vn -0.976672 -0.036878 0.211548
v 34.006535 25.749357 29.063488
vn 0.000002 -1.000000 0.000002
v 36.234047 25.575815 27.313164
vn 0.000000 -1.000000 0.000000
v 36.011208 25.575815 27.200525
vn 0.000000 -1.000000 0.000000
v 36.034416 25.575815 26.977755
vn -0.991436 -0.098764 0.085444
v 33.966549 25.834414 28.808765
vn 0.000000 -1.000000 0.000000
v 37.497742 25.575815 29.139338
vn -0.000002 -1.000000 0.000003
v 37.311447 25.575813 29.625259
vn -0.000002 -1.000000 -0.000004
v 36.856285 25.575813 28.903307
vn -0.000004 -1.000000 0.000002
v 36.812607 25.575813 29.123276
vn -0.000004 -1.000000 0.000000
v 36.857513 25.575813 29.855721
vn -0.000005 -1.000000 0.000000
v 36.666950 25.575815 30.218924
vn 0.000000 -1.000000 0.000000
v 36.060326 25.575815 30.165249
vn 0.000000 -1.000000 -0.000000
v 35.670521 25.575813 30.152372
vn -0.000005 -1.000000 -0.000000
v 35.470394 25.575815 30.039286
vn 0.000000 -1.000000 0.000000
v 35.020706 25.575815 29.831821
vn -0.001712 -0.999997 -0.001738
v 34.731319 25.575815 28.184958
vn -0.002190 -0.999997 -0.001413
v 34.799465 25.575815 27.894064
vn -0.000635 -1.000000 0.000572
v 36.750198 25.575815 27.872070
vn -0.000002 -1.000000 0.000002
v 36.624172 25.575813 28.313683
vn 0.000000 -1.000000 0.000000
v 36.125355 25.575815 28.280258
vn 0.000000 -1.000000 0.000000
v 35.509598 25.575815 29.009993
vn 0.000000 -1.000000 0.000000
v 35.672756 25.575815 28.114641
vn 0.000000 -1.000000 0.000000
v 35.388996 25.575815 27.855282
vn -0.001631 -0.999998 -0.001370
v 35.430569 25.575815 27.617807
vn -0.002431 -0.999991 -0.003390
v 35.252357 25.575815 27.704571
vn -0.003216 -0.999995 -0.000564
v 35.489414 25.575815 27.360235
vn -0.001998 -0.999998 0.000111
v 35.555256 25.575815 27.127523
vn 0.000013 -1.000000 -0.000422
v 37.257370 25.575815 27.927521
vn -0.002337 -0.999997 0.000021
v 37.565800 25.575535 28.695717
vn -0.001808 -0.999998 0.000298
v 37.249325 25.575815 28.420593
vn 0.000001 -1.000000 0.000001
v 37.098759 25.575815 28.560867
vn 0.000000 -1.000000 0.000000
v 37.498020 25.575815 29.322876
vn 0.000002 -1.000000 -0.000003
v 37.399548 25.575815 29.449978
vn 0.000003 -1.000000 -0.000003
v 37.074249 25.575815 28.822689
vn 0.000002 -1.000000 -0.000001
v 37.097912 25.575815 29.589497
vn 0.000009 -1.000000 -0.000003
v 37.016029 25.575813 29.759235
vn -0.000002 -1.000000 0.000000
v 36.527107 25.575815 29.221664
vn -0.000005 -1.000000 0.000001
v 36.653999 25.575815 29.978298
vn 0.000000 -1.000000 0.000000
v 36.313522 25.575815 29.371962
vn 0.000000 -1.000000 0.000000
v 36.324814 25.575815 29.143467
vn 0.000000 -1.000000 0.000000
v 36.446571 25.575815 30.111605
vn 0.000000 -1.000000 0.000000
v 36.283157 25.575815 30.272848
vn 0.000000 -1.000000 0.000000
v 36.097260 25.575815 29.351658
vn 0.000000 -1.000000 0.000000
v 35.902252 25.575815 29.232166
vn 0.000000 -1.000000 0.000000
v 35.681755 25.575815 29.133827
vn 0.000000 -1.000000 0.000000
v 35.389614 25.575815 29.258863
vn 0.000000 -1.000000 0.000000
v 35.277702 25.575815 28.975573
vn 0.000000 -1.000000 0.000000
v 35.007328 25.575815 28.894894
vn 0.000000 -1.000000 0.000000
v 34.593376 25.575815 29.484331
vn 0.000000 -1.000000 0.000000
v 35.109467 25.575815 28.679829
vn 0.000000 -1.000000 0.000000
v 34.841240 25.575815 28.618752
vn 0.000000 -1.000000 0.000000
v 34.402328 25.575815 28.942415
vn 0.000000 -1.000000 0.000000
v 34.210739 25.575815 28.603931
vn -0.006238 -0.999929 -0.010201
v 34.234612 25.575815 28.326515
vn -0.001994 -0.999995 0.002574
v 34.287327 25.579832 28.070782
vn 0.001419 -0.999994 0.003202
v 34.337944 25.575817 27.818039
vn -0.000002 -1.000000 0.000001
v 36.247776 25.575815 27.056236
vn 0.000003 -1.000000 0.000001
v 37.220798 25.575817 29.817484
vn -0.000030 -1.000000 0.000023
v 36.103199 25.575815 30.420528
vn 0.000000 -1.000000 0.000000
v 35.238602 25.575815 30.203964
vn 0.000000 -1.000000 0.000000
v 35.021931 25.575815 30.102205
vn 0.000000 -1.000000 0.000000
v 34.765602 25.575815 29.964569
vn 0.000000 -1.000000 0.000000
v 34.588154 25.575815 29.005898
vn -0.000004 -1.000000 0.000001
v 36.363384 25.575815 28.255993
vn 0.000000 -1.000000 0.000000
v 35.942074 25.575815 28.464397
vn 0.000006 -1.000000 -0.000003
v 37.059223 25.575813 29.989145
vn -0.000006 -1.000000 -0.000001
v 36.679016 25.575815 28.957802
vn 0.000000 -1.000000 0.000000
v 36.497814 25.575815 30.323357
vn 0.000006 -1.000000 0.000000
v 35.844475 25.575815 30.033419
vn -0.000005 -1.000000 0.000000
v 35.472713 25.575815 30.294441
vn -0.000003 -1.000000 -0.000001
v 35.484859 25.575815 29.771383
vn 0.000000 -1.000000 0.000000
v 35.276310 25.575815 29.706064
vn 0.000000 -1.000000 0.000000
v 35.452412 25.575815 28.776464
vn 0.000000 -1.000000 0.000000
v 35.108280 25.575815 29.133308
vn 0.000000 -1.000000 0.000000
v 34.551571 25.575815 29.746439
vn 0.000000 -1.000000 0.000000
v 34.211750 25.575815 28.874302
vn -0.002257 -0.999994 -0.002518
v 35.079601 25.577831 27.571682
vn -0.000000 -1.000000 -0.000000
v 36.453377 25.575817 27.452709
vn 0.000002 -1.000000 -0.000001
v 36.172405 25.575815 27.557940
vn 0.000000 -1.000000 0.000000
v 35.966530 25.575815 27.437174
vn 0.000000 -1.000000 0.000000
v 35.783249 25.575815 27.028431
vn 0.000000 -1.000000 0.000000
v 36.413010 25.575815 29.866020
vn 0.000000 -1.000000 0.000000
v 34.795826 25.575815 29.683624
vn 0.000000 -1.000000 0.000000
v 35.053253 25.575815 29.601719
vn 0.000000 -1.000000 0.000000
v 34.329704 25.575815 29.355770
vn 0.000000 -1.000000 0.000000
v 34.409313 25.575815 28.682346
vn 0.000000 -1.000000 0.000000
v 35.688595 25.575815 28.871038
vn 0.000000 -1.000000 0.000000
v 35.660820 25.575815 28.383587
vn 0.000000 -1.000000 0.000000
v 35.417976 25.575815 28.054192
vn -0.000004 -1.000000 0.000000
v 36.871815 25.575813 30.116268
vn 0.000000 -1.000000 0.000000
v 36.218914 25.575815 28.913965
vn 0.000000 -1.000000 0.000000
v 36.244587 25.575815 30.004923
vn 0.000016 -1.000000 0.000028
v 35.864555 25.575815 30.336338
vn 0.000000 -1.000000 0.000003
v 35.670486 25.575813 30.372488
vn 0.000000 -1.000000 0.000000
v 34.392689 25.575815 29.571100
vn -0.464546 -0.269904 -0.843415
v 34.954922 25.787596 26.949221
vn -0.001337 -0.999999 0.000951
v 37.509029 25.575815 28.906429
vn 0.000000 -1.000000 0.000000
v 34.240490 25.575815 29.121275
vn -0.000000 -1.000000 -0.000003
v 36.587513 25.575813 28.068815
vn -0.000002 -1.000000 -0.000001
v 36.354458 25.575815 27.976006
vn 0.000000 -1.000000 0.000000
v 36.152683 25.575815 28.079605
vn 0.000000 -1.000000 0.000000
v 35.661980 25.575815 29.358412
vn 0.000000 -1.000000 0.000000
v 36.228981 25.575815 28.479404
vn 0.739054 -0.229180 -0.633464
v 37.088451 25.864746 27.243332
vn 0.000000 -1.000000 0.000000
v 35.923782 25.575815 27.950851
vn -0.000000 -1.000000 -0.000002
v 35.670029 25.575813 29.855734
vn -0.971730 -0.223117 -0.077198
v 33.935886 25.989010 28.339846
vn 0.000004 -1.000000 -0.000003
v 36.967873 25.575815 28.321121
vn 0.000000 -1.000000 -0.000000
v 36.865379 25.575815 28.673416
vn 0.000000 -1.000000 0.000000
v 34.465488 25.575815 29.217648
vn -0.002996 -0.999980 -0.005567
v 34.503387 25.575815 28.246685
vn 0.289171 -0.486576 -0.824393
v 36.362717 25.729269 26.754658
vn 0.095946 -0.513597 -0.852651
v 36.146034 25.798950 26.661617
vn 0.852753 -0.516709 0.076313
v 37.847057 25.865526 29.365820
vn -0.000096 -1.000000 0.000112
v 36.827187 25.575815 28.148720
# 1652 vertices, 0 vertices normals

f 1//1 2//2 3//3
f 3//3 4//4 5//5
f 6//6 7//7 8//8
f 8//8 9//9 10//10
f 11//11 12//12 13//13
f 14//14 15//15 16//16
f 17//17 18//18 19//19
f 20//20 21//21 2//2
f 22//22 23//23 7//7
f 24//24 25//25 26//26
f 26//26 27//27 28//28
f 29//29 30//30 14//14
f 31//31 32//32 25//25
f 33//33 34//34 35//35
f 36//36 37//37 29//29
f 38//38 39//39 40//40
f 41//41 42//42 21//21
f 43//43 31//31 23//23
f 44//44 45//45 33//33
f 46//46 47//47 38//38
f 48//48 49//49 43//43
f 50//50 51//51 32//32
f 52//52 53//53 44//44
f 54//54 55//55 46//46
f 56//56 57//57 48//48
f 58//58 59//59 50//50
f 60//60 61//61 52//52
f 62//62 63//63 64//64
f 64//64 65//65 54//54
f 66//66 67//67 68//68
f 69//69 70//70 56//56
f 71//71 72//72 58//58
f 73//73 74//74 63//63
f 75//75 76//76 66//66
f 77//77 78//78 69//69
f 79//79 80//80 71//71
f 81//81 82//82 75//75
f 83//83 84//84 77//77
f 85//85 86//86 87//87
f 88//88 89//89 90//90
f 91//91 92//92 88//88
f 93//93 94//94 95//95
f 99//99 100//100 101//101
f 104//104 105//105 106//106
f 107//107 99//99 94//94
f 108//108 109//109 110//110
f 111//111 112//112 108//108
f 113//113 114//114 115//115
f 116//116 117//117 118//118
f 119//119 120//120 121//121
f 122//122 123//123 124//124
f 125//125 126//126 127//127
f 128//128 129//129 130//130
f 134//134 135//135 128//128
f 138//138 139//139 140//140
f 141//141 142//142 123//123
f 143//143 144//144 145//145
f 146//146 147//147 134//134
f 149//149 150//150 138//138
f 151//151 152//152 141//141
f 153//153 154//154 143//143
f 155//155 156//156 151//151
f 157//157 158//158 153//153
f 159//159 160//160 161//161
f 162//162 163//163 155//155
f 164//164 158//158 157//157
f 168//168 169//169 162//162
f 170//170 171//171 164//164
f 172//172 173//173 160//160
f 174//174 175//175 168//168
f 176//176 177//177 170//170
f 179//179 180//180 174//174
f 181//181 182//182 176//176
f 183//183 184//184 178//178
f 188//188 189//189 190//190
f 191//191 192//192 173//173
f 193//193 194//194 181//181
f 195//195 196//196 197//197
f 199//199 200//200 191//191
f 201//201 202//202 179//179
f 203//203 204//204 193//193
f 205//205 206//206 207//207
f 209//209 210//210 201//201
f 211//211 212//212 203//203
f 213//213 214//214 205//205
f 215//215 216//216 217//217
f 218//218 219//219 209//209
f 220//220 221//221 211//211
f 222//222 223//223 213//213
f 224//224 225//225 208//208
f 226//226 227//227 228//228
f 228//228 229//229 216//216
f 230//230 231//231 218//218
f 232//232 233//233 220//220
f 234//234 235//235 222//222
f 236//236 237//237 227//227
f 238//238 239//239 230//230
f 240//240 241//241 232//232
f 242//242 243//243 234//234
f 246//246 247//247 236//236
f 248//248 249//249 250//250
f 250//250 251//251 238//238
f 252//252 253//253 240//240
f 254//254 255//255 242//242
f 257//257 248//248 258//258
f 259//259 260//260 249//249
f 261//261 262//262 254//254
f 264//264 265//265 257//257
f 266//266 267//267 260//260
f 268//268 269//269 263//263
f 270//270 271//271 272//272
f 273//273 274//274 266//266
f 275//275 276//276 270//270
f 277//277 278//278 273//273
f 279//279 280//280 281//281
f 282//282 283//283 275//275
f 284//284 285//285 277//277
f 286//286 287//287 279//279
f 288//288 289//289 282//282
f 290//290 291//291 284//284
f 292//292 293//293 286//286
f 294//294 295//295 296//296
f 296//296 297//297 288//288
f 298//298 299//299 292//292
f 300//300 301//301 302//302
f 303//303 304//304 305//305
f 306//306 307//307 300//300
f 308//308 303//303 309//309
f 310//310 311//311 304//304
f 312//312 313//313 314//314
f 315//315 316//316 317//317
f 317//317 310//310 308//308
f 318//318 319//319 313//313
f 320//320 321//321 322//322
f 323//323 324//324 325//325
f 325//325 315//315 326//326
f 327//327 318//318 311//311
f 328//328 329//329 319//319
f 330//330 331//331 316//316
f 332//332 328//328 327//327
f 333//333 334//334 329//329
f 335//335 336//336 337//337
f 337//337 338//338 321//321
f 340//340 341//341 324//324
f 342//342 343//343 330//330
f 344//344 333//333 332//332
f 345//345 335//335 346//346
f 348//348 349//349 340//340
f 350//350 351//351 342//342
f 352//352 353//353 344//344
f 354//354 355//355 348//348
f 356//356 357//357 350//350
f 358//358 359//359 352//352
f 360//360 361//361 345//345
f 362//362 363//363 336//336
f 366//366 367//367 354//354
f 368//368 369//369 356//356
f 370//370 371//371 360//360
f 372//372 373//373 362//362
f 374//374 375//375 366//366
f 376//376 377//377 368//368
f 378//378 379//379 358//358
f 382//382 383//383 374//374
f 384//384 385//385 376//376
f 386//386 387//387 378//378
f 388//388 389//389 370//370
f 390//390 391//391 372//372
f 394//394 395//395 382//382
f 396//396 397//397 384//384
f 398//398 387//387 386//386
f 399//399 400//400 389//389
f 401//401 402//402 390//390
f 403//403 404//404 394//394
f 405//405 406//406 396//396
f 407//407 408//408 398//398
f 409//409 410//410 411//411
f 412//412 413//413 405//405
f 414//414 415//415 407//407
f 416//416 417//417 409//409
f 418//418 419//419 420//420
f 420//420 421//421 403//403
f 422//422 423//423 412//412
f 424//424 425//425 414//414
f 426//426 427//427 424//424
f 428//428 429//429 430//430
f 431//431 432//432 433//433
f 436//436 429//429 428//428
f 437//437 438//438 439//439
f 441//441 442//442 443//443
f 444//444 445//445 446//446
f 447//447 448//448 449//449
f 452//452 453//453 454//454
f 455//455 456//456 457//457
f 458//458 459//459 460//460
f 461//461 462//462 463//463
f 464//464 465//465 466//466
f 467//467 468//468 469//469
f 469//469 461//461 458//458
f 470//470 471//471 462//462
f 472//472 473//473 474//474
f 474//474 475//475 476//476
f 477//477 13//13 478//478
f 478//478 467//467 464//464
f 479//479 16//16 468//468
f 480//480 19//19 471//471
f 481//481 482//482 483//483
f 483//483 484//484 485//485
f 486//486 487//487 488//488
f 473//473 489//489 9//9
f 479//479 13//13 490//490
f 11//11 13//13 477//477
f 480//480 16//16 15//15
f 490//490 16//16 479//479
f 481//481 19//19 18//18
f 15//15 19//19 480//480
f 486//486 482//482 491//491
f 18//18 482//482 481//481
f 2//2 6//6 3//3
f 4//4 3//3 6//6
f 7//7 492//492 8//8
f 9//9 8//8 492//492
f 6//6 8//8 493//493
f 27//27 494//494 28//28
f 492//492 28//28 9//9
f 494//494 473//473 28//28
f 12//12 495//495 35//35
f 27//27 495//495 11//11
f 12//12 11//11 495//495
f 15//15 14//14 30//30
f 496//496 14//14 490//490
f 16//16 490//490 14//14
f 18//18 17//17 497//497
f 30//30 17//17 15//15
f 19//19 15//15 17//17
f 498//498 499//499 500//500
f 1//1 1154//1154 20//20
f 21//21 22//22 2//2
f 6//6 2//2 22//22
f 20//20 2//2 1//1
f 23//23 24//24 7//7
f 492//492 7//7 24//24
f 22//22 7//7 6//6
f 27//27 26//26 502//502
f 24//24 26//26 492//492
f 28//28 492//492 26//26
f 496//496 35//35 34//34
f 30//30 29//29 37//37
f 34//34 29//29 496//496
f 14//14 496//496 29//29
f 500//500 497//497 39//39
f 37//37 40//40 30//30
f 17//17 30//30 40//40
f 503//503 498//498 504//504
f 22//22 21//21 42//42
f 24//24 23//23 31//31
f 42//42 23//23 22//22
f 32//32 505//505 25//25
f 506//506 502//502 505//505
f 31//31 25//25 24//24
f 34//34 33//33 45//45
f 505//505 33//33 506//506
f 35//35 506//506 33//33
f 37//37 36//36 507//507
f 45//45 36//36 34//34
f 29//29 34//34 36//36
f 39//39 38//38 47//47
f 507//507 38//38 37//37
f 40//40 37//37 38//38
f 508//508 509//509 510//510
f 42//42 41//41 511//511
f 31//31 43//43 49//49
f 511//511 43//43 42//42
f 23//23 42//42 43//43
f 505//505 32//32 51//51
f 49//49 32//32 31//31
f 45//45 44//44 53//53
f 51//51 44//44 505//505
f 33//33 505//505 44//44
f 507//507 512//512 513//513
f 36//36 45//45 514//514
f 47//47 46//46 55//55
f 513//513 46//46 507//507
f 38//38 507//507 46//46
f 515//515 516//516 517//517
f 511//511 41//41 68//68
f 68//68 1633//1633 518//518
f 49//49 48//48 57//57
f 43//43 511//511 48//48
f 51//51 50//50 59//59
f 57//57 50//50 49//49
f 32//32 49//49 50//50
f 53//53 52//52 61//61
f 59//59 52//52 51//51
f 44//44 51//51 52//52
f 61//61 519//519 53//53
f 512//512 514//514 519//519
f 55//55 54//54 65//65
f 520//520 54//54 513//513
f 46//46 513//513 54//54
f 521//521 522//522 515//515
f 511//511 68//68 67//67
f 57//57 56//56 70//70
f 67//67 56//56 511//511
f 48//48 511//511 56//56
f 59//59 58//58 72//72
f 70//70 58//58 57//57
f 50//50 57//57 58//58
f 61//61 60//60 524//524
f 72//72 60//60 59//59
f 52//52 59//59 60//60
f 519//519 61//61 525//525
f 63//63 526//526 64//64
f 65//65 64//64 526//526
f 62//62 64//64 520//520
f 54//54 520//520 64//64
f 527//527 528//528 521//521
f 508//508 529//529 530//530
f 67//67 66//66 76//76
f 518//518 1170//1170 1150//1150
f 518//518 1150//1150 531//531
f 70//70 69//69 78//78
f 76//76 69//69 67//67
f 56//56 67//67 69//69
f 72//72 71//71 80//80
f 78//78 71//71 70//70
f 58//58 70//70 71//71
f 524//524 532//532 533//533
f 80//80 532//532 72//72
f 60//60 72//72 532//532
f 74//74 534//534 63//63
f 526//526 63//63 534//534
f 73//73 63//63 62//62
f 535//535 536//536 527//527
f 76//76 75//75 82//82
f 78//78 77//77 84//84
f 69//69 76//76 77//77
f 80//80 79//79 538//538
f 84//84 79//79 78//78
f 71//71 78//78 79//79
f 533//533 539//539 540//540
f 532//532 80//80 539//539
f 73//73 541//541 542//542
f 541//541 543//543 544//544
f 534//534 74//74 545//545
f 542//542 74//74 73//73
f 546//546 547//547 535//535
f 548//548 549//549 550//550
f 1450//1450 537//537 1451//1451
f 84//84 83//83 551//551
f 77//77 76//76 552//552
f 538//538 553//553 554//554
f 79//79 84//84 553//553
f 540//540 555//555 556//556
f 542//542 557//557 558//558
f 557//557 544//544 559//559
f 545//545 560//560 561//561
f 558//558 560//560 542//542
f 74//74 542//542 560//560
f 562//562 563//563 546//546
f 550//550 564//564 565//565
f 554//554 567//567 568//568
f 556//556 569//569 570//570
f 555//555 571//571 572//572
f 573//573 559//559 574//574
f 561//561 575//575 89//89
f 576//576 577//577 562//562
f 565//565 579//579 580//580
f 566//566 1153//1153 1168//1168
f 581//581 81//81 582//582
f 583//583 85//85 581//581
f 87//87 581//581 85//85
f 574//574 570//570 584//584
f 569//569 572//572 585//585
f 586//586 574//574 584//584
f 89//89 88//88 92//92
f 577//577 587//587 588//588
f 589//589 580//580 590//590
f 583//583 582//582 591//591
f 582//582 566//566 98//98
f 568//568 592//592 593//593
f 584//584 594//594 595//595
f 596//596 597//597 598//598
f 595//595 599//599 584//584
f 597//597 584//584 599//599
f 92//92 91//91 600//600
f 88//88 596//596 598//598
f 587//587 576//576 601//601
f 602//602 603//603 604//604
f 591//591 98//98 97//97
f 605//605 98//98 1168//1168
f 606//606 607//607 97//97
f 593//593 608//608 609//609
f 595//595 610//610 93//93
f 611//611 95//95 612//612
f 93//93 95//95 595//595
f 599//599 595//595 95//95
f 91//91 598//598 613//613
f 614//614 615//615 616//616
f 98//98 605//605 96//96
f 609//609 617//617 618//618
f 619//619 620//620 621//621
f 93//93 622//622 623//623
f 613//613 612//612 99//99
f 623//623 94//94 93//93
f 624//624 101//101 625//625
f 99//99 101//101 613//613
f 624//624 613//613 101//101
f 626//626 616//616 110//110
f 616//616 627//627 628//628
f 604//604 629//629 630//630
f 102//102 96//96 1131//1131
f 606//606 103//103 631//631
f 618//618 632//632 633//633
f 621//621 634//634 635//635
f 623//623 636//636 104//104
f 637//637 618//618 638//638
f 99//99 107//107 639//639
f 104//104 107//107 623//623
f 94//94 623//623 107//107
f 625//625 100//100 640//640
f 639//639 100//100 99//99
f 109//109 108//108 130//130
f 110//110 628//628 641//641
f 634//634 643//643 644//644
f 631//631 103//103 642//642
f 633//633 645//645 646//646
f 104//104 647//647 117//117
f 646//646 118//118 633//633
f 647//647 638//638 118//118
f 106//106 105//105 127//127
f 117//117 105//105 104//104
f 641//641 640//640 111//111
f 112//112 130//130 108//108
f 111//111 108//108 641//641
f 114//114 648//648 115//115
f 644//644 115//115 648//648
f 113//113 115//115 642//642
f 646//646 649//649 650//650
f 117//117 116//116 651//651
f 650//650 116//116 646//646
f 652//652 127//127 126//126
f 126//126 653//653 652//652
f 654//654 652//652 653//653
f 128//128 130//130 112//112
f 129//129 656//656 130//130
f 113//113 133//133 132//132
f 648//648 114//114 657//657
f 132//132 114//114 113//113
f 650//650 658//658 122//122
f 123//123 659//659 124//124
f 122//122 124//124 650//650
f 116//116 650//650 124//124
f 659//659 125//125 651//651
f 127//127 651//651 125//125
f 660//660 661//661 126//126
f 653//653 126//126 661//661
f 129//129 128//128 135//135
f 128//128 121//121 120//120
f 135//135 137//137 129//129
f 662//662 140//140 132//132
f 114//114 132//132 140//140
f 122//122 658//658 663//663
f 139//139 664//664 657//657
f 665//665 648//648 657//657
f 659//659 123//123 142//142
f 663//663 123//123 122//122
f 125//125 659//659 142//142
f 661//661 660//660 666//666
f 135//135 134//134 147//147
f 147//147 136//136 135//135
f 137//137 135//135 136//136
f 662//662 1447//1447 667//667
f 1166//1166 131//131 1143//1143
f 668//668 138//138 662//662
f 140//140 662//662 138//138
f 663//663 669//669 670//670
f 142//142 141//141 152//152
f 670//670 141//141 663//663
f 123//123 663//663 141//141
f 144//144 143//143 154//154
f 152//152 143//143 142//142
f 145//145 142//142 143//143
f 671//671 672//672 673//673
f 154//154 672//672 144//144
f 666//666 660//660 144//144
f 674//674 146//146 675//675
f 134//134 120//120 676//676
f 674//674 677//677 147//147
f 139//139 138//138 150//150
f 138//138 668//668 149//149
f 139//139 150//150 679//679
f 152//152 151//151 156//156
f 141//141 670//670 151//151
f 154//154 153//153 158//158
f 156//156 153//153 152//152
f 143//143 152//152 153//153
f 673//673 680//680 681//681
f 158//158 680//680 154//154
f 672//672 154//154 680//680
f 146//146 676//676 682//682
f 150//150 149//149 683//683
f 161//161 684//684 685//685
f 670//670 685//685 684//684
f 156//156 155//155 163//163
f 684//684 155//155 670//670
f 151//151 670//670 155//155
f 163//163 157//157 156//156
f 153//153 156//156 157//157
f 680//680 158//158 686//686
f 667//667 678//678 687//687
f 683//683 688//688 159//159
f 160//160 689//689 161//161
f 684//684 161//161 689//689
f 159//159 161//161 690//690
f 163//163 162//162 169//169
f 689//689 162//162 684//684
f 155//155 684//684 162//162
f 158//158 164//164 171//171
f 169//169 164//164 163//163
f 157//157 163//163 164//164
f 681//681 686//686 691//691
f 171//171 686//686 158//158
f 692//692 687//687 693//693
f 159//159 688//688 694//694
f 689//689 160//160 695//695
f 694//694 172//172 159//159
f 169//169 168//168 175//175
f 695//695 168//168 689//689
f 162//162 689//689 168//168
f 171//171 170//170 177//177
f 175//175 170//170 169//169
f 164//164 169//169 170//170
f 691//691 696//696 697//697
f 177//177 696//696 171//171
f 686//686 171//171 696//696
f 698//698 699//699 700//700
f 700//700 165//165 698//698
f 688//688 692//692 701//701
f 695//695 160//160 173//173
f 175//175 174//174 180//180
f 702//702 174//174 695//695
f 168//168 695//695 174//174
f 177//177 176//176 182//182
f 180//180 176//176 175//175
f 170//170 175//175 176//176
f 697//697 703//703 704//704
f 182//182 703//703 177//177
f 696//696 177//177 703//703
f 700//700 705//705 706//706
f 705//705 707//707 708//708
f 706//706 178//178 700//700
f 165//165 700//700 178//178
f 187//187 709//709 710//710
f 694//694 190//190 189//189
f 711//711 190//190 701//701
f 702//702 173//173 192//192
f 189//189 172//172 694//694
f 180//180 179//179 712//712
f 174//174 702//702 179//179
f 182//182 181//181 194//194
f 712//712 181//181 180//180
f 176//176 180//180 181//181
f 704//704 713//713 714//714
f 194//194 713//713 182//182
f 703//703 182//182 713//713
f 706//706 715//715 716//716
f 197//197 708//708 714//714
f 716//716 183//183 706//706
f 178//178 706//706 183//183
f 186//186 188//188 711//711
f 190//190 711//711 188//188
f 172//172 189//189 191//191
f 712//712 179//179 202//202
f 179//179 702//702 717//717
f 194//194 193//193 204//204
f 202//202 193//193 712//712
f 181//181 712//712 193//193
f 204//204 207//207 194//194
f 713//713 194//194 207//207
f 197//197 714//714 195//195
f 718//718 198//198 719//719
f 189//189 188//188 721//721
f 199//199 191//191 189//189
f 202//202 201//201 210//210
f 204//204 203//203 212//212
f 210//210 203//203 202//202
f 193//193 202//202 203//203
f 206//206 205//205 214//214
f 212//212 205//205 204//204
f 207//207 204//204 205//205
f 196//196 722//722 723//723
f 198//198 718//718 208//208
f 188//188 186//186 725//725
f 210//210 209//209 219//219
f 201//201 717//717 726//726
f 212//212 211//211 221//221
f 219//219 211//211 210//210
f 203//203 210//210 211//211
f 214//214 213//213 223//223
f 221//221 213//213 212//212
f 205//205 212//212 213//213
f 216//216 727//727 217//217
f 727//727 216//216 229//229
f 219//219 218//218 231//231
f 209//209 726//726 728//728
f 221//221 220//220 233//233
f 231//231 220//220 219//219
f 211//211 219//219 220//220
f 223//223 222//222 235//235
f 233//233 222//222 221//221
f 213//213 221//221 222//222
f 227//227 229//229 228//228
f 229//229 227//227 237//237
f 226//226 228//228 215//215
f 216//216 215//215 228//228
f 728//728 729//729 730//730
f 231//231 230//230 239//239
f 218//218 728//728 730//730
f 233//233 232//232 241//241
f 239//239 232//232 231//231
f 220//220 231//231 232//232
f 235//235 234//234 243//243
f 241//241 234//234 233//233
f 222//222 233//233 234//234
f 227//227 226//226 236//236
f 731//731 732//732 733//733
f 734//734 732//732 735//735
f 239//239 238//238 251//251
f 230//230 730//730 736//736
f 241//241 240//240 253//253
f 251//251 240//240 239//239
f 232//232 239//239 240//240
f 253//253 242//242 241//241
f 234//234 241//241 242//242
f 737//737 244//244 738//738
f 736//736 733//733 248//248
f 249//249 740//740 250//250
f 251//251 250//250 740//740
f 248//248 250//250 736//736
f 238//238 736//736 250//250
f 253//253 252//252 741//741
f 740//740 252//252 251//251
f 240//240 251//251 252//252
f 242//242 253//253 742//742
f 737//737 743//743 744//744
f 745//745 255//255 746//746
f 747//747 256//256 737//737
f 244//244 737//737 256//256
f 748//748 1455//1455 749//749
f 750//750 751//751 752//752
f 246//246 753//753 751//751
f 248//248 257//257 259//259
f 258//258 754//754 755//755
f 740//740 249//249 756//756
f 259//259 249//249 248//248
f 757//757 740//740 756//756
f 254//254 742//742 758//758
f 256//256 747//747 263//263
f 1455//1455 759//759 760//760
f 761//761 260//260 259//259
f 741//741 757//757 762//762
f 757//757 756//756 763//763
f 262//262 261//261 764//764
f 747//747 765//765 766//766
f 766//766 263//263 747//747
f 767//767 768//768 769//769
f 267//267 266//266 274//274
f 271//271 266//266 761//761
f 260//260 761//761 266//266
f 770//770 762//762 771//771
f 763//763 267//267 772//772
f 773//773 764//764 774//774
f 775//775 770//770 776//776
f 777//777 773//773 778//778
f 269//269 268//268 779//779
f 780//780 268//268 766//766
f 263//263 766//766 268//268
f 781//781 759//759 1130//1130
f 271//271 270//270 276//276
f 274//274 273//273 278//278
f 276//276 273//273 271//271
f 266//266 271//271 273//273
f 278//278 281//281 274//274
f 782//782 772//772 281//281
f 775//775 776//776 783//783
f 784//784 268//268 780//780
f 1457//1457 781//781 1162//1162
f 785//785 786//786 787//787
f 276//276 275//275 283//283
f 270//270 788//788 789//789
f 278//278 277//277 285//285
f 283//283 277//277 276//276
f 273//273 276//276 277//277
f 285//285 279//279 278//278
f 281//281 278//278 279//279
f 783//783 280//280 790//790
f 778//778 791//791 792//792
f 268//268 784//784 793//793
f 1457//1457 1162//1162 1164//1164
f 1457//1457 1164//1164 794//794
f 787//787 795//795 796//796
f 283//283 282//282 289//289
f 275//275 789//789 797//797
f 285//285 284//284 291//291
f 289//289 284//284 283//283
f 277//277 283//283 284//284
f 291//291 286//286 285//285
f 279//279 285//285 286//286
f 790//790 287//287 798//798
f 799//799 800//800 793//793
f 793//793 784//784 799//799
f 801//801 802//802 803//803
f 289//289 288//288 297//297
f 291//291 290//290 804//804
f 297//297 290//290 289//289
f 284//284 289//289 290//290
f 286//286 291//291 805//805
f 806//806 803//803 807//807
f 295//295 808//808 296//296
f 297//297 296//296 808//808
f 288//288 806//806 807//807
f 804//804 809//809 810//810
f 299//299 298//298 811//811
f 292//292 805//805 812//812
f 813//813 798//798 814//814
f 815//815 816//816 817//817
f 800//800 799//799 818//818
f 819//819 1144//1144 820//820
f 821//821 822//822 823//823
f 808//808 295//295 824//824
f 825//825 295//295 294//294
f 810//810 826//826 827//827
f 298//298 812//812 828//828
f 301//301 300//300 307//307
f 302//302 814//814 829//829
f 830//830 831//831 821//821
f 832//832 833//833 825//825
f 295//295 825//825 309//309
f 827//827 305//305 834//834
f 303//303 305//305 824//824
f 826//826 824//824 305//305
f 307//307 306//306 835//835
f 300//300 829//829 836//836
f 837//837 307//307 838//838
f 839//839 840//840 841//841
f 842//842 1132//1132 1151//1151
f 820//820 1132//1132 842//842
f 303//303 308//308 310//310
f 311//311 312//312 304//304
f 310//310 304//304 303//303
f 843//843 314//314 844//844
f 834//834 314//314 845//845
f 843//843 845//845 314//314
f 835//835 306//306 846//846
f 306//306 836//836 847//847
f 838//838 835//835 322//322
f 848//848 849//849 850//850
f 842//842 1151//1151 851//851
f 852//852 853//853 315//315
f 854//854 326//326 841//841
f 853//853 831//831 326//326
f 316//316 855//855 317//317
f 310//310 317//317 855//855
f 315//315 317//317 852//852
f 308//308 852//852 317//317
f 312//312 311//311 318//318
f 855//855 311//311 310//310
f 319//319 856//856 313//313
f 847//847 844//844 856//856
f 318//318 313//313 312//312
f 857//857 320//320 846//846
f 856//856 858//858 847//847
f 846//846 847//847 858//858
f 321//321 338//338 859//859
f 848//848 859//859 338//338
f 320//320 322//322 846//846
f 324//324 862//862 325//325
f 315//315 325//325 862//862
f 323//323 325//325 854//854
f 326//326 854//854 325//325
f 855//855 316//316 331//331
f 862//862 316//316 315//315
f 318//318 327//327 328//328
f 331//331 327//327 855//855
f 311//311 855//855 327//327
f 856//856 319//319 863//863
f 328//328 319//319 318//318
f 864//864 857//857 346//346
f 865//865 857//857 858//858
f 864//864 321//321 320//320
f 866//866 867//867 849//849
f 323//323 861//861 868//868
f 862//862 324//324 341//341
f 868//868 324//324 323//323
f 331//331 330//330 343//343
f 341//341 330//330 862//862
f 316//316 862//862 330//330
f 328//328 332//332 333//333
f 343//343 332//332 331//331
f 327//327 331//331 332//332
f 334//334 869//869 329//329
f 865//865 863//863 869//869
f 333//333 329//329 328//328
f 864//864 346//346 335//335
f 346//346 865//865 870//870
f 336//336 871//871 337//337
f 338//338 337//337 871//871
f 335//335 337//337 864//864
f 321//321 864//864 337//337
f 868//868 861//861 872//872
f 341//341 340//340 349//349
f 872//872 340//340 868//868
f 324//324 868//868 340//340
f 343//343 342//342 351//351
f 349//349 342//342 341//341
f 330//330 341//341 342//342
f 333//333 344//344 353//353
f 351//351 344//344 343//343
f 332//332 343//343 344//344
f 869//869 334//334 873//873
f 353//353 334//334 333//333
f 871//871 336//336 363//363
f 874//874 875//875 866//866
f 349//349 348//348 355//355
f 876//876 348//348 872//872
f 340//340 872//872 348//348
f 351//351 350//350 357//357
f 355//355 350//350 349//349
f 342//342 349//349 350//350
f 353//353 352//352 359//359
f 357//357 352//352 351//351
f 344//344 351//351 352//352
f 873//873 877//877 878//878
f 359//359 877//877 353//353
f 334//334 353//353 877//877
f 335//335 345//345 361//361
f 361//361 336//336 335//335
f 875//875 874//874 879//879
f 1152//1152 1490//1490 347//347
f 355//355 354//354 367//367
f 365//365 354//354 876//876
f 348//348 876//876 354//354
f 357//357 356//356 369//369
f 367//367 356//356 355//355
f 350//350 355//355 356//356
f 369//369 358//358 357//357
f 352//352 357//357 358//358
f 877//877 359//359 880//880
f 361//361 360//360 371//371
f 345//345 870//870 881//881
f 363//363 362//362 373//373
f 371//371 362//362 361//361
f 336//336 361//361 362//362
f 365//365 364//364 882//882
f 367//367 366//366 375//375
f 882//882 366//366 365//365
f 354//354 365//365 366//366
f 369//369 368//368 377//377
f 375//375 368//368 367//367
f 356//356 367//367 368//368
f 359//359 358//358 379//379
f 377//377 358//358 369//369
f 878//878 880//880 883//883
f 379//379 880//880 359//359
f 360//360 881//881 884//884
f 362//362 371//371 372//372
f 885//885 1152//1152 1138//1138
f 882//882 364//364 381//381
f 375//375 374//374 383//383
f 381//381 374//374 882//882
f 366//366 882//882 374//374
f 377//377 376//376 385//385
f 383//383 376//376 375//375
f 368//368 375//375 376//376
f 379//379 378//378 387//387
f 385//385 378//378 377//377
f 358//358 377//377 378//378
f 883//883 886//886 887//887
f 387//387 886//886 379//379
f 880//880 379//379 886//886
f 371//371 370//370 888//888
f 373//373 372//372 391//391
f 888//888 372//372 371//371
f 383//383 382//382 395//395
f 393//393 382//382 381//381
f 374//374 381//381 382//382
f 385//385 384//384 397//397
f 395//395 384//384 383//383
f 376//376 383//383 384//384
f 397//397 386//386 385//385
f 378//378 385//385 386//386
f 886//886 387//387 411//411
f 887//887 889//889 388//388
f 391//391 390//390 402//402
f 400//400 390//390 888//888
f 372//372 888//888 390//390
f 890//890 391//391 891//891
f 393//393 392//392 892//892
f 380//380 1138//1138 1167//1167
f 380//380 1167//1167 893//893
f 395//395 394//394 404//404
f 892//892 394//394 393//393
f 382//382 393//393 394//394
f 397//397 396//396 406//406
f 404//404 396//396 395//395
f 384//384 395//395 396//396
f 387//387 398//398 408//408
f 406//406 398//398 397//397
f 386//386 397//397 398//398
f 887//887 411//411 410//410
f 408//408 411//411 387//387
f 390//390 400//400 401//401
f 892//892 392//392 894//894
f 392//392 893//893 895//895
f 404//404 403//403 896//896
f 894//894 897//897 892//892
f 394//394 892//892 897//897
f 406//406 405//405 413//413
f 896//896 405//405 404//404
f 396//396 404//404 405//405
f 408//408 407//407 415//415
f 413//413 407//407 406//406
f 398//398 406//406 407//407
f 410//410 409//409 417//417
f 415//415 409//409 408//408
f 411//411 408//408 409//409
f 400//400 399//399 898//898
f 898//898 401//401 400//400
f 899//899 891//891 900//900
f 896//896 403//403 421//421
f 413//413 412//412 423//423
f 421//421 412//412 896//896
f 405//405 896//896 412//412
f 415//415 414//414 425//425
f 423//423 414//414 413//413
f 407//407 413//413 414//414
f 417//417 416//416 901//901
f 425//425 416//416 415//415
f 409//409 415//415 416//416
f 898//898 399//399 902//902
f 903//903 417//417 904//904
f 905//905 906//906 907//907
f 401//401 898//898 908//908
f 894//894 895//895 435//435
f 910//910 421//421 420//420
f 421//421 910//910 911//911
f 418//418 420//420 897//897
f 423//423 422//422 912//912
f 412//412 421//421 911//911
f 425//425 424//424 427//427
f 912//912 424//424 423//423
f 414//414 423//423 424//424
f 901//901 913//913 914//914
f 416//416 425//425 915//915
f 914//914 430//430 904//904
f 902//902 904//904 430//430
f 916//916 433//433 917//917
f 906//906 908//908 433//433
f 418//418 435//435 434//434
f 912//912 918//918 919//919
f 422//422 911//911 918//918
f 424//424 912//912 920//920
f 914//914 913//913 921//921
f 922//922 923//923 924//924
f 915//915 427//427 924//924
f 921//921 428//428 914//914
f 430//430 914//914 428//428
f 429//429 925//925 916//916
f 433//433 916//916 431//431
f 435//435 927//927 1641//1641
f 928//928 929//929 419//419
f 930//930 931//931 919//919
f 932//932 919//919 918//918
f 933//933 934//934 931//931
f 426//426 920//920 934//934
f 921//921 923//923 935//935
f 428//428 921//921 936//936
f 937//937 440//440 938//938
f 935//935 941//941 942//942
f 943//943 944//944 945//945
f 946//946 436//436 944//944
f 436//436 936//936 945//945
f 947//947 948//948 949//949
f 950//950 951//951 952//952
f 925//925 946//946 948//948
f 437//437 439//439 937//937
f 440//440 937//937 439//439
f 953//953 442//442 954//954
f 955//955 953//953 956//956
f 956//956 957//957 958//958
f 957//957 959//959 958//958
f 446//446 445//445 960//960
f 446//446 960//960 942//942
f 445//445 454//454 960//960
f 961//961 951//951 950//950
f 962//962 449//449 963//963
f 447//447 449//449 437//437
f 964//964 965//965 926//926
f 965//965 964//964 966//966
f 967//967 968//968 969//969
f 970//970 971//971 954//954
f 957//957 956//956 972//972
f 973//973 974//974 975//975
f 976//976 457//457 456//456
f 977//977 978//978 979//979
f 980//980 981//981 450//450
f 980//980 982//982 983//983
f 970//970 984//984 985//985
f 986//986 987//987 968//968
f 988//988 989//989 990//990
f 452//452 991//991 459//459
f 992//992 460//460 993//993
f 991//991 993//993 460//460
f 994//994 995//995 455//455
f 456//456 455//455 995//995
f 985//985 984//984 996//996
f 992//992 997//997 465//465
f 998//998 466//466 989//989
f 997//997 999//999 466//466
f 459//459 458//458 461//461
f 465//465 458//458 992//992
f 460//460 992//992 458//458
f 462//462 1000//1000 463//463
f 1001//1001 1002//1002 1000//1000
f 461//461 463//463 459//459
f 995//995 994//994 1003//1003
f 1000//1000 1004//1004 1001//1001
f 1006//1006 1007//1007 1008//1008
f 1009//1009 1010//1010 1011//1011
f 1012//1012 1013//1013 1014//1014
f 1011//1011 1015//1015 1009//1009
f 998//998 1016//1016 475//475
f 1014//1014 476//476 1012//1012
f 465//465 464//464 467//467
f 475//475 464//464 998//998
f 466//466 998//998 464//464
f 468//468 470//470 469//469
f 461//461 469//469 470//470
f 467//467 469//469 465//465
f 458//458 465//465 469//469
f 471//471 1017//1017 462//462
f 1000//1000 462//462 1017//1017
f 470//470 462//462 461//461
f 1017//1017 485//485 1004//1004
f 5//5 4//4 1019//1019
f 1011//1011 1019//1019 4//4
f 1014//1014 1015//1015 489//489
f 493//493 10//10 1015//1015
f 475//475 474//474 477//477
f 476//476 1014//1014 472//472
f 13//13 479//479 478//478
f 467//467 478//478 479//479
f 16//16 480//480 468//468
f 470//470 468//468 480//480
f 479//479 468//468 467//467
f 19//19 481//481 471//471
f 1017//1017 471//471 481//481
f 480//480 471//471 470//470
f 482//482 486//486 483//483
f 484//484 483//483 486//486
f 481//481 483//483 1017//1017
f 485//485 1017//1017 483//483
f 491//491 482//482 499//499
f 1020//1020 504//504 498//498
f 1021//1021 1020//1020 516//516
f 1022//1022 516//516 522//522
f 529//529 522//522 528//528
f 1023//1023 528//528 536//536
f 549//549 536//536 547//547
f 560//560 545//545 74//74
f 564//564 547//547 563//563
f 579//579 563//563 577//577
f 85//85 583//583 1024//1024
f 86//86 1025//1025 87//87
f 615//615 588//588 587//587
f 629//629 604//604 603//603
f 630//630 1026//1026 655//655
f 669//669 663//663 1027//1027
f 196//196 716//716 197//197
f 722//722 196//196 195//195
f 751//751 750//750 247//247
f 767//767 752//752 751//751
f 780//780 766//766 777//777
f 1028//1028 791//791 774//774
f 1029//1029 787//787 1030//1030
f 1030//1030 796//796 802//802
f 791//791 1028//1028 1031//1031
f 813//813 816//816 1032//1032
f 1032//1032 1031//1031 813//813
f 1033//1033 799//799 1034//1034
f 1035//1035 803//803 802//802
f 302//302 816//816 813//813
f 1036//1036 820//820 1037//1037
f 822//822 294//294 1035//1035
f 1038//1038 1037//1037 839//839
f 860//860 854//854 840//840
f 1454//1454 1448//1448 1452//1452
f 419//419 910//910 420//420
f 429//429 916//916 430//430
f 432//432 907//907 433//433
f 947//947 432//432 431//431
f 940//940 926//926 1641//1641
f 930//930 443//443 1039//1039
f 1040//1040 943//943 945//945
f 442//442 1039//1039 443//443
f 1039//1039 442//442 955//955
f 1041//1041 1042//1042 1043//1043
f 976//976 456//456 1044//1044
f 976//976 1044//1044 951//951
f 447//447 1045//1045 1044//1044
f 978//978 448//448 447//447
f 987//987 984//984 969//969
f 1010//1010 983//983 982//982
f 973//973 1046//1046 1002//1002
f 485//485 484//484 1003//1003
f 1650//1650 5//5 1019//1019
f 487//487 1047//1047 488//488
f 491//491 487//487 486//486
f 11//11 494//494 27//27
f 1047//1047 487//487 1048//1048
f 487//487 491//491 1048//1048
f 498//498 500//500 1020//1020
f 504//504 1020//1020 1021//1021
f 47//47 517//517 39//39
f 1021//1021 510//510 504//504
f 510//510 1021//1021 508//508
f 509//509 1049//1049 510//510
f 1021//1021 516//516 1022//1022
f 55//55 515//515 517//517
f 1020//1020 517//517 516//516
f 1022//1022 508//508 1021//1021
f 1022//1022 522//522 529//529
f 65//65 515//515 55//55
f 515//515 65//65 521//521
f 516//516 515//515 522//522
f 529//529 508//508 1022//1022
f 508//508 1050//1050 509//509
f 519//519 525//525 1051//1051
f 529//529 528//528 1023//1023
f 526//526 521//521 65//65
f 521//521 526//526 527//527
f 522//522 521//521 528//528
f 1023//1023 530//530 529//529
f 530//530 1023//1023 548//548
f 530//530 1050//1050 508//508
f 1023//1023 536//536 549//549
f 534//534 527//527 526//526
f 527//527 534//534 535//535
f 528//528 527//527 536//536
f 549//549 548//548 1023//1023
f 541//541 557//557 542//542
f 541//541 544//544 557//557
f 549//549 547//547 564//564
f 545//545 535//535 534//534
f 535//535 545//545 546//546
f 536//536 535//535 547//547
f 564//564 550//550 549//549
f 548//548 550//550 1053//1053
f 539//539 571//571 555//555
f 557//557 573//573 558//558
f 557//557 559//559 573//573
f 564//564 563//563 579//579
f 561//561 546//546 545//545
f 546//546 561//561 562//562
f 547//547 546//546 563//563
f 579//579 565//565 564//564
f 565//565 578//578 550//550
f 83//83 87//87 1025//1025
f 83//83 552//552 87//87
f 553//553 551//551 567//567
f 555//555 572//572 569//569
f 573//573 586//586 1054//1054
f 573//573 574//574 586//586
f 560//560 558//558 575//575
f 89//89 562//562 561//561
f 562//562 89//89 576//576
f 563//563 562//562 577//577
f 577//577 580//580 579//579
f 580//580 589//589 565//565
f 1024//1024 86//86 85//85
f 1025//1025 86//86 1055//1055
f 569//569 585//585 594//594
f 586//586 597//597 596//596
f 586//586 584//584 597//597
f 92//92 576//576 89//89
f 577//577 576//576 587//587
f 588//588 590//590 580//580
f 591//591 607//607 583//583
f 1024//1024 607//607 1056//1056
f 594//594 610//610 595//595
f 597//597 599//599 611//611
f 88//88 598//598 91//91
f 588//588 615//615 614//614
f 587//587 601//601 615//615
f 614//614 590//590 588//588
f 590//590 614//614 603//603
f 602//602 589//589 590//590
f 1057//1057 1056//1056 620//620
f 591//591 97//97 607//607
f 606//606 1056//1056 607//607
f 608//608 617//617 609//609
f 610//610 622//622 93//93
f 91//91 613//613 624//624
f 614//614 616//616 626//626
f 626//626 603//603 614//614
f 603//603 626//626 629//629
f 620//620 1056//1056 1058//1058
f 1058//1058 634//634 620//620
f 103//103 606//606 97//97
f 1056//1056 606//606 1058//1058
f 617//617 632//632 618//618
f 622//622 636//636 623//623
f 626//626 110//110 109//109
f 616//616 628//628 110//110
f 109//109 629//629 626//626
f 634//634 1058//1058 643//643
f 1058//1058 631//631 643//643
f 631//631 1058//1058 606//606
f 632//632 645//645 633//633
f 636//636 647//647 104//104
f 110//110 641//641 108//108
f 130//130 1026//1026 109//109
f 629//629 109//109 1026//1026
f 629//629 1026//1026 630//630
f 643//643 115//115 644//644
f 643//643 631//631 115//115
f 642//642 115//115 631//631
f 645//645 649//649 646//646
f 647//647 118//118 117//117
f 656//656 655//655 1026//1026
f 649//649 658//658 650//650
f 658//658 1027//1027 663//663
f 128//128 120//120 134//134
f 669//669 664//664 679//679
f 134//134 676//676 146//146
f 669//669 679//679 685//685
f 139//139 679//679 664//664
f 669//669 1027//1027 664//664
f 146//146 682//682 675//675
f 699//699 705//705 700//700
f 699//699 707//707 705//705
f 705//705 715//715 706//706
f 705//705 708//708 715//715
f 715//715 197//197 716//716
f 715//715 708//708 197//197
f 206//206 195//195 714//714
f 189//189 721//721 199//199
f 727//727 1059//1059 199//199
f 200//200 199//199 1059//1059
f 717//717 192//192 200//200
f 179//179 717//717 201//201
f 723//723 718//718 719//719
f 214//214 722//722 195//195
f 199//199 721//721 727//727
f 229//229 1059//1059 727//727
f 200//200 1059//1059 1060//1060
f 201//201 726//726 209//209
f 214//214 223//223 1061//1061
f 722//722 214//214 1061//1061
f 1059//1059 229//229 1062//1062
f 1062//1062 1063//1063 729//729
f 237//237 735//735 229//229
f 209//209 728//728 218//218
f 235//235 1064//1064 1061//1061
f 726//726 1060//1060 728//728
f 729//729 1063//1063 731//731
f 218//218 730//730 230//230
f 243//243 745//745 1064//1064
f 237//237 247//247 734//734
f 739//739 236//236 226//226
f 230//230 736//736 238//238
f 243//243 242//242 255//255
f 743//743 737//737 738//738
f 255//255 745//745 243//243
f 745//745 743//743 1064//1064
f 734//734 750//750 754//754
f 750//750 734//734 247//247
f 245//245 749//749 739//739
f 236//236 739//739 246//246
f 255//255 254//254 262//262
f 242//242 742//742 254//254
f 737//737 744//744 747//747
f 262//262 746//746 255//255
f 743//743 746//746 744//744
f 245//245 748//748 749//749
f 749//749 1455//1455 753//753
f 245//245 1157//1157 748//748
f 754//754 752//752 755//755
f 752//752 754//754 750//750
f 753//753 246//246 749//749
f 751//751 247//247 246//246
f 258//258 755//755 257//257
f 254//254 758//758 261//261
f 744//744 765//765 747//747
f 744//744 746//746 1065//1065
f 755//755 752//752 1066//1066
f 753//753 768//768 767//767
f 751//751 753//753 767//767
f 264//264 755//755 1066//1066
f 262//262 764//764 773//773
f 765//765 777//777 766//766
f 765//765 1065//1065 777//777
f 1066//1066 1067//1067 1068//1068
f 1069//1069 769//769 768//768
f 771//771 782//782 776//776
f 764//764 775//775 774//774
f 764//764 770//770 775//775
f 774//774 778//778 773//773
f 1069//1069 1070//1070 786//786
f 1069//1069 760//760 1070//1070
f 769//769 1069//1069 786//786
f 782//782 281//281 280//280
f 280//280 783//783 776//776
f 775//775 783//783 1028//1028
f 1071//1071 784//784 780//780
f 791//791 778//778 774//774
f 780//780 777//777 1071//1071
f 786//786 1070//1070 795//795
f 1457//1457 1070//1070 781//781
f 795//795 787//787 786//786
f 1072//1072 785//785 1029//1029
f 787//787 1029//1029 785//785
f 270//270 789//789 275//275
f 280//280 279//279 287//287
f 287//287 790//790 280//280
f 790//790 1028//1028 783//783
f 795//795 1457//1457 1456//1456
f 802//802 801//801 1030//1030
f 797//797 789//789 1074//1074
f 796//796 1030//1030 787//787
f 275//275 797//797 282//282
f 287//287 286//286 293//293
f 791//791 1031//1031 1032//1032
f 293//293 798//798 287//287
f 1028//1028 790//790 1031//1031
f 798//798 1031//1031 790//790
f 791//791 815//815 792//792
f 1071//1071 792//792 1034//1034
f 1036//1036 1073//1073 819//819
f 1073//1073 794//794 819//819
f 803//803 806//806 801//801
f 282//282 797//797 806//806
f 293//293 292//292 299//299
f 286//286 805//805 292//292
f 1031//1031 798//798 813//813
f 1033//1033 818//818 799//799
f 816//816 815//815 1032//1032
f 803//803 1035//1035 294//294
f 802//802 1075//1075 1035//1035
f 290//290 297//297 809//809
f 292//292 812//812 298//298
f 816//816 302//302 301//301
f 813//813 814//814 302//302
f 1076//1076 818//818 1033//1033
f 301//301 817//817 816//816
f 817//817 301//301 837//837
f 1033//1033 817//817 837//837
f 817//817 1033//1033 1077//1077
f 1078//1078 1036//1036 1038//1038
f 820//820 1036//1036 819//819
f 294//294 822//822 825//825
f 832//832 825//825 822//822
f 1038//1038 823//823 1078//1078
f 1035//1035 823//823 822//822
f 823//823 1035//1035 1075//1075
f 809//809 808//808 826//826
f 298//298 828//828 1079//1079
f 302//302 829//829 300//300
f 818//818 1076//1076 1080//1080
f 307//307 837//837 301//301
f 1038//1038 839//839 830//830
f 830//830 821//821 823//823
f 822//822 821//821 832//832
f 1079//1079 828//828 845//845
f 300//300 836//836 306//306
f 1081//1081 1080//1080 1076//1076
f 835//835 838//838 307//307
f 1076//1076 838//838 1081//1081
f 838//838 1076//1076 837//837
f 830//830 839//839 841//841
f 839//839 1037//1037 840//840
f 842//842 1037//1037 820//820
f 833//833 853//853 852//852
f 322//322 859//859 1081//1081
f 1080//1080 1081//1081 848//848
f 859//859 848//848 1081//1081
f 846//846 322//322 835//835
f 322//322 1081//1081 838//838
f 840//840 851//851 860//860
f 851//851 840//840 842//842
f 853//853 326//326 315//315
f 857//857 846//846 858//858
f 854//854 860//860 323//323
f 861//861 323//323 860//860
f 346//346 870//870 345//345
f 345//345 881//881 360//360
f 360//360 884//884 370//370
f 370//370 884//884 388//388
f 898//898 902//902 917//917
f 412//412 911//911 422//422
f 906//906 433//433 907//907
f 929//929 910//910 419//419
f 929//929 1082//1082 1083//1083
f 434//434 419//419 418//418
f 912//912 919//919 920//920
f 913//913 923//923 921//921
f 907//907 432//432 938//938
f 925//925 431//431 916//916
f 434//434 926//926 928//928
f 928//928 965//965 1084//1084
f 1082//1082 929//929 1084//1084
f 928//928 419//419 434//434
f 931//931 920//920 919//919
f 1039//1039 931//931 930//930
f 1039//1039 933//933 931//931
f 931//931 934//934 920//920
f 426//426 934//934 1085//1085
f 923//923 941//941 935//935
f 429//429 436//436 946//946
f 938//938 432//432 937//937
f 947//947 937//937 432//432
f 946//946 925//925 429//429
f 431//431 925//925 947//947
f 443//443 930//930 932//932
f 1041//1041 1086//1086 1042//1042
f 955//955 933//933 1039//1039
f 1085//1085 934//934 933//933
f 941//941 1041//1041 942//942
f 436//436 945//945 944//944
f 1045//1045 949//949 952//952
f 937//937 947//947 437//437
f 944//944 950//950 946//946
f 948//948 946//946 950//950
f 947//947 925//925 948//948
f 928//928 926//926 965//965
f 971//971 953//953 954//954
f 953//953 955//955 442//442
f 954//954 442//442 441//441
f 953//953 971//971 956//956
f 441//441 443//443 1087//1087
f 959//959 957//957 1088//1088
f 956//956 958//958 955//955
f 1042//1042 958//958 959//959
f 1089//1089 944//944 943//943
f 437//437 949//949 447//447
f 1045//1045 447//447 949//949
f 453//453 961//961 1089//1089
f 1089//1089 950//950 944//944
f 950//950 1089//1089 961//961
f 448//448 963//963 449//449
f 438//438 449//449 962//962
f 449//449 438//438 437//437
f 450//450 964//964 451//451
f 964//964 981//981 966//966
f 981//981 964//964 450//450
f 441//441 984//984 970//970
f 984//984 441//441 969//969
f 981//981 968//968 966//966
f 966//966 967//967 965//965
f 967//967 966//966 968//968
f 970//970 954//954 441//441
f 452//452 454//454 445//445
f 974//974 457//457 975//975
f 976//976 975//975 457//457
f 456//456 1090//1090 1044//1044
f 447//447 1044//1044 1090//1090
f 973//973 975//975 453//453
f 951//951 961//961 976//976
f 975//975 976//976 961//961
f 978//978 977//977 448//448
f 963//963 448//448 977//977
f 1090//1090 978//978 447//447
f 983//983 981//981 980//980
f 984//984 987//987 996//996
f 983//983 968//968 981//981
f 968//968 983//983 986//986
f 969//969 968//968 987//987
f 971//971 990//990 1091//1091
f 1092//1092 997//997 992//992
f 991//991 460//460 459//459
f 1001//1001 974//974 973//973
f 457//457 974//974 455//455
f 995//995 1006//1006 456//456
f 1090//1090 456//456 1006//1006
f 1010//1010 1009//1009 983//983
f 982//982 1649//1649 1650//1650
f 1009//1009 986//986 983//983
f 989//989 1016//1016 998//998
f 997//997 466//466 465//465
f 452//452 459//459 1046//1046
f 463//463 1046//1046 459//459
f 995//995 1003//1003 1007//1007
f 1004//1004 994//994 1001//1001
f 1007//1007 1006//1006 995//995
f 1006//1006 1008//1008 1005//1005
f 1010//1010 1019//1019 1011//1011
f 1010//1010 1650//1650 1019//1019
f 1013//1013 1015//1015 1014//1014
f 1016//1016 476//476 475//475
f 1017//1017 1004//1004 1000//1000
f 994//994 1004//1004 1003//1003
f 1003//1003 1004//1004 485//485
f 484//484 1093//1093 1007//1007
f 488//488 1018//1018 1093//1093
f 4//4 493//493 1011//1011
f 40//40 497//497 17//17
f 532//532 524//524 60//60
f 539//539 533//533 532//532
f 553//553 538//538 79//79
f 555//555 540//540 539//539
f 567//567 554//554 553//553
f 569//569 556//556 555//555
f 592//592 568//568 567//567
f 594//594 570//570 569//569
f 608//608 593//593 592//592
f 95//95 611//611 599//599
f 624//624 600//600 91//91
f 672//672 671//671 666//666
f 680//680 673//673 672//672
f 686//686 681//681 680//680
f 696//696 691//691 686//686
f 703//703 697//697 696//696
f 713//713 704//704 703//703
f 713//713 206//206 714//714
f 206//206 713//713 207//207
f 732//732 731//731 1063//1063
f 258//258 733//733 732//732
f 757//757 741//741 252//252
f 763//763 762//762 757//757
f 809//809 804//804 290//290
f 826//826 810//810 809//809
f 1079//1079 811//811 298//298
f 309//309 824//824 295//295
f 305//305 827//827 826//826
f 322//322 321//321 859//859
f 877//877 873//873 334//334
f 880//880 878//878 877//877
f 886//886 883//883 880//880
f 411//411 887//887 886//886
f 473//473 494//494 474//474
f 489//489 473//473 472//472
f 6//6 493//493 4//4
f 10//10 493//493 8//8
f 473//473 9//9 28//28
f 18//18 497//497 500//500
f 499//499 18//18 500//500
f 497//497 40//40 39//39
f 510//510 1094//1094 504//504
f 61//61 524//524 525//525
f 525//525 524//524 543//543
f 533//533 543//543 524//524
f 80//80 538//538 539//539
f 543//543 533//533 544//544
f 540//540 544//544 533//533
f 551//551 83//83 1025//1025
f 77//77 552//552 83//83
f 539//539 538//538 571//571
f 554//554 571//571 538//538
f 84//84 551//551 553//553
f 544//544 540//540 559//559
f 556//556 559//559 540//540
f 581//581 552//552 82//82
f 571//571 554//554 572//572
f 568//568 572//572 554//554
f 559//559 556//556 574//574
f 570//570 574//574 556//556
f 581//581 582//582 583//583
f 572//572 568//568 585//585
f 570//570 594//594 584//584
f 582//582 98//98 591//591
f 593//593 585//585 568//568
f 1057//1057 1095//1095 1055//1055
f 592//592 1095//1095 608//608
f 593//593 1096//1096 585//585
f 594//594 585//585 1096//1096
f 92//92 600//600 601//601
f 620//620 619//619 1057//1057
f 608//608 619//619 617//617
f 619//619 608//608 1095//1095
f 609//609 1096//1096 593//593
f 1096//1096 609//609 637//637
f 610//610 1096//1096 637//637
f 94//94 612//612 95//95
f 598//598 611//611 613//613
f 612//612 613//613 611//611
f 601//601 600//600 627//627
f 624//624 627//627 600//600
f 615//615 601//601 627//627
f 634//634 621//621 620//620
f 617//617 621//621 632//632
f 621//621 617//617 619//619
f 618//618 637//637 609//609
f 622//622 637//637 636//636
f 612//612 94//94 99//99
f 100//100 625//625 101//101
f 627//627 624//624 628//628
f 625//625 628//628 624//624
f 632//632 635//635 645//645
f 635//635 632//632 621//621
f 633//633 638//638 618//618
f 636//636 638//638 647//647
f 628//628 625//625 641//641
f 640//640 641//641 625//625
f 644//644 1097//1097 635//635
f 645//645 635//635 649//649
f 1097//1097 649//649 635//635
f 638//638 633//633 118//118
f 640//640 654//654 111//111
f 642//642 133//133 113//113
f 648//648 665//665 1097//1097
f 649//649 1097//1097 658//658
f 665//665 658//658 1097//1097
f 658//658 665//665 1027//1027
f 662//662 667//667 668//668
f 120//120 671//671 676//676
f 673//673 676//676 671//671
f 676//676 673//673 682//682
f 681//681 682//682 673//673
f 668//668 667//667 687//687
f 682//682 681//681 1098//1098
f 1098//1098 681//681 691//691
f 691//691 707//707 1098//1098
f 699//699 1098//1098 707//707
f 697//697 707//707 691//691
f 707//707 697//697 708//708
f 704//704 708//708 697//697
f 708//708 704//704 714//714
f 186//186 1099//1099 725//725
f 1062//1062 1060//1060 1059//1059
f 729//729 1060//1060 1062//1062
f 730//730 731//731 736//736
f 733//733 736//736 731//731
f 734//734 735//735 237//237
f 733//733 258//258 248//248
f 732//732 734//734 754//754
f 253//253 741//741 742//742
f 742//742 741//741 758//758
f 252//252 740//740 757//757
f 744//744 1065//1065 765//765
f 755//755 264//264 257//257
f 758//758 762//762 770//770
f 762//762 758//758 741//741
f 267//267 763//763 756//756
f 762//762 763//763 771//771
f 261//261 758//758 770//770
f 773//773 1065//1065 262//262
f 274//274 772//772 267//267
f 771//771 772//772 782//782
f 772//772 771//771 763//763
f 776//776 782//782 280//280
f 772//772 274//274 281//281
f 806//806 288//288 282//282
f 291//291 804//804 805//805
f 805//805 804//804 812//812
f 810//810 812//812 804//804
f 809//809 297//297 808//808
f 299//299 811//811 814//814
f 837//837 1076//1076 1033//1033
f 812//812 810//810 828//828
f 827//827 828//828 810//810
f 826//826 808//808 824//824
f 814//814 811//811 829//829
f 1079//1079 829//829 811//811
f 831//831 832//832 821//821
f 824//824 309//309 303//303
f 833//833 309//309 825//825
f 304//304 834//834 305//305
f 828//828 827//827 845//845
f 834//834 845//845 827//827
f 829//829 1079//1079 843//843
f 833//833 832//832 853//853
f 841//841 831//831 830//830
f 832//832 831//831 853//853
f 833//833 852//852 308//308
f 309//309 833//833 308//308
f 834//834 304//304 312//312
f 313//313 844//844 314//314
f 836//836 843//843 844//844
f 844//844 847//847 836//836
f 831//831 841//841 326//326
f 844//844 313//313 856//856
f 320//320 857//857 864//864
f 870//870 865//865 869//869
f 869//869 873//873 870//870
f 870//870 873//873 881//881
f 881//881 878//878 884//884
f 883//883 884//884 878//878
f 884//884 883//883 388//388
f 887//887 388//388 883//883
f 410//410 903//903 889//889
f 889//889 903//903 399//399
f 897//897 403//403 394//394
f 417//417 903//903 410//410
f 901//901 904//904 417//417
f 904//904 902//902 903//903
f 917//917 908//908 898//898
f 401//401 908//908 906//906
f 894//894 435//435 418//418
f 435//435 895//895 927//927
f 418//418 897//897 894//894
f 403//403 897//897 420//420
f 427//427 915//915 425//425
f 901//901 915//915 913//913
f 904//904 901//901 914//914
f 908//908 917//917 433//433
f 920//920 426//426 424//424
f 922//922 924//924 427//427
f 913//913 924//924 923//923
f 924//924 913//913 915//915
f 918//918 1083//1083 932//932
f 922//922 426//426 1085//1085
f 1041//1041 941//941 1086//1086
f 922//922 1086//1086 941//941
f 923//923 922//922 941//941
f 935//935 936//936 921//921
f 428//428 936//936 436//436
f 935//935 942//942 1040//1040
f 936//936 935//935 945//945
f 1088//1088 1043//1043 959//959
f 942//942 960//960 1040//1040
f 1088//1088 444//444 1043//1043
f 1041//1041 1043//1043 446//446
f 972//972 1092//1092 957//957
f 972//972 1091//1091 999//999
f 990//990 970//970 988//988
f 990//990 971//971 970//970
f 993//993 1092//1092 992//992
f 1092//1092 972//972 999//999
f 985//985 996//996 1012//1012
f 1009//1009 1013//1013 986//986
f 1012//1012 988//988 985//985
f 989//989 988//988 1016//1016
f 1002//1002 463//463 1000//1000
f 1013//1013 1009//1009 1015//1015
f 499//499 498//498 503//503
f 491//491 499//499 503//503
f 200//200 192//192 191//191
f 759//759 1455//1455 748//748
f 759//759 748//748 1158//1158
f 1028//1028 774//774 775//775
f 1043//1043 1042//1042 959//959
f 1045//1045 951//951 1044//1044
f 463//463 1002//1002 1046//1046
f 973//973 1002//1002 1001//1001
f 5//5 1169//1169 3//3
f 499//499 482//482 18//18
f 552//552 581//581 87//87
f 551//551 1025//1025 567//567
f 597//597 611//611 598//598
f 615//615 627//627 616//616
f 717//717 200//200 726//726
f 1060//1060 726//726 200//200
f 1063//1063 1062//1062 735//735
f 229//229 735//735 1062//1062
f 1100//1100 723//723 1101//1101
f 1060//1060 729//729 728//728
f 729//729 731//731 730//730
f 247//247 237//237 236//236
f 732//732 1063//1063 735//735
f 749//749 246//246 739//739
f 732//732 754//754 258//258
f 1065//1065 746//746 262//262
f 261//261 770//770 764//764
f 1065//1065 773//773 777//777
f 769//769 786//786 785//785
f 788//788 1074//1074 789//789
f 1030//1030 1074//1074 1029//1029
f 795//795 1102//1102 796//796
f 801//801 1074//1074 1030//1030
f 1074//1074 801//801 797//797
f 806//806 797//797 801//801
f 942//942 1041//1041 446//446
f 453//453 975//975 961//961
f 1012//1012 996//996 1013//1013
f 987//987 986//986 996//996
f 1013//1013 996//996 986//986
f 140//140 657//657 114//114
f 187//187 711//711 709//709
f 865//865 346//346 857//857
f 915//915 901//901 416//416
f 918//918 912//912 422//422
f 1054//1054 90//90 558//558
f 657//657 140//140 139//139
f 678//678 667//667 131//131
f 1106//1106 687//687 678//678
f 678//678 1163//1163 1106//1106
f 149//149 668//668 692//692
f 694//694 688//688 190//190
f 711//711 701//701 709//709
f 1135//1135 1536//1536 720//720
f 702//702 192//192 717//717
f 186//186 1536//1536 1099//1099
f 724//724 1099//1099 185//185
f 721//721 188//188 725//725
f 1103//1103 724//724 1148//1148
f 260//260 756//756 249//249
f 752//752 767//767 1067//1067
f 756//756 260//260 267//267
f 770//770 771//771 776//776
f 794//794 1160//1160 819//819
f 807//807 803//803 294//294
f 1075//1075 802//802 796//796
f 294//294 296//296 807//807
f 288//288 807//807 296//296
f 1075//1075 1078//1078 823//823
f 338//338 849//849 848//848
f 1107//1107 850//850 867//867
f 849//849 338//338 866//866
f 871//871 866//866 338//338
f 867//867 866//866 875//875
f 363//363 874//874 871//871
f 866//866 871//871 874//874
f 1109//1109 879//879 363//363
f 874//874 363//363 879//879
f 373//373 1109//1109 363//363
f 890//890 1109//1109 373//373
f 391//391 890//890 373//373
f 388//388 889//889 389//389
f 402//402 891//891 391//391
f 1109//1109 890//890 1110//1110
f 891//891 899//899 890//890
f 889//889 887//887 410//410
f 905//905 891//891 402//402
f 891//891 905//905 900//900
f 907//907 939//939 905//905
f 427//427 426//426 922//922
f 927//927 1141//1141 1641//1641
f 939//939 938//938 440//440
f 967//967 1084//1084 965//965
f 955//955 958//958 933//933
f 950//950 952//952 948//948
f 956//956 971//971 1091//1091
f 768//768 760//760 1069//1069
f 781//781 760//760 759//759
f 1045//1045 952//952 951//951
f 1047//1047 1048//1048 501//501
f 1048//1048 491//491 503//503
f 573//573 1054//1054 558//558
f 1024//1024 1055//1055 86//86
f 1056//1056 1057//1057 1024//1024
f 214//214 195//195 206//206
f 721//721 217//217 727//727
f 1067//1067 1066//1066 752//752
f 767//767 769//769 1067//1067
f 1072//1072 1067//1067 785//785
f 760//760 781//781 1070//1070
f 1068//1068 1067//1067 1072//1072
f 777//777 778//778 1071//1071
f 1078//1078 1075//1075 1102//1102
f 1036//1036 1037//1037 1038//1038
f 928//928 1084//1084 929//929
f 952//952 949//949 948//948
f 437//437 947//947 949//949
f 958//958 1042//1042 933//933
f 486//486 488//488 1093//1093
f 1094//1094 503//503 504//504
f 668//668 687//687 692//692
f 149//149 692//692 688//688
f 701//701 692//692 709//709
f 1105//1105 800//800 1111//1111
f 878//878 881//881 873//873
f 893//893 1147//1147 895//895
f 932//932 930//930 919//919
f 945//945 935//935 1040//1040
f 1043//1043 444//444 446//446
f 445//445 444//444 991//991
f 1092//1092 999//999 997//997
f 596//596 1054//1054 586//586
f 1054//1054 596//596 90//90
f 1087//1087 1084//1084 967//967
f 445//445 991//991 452//452
f 389//389 888//888 370//370
f 399//399 389//389 889//889
f 906//906 905//905 402//402
f 82//82 81//81 581//581
f 635//635 634//634 644//644
f 1097//1097 644//644 648//648
f 695//695 173//173 702//702
f 173//173 172//172 191//191
f 720//720 1140//1140 1135//1135
f 264//264 1066//1066 1068//1068
f 800//800 818//818 1112//1112
f 329//329 863//863 319//319
f 858//858 863//863 865//865
f 863//863 329//329 869//869
f 888//888 389//389 400//400
f 402//402 401//401 906//906
f 392//392 895//895 894//894
f 989//989 466//466 999//999
f 503//503 1094//1094 1048//1048
f 602//602 590//590 603//603
f 718//718 723//723 1100//1100
f 243//243 1064//1064 235//235
f 746//746 743//743 745//745
f 264//264 1068//1068 272//272
f 1085//1085 933//933 1042//1042
f 594//594 1096//1096 610//610
f 725//725 1099//1099 215//215
f 1074//1074 788//788 1029//1029
f 1072//1072 1029//1029 788//788
f 399//399 903//903 902//902
f 922//922 1085//1085 1086//1086
f 607//607 1024//1024 583//583
f 989//989 1091//1091 990//990
f 501//501 1048//1048 1094//1094
f 709//709 693//693 710//710
f 693//693 687//687 1106//1106
f 688//688 701//701 190//190
f 1102//1102 1075//1075 796//796
f 1110//1110 890//890 899//899
f 939//939 909//909 905//905
f 486//486 1093//1093 484//484
f 217//217 725//725 215//215
f 90//90 596//596 88//88
f 1068//1068 1072//1072 788//788
f 560//560 575//575 561//561
f 688//688 683//683 149//149
f 265//265 259//259 257//257
f 272//272 265//265 264//264
f 1633//1633 21//21 20//20
f 21//21 1633//1633 41//41
f 53//53 514//514 45//45
f 507//507 514//514 512//512
f 1633//1633 68//68 41//41
f 514//514 53//53 519//519
f 520//520 1051//1051 62//62
f 68//68 518//518 66//66
f 531//531 66//66 518//518
f 66//66 531//531 75//75
f 82//82 552//552 76//76
f 575//575 90//90 89//89
f 566//566 1168//1168 98//98
f 637//637 622//622 610//610
f 698//698 165//165 167//167
f 1061//1061 223//223 235//235
f 259//259 265//265 761//761
f 380//380 893//893 392//392
f 1006//1006 1005//1005 1090//1090
f 1008//1008 1007//1007 1093//1093
f 1005//1005 979//979 978//978
f 575//575 558//558 90//90
f 588//588 580//580 577//577
f 1102//1102 795//795 1456//1456
f 299//299 798//798 293//293
f 1077//1077 815//815 817//817
f 1073//1073 1036//1036 1078//1078
f 978//978 1090//1090 1005//1005
f 1008//1008 1018//1018 1005//1005
f 81//81 566//566 582//582
f 1078//1078 1102//1102 1073//1073
f 1085//1085 1042//1042 1086//1086
f 793//793 1104//1104 779//779
f 800//800 1104//1104 793//793
f 1104//1104 800//800 1105//1105
f 710//710 1129//1129 720//720
f 1057//1057 1055//1055 1024//1024
f 743//743 1101//1101 1113//1113
f 785//785 1067//1067 769//769
f 709//709 692//692 693//693
f 1093//1093 1018//1018 1008//1008
f 147//147 146//146 674//674
f 711//711 187//187 186//186
f 208//208 718//718 224//224
f 1007//1007 1003//1003 484//484
f 1033//1033 1034//1034 1077//1077
f 62//62 1051//1051 1114//1114
f 1051//1051 525//525 1114//1114
f 589//589 578//578 565//565
f 1071//1071 1034//1034 784//784
f 792//792 1071//1071 778//778
f 784//784 1034//1034 799//799
f 815//815 1077//1077 792//792
f 1034//1034 792//792 1077//1077
f 299//299 814//814 798//798
f 823//823 1038//1038 830//830
f 638//638 636//636 637//637
f 567//567 1095//1095 592//592
f 907//907 938//938 939//939
f 956//956 1091//1091 972//972
f 1147//1147 927//927 895//895
f 927//927 1147//1147 1156//1156
f 722//722 1113//1113 723//723
f 1103//1103 1503//1503 1491//1491
f 444//444 1088//1088 993//993
f 444//444 993//993 991//991
f 548//548 1053//1053 530//530
f 1095//1095 1057//1057 619//619
f 674//674 675//675 699//699
f 675//675 682//682 1098//1098
f 693//693 1106//1106 710//710
f 160//160 159//159 172//172
f 719//719 198//198 183//183
f 793//793 779//779 268//268
f 476//476 472//472 474//474
f 1053//1053 1050//1050 530//530
f 675//675 1098//1098 699//699
f 716//716 196//196 719//719
f 723//723 719//719 196//196
f 1079//1079 845//845 843//843
f 999//999 1091//1091 989//989
f 698//698 674//674 699//699
f 1112//1112 818//818 1080//1080
f 1112//1112 1080//1080 850//850
f 718//718 1100//1100 224//224
f 489//489 10//10 9//9
f 92//92 601//601 576//576
f 1026//1026 130//130 656//656
f 677//677 148//148 136//136
f 148//148 677//677 167//167
f 183//183 716//716 719//719
f 272//272 1068//1068 788//788
f 314//314 834//834 312//312
f 10//10 489//489 1015//1015
f 1014//1014 489//489 472//472
f 441//441 1087//1087 969//969
f 272//272 788//788 270//270
f 1087//1087 967//967 969//969
f 843//843 836//836 829//829
f 217//217 721//721 725//725
f 1111//1111 1112//1112 1107//1107
f 1111//1111 800//800 1112//1112
f 1100//1100 1101//1101 738//738
f 698//698 677//677 674//674
f 198//198 184//184 183//183
f 25//25 502//502 26//26
f 27//27 502//502 506//506
f 495//495 27//27 506//506
f 502//502 25//25 505//505
f 761//761 265//265 271//271
f 272//272 271//271 265//265
f 1016//1016 988//988 1012//1012
f 1094//1094 510//510 1049//1049
f 917//917 902//902 430//430
f 988//988 970//970 985//985
f 1016//1016 1012//1012 476//476
f 863//863 858//858 856//856
f 909//909 900//900 905//905
f 698//698 167//167 677//677
f 917//917 430//430 916//916
f 495//495 506//506 35//35
f 1082//1082 1084//1084 1087//1087
f 1101//1101 743//743 738//738
f 1082//1082 1087//1087 443//443
f 12//12 490//490 13//13
f 847//847 846//846 306//306
f 490//490 12//12 496//496
f 35//35 496//496 12//12
f 1051//1051 512//512 519//519
f 119//119 661//661 666//666
f 911//911 1083//1083 918//918
f 664//664 1027//1027 665//665
f 669//669 685//685 670//670
f 911//911 910//910 1083//1083
f 929//929 1083//1083 910//910
f 119//119 671//671 120//120
f 657//657 664//664 665//665
f 1083//1083 1082//1082 932//932
f 1051//1051 520//520 512//512
f 1061//1061 1113//1113 722//722
f 1061//1061 1064//1064 1113//1113
f 743//743 1113//1113 1064//1064
f 73//73 1114//1114 541//541
f 1114//1114 73//73 62//62
f 525//525 543//543 1114//1114
f 541//541 1114//1114 543//543
f 1113//1113 1101//1101 723//723
f 513//513 512//512 520//520
f 514//514 507//507 36//36
f 121//121 128//128 112//112
f 661//661 119//119 653//653
f 679//679 150//150 690//690
f 121//121 111//111 119//119
f 111//111 121//121 112//112
f 683//683 690//690 150//150
f 224//224 1100//1100 738//738
f 848//848 850//850 1080//1080
f 850//850 849//849 867//867
f 1040//1040 960//960 943//943
f 1112//1112 850//850 1107//1107
f 677//677 136//136 147//147
f 932//932 1082//1082 443//443
f 224//224 738//738 244//244
f 118//118 646//646 116//116
f 651//651 116//116 659//659
f 840//840 854//854 841//841
f 666//666 671//671 119//119
f 685//685 690//690 161//161
f 477//477 494//494 11//11
f 666//666 144//144 672//672
f 159//159 690//690 683//683
f 1037//1037 842//842 840//840
f 454//454 453//453 1089//1089
f 105//105 117//117 651//651
f 679//679 690//690 685//685
f 654//654 653//653 111//111
f 105//105 651//651 127//127
f 659//659 116//116 124//124
f 464//464 475//475 477//477
f 104//104 106//106 107//107
f 639//639 654//654 100//100
f 656//656 137//137 655//655
f 145//145 660//660 125//125
f 126//126 125//125 660//660
f 1020//1020 500//500 39//39
f 107//107 106//106 639//639
f 639//639 106//106 652//652
f 127//127 652//652 106//106
f 652//652 654//654 639//639
f 656//656 129//129 137//137
f 660//660 145//145 144//144
f 125//125 142//142 145//145
f 493//493 1015//1015 1011//1011
f 494//494 477//477 474//474
f 47//47 55//55 517//517
f 654//654 640//640 100//100
f 1538//1538 1542//1542 1136//1136
f 815//815 791//791 1032//1032
f 1055//1055 1095//1095 567//567
f 960//960 454//454 943//943
f 1020//1020 39//39 517//517
f 1025//1025 1055//1055 567//567
f 454//454 1089//1089 943//943
f 111//111 653//653 119//119
f 464//464 477//477 478//478
f 452//452 973//973 453//453
f 452//452 1046//1046 973//973
f 1088//1088 957//957 1092//1092
f 1001//1001 455//455 974//974
f 1001//1001 994//994 455//455
f 1088//1088 1092//1092 993//993
f 1194//1194 1425//1425 1390//1390
f 1165//1165 1142//1142 1649//1649
f 1133//1133 537//537 1450//1450
f 1163//1163 1155//1155 1106//1106
f 1157//1157 1158//1158 748//748
f 1454//1454 1161//1161 1448//1448
f 1138//1138 380//380 885//885
f 1135//1135 185//185 1536//1536
f 1169//1169 1//1 3//3
f 1165//1165 450//450 451//451
f 1128//1128 1145//1145 1537//1537
f 1141//1141 1128//1128 1537//1537
f 1146//1146 1148//1148 724//724
f 1144//1144 1132//1132 820//820
f 1492//1492 5//5 1650//1650
f 1130//1130 1162//1162 781//781
f 1159//1159 1143//1143 1538//1538
f 1137//1137 1170//1170 518//518
f 1151//1151 1134//1134 851//851
f 1156//1156 1141//1141 927//927
f 20//20 1154//1154 1137//1137
f 20//20 1137//1137 1633//1633
f 1153//1153 566//566 1451//1451
f 1139//1139 1157//1157 245//245
f 1139//1139 245//245 1103//1103
f 1134//1134 1149//1149 339//339
f 1134//1134 339//339 851//851
f 1149//1149 1161//1161 339//339
f 1145//1145 1165//1165 451//451
f 1167//1167 1147//1147 893//893
f 1135//1135 1146//1146 185//185
f 605//605 1131//1131 96//96
f 1158//1158 1130//1130 759//759
f 1148//1148 1139//1139 1103//1103
f 1129//1129 1140//1140 720//720
f 1166//1166 1163//1163 678//678
f 1166//1166 678//678 131//131
f 1150//1150 1133//1133 531//531
f 1155//1155 1129//1129 710//710
f 1161//1161 347//347 1448//1448
f 1615//1615 1493//1493 1458//1458
f 1496//1496 1615//1615 1494//1494
f 1467//1467 1465//1465 1466//1466
f 1473//1473 1471//1471 1472//1472
f 1142//1142 1594//1594 1541//1541
f 1142//1142 1541//1541 1492//1492
f 1154//1154 1487//1487 1488//1488
f 1224//1224 962//962 1174//1174
f 962//962 1224//1224 438//438
f 963//963 1174//1174 962//962
f 1177//1177 1208//1208 1231//1231
f 1175//1175 1209//1209 1120//1120
f 1187//1187 1194//1194 1390//1390
f 1188//1188 1195//1195 1434//1434
f 1192//1192 1206//1206 1191//1191
f 1192//1192 1377//1377 1440//1440
f 1194//1194 1189//1189 1425//1425
f 1210//1210 1202//1202 1197//1197
f 1196//1196 1178//1178 1174//1174
f 1178//1178 1191//1191 1206//1206
f 439//439 1224//1224 440//440
f 1176//1176 1203//1203 1225//1225
f 1203//1203 137//137 1225//1225
f 225//225 1398//1398 1406//1406
f 1388//1388 1204//1204 1171//1171
f 977//977 979//979 1175//1175
f 1186//1186 1360//1360 1444//1444
f 1198//1198 1187//1187 1400//1400
f 1205//1205 1397//1397 1399//1399
f 1174//1174 963//963 1175//1175
f 1176//1176 1251//1251 1397//1397
f 1172//1172 1226//1226 1184//1184
f 1432//1432 1232//1232 1119//1119
f 1180//1180 1229//1229 1209//1209
f 1229//1229 1120//1120 1209//1209
f 1391//1391 1230//1230 1235//1235
f 1231//1231 1127//1127 1177//1177
f 1176//1176 1181//1181 1251//1251
f 1197//1197 1183//1183 1210//1210
f 1183//1183 1225//1225 1210//1210
f 1185//1185 1119//1119 1232//1232
f 1123//1123 1108//1108 1426//1426
f 1444//1444 1234//1234 1186//1186
f 1207//1207 1237//1237 1405//1405
f 1206//1206 1192//1192 1440//1440
f 1236//1236 1115//1115 1386//1386
f 1236//1236 1386//1386 1406//1406
f 1266//1266 1204//1204 1193//1193
f 1126//1126 1197//1197 1202//1202
f 1190//1190 1267//1267 1427//1427
f 1252//1252 1192//1192 1268//1268
f 1222//1222 1122//1122 1233//1233
f 1178//1178 1196//1196 1191//1191
f 1233//1233 1108//1108 1123//1123
f 1266//1266 1171//1171 1204//1204
f 1400//1400 604//604 1205//1205
f 1117//1117 1265//1265 1360//1360
f 1377//1377 1192//1192 1252//1252
f 1191//1191 1268//1268 1192//1192
f 1231//1231 1195//1195 1264//1264
f 1208//1208 1434//1434 1195//1195
f 1324//1324 1289//1289 1371//1371
f 1231//1231 1325//1325 1127//1127
f 269//269 1382//1382 1404//1404
f 1205//1205 1198//1198 1400//1400
f 1208//1208 1177//1177 1105//1105
f 1444//1444 1442//1442 1234//1234
f 1325//1325 1401//1401 1380//1380
f 1290//1290 1344//1344 1310//1310
f 1247//1247 1237//1237 1230//1230
f 1324//1324 1371//1371 1357//1357
f 1326//1326 1217//1217 1334//1334
f 1430//1430 1259//1259 1268//1268
f 1295//1295 1331//1331 1395//1395
f 1312//1312 1241//1241 1373//1373
f 1342//1342 1316//1316 1408//1408
f 1218//1218 1415//1415 1262//1262
f 1218//1218 1262//1262 1374//1374
f 1122//1122 1250//1250 1188//1188
f 1265//1265 1232//1232 1283//1283
f 1253//1253 1191//1191 1196//1196
f 1120//1120 1238//1238 1359//1359
f 1430//1430 1268//1268 1253//1253
f 1229//1229 1284//1284 1120//1120
f 1238//1238 1120//1120 1284//1284
f 1284//1284 1229//1229 1269//1269
f 1284//1284 1428//1428 1238//1238
f 1295//1295 1317//1317 1211//1211
f 1239//1239 1308//1308 1330//1330
f 1354//1354 1348//1348 1366//1366
f 1298//1298 1361//1361 1287//1287
f 1289//1289 1324//1324 1342//1342
f 1342//1342 1324//1324 1316//1316
f 1313//1313 1256//1256 1219//1219
f 1401//1401 1303//1303 1280//1280
f 1304//1304 1263//1263 1339//1339
f 1401//1401 1257//1257 1304//1304
f 1127//1127 1380//1380 1420//1420
f 1122//1122 1222//1222 1250//1250
f 1380//1380 1127//1127 1325//1325
f 1231//1231 1264//1264 1325//1325
f 1406//1406 1118//1118 1236//1236
f 1266//1266 1406//1406 1398//1398
f 1174//1174 1178//1178 1224//1224
f 977//977 1175//1175 963//963
f 1333//1333 1242//1242 1215//1215
f 1182//1182 1370//1370 1379//1379
f 1233//1233 1223//1223 1222//1222
f 1286//1286 1352//1352 1320//1320
f 1221//1221 1303//1303 1401//1401
f 1121//1121 1229//1229 1180//1180
f 1436//1436 1327//1327 1352//1352
f 1311//1311 1366//1366 1240//1240
f 1351//1351 1242//1242 1216//1216
f 1290//1290 1310//1310 1409//1409
f 1402//1402 1292//1292 1222//1222
f 1364//1364 1253//1253 1196//1196
f 1308//1308 1345//1345 1306//1306
f 1211//1211 1271//1271 1375//1375
f 1322//1322 1198//1198 1323//1323
f 1298//1298 1437//1437 1312//1312
f 1343//1343 1355//1355 1356//1356
f 1291//1291 1218//1218 1244//1244
f 1118//1118 1335//1335 1236//1236
f 1305//1305 1380//1380 1280//1280
f 1339//1339 1292//1292 1219//1219
f 1339//1339 1219//1219 1310//1310
f 1331//1331 1254//1254 1395//1395
f 1255//1255 1331//1331 1295//1295
f 1441//1441 1260//1260 1255//1255
f 1326//1326 1245//1245 1357//1357
f 1329//1329 1403//1403 1418//1418
f 1404//1404 1204//1204 1388//1388
f 1269//1269 1121//1121 1294//1294
f 1294//1294 1317//1317 1269//1269
f 1329//1329 1237//1237 1247//1247
f 1340//1340 1260//1260 1421//1421
f 1421//1421 1273//1273 1372//1372
f 1273//1273 1438//1438 1261//1261
f 1261//1261 1321//1321 1273//1273
f 1288//1288 1354//1354 1311//1311
f 1387//1387 1194//1194 1187//1187
f 1299//1299 1341//1341 1249//1249
f 1249//1249 1341//1341 1300//1300
f 1316//1316 1218//1218 1374//1374
f 1374//1374 1301//1301 1216//1216
f 1302//1302 1431//1431 1343//1343
f 1305//1305 1280//1280 1281//1281
f 1309//1309 1307//1307 1212//1212
f 1308//1308 1212//1212 1307//1307
f 1408//1408 1242//1242 1243//1243
f 1126//1126 1355//1355 1197//1197
f 1295//1295 1211//1211 1346//1346
f 1286//1286 1422//1422 1436//1436
f 1213//1213 1416//1416 1296//1296
f 1214//1214 1437//1437 1213//1213
f 1332//1332 1215//1215 1351//1351
f 1312//1312 1214//1214 1241//1241
f 1214//1214 1312//1312 1437//1437
f 1219//1219 1402//1402 1313//1313
f 1116//1116 1379//1379 1370//1370
f 1403//1403 1313//1313 1402//1402
f 1340//1340 1331//1331 1260//1260
f 1255//1255 1260//1260 1331//1331
f 1367//1367 1239//1239 1199//1199
f 1441//1441 1255//1255 1348//1348
f 1201//1201 1332//1332 1443//1443
f 1288//1288 1347//1347 1381//1381
f 1261//1261 1349//1349 1321//1321
f 1288//1288 1201//1201 1443//1443
f 1410//1410 1349//1349 1261//1261
f 1215//1215 1201//1201 1333//1333
f 1276//1276 1341//1341 1299//1299
f 1350//1350 1351//1351 1248//1248
f 1351//1351 1216//1216 1248//1248
f 1216//1216 1242//1242 1408//1408
f 1289//1289 1342//1342 1361//1361
f 1243//1243 1361//1361 1342//1342
f 1368//1368 1362//1362 1313//1313
f 1362//1362 1256//1256 1313//1313
f 1218//1218 1316//1316 1244//1244
f 1324//1324 1244//1244 1316//1316
f 1262//1262 1290//1290 1301//1301
f 1357//1357 1245//1245 1338//1338
f 1389//1389 1314//1314 1291//1291
f 1314//1314 1376//1376 1246//1246
f 1376//1376 1314//1314 1407//1407
f 1279//1279 1336//1336 1278//1278
f 1376//1376 1278//1278 1336//1336
f 1221//1221 1304//1304 1344//1344
f 1121//1121 1172//1172 1294//1294
f 1369//1369 1294//1294 1172//1172
f 1294//1294 1369//1369 1317//1317
f 1306//1306 1330//1330 1308//1308
f 1199//1199 1200//1200 1367//1367
f 1372//1372 1367//1367 1200//1200
f 1319//1319 1318//1318 1119//1119
f 1372//1372 1270//1270 1340//1340
f 1340//1340 1421//1421 1372//1372
f 1346//1346 1211//1211 1375//1375
f 1185//1185 1319//1319 1119//1119
f 1319//1319 1272//1272 1318//1318
f 1319//1319 1320//1320 1272//1272
f 1186//1186 1353//1353 1286//1286
f 1234//1234 1353//1353 1186//1186
f 1286//1286 1353//1353 1422//1422
f 1327//1327 1436//1436 1240//1240
f 1189//1189 1353//1353 1234//1234
f 1273//1273 1321//1321 1367//1367
f 1353//1353 1282//1282 1422//1422
f 1436//1436 1385//1385 1240//1240
f 1385//1385 1213//1213 1435//1435
f 1349//1349 1212//1212 1321//1321
f 1194//1194 1337//1337 1189//1189
f 1385//1385 1416//1416 1213//1213
f 1212//1212 1349//1349 1309//1309
f 1198//1198 1322//1322 1187//1187
f 1322//1322 1275//1275 1274//1274
f 1214//1214 1296//1296 1241//1241
f 1323//1323 1275//1275 1322//1322
f 1368//1368 1307//1307 1362//1362
f 1307//1307 1309//1309 1362//1362
f 1215//1215 1332//1332 1201//1201
f 1392//1392 1241//1241 1275//1275
f 1275//1275 1241//1241 1296//1296
f 1392//1392 1275//1275 1323//1323
f 1323//1323 1399//1399 1251//1251
f 1328//1328 1373//1373 1299//1299
f 1276//1276 1297//1297 1423//1423
f 1243//1243 1287//1287 1361//1361
f 1341//1341 1423//1423 1300//1300
f 1197//1197 1300//1300 1183//1183
f 1249//1249 1355//1355 1343//1343
f 1124//1124 1356//1356 1126//1126
f 1355//1355 1126//1126 1356//1356
f 1302//1302 1343//1343 1356//1356
f 1116//1116 1356//1356 1124//1124
f 1324//1324 1338//1338 1244//1244
f 1326//1326 1357//1357 1217//1217
f 1302//1302 1370//1370 1334//1334
f 1302//1302 1334//1334 1431//1431
f 1182//1182 1277//1277 1370//1370
f 1277//1277 1358//1358 1326//1326
f 1358//1358 1115//1115 1236//1236
f 1358//1358 1236//1236 1335//1335
f 1118//1118 1279//1279 1335//1335
f 1279//1279 1193//1193 1336//1336
f 1336//1336 1281//1281 1376//1376
f 1397//1397 1251//1251 1399//1399
f 1372//1372 1200//1200 1270//1270
f 1117//1117 1360//1360 1186//1186
f 1258//1258 1253//1253 1364//1364
f 1381//1381 1201//1201 1288//1288
f 1404//1404 1382//1382 1125//1125
f 1359//1359 1364//1364 1196//1196
f 1259//1259 1330//1330 1267//1267
f 1318//1318 1184//1184 1119//1119
f 1271//1271 1317//1317 1369//1369
f 1213//1213 1437//1437 1435//1435
f 1306//1306 1247//1247 1427//1427
f 1243//1243 1242//1242 1333//1333
f 1297//1297 1276//1276 1392//1392
f 1438//1438 1350//1350 1261//1261
f 1288//1288 1311//1311 1347//1347
f 1435//1435 1347//1347 1311//1311
f 1226//1226 501//501 1411//1411
f 1327//1327 1285//1285 1352//1352
f 1385//1385 1282//1282 1416//1416
f 1410//1410 1309//1309 1349//1349
f 1298//1298 1429//1429 1361//1361
f 1299//1299 1249//1249 1417//1417
f 1371//1371 1431//1431 1217//1217
f 1404//1404 1179//1179 1204//1204
f 1171//1171 1266//1266 1398//1398
f 1207//1207 1227//1227 1235//1235
f 1227//1227 1110//1110 1235//1235
f 1246//1246 1376//1376 1281//1281
f 1270//1270 1200//1200 1258//1258
f 1328//1328 1298//1298 1312//1312
f 1327//1327 1240//1240 1366//1366
f 1366//1366 1311//1311 1354//1354
f 1313//1313 1403//1403 1368//1368
f 1223//1223 1233//1233 1123//1123
f 1224//1224 1178//1178 1394//1394
f 630//630 1397//1397 1205//1205
f 1335//1335 1279//1279 1278//1278
f 1239//1239 1321//1321 1212//1212
f 1327//1327 1366//1366 1315//1315
f 1256//1256 1362//1362 1309//1309
f 1298//1298 1287//1287 1437//1437
f 1120//1120 1359//1359 1175//1175
f 1174//1174 1175//1175 1359//1359
f 1343//1343 1393//1393 1249//1249
f 1209//1209 1384//1384 1180//1180
f 1315//1315 1366//1366 1348//1348
f 1318//1318 1272//1272 1271//1271
f 1371//1371 1217//1217 1357//1357
f 1324//1324 1357//1357 1338//1338
f 1337//1337 1282//1282 1353//1353
f 1333//1333 1287//1287 1243//1243
f 1274//1274 1387//1387 1322//1322
f 1407//1407 1220//1220 1278//1278
f 1335//1335 1278//1278 1220//1220
f 1330//1330 1306//1306 1267//1267
f 1318//1318 1271//1271 1369//1369
f 1384//1384 1209//1209 979//979
f 1437//1437 1287//1287 1381//1381
f 1367//1367 1372//1372 1273//1273
f 1172//1172 1184//1184 1369//1369
f 1441//1441 1354//1354 1443//1443
f 1386//1386 225//225 1406//1406
f 1255//1255 1295//1295 1346//1346
f 1373//1373 1276//1276 1299//1299
f 1327//1327 1315//1315 1285//1285
f 1330//1330 1259//1259 1199//1199
f 1359//1359 1196//1196 1174//1174
f 1307//1307 1368//1368 1345//1345
f 1441//1441 1348//1348 1354//1354
f 1307//1307 1345//1345 1308//1308
f 1377//1377 1228//1228 1440//1440
f 1228//1228 1377//1377 1190//1190
f 1377//1377 1252//1252 1267//1267
f 1376//1376 1407//1407 1278//1278
f 1230//1230 1391//1391 1190//1190
f 1378//1378 1412//1412 1413//1413
f 1397//1397 1203//1203 1176//1176
f 1242//1242 1351//1351 1215//1215
f 1201//1201 1381//1381 1333//1333
f 1381//1381 1347//1347 1437//1437
f 1287//1287 1333//1333 1381//1381
f 439//439 438//438 1224//1224
f 1210//1210 1225//1225 1363//1363
f 867//867 1108//1108 1293//1293
f 1211//1211 1317//1317 1271//1271
f 1330//1330 1199//1199 1239//1239
f 1428//1428 1254//1254 1270//1270
f 1314//1314 1389//1389 1407//1407
f 1121//1121 1269//1269 1229//1229
f 1292//1292 1339//1339 1263//1263
f 1296//1296 1274//1274 1275//1275
f 1383//1383 1246//1246 1303//1303
f 1319//1319 1185//1185 1320//1320
f 1413//1413 1047//1047 1378//1378
f 604//604 1400//1400 1390//1390
f 1239//1239 1212//1212 1308//1308
f 1302//1302 1116//1116 1370//1370
f 1280//1280 1303//1303 1246//1246
f 1389//1389 1338//1338 1245//1245
f 1407//1407 1389//1389 1245//1245
f 1184//1184 1318//1318 1369//1369
f 1325//1325 1264//1264 1257//1257
f 1282//1282 1337//1337 1274//1274
f 1208//1208 1195//1195 1231//1231
f 1389//1389 1291//1291 1244//1244
f 1220//1220 1407//1407 1245//1245
f 1244//1244 1338//1338 1389//1389
f 1373//1373 1241//1241 1392//1392
f 1250//1250 1263//1263 1264//1264
f 1206//1206 1440//1440 909//909
f 1380//1380 1401//1401 1280//1280
f 1239//1239 1367//1367 1321//1321
f 1282//1282 1274//1274 1416//1416
f 1388//1388 1171//1171 256//256
f 1220//1220 1326//1326 1358//1358
f 1323//1323 1251//1251 1297//1297
f 1346//1346 1375//1375 1315//1315
f 1220//1220 1245//1245 1326//1326
f 1293//1293 1122//1122 1188//1188
f 1344//1344 1304//1304 1339//1339
f 879//879 1227//1227 1207//1207
f 1398//1398 244//244 1171//1171
f 1190//1190 1391//1391 1228//1228
f 1254//1254 1331//1331 1340//1340
f 1387//1387 1187//1187 1322//1322
f 1293//1293 1434//1434 1107//1107
f 1446//1446 166//166 1445//1445
f 1270//1270 1254//1254 1340//1340
f 1257//1257 1401//1401 1325//1325
f 1391//1391 1235//1235 1110//1110
f 1224//1224 1394//1394 440//440
f 1226//1226 1172//1172 1412//1412
f 1226//1226 1412//1412 1378//1378
f 224//224 244//244 1398//1398
f 509//509 1283//1283 1232//1232
f 1413//1413 488//488 1047//1047
f 1107//1107 867//867 1293//1293
f 875//875 1426//1426 1108//1108
f 440//440 1394//1394 939//939
f 1121//1121 1412//1412 1172//1172
f 1268//1268 1191//1191 1253//1253
f 1257//1257 1263//1263 1304//1304
f 1257//1257 1264//1264 1263//1263
f 1206//1206 1394//1394 1178//1178
f 166//166 1202//1202 167//167
f 1359//1359 1238//1238 1364//1364
f 1379//1379 1424//1424 1182//1182
f 256//256 1171//1171 244//244
f 602//602 1390//1390 1425//1425
f 604//604 1390//1390 602//602
f 1232//1232 1049//1049 509//509
f 1382//1382 269//269 779//779
f 655//655 1203//1203 1397//1397
f 1386//1386 1419//1419 208//208
f 488//488 1413//1413 1018//1018
f 1391//1391 1110//1110 899//899
f 1442//1442 1444//1444 578//578
f 1109//1109 1227//1227 879//879
f 1424//1424 1379//1379 1439//1439
f 167//167 1202//1202 148//148
f 184//184 198//198 1419//1419
f 208//208 1419//1419 198//198
f 269//269 1404//1404 1388//1388
f 225//225 1386//1386 208//208
f 269//269 1388//1388 263//263
f 224//224 1398//1398 225//225
f 1396//1396 1426//1426 875//875
f 1005//1005 1384//1384 979//979
f 1050//1050 523//523 1283//1283
f 1203//1203 655//655 137//137
f 589//589 1173//1173 578//578
f 148//148 1210//1210 1363//1363
f 1111//1111 1434//1434 1208//1208
f 1397//1397 630//630 655//655
f 1050//1050 1283//1283 509//509
f 166//166 167//167 165//165
f 148//148 1363//1363 136//136
f 501//501 1226//1226 1378//1378
f 1111//1111 1208//1208 1105//1105
f 1434//1434 1111//1111 1107//1107
f 501//501 1378//1378 1047//1047
f 979//979 1209//1209 1175//1175
f 1177//1177 1104//1104 1105//1105
f 1052//1052 1053//1053 550//550
f 178//178 1439//1439 1445//1445
f 630//630 1205//1205 604//604
f 1110//1110 1227//1227 1109//1109
f 578//578 1052//1052 550//550
f 1205//1205 1399//1399 1198//1198
f 523//523 1360//1360 1265//1265
f 1390//1390 1400//1400 1187//1187
f 1266//1266 1193//1193 1118//1118
f 523//523 1052//1052 1360//1360
f 1401//1401 1304//1304 1221//1221
f 1240//1240 1435//1435 1311//1311
f 1408//1408 1316//1316 1374//1374
f 1339//1339 1310//1310 1344//1344
f 1292//1292 1250//1250 1222//1222
f 1250//1250 1292//1292 1263//1263
f 1334//1334 1370//1370 1277//1277
f 1348//1348 1255//1255 1346//1346
f 1315//1315 1348//1348 1346//1346
f 1216//1216 1408//1408 1374//1374
f 1342//1342 1408//1408 1243//1243
f 1337//1337 1194//1194 1387//1387
f 1296//1296 1214//1214 1213//1213
f 1399//1399 1323//1323 1198//1198
f 1356//1356 1116//1116 1302//1302
f 1193//1193 1279//1279 1118//1118
f 1274//1274 1337//1337 1387//1387
f 1328//1328 1312//1312 1373//1373
f 1190//1190 1377//1377 1267//1267
f 1052//1052 1444//1444 1360//1360
f 1225//1225 1181//1181 1176//1176
f 1225//1225 1183//1183 1181//1181
f 1204//1204 1179//1179 1193//1193
f 1250//1250 1264//1264 1188//1188
f 1259//1259 1252//1252 1268//1268
f 1219//1219 1292//1292 1402//1402
f 1248//1248 1410//1410 1350//1350
f 1197//1197 1355//1355 1300//1300
f 1249//1249 1300//1300 1355//1355
f 1301//1301 1374//1374 1262//1262
f 1403//1403 1402//1402 1223//1223
f 1222//1222 1223//1223 1402//1402
f 1337//1337 1353//1353 1189//1189
f 1373//1373 1392//1392 1276//1276
f 1202//1202 1210//1210 148//148
f 1310//1310 1219//1219 1256//1256
f 1207//1207 1405//1405 1396//1396
f 1118//1118 1406//1406 1266//1266
f 1226//1226 1411//1411 1432//1432
f 1253//1253 1258//1258 1430//1430
f 1179//1179 1125//1125 1305//1305
f 1403//1403 1223//1223 1418//1418
f 1409//1409 1310//1310 1256//1256
f 1309//1309 1409//1409 1256//1256
f 1436//1436 1422//1422 1385//1385
f 1094//1094 1411//1411 501//501
f 263//263 1388//1388 256//256
f 523//523 1050//1050 1053//1053
f 1277//1277 1326//1326 1334//1334
f 1052//1052 523//523 1053//1053
f 1179//1179 1404//1404 1125//1125
f 1383//1383 1291//1291 1314//1314
f 1248//1248 1301//1301 1409//1409
f 1410//1410 1409//1409 1309//1309
f 1409//1409 1301//1301 1290//1290
f 1115//1115 1277//1277 1182//1182
f 1115//1115 1358//1358 1277//1277
f 1358//1358 1335//1335 1220//1220
f 1246//1246 1383//1383 1314//1314
f 1248//1248 1409//1409 1410//1410
f 1361//1361 1429//1429 1289//1289
f 523//523 1265//1265 1283//1283
f 1264//1264 1195//1195 1188//1188
f 1411//1411 1094//1094 1049//1049
f 1383//1383 1221//1221 1415//1415
f 1221//1221 1344//1344 1415//1415
f 1221//1221 1383//1383 1303//1303
f 1414//1414 1371//1371 1289//1289
f 1183//1183 1300//1300 1423//1423
f 1183//1183 1423//1423 1181//1181
f 1235//1235 1237//1237 1207//1207
f 1413//1413 1412//1412 1180//1180
f 1384//1384 1413//1413 1180//1180
f 1246//1246 1281//1281 1280//1280
f 1259//1259 1430//1430 1199//1199
f 1431//1431 1414//1414 1393//1393
f 1414//1414 1431//1431 1371//1371
f 1262//1262 1415//1415 1290//1290
f 1117//1117 1185//1185 1265//1265
f 1185//1185 1232//1232 1265//1265
f 1235//1235 1230//1230 1237//1237
f 1383//1383 1415//1415 1291//1291
f 1336//1336 1179//1179 1281//1281
f 1296//1296 1416//1416 1274//1274
f 1218//1218 1291//1291 1415//1415
f 1328//1328 1429//1429 1298//1298
f 1200//1200 1430//1430 1258//1258
f 1179//1179 1305//1305 1281//1281
f 1393//1393 1414//1414 1417//1417
f 1285//1285 1272//1272 1352//1352
f 1328//1328 1417//1417 1429//1429
f 1181//1181 1297//1297 1251//1251
f 1119//1119 1184//1184 1432//1432
f 1432//1432 1184//1184 1226//1226
f 1328//1328 1299//1299 1417//1417
f 1247//1247 1306//1306 1345//1345
f 1272//1272 1285//1285 1375//1375
f 1375//1375 1285//1285 1315//1315
f 1363//1363 1225//1225 137//137
f 1363//1363 137//137 136//136
f 1429//1429 1414//1414 1289//1289
f 1115//1115 1182//1182 1419//1419
f 1115//1115 1419//1419 1386//1386
f 1018//1018 1413//1413 1384//1384
f 1018//1018 1384//1384 1005//1005
f 1423//1423 1297//1297 1181//1181
f 1272//1272 1375//1375 1271//1271
f 1123//1123 1418//1418 1223//1223
f 1125//1125 1382//1382 1420//1420
f 1125//1125 1420//1420 1305//1305
f 1420//1420 1380//1380 1305//1305
f 1365//1365 1421//1421 1260//1260
f 1286//1286 1436//1436 1352//1352
f 1216//1216 1301//1301 1248//1248
f 1276//1276 1423//1423 1341//1341
f 1431//1431 1334//1334 1217//1217
f 1417//1417 1249//1249 1393//1393
f 779//779 1433//1433 1382//1382
f 1420//1420 1382//1382 1433//1433
f 875//875 1108//1108 867//867
f 1433//1433 779//779 1104//1104
f 1424//1424 1419//1419 1182//1182
f 1419//1419 1424//1424 184//184
f 602//602 1425//1425 1173//1173
f 184//184 1439//1439 178//178
f 1439//1439 184//184 1424//1424
f 1267//1267 1252//1252 1259//1259
f 1179//1179 1336//1336 1193//1193
f 1350//1350 1410//1410 1261//1261
f 1180//1180 1412//1412 1121//1121
f 1190//1190 1427//1427 1230//1230
f 1306//1306 1427//1427 1267//1267
f 1429//1429 1417//1417 1414//1414
f 1427//1427 1247//1247 1230//1230
f 1392//1392 1323//1323 1297//1297
f 1284//1284 1254//1254 1428//1428
f 1430//1430 1200//1200 1199//1199
f 1343//1343 1431//1431 1393//1393
f 1284//1284 1269//1269 1395//1395
f 879//879 1207//1207 1396//1396
f 1238//1238 1428//1428 1364//1364
f 1396//1396 875//875 879//879
f 1422//1422 1282//1282 1385//1385
f 1232//1232 1432//1432 1049//1049
f 1415//1415 1344//1344 1290//1290
f 1432//1432 1411//1411 1049//1049
f 1284//1284 1395//1395 1254//1254
f 1420//1420 1433//1433 1127//1127
f 1228//1228 899//899 900//900
f 1127//1127 1433//1433 1177//1177
f 1104//1104 1177//1177 1433//1433
f 1446//1446 1116//1116 1124//1124
f 1434//1434 1293//1293 1188//1188
f 1258//1258 1364//1364 1428//1428
f 1258//1258 1428//1428 1270//1270
f 1385//1385 1435//1435 1240//1240
f 1426//1426 1396//1396 1405//1405
f 900//900 909//909 1440//1440
f 1426//1426 1405//1405 1123//1123
f 1395//1395 1269//1269 1317//1317
f 1295//1295 1395//1395 1317//1317
f 1446//1446 1124//1124 166//166
f 1391//1391 899//899 1228//1228
f 1273//1273 1421//1421 1438//1438
f 1365//1365 1438//1438 1421//1421
f 1435//1435 1437//1437 1347//1347
f 1173//1173 589//589 602//602
f 1332//1332 1351//1351 1350//1350
f 1293//1293 1108//1108 1233//1233
f 1286//1286 1117//1117 1186//1186
f 900//900 1440//1440 1228//1228
f 1438//1438 1332//1332 1350//1350
f 1441//1441 1365//1365 1260//1260
f 1441//1441 1443//1443 1365//1365
f 1320//1320 1352//1352 1272//1272
f 1365//1365 1332//1332 1438//1438
f 1442//1442 578//578 1173//1173
f 1443//1443 1332//1332 1365//1365
f 1293//1293 1233//1233 1122//1122
f 1320//1320 1117//1117 1286//1286
f 1442//1442 1173//1173 1425//1425
f 1234//1234 1442//1442 1189//1189
f 1288//1288 1443//1443 1354//1354
f 1185//1185 1117//1117 1320//1320
f 1444//1444 1052//1052 578//578
f 1189//1189 1442//1442 1425//1425
f 1439//1439 1379//1379 1446//1446
f 1445//1445 166//166 165//165
f 178//178 1445//1445 165//165
f 1439//1439 1446//1446 1445//1445
f 1446//1446 1379//1379 1116//1116
f 1329//1329 1247//1247 1345//1345
f 1368//1368 1403//1403 1329//1329
f 1418//1418 1405//1405 1237//1237
f 1329//1329 1345//1345 1368//1368
f 1329//1329 1418//1418 1237//1237
f 1394//1394 909//909 939//939
f 1405//1405 1418//1418 1123//1123
f 1126//1126 1202//1202 166//166
f 1124//1124 1126//1126 166//166
f 1206//1206 909//909 1394//1394
f 96//96 102//102 1644//1644
f 1447//1447 132//132 133//133
f 1449//1449 381//381 364//364
f 531//531 1450//1450 75//75
f 75//75 1451//1451 81//81
f 1451//1451 75//75 1450//1450
f 1451//1451 566//566 81//81
f 132//132 1447//1447 662//662
f 1447//1447 131//131 667//667
f 861//861 1452//1452 872//872
f 872//872 1452//1452 876//876
f 1453//1453 876//876 1452//1452
f 876//876 1453//1453 365//365
f 381//381 1449//1449 393//393
f 434//434 1641//1641 926//926
f 1452//1452 861//861 1454//1454
f 940//940 1641//1641 1537//1537
f 1455//1455 768//768 753//753
f 1073//1073 1456//1456 794//794
f 794//794 1456//1456 1457//1457
f 1538//1538 133//133 1542//1542
f 1455//1455 760//760 768//768
f 1457//1457 795//795 1070//1070
f 1102//1102 1456//1456 1073//1073
f 215//215 1099//1099 1491//1491
f 739//739 226//226 1503//1503
f 1133//1133 1450//1450 531//531
f 1161//1161 1454//1454 339//339
f 1153//1153 1451//1451 537//537
f 1149//1149 1543//1543 1161//1161
f 1508//1508 1510//1510 1507//1507
f 1515//1515 1514//1514 1512//1512
f 1517//1517 1521//1521 1518//1518
f 1598//1598 1140//1140 1599//1599
f 1527//1527 1611//1611 1525//1525
f 1554//1554 1483//1483 1481//1481
f 1486//1486 1133//1133 1150//1150
f 1170//1170 1137//1137 1488//1488
f 347//347 1490//1490 1448//1448
f 1452//1452 1448//1448 1453//1453
f 885//885 364//364 1490//1490
f 926//926 940//940 964//964
f 131//131 1447//1447 1538//1538
f 1503//1503 226//226 1491//1491
f 215//215 1491//1491 226//226
f 1106//1106 1155//1155 710//710
f 1492//1492 1169//1169 5//5
f 185//185 1146//1146 724//724
f 1458//1458 1493//1493 1145//1145
f 1165//1165 1145//1145 1493//1493
f 1555//1555 1494//1494 1460//1460
f 1640//1640 1557//1557 1601//1601
f 1477//1477 1478//1478 1476//1476
f 1560//1560 1561//1561 1500//1500
f 1562//1562 1483//1483 1614//1614
f 1618//1618 1564//1564 1489//1489
f 1618//1618 1489//1489 1169//1169
f 1169//1169 1492//1492 1618//1618
f 102//102 642//642 103//103
f 1490//1490 1453//1453 1448//1448
f 885//885 1490//1490 1152//1152
f 940//940 451//451 964//964
f 1099//1099 724//724 1491//1491
f 1103//1103 1491//1491 724//724
f 245//245 1503//1503 1103//1103
f 739//739 1503//1503 245//245
f 1156//1156 1459//1459 1141//1141
f 1141//1141 1459//1459 1128//1128
f 1145//1145 1128//1128 1458//1458
f 1458//1458 1128//1128 1459//1459
f 1461//1461 1459//1459 1156//1156
f 1461//1461 1156//1156 1147//1147
f 1459//1459 1461//1461 1460//1460
f 1458//1458 1459//1459 1460//1460
f 1147//1147 1167//1167 1565//1565
f 1565//1565 1167//1167 1504//1504
f 1460//1460 1461//1461 1462//1462
f 1152//1152 347//347 1566//1566
f 1634//1634 1506//1506 1566//1566
f 1652//1652 1463//1463 1645//1645
f 1570//1570 1508//1508 1569//1569
f 1543//1543 1149//1149 1569//1569
f 1508//1508 1509//1509 1510//1510
f 1570//1570 1151//1151 1544//1544
f 1571//1571 1510//1510 1545//1545
f 1510//1510 1509//1509 1511//1511
f 1646//1646 1571//1571 1545//1545
f 1545//1545 1510//1510 1546//1546
f 1514//1514 1515//1515 1516//1516
f 1470//1470 1577//1577 1580//1580
f 1549//1549 1629//1629 1579//1579
f 1518//1518 1516//1516 1517//1517
f 1581//1581 1580//1580 1520//1520
f 1473//1473 1472//1472 1624//1624
f 1477//1477 1475//1475 1610//1610
f 1558//1558 1583//1583 1584//1584
f 1525//1525 1526//1526 1527//1527
f 1584//1584 1610//1610 1558//1558
f 1478//1478 1477//1477 1479//1479
f 1527//1527 1528//1528 1529//1529
f 1478//1478 1479//1479 1481//1481
f 1482//1482 1478//1478 1481//1481
f 1530//1530 1623//1623 1531//1531
f 1553//1553 1481//1481 1480//1480
f 1159//1159 1136//1136 1613//1613
f 1482//1482 1481//1481 1483//1483
f 1623//1623 1613//1613 1590//1590
f 1532//1532 1590//1590 1591//1591
f 1614//1614 1483//1483 1485//1485
f 1592//1592 1648//1648 1591//1591
f 1485//1485 1534//1534 1486//1486
f 1168//1168 1593//1593 1592//1592
f 1484//1484 1614//1614 1535//1535
f 1153//1153 537//537 1593//1593
f 1535//1535 1488//1488 1484//1484
f 1170//1170 1488//1488 1535//1535
f 1150//1150 1170//1170 1486//1486
f 1535//1535 1486//1486 1170//1170
f 1137//1137 1154//1154 1488//1488
f 1487//1487 1154//1154 1489//1489
f 1487//1487 1489//1489 1564//1564
f 1489//1489 1154//1154 1//1
f 1//1 1169//1169 1489//1489
f 187//187 1536//1536 186//186
f 940//940 1537//1537 451//451
f 450//450 982//982 980//980
f 1538//1538 1447//1447 133//133
f 1536//1536 187//187 720//720
f 1536//1536 185//185 1099//1099
f 1537//1537 1145//1145 451//451
f 1142//1142 1165//1165 1594//1594
f 1616//1616 1539//1539 1615//1615
f 1502//1502 1540//1540 1617//1617
f 1618//1618 1502//1502 1564//1564
f 1541//1541 1618//1618 1492//1492
f 1159//1159 1538//1538 1136//1136
f 1565//1565 1461//1461 1147//1147
f 1543//1543 1507//1507 1634//1634
f 1506//1506 1634//1634 1507//1507
f 1572//1572 1509//1509 1544//1544
f 1511//1511 1546//1546 1510//1510
f 1512//1512 1513//1513 1511//1511
f 1517//1517 1629//1629 1519//1519
f 1521//1521 1520//1520 1518//1518
f 1521//1521 1517//1517 1519//1519
f 1519//1519 1549//1549 1606//1606
f 1609//1609 1474//1474 1608//1608
f 1523//1523 1609//1609 1621//1621
f 1527//1527 1526//1526 1528//1528
f 1647//1647 1600//1600 1528//1528
f 1481//1481 1553//1553 1554//1554
f 1553//1553 1648//1648 1533//1533
f 1483//1483 1554//1554 1485//1485
f 1649//1649 1142//1142 1650//1650
f 1458//1458 1460//1460 1494//1494
f 1652//1652 1555//1555 1462//1462
f 1460//1460 1462//1462 1555//1555
f 1615//1615 1458//1458 1494//1494
f 1494//1494 1555//1555 1495//1495
f 1496//1496 1494//1494 1495//1495
f 1465//1465 1556//1556 1464//1464
f 1467//1467 1601//1601 1556//1556
f 1636//1636 1601//1601 1637//1637
f 1475//1475 1625//1625 1602//1602
f 1476//1476 1559//1559 1625//1625
f 1626//1626 1500//1500 1559//1559
f 1501//1501 1500//1500 1561//1561
f 1501//1501 1561//1561 1563//1563
f 1482//1482 1562//1562 1560//1560
f 1502//1502 1501//1501 1563//1563
f 1483//1483 1562//1562 1482//1482
f 1614//1614 1484//1484 1562//1562
f 1561//1561 1562//1562 1484//1484
f 1502//1502 1563//1563 1564//1564
f 1484//1484 1563//1563 1561//1561
f 1563//1563 1487//1487 1564//1564
f 1487//1487 1563//1563 1484//1484
f 1167//1167 1138//1138 1504//1504
f 1461//1461 1565//1565 1462//1462
f 1138//1138 1152//1152 1505//1505
f 1504//1504 1463//1463 1565//1565
f 1161//1161 1634//1634 347//347
f 1566//1566 1505//1505 1152//1152
f 1505//1505 1566//1566 1506//1506
f 1566//1566 347//347 1634//1634
f 1504//1504 1505//1505 1567//1567
f 1568//1568 1646//1646 1464//1464
f 1134//1134 1569//1569 1149//1149
f 1645//1645 1567//1567 1568//1568
f 1507//1507 1571//1571 1506//1506
f 1568//1568 1506//1506 1571//1571
f 1569//1569 1134//1134 1570//1570
f 1507//1507 1543//1543 1508//1508
f 1569//1569 1508//1508 1543//1543
f 1132//1132 1544//1544 1151//1151
f 1144//1144 1595//1595 1132//1132
f 1508//1508 1570//1570 1509//1509
f 1544//1544 1509//1509 1570//1570
f 1510//1510 1571//1571 1507//1507
f 1464//1464 1646//1646 1465//1465
f 1545//1545 1466//1466 1646//1646
f 1603//1603 1573//1573 1595//1595
f 1511//1511 1572//1572 1512//1512
f 1546//1546 1604//1604 1545//1545
f 1627//1627 1547//1547 1603//1603
f 1512//1512 1572//1572 1573//1573
f 1466//1466 1604//1604 1468//1468
f 1513//1513 1546//1546 1511//1511
f 1546//1546 1513//1513 1574//1574
f 1512//1512 1514//1514 1513//1513
f 1514//1514 1574//1574 1513//1513
f 1515//1515 1575//1575 1619//1619
f 1468//1468 1577//1577 1628//1628
f 1577//1577 1468//1468 1574//1574
f 1516//1516 1576//1576 1514//1514
f 1577//1577 1574//1574 1576//1576
f 1469//1469 1468//1468 1628//1628
f 1549//1549 1519//1519 1629//1629
f 1576//1576 1580//1580 1577//1577
f 1628//1628 1470//1470 1472//1472
f 1630//1630 1549//1549 1596//1596
f 1471//1471 1628//1628 1472//1472
f 1581//1581 1472//1472 1470//1470
f 1520//1520 1580//1580 1518//1518
f 1630//1630 1139//1139 1631//1631
f 1643//1643 1551//1551 1608//1608
f 1631//1631 1148//1148 1607//1607
f 1606//1606 1521//1521 1519//1519
f 1624//1624 1582//1582 1558//1558
f 1582//1582 1472//1472 1581//1581
f 1522//1522 1639//1639 1520//1520
f 1474//1474 1583//1583 1639//1639
f 1597//1597 1551//1551 1607//1607
f 1558//1558 1610//1610 1624//1624
f 1582//1582 1583//1583 1558//1558
f 1598//1598 1524//1524 1597//1597
f 1611//1611 1584//1584 1583//1583
f 1612//1612 1620//1620 1599//1599
f 1526//1526 1620//1620 1586//1586
f 1632//1632 1586//1586 1612//1612
f 1585//1585 1529//1529 1588//1588
f 1477//1477 1587//1587 1479//1479
f 1588//1588 1479//1479 1587//1587
f 1166//1166 1622//1622 1632//1632
f 1635//1635 1589//1589 1647//1647
f 1529//1529 1600//1600 1530//1530
f 1479//1479 1588//1588 1480//1480
f 1159//1159 1613//1613 1635//1635
f 1530//1530 1589//1589 1623//1623
f 1613//1613 1623//1623 1589//1589
f 1136//1136 1590//1590 1613//1613
f 1531//1531 1623//1623 1532//1532
f 1590//1590 1532//1532 1623//1623
f 1533//1533 1554//1554 1553//1553
f 1131//1131 1590//1590 1136//1136
f 1590//1590 1131//1131 1591//1591
f 1532//1532 1591//1591 1648//1648
f 1648//1648 1592//1592 1533//1533
f 605//605 1591//1591 1131//1131
f 1591//1591 605//605 1592//1592
f 1168//1168 1592//1592 605//605
f 1534//1534 1554//1554 1533//1533
f 1554//1554 1534//1534 1485//1485
f 1593//1593 1533//1533 1592//1592
f 1533//1533 1593//1593 1534//1534
f 1153//1153 1593//1593 1168//1168
f 1535//1535 1485//1485 1486//1486
f 537//537 1534//1534 1593//1593
f 1488//1488 1487//1487 1484//1484
f 1449//1449 364//364 885//885
f 710//710 720//720 187//187
f 1559//1559 1500//1500 1642//1642
f 1540//1540 1594//1594 1539//1539
f 1594//1594 1540//1540 1541//1541
f 1618//1618 1541//1541 1540//1540
f 1161//1161 1543//1543 1634//1634
f 1544//1544 1595//1595 1572//1572
f 1135//1135 1597//1597 1146//1146
f 1609//1609 1523//1523 1474//1474
f 1524//1524 1598//1598 1552//1552
f 1599//1599 1552//1552 1598//1598
f 1600//1600 1529//1529 1528//1528
f 1636//1636 1495//1495 1555//1555
f 1467//1467 1556//1556 1465//1465
f 1557//1557 1640//1640 1602//1602
f 1475//1475 1602//1602 1473//1473
f 1498//1498 1625//1625 1559//1559
f 1500//1500 1626//1626 1560//1560
f 1505//1505 1504//1504 1138//1138
f 1572//1572 1595//1595 1573//1573
f 1573//1573 1603//1603 1547//1547
f 1574//1574 1604//1604 1546//1546
f 1575//1575 1515//1515 1547//1547
f 1512//1512 1547//1547 1515//1515
f 1575//1575 1627//1627 1548//1548
f 1548//1548 1605//1605 1578//1578
f 1578//1578 1605//1605 1579//1579
f 1576//1576 1516//1516 1518//1518
f 1606//1606 1643//1643 1521//1521
f 1550//1550 1607//1607 1551//1551
f 1606//1606 1630//1630 1550//1550
f 1631//1631 1550//1550 1630//1630
f 1624//1624 1472//1472 1582//1582
f 1584//1584 1611//1611 1585//1585
f 1586//1586 1528//1528 1526//1526
f 1587//1587 1584//1584 1585//1585
f 1481//1481 1479//1479 1480//1480
f 1589//1589 1600//1600 1647//1647
f 1600//1600 1589//1589 1530//1530
f 1614//1614 1485//1485 1535//1535
f 1449//1449 885//885 380//380
f 1493//1493 1615//1615 1539//1539
f 1165//1165 1493//1493 1594//1594
f 1539//1539 1594//1594 1493//1493
f 1615//1615 1496//1496 1616//1616
f 1497//1497 1616//1616 1496//1496
f 1539//1539 1616//1616 1617//1617
f 1499//1499 1616//1616 1497//1497
f 1616//1616 1499//1499 1617//1617
f 1501//1501 1617//1617 1499//1499
f 1617//1617 1501//1501 1502//1502
f 1540//1540 1502//1502 1618//1618
f 1509//1509 1572//1572 1511//1511
f 1619//1619 1629//1629 1517//1517
f 1629//1629 1619//1619 1578//1578
f 1524//1524 1608//1608 1551//1551
f 1608//1608 1524//1524 1609//1609
f 1525//1525 1523//1523 1621//1621
f 1524//1524 1552//1552 1609//1609
f 1621//1621 1609//1609 1552//1552
f 1598//1598 1135//1135 1140//1140
f 1525//1525 1621//1621 1526//1526
f 1620//1620 1526//1526 1621//1621
f 1647//1647 1622//1622 1635//1635
f 1495//1495 1636//1636 1637//1637
f 1601//1601 1636//1636 1556//1556
f 1469//1469 1640//1640 1467//1467
f 1471//1471 1469//1469 1628//1628
f 1469//1469 1471//1471 1640//1640
f 1497//1497 1638//1638 1642//1642
f 1498//1498 1642//1642 1638//1638
f 1473//1473 1602//1602 1471//1471
f 1640//1640 1471//1471 1602//1602
f 1477//1477 1476//1476 1625//1625
f 1625//1625 1498//1498 1602//1602
f 1500//1500 1499//1499 1642//1642
f 1478//1478 1626//1626 1476//1476
f 1559//1559 1476//1476 1626//1626
f 1482//1482 1626//1626 1478//1478
f 1626//1626 1482//1482 1560//1560
f 1562//1562 1561//1561 1560//1560
f 1134//1134 1151//1151 1570//1570
f 1595//1595 1544//1544 1132//1132
f 1595//1595 1144//1144 1603//1603
f 1604//1604 1466//1466 1545//1545
f 1603//1603 1160//1160 1627//1627
f 1547//1547 1512//1512 1573//1573
f 1604//1604 1574//1574 1468//1468
f 1547//1547 1627//1627 1575//1575
f 1162//1162 1548//1548 1164//1164
f 1627//1627 1164//1164 1548//1548
f 1548//1548 1162//1162 1605//1605
f 1130//1130 1605//1605 1162//1162
f 1578//1578 1575//1575 1548//1548
f 1575//1575 1578//1578 1619//1619
f 1605//1605 1130//1130 1579//1579
f 1158//1158 1596//1596 1130//1130
f 1579//1579 1130//1130 1596//1596
f 1579//1579 1596//1596 1549//1549
f 1579//1579 1629//1629 1578//1578
f 1619//1619 1517//1517 1516//1516
f 1628//1628 1577//1577 1470//1470
f 1518//1518 1580//1580 1576//1576
f 1157//1157 1596//1596 1158//1158
f 1596//1596 1157//1157 1630//1630
f 1581//1581 1470//1470 1580//1580
f 1139//1139 1630//1630 1157//1157
f 1549//1549 1630//1630 1606//1606
f 1551//1551 1643//1643 1550//1550
f 1608//1608 1522//1522 1643//1643
f 1148//1148 1631//1631 1139//1139
f 1607//1607 1550//1550 1631//1631
f 1550//1550 1643//1643 1606//1606
f 1146//1146 1607//1607 1148//1148
f 1607//1607 1146//1146 1597//1597
f 1551//1551 1597//1597 1524//1524
f 1475//1475 1624//1624 1610//1610
f 1624//1624 1475//1475 1473//1473
f 1583//1583 1474//1474 1523//1523
f 1597//1597 1135//1135 1598//1598
f 1525//1525 1583//1583 1523//1523
f 1599//1599 1620//1620 1552//1552
f 1621//1621 1552//1552 1620//1620
f 1129//1129 1599//1599 1140//1140
f 1611//1611 1583//1583 1525//1525
f 1610//1610 1587//1587 1477//1477
f 1587//1587 1610//1610 1584//1584
f 1620//1620 1612//1612 1586//1586
f 1155//1155 1599//1599 1129//1129
f 1599//1599 1155//1155 1612//1612
f 1611//1611 1527//1527 1585//1585
f 1166//1166 1632//1632 1163//1163
f 1163//1163 1612//1612 1155//1155
f 1612//1612 1163//1163 1632//1632
f 1529//1529 1585//1585 1527//1527
f 1622//1622 1586//1586 1632//1632
f 1531//1531 1480//1480 1588//1588
f 1143//1143 1622//1622 1166//1166
f 1159//1159 1635//1635 1143//1143
f 1613//1613 1589//1589 1635//1635
f 1633//1633 1137//1137 518//518
f 1143//1143 131//131 1538//1538
f 1160//1160 1144//1144 819//819
f 1637//1637 1497//1497 1496//1496
f 1515//1515 1619//1619 1516//1516
f 1617//1617 1540//1540 1539//1539
f 1506//1506 1568//1568 1567//1567
f 1635//1635 1622//1622 1143//1143
f 1495//1495 1637//1637 1496//1496
f 1160//1160 1603//1603 1144//1144
f 1522//1522 1608//1608 1474//1474
f 794//794 1164//1164 1160//1160
f 1567//1567 1505//1505 1506//1506
f 1571//1571 1646//1646 1568//1568
f 1581//1581 1639//1639 1582//1582
f 1521//1521 1522//1522 1520//1520
f 1636//1636 1555//1555 1652//1652
f 1497//1497 1637//1637 1638//1638
f 1602//1602 1498//1498 1557//1557
f 1639//1639 1581//1581 1520//1520
f 1639//1639 1583//1583 1582//1582
f 1559//1559 1642//1642 1498//1498
f 1501//1501 1499//1499 1500//1500
f 1640//1640 1601//1601 1467//1467
f 1557//1557 1638//1638 1601//1601
f 1637//1637 1601//1601 1638//1638
f 1638//1638 1557//1557 1498//1498
f 1625//1625 1475//1475 1477//1477
f 1164//1164 1627//1627 1160//1160
f 1474//1474 1639//1639 1522//1522
f 97//97 98//98 1644//1644
f 1641//1641 434//434 435//435
f 1537//1537 1641//1641 1141//1141
f 1480//1480 1531//1531 1553//1553
f 1531//1531 1532//1532 1648//1648
f 1497//1497 1642//1642 1499//1499
f 1521//1521 1643//1643 1522//1522
f 1454//1454 861//861 1651//1651
f 450//450 1165//1165 1649//1649
f 450//450 1649//1649 982//982
f 1469//1469 1467//1467 1466//1466
f 1644//1644 102//102 103//103
f 1469//1469 1466//1466 1468//1468
f 1650//1650 1142//1142 1492//1492
f 1463//1463 1504//1504 1567//1567
f 1645//1645 1568//1568 1464//1464
f 1646//1646 1466//1466 1465//1465
f 1647//1647 1586//1586 1622//1622
f 1647//1647 1528//1528 1586//1586
f 1530//1530 1588//1588 1529//1529
f 1542//1542 133//133 642//642
f 1542//1542 642//642 102//102
f 97//97 1644//1644 103//103
f 1463//1463 1567//1567 1645//1645
f 1531//1531 1648//1648 1553//1553
f 392//392 393//393 1449//1449
f 392//392 1449//1449 380//380
f 98//98 96//96 1644//1644
f 860//860 851//851 1651//1651
f 1650//1650 1010//1010 982//982
f 1574//1574 1514//1514 1576//1576
f 1531//1531 1588//1588 1530//1530
f 1651//1651 861//861 860//860
f 1454//1454 1651//1651 339//339
f 1651//1651 851//851 339//339
f 1462//1462 1565//1565 1463//1463
f 1587//1587 1585//1585 1588//1588
f 1464//1464 1652//1652 1645//1645
f 1652//1652 1464//1464 1556//1556
f 1636//1636 1652//1652 1556//1556
f 1652//1652 1462//1462 1463//1463
f 1131//1131 1136//1136 1542//1542
f 1131//1131 1542//1542 102//102
f 1133//1133 1486//1486 1534//1534
f 364//364 365//365 1453//1453
f 364//364 1453//1453 1490//1490
f 537//537 1133//1133 1534//1534
# 3300 faces, 0 coords texture

# End of File
