# Generated by Visualization Toolkit
v 36.775699615478516 27.465599060058594 27.329099655151367
v 36.80421829223633 27.471439361572266 27.36046600341797
v 36.873477935791016 27.488571166992188 27.437589645385742
v 36.95902633666992 27.51641082763672 27.535015106201172
v 37.03675842285156 27.55436897277832 27.627635955810547
v 37.09531021118164 27.601839065551758 27.70340919494629
v 37.139522552490234 27.65818214416504 27.76691246032715
v 37.175289154052734 27.72275733947754 27.823801040649414
v 37.207847595214844 27.79489517211914 27.879056930541992
v 37.237579345703125 27.873716354370117 27.93268394470215
v 37.2626953125 27.958251953125 27.982471466064453
v 37.28140640258789 28.04752540588379 28.026203155517578
v 37.292476654052734 28.140567779541016 28.06232261657715
v 37.29598617553711 28.23639678955078 28.090839385986328
v 37.29222106933594 28.334033966064453 28.11199188232422
v 37.28145217895508 28.432504653930664 28.125999450683594
v 37.264076232910156 28.530851364135742 28.13275909423828
v 37.240577697753906 28.62814712524414 28.131885528564453
v 37.21145248413086 28.72345733642578 28.122982025146484
v 37.17719650268555 28.815866470336914 28.10573959350586
v 37.13834762573242 28.904537200927734 28.080322265625
v 37.095458984375 28.9886531829834 28.04704475402832
v 37.0490837097168 29.06740379333496 28.006229400634766
v 36.9997444152832 29.139999389648438 27.958215713500977
v 36.947906494140625 29.205699920654297 27.90338134765625
v 36.8940315246582 29.263771057128906 27.842111587524414
v 36.83858108520508 29.313459396362305 27.774816513061523
v 36.78204345703125 29.35380744934082 27.702272415161133
v 36.72493362426758 29.38370132446289 27.625520706176758
v 36.667755126953125 29.402023315429688 27.54560661315918
v 36.61097717285156 29.408004760742188 27.463624954223633
v 36.55486297607422 29.40228271484375 27.380861282348633
v 36.499637603759766 29.38585662841797 27.298646926879883
v 36.445518493652344 29.359722137451172 27.218313217163086
v 36.39255142211914 29.324764251708984 27.140941619873047
v 36.340538024902344 29.28170394897461 27.0672607421875
v 36.28926086425781 29.231246948242188 26.99796485900879
v 36.23849105834961 29.17411231994629 26.933732986450195
v 36.18793487548828 29.11111068725586 26.875032424926758
v 36.13726043701172 29.043119430541992 26.822200775146484
v 36.08613204956055 28.97101402282715 26.77557373046875
v 36.03425979614258 28.89562225341797 26.735490798950195
v 35.981536865234375 28.817577362060547 26.70228385925293
v 35.92790222167969 28.737464904785156 26.676286697387695
v 35.87328338623047 28.655881881713867 26.6578311920166
v 35.8173828125 28.573701858520508 26.647064208984375
v 35.75954055786133 28.49225425720215 26.643848419189453
v 35.69906234741211 28.412904739379883 26.648019790649414
v 35.635318756103516 28.33696937561035 26.65940284729004
v 35.568450927734375 28.265092849731445 26.67770767211914
v 35.49916076660156 28.19745445251465 26.702552795410156
v 35.428138732910156 28.134220123291016 26.733564376831055
v 35.35606384277344 28.075563430786133 26.7703914642334
v 35.2834587097168 28.021657943725586 26.81281089782715
v 35.2108039855957 27.972688674926758 26.860637664794922
v 35.138580322265625 27.928831100463867 26.9136905670166
v 35.067325592041016 27.890167236328125 26.971813201904297
v 34.99766159057617 27.856595993041992 27.034915924072266
v 34.93022537231445 27.827991485595703 27.10291290283203
v 34.86567306518555 27.804237365722656 27.175716400146484
v 34.80497360229492 27.785381317138672 27.253185272216797
v 34.74937438964844 27.771602630615234 27.335134506225586
v 34.70012664794922 27.763092041015625 27.421371459960938
v 34.658267974853516 27.759811401367188 27.511634826660156
v 34.62359619140625 27.76040267944336 27.605199813842773
v 34.595455169677734 27.763025283813477 27.701173782348633
v 34.57318878173828 27.76584243774414 27.798669815063477
v 34.55617141723633 27.767763137817383 27.896984100341797
v 34.543880462646484 27.769451141357422 27.995861053466797
v 34.53579330444336 27.77182388305664 28.095109939575195
v 34.531394958496094 27.775772094726562 28.194538116455078
v 34.53042221069336 27.781442642211914 28.29399871826172
v 34.53287124633789 27.788166046142578 28.39339828491211
v 34.53874206542969 27.79522705078125 28.49264144897461
v 34.54804611206055 27.80194091796875 28.591638565063477
v 34.56072235107422 27.807897567749023 28.690296173095703
v 34.57668685913086 27.812828063964844 28.788524627685547
v 34.595855712890625 27.816465377807617 28.886234283447266
v 34.61814498901367 27.818527221679688 28.98332977294922
v 34.643489837646484 27.818681716918945 29.07969856262207
v 34.67182922363281 27.816587448120117 29.175220489501953
v 34.70309066772461 27.811901092529297 29.2697811126709
v 34.737300872802734 27.80428695678711 29.3631649017334
v 34.77460479736328 27.793428421020508 29.455005645751953
v 34.815162658691406 27.779008865356445 29.5449161529541
v 34.85910415649414 27.760713577270508 29.632522583007812
v 34.90608596801758 27.738210678100586 29.71759796142578
v 34.95535659790039 27.71115493774414 29.80002784729004
v 35.00617599487305 27.6792049407959 29.87970542907715
v 35.05791473388672 27.642114639282227 29.95648956298828
v 35.11063003540039 27.60017967224121 30.03005599975586
v 35.164615631103516 27.553871154785156 30.100017547607422
v 35.22016143798828 27.5036678314209 30.165983200073242
v 35.277523040771484 27.450002670288086 30.22753143310547
v 35.336883544921875 27.393211364746094 30.284156799316406
v 35.398414611816406 27.3336238861084 30.335346221923828
v 35.4622802734375 27.271570205688477 30.380582809448242
v 35.52851104736328 27.2075138092041 30.419315338134766
v 35.597007751464844 27.14203643798828 30.45095443725586
v 35.66767120361328 27.07573127746582 30.474918365478516
v 35.74029541015625 27.009109497070312 30.490694046020508
v 35.81404113769531 26.94217300415039 30.498258590698242
v 35.88782501220703 26.874732971191406 30.49778175354004
v 35.96055221557617 26.806594848632812 30.48942756652832
v 36.0311393737793 26.73759651184082 30.473371505737305
v 36.09851837158203 26.667640686035156 30.44980239868164
v 36.1616096496582 26.596633911132812 30.418914794921875
v 36.219364166259766 26.52451515197754 30.38089942932129
v 36.27112579345703 26.45169448852539 30.33599853515625
v 36.316566467285156 26.378976821899414 30.284482955932617
v 36.35538101196289 26.307180404663086 30.22663116455078
v 36.387245178222656 26.237083435058594 30.162763595581055
v 36.41178512573242 26.16927146911621 30.09344482421875
v 36.42863464355469 26.104263305664062 30.019309997558594
v 36.437408447265625 26.042585372924805 29.940998077392578
v 36.43783950805664 25.98486328125 29.85918426513672
v 36.42982482910156 25.931886672973633 29.774616241455078
v 36.41328048706055 25.884462356567383 29.688051223754883
v 36.38814163208008 25.84339141845703 29.600255966186523
v 36.354583740234375 25.809431076049805 29.512174606323242
v 36.31291198730469 25.783313751220703 29.424856185913086
v 36.2634391784668 25.765764236450195 29.33934783935547
v 36.206634521484375 25.75749397277832 29.256797790527344
v 36.143470764160156 25.759140014648438 29.17864418029785
v 36.07500076293945 25.771333694458008 29.106388092041016
v 36.002296447753906 25.794660568237305 29.041501998901367
v 35.926658630371094 25.828887939453125 28.98508071899414
v 35.84961700439453 25.87298011779785 28.937835693359375
v 35.772708892822266 25.925874710083008 28.900468826293945
v 35.6973991394043 25.986507415771484 28.873544692993164
v 35.62485122680664 26.05378532409668 28.857036590576172
v 35.55615234375 26.126619338989258 28.850757598876953
v 35.49237823486328 26.20391082763672 28.854516983032227
v 35.43431854248047 26.28449821472168 28.86805534362793
v 35.38239288330078 26.367128372192383 28.891021728515625
v 35.337013244628906 26.450542449951172 28.923053741455078
v 35.298545837402344 26.533523559570312 28.96375846862793
v 35.26716613769531 26.615156173706055 29.012449264526367
v 35.24293899536133 26.694684982299805 29.068294525146484
v 35.22593307495117 26.771350860595703 29.130462646484375
v 35.2161979675293 26.84443473815918 29.198152542114258
v 35.213748931884766 26.913326263427734 29.270662307739258
v 35.218597412109375 26.97743797302246 29.347309112548828
v 35.23074722290039 27.03618049621582 29.42740249633789
v 35.250186920166016 27.088973999023438 29.510183334350586
v 35.27689743041992 27.13525390625 29.59481430053711
v 35.310848236083984 27.174448013305664 29.680448532104492
v 35.35198211669922 27.206003189086914 29.766212463378906
v 35.400089263916016 27.229433059692383 29.85098648071289
v 35.45486831665039 27.24428939819336 29.933547973632812
v 35.516021728515625 27.2501220703125 30.012672424316406
v 35.58312225341797 27.24654769897461 30.087087631225586
v 35.6553955078125 27.233360290527344 30.155406951904297
v 35.732025146484375 27.210378646850586 30.216218948364258
v 35.812156677246094 27.177461624145508 30.26810646057129
v 35.89435958862305 27.135204315185547 30.30936622619629
v 35.97671127319336 27.084814071655273 30.338058471679688
v 36.057273864746094 27.027523040771484 30.352237701416016
v 36.13433074951172 26.964569091796875 30.350811004638672
v 36.20703125 26.8972110748291 30.335901260375977
v 36.27471160888672 26.82671546936035 30.310388565063477
v 36.336727142333984 26.75433349609375 30.277082443237305
v 36.39251708984375 26.681058883666992 30.237279891967773
v 36.44160461425781 26.607629776000977 30.1907901763916
v 36.483524322509766 26.534770965576172 30.137353897094727
v 36.517860412597656 26.463220596313477 30.076854705810547
v 36.544490814208984 26.393783569335938 30.00989532470703
v 36.56337356567383 26.327287673950195 29.93730926513672
v 36.57447052001953 26.264558792114258 29.859926223754883
v 36.577850341796875 26.206375122070312 29.77851104736328
v 36.573734283447266 26.153446197509766 29.6937198638916
v 36.56235122680664 26.10647201538086 29.606203079223633
v 36.5439567565918 26.06613540649414 29.51661491394043
v 36.51897430419922 26.0329532623291 29.425649642944336
v 36.48792266845703 26.00735092163086 29.334022521972656
v 36.45132064819336 25.989757537841797 29.242454528808594
v 36.409725189208984 25.9805965423584 29.151710510253906
v 36.36379623413086 25.98030662536621 29.062698364257812
v 36.314212799072266 25.98932456970215 28.976343154907227
v 36.261653900146484 26.008047103881836 28.893550872802734
v 36.20692443847656 26.036182403564453 28.814847946166992
v 36.150917053222656 26.072824478149414 28.740419387817383
v 36.09452819824219 26.117048263549805 28.670440673828125
v 36.03853988647461 26.167991638183594 28.60511589050293
v 35.983154296875 26.22511863708496 28.54477882385254
v 35.92840576171875 26.287979125976562 28.489809036254883
v 35.87433624267578 26.356122970581055 28.440576553344727
v 35.82108688354492 26.429088592529297 28.397558212280273
v 35.768978118896484 26.506393432617188 28.361398696899414
v 35.71834945678711 26.58755111694336 28.332767486572266
v 35.669525146484375 26.672067642211914 28.312259674072266
v 35.622779846191406 26.75933265686035 28.299585342407227
v 35.57831573486328 26.84865379333496 28.293813705444336
v 35.536354064941406 26.9393367767334 28.293994903564453
v 35.496883392333984 27.030712127685547 28.299291610717773
v 35.45893096923828 27.122224807739258 28.309343338012695
v 35.4212532043457 27.213350296020508 28.323925018310547
v 35.38262939453125 27.303571701049805 28.34280776977539
v 35.34347152709961 27.392995834350586 28.365201950073242
v 35.30704879760742 27.482807159423828 28.38935089111328
v 35.27692413330078 27.57430648803711 28.413400650024414
v 35.25645446777344 27.668691635131836 28.435577392578125
v 35.24623107910156 27.765830993652344 28.45521354675293
v 35.244789123535156 27.864599227905273 28.47246742248535
v 35.25060272216797 27.963844299316406 28.487518310546875
v 35.26253128051758 28.062522888183594 28.500612258911133
v 35.280845642089844 28.159992218017578 28.512256622314453
v 35.306148529052734 28.25570297241211 28.523021697998047
v 35.339027404785156 28.349109649658203 28.53346061706543
v 35.37962341308594 28.439687728881836 28.543663024902344
v 35.42747497558594 28.52694320678711 28.55307388305664
v 35.4820671081543 28.610389709472656 28.561086654663086
v 35.54292297363281 28.689512252807617 28.56722640991211
v 35.60980224609375 28.763593673706055 28.572141647338867
v 35.68259811401367 28.83180809020996 28.57708740234375
v 35.761199951171875 28.893321990966797 28.583324432373047
v 35.845191955566406 28.94739532470703 28.592296600341797
v 35.93314743041992 28.993549346923828 28.606048583984375
v 36.02342987060547 29.0313663482666 28.626741409301758
v 36.11441421508789 29.060436248779297 28.6564884185791
v 36.204410552978516 29.080562591552734 28.696044921875
v 36.291690826416016 29.091806411743164 28.74462890625
v 36.374507904052734 29.094236373901367 28.80137062072754
v 36.45138931274414 29.08789825439453 28.8652400970459
v 36.522254943847656 29.07271957397461 28.934349060058594
v 36.58749771118164 29.048582077026367 29.006511688232422
v 36.64751434326172 29.01537322998047 29.079547882080078
v 36.70310974121094 28.973262786865234 29.15134620666504
v 36.755672454833984 28.922832489013672 29.219892501831055
v 36.806640625 28.864702224731445 29.283187866210938
v 36.85728454589844 28.79950523376465 29.339393615722656
v 36.90744400024414 28.72797966003418 29.388017654418945
v 36.95625686645508 28.650922775268555 29.429227828979492
v 37.002864837646484 28.569129943847656 29.463193893432617
v 37.046749114990234 28.483394622802734 29.489906311035156
v 37.088199615478516 28.394515991210938 29.508926391601562
v 37.127620697021484 28.30329132080078 29.519750595092773
v 37.165340423583984 28.210498809814453 29.52191734313965
v 37.200096130371094 28.11661720275879 29.5157413482666
v 37.229248046875 28.02186393737793 29.502201080322266
v 37.25011444091797 27.92644500732422 29.482303619384766
v 37.26057052612305 27.8306827545166 29.456954956054688
v 37.261077880859375 27.735435485839844 29.426607131958008
v 37.252891540527344 27.641725540161133 29.391576766967773
v 37.237239837646484 27.550575256347656 29.352170944213867
v 37.214988708496094 27.4631290435791 29.308334350585938
v 37.18644714355469 27.380706787109375 29.25948143005371
v 37.15188217163086 27.304645538330078 29.20498275756836
v 37.1116943359375 27.2362117767334 29.144302368164062
v 37.06718826293945 27.176193237304688 29.07758331298828
v 37.02006912231445 27.12516975402832 29.005260467529297
v 36.97203826904297 27.083715438842773 28.927770614624023
v 36.92433547973633 27.052001953125 28.845775604248047
v 36.877418518066406 27.02951431274414 28.760332107543945
v 36.831668853759766 27.015670776367188 28.672523498535156
v 36.78734588623047 27.009801864624023 28.58340835571289
v 36.74380111694336 27.010570526123047 28.493797302246094
v 36.69997787475586 27.016324996948242 28.404388427734375
v 36.654815673828125 27.025426864624023 28.315874099731445
v 36.60768127441406 27.036943435668945 28.228748321533203
v 36.55880355834961 27.051328659057617 28.14312171936035
v 36.50849533081055 27.069189071655273 28.05905532836914
v 36.457061767578125 27.091094970703125 27.97662353515625
v 36.404685974121094 27.11722183227539 27.895967483520508
v 36.351470947265625 27.14752197265625 27.817276000976562
v 36.29753112792969 27.18193817138672 27.74073600769043
v 36.24306106567383 27.220460891723633 27.666528701782227
v 36.18845748901367 27.26317596435547 27.594825744628906
v 36.1341438293457 27.3101806640625 27.525794982910156
v 36.08053207397461 27.361547470092773 27.459579467773438
v 36.02771759033203 27.416961669921875 27.39602279663086
v 35.97559356689453 27.47583770751953 27.334753036499023
v 35.924041748046875 27.53758430480957 27.2753963470459
v 35.873329162597656 27.602025985717773 27.217912673950195
v 35.82490158081055 27.670259475708008 27.163314819335938
v 35.78043746948242 27.74363136291504 27.112804412841797
v 35.74158477783203 27.823429107666016 27.067569732666016
v 35.70960998535156 27.90967559814453 27.028230667114258
v 35.68537139892578 28.001100540161133 26.994844436645508
v 35.669708251953125 28.096376419067383 26.96743392944336
v 35.66331481933594 28.194189071655273 26.946102142333984
v 35.666168212890625 28.29327964782715 26.931291580200195
v 35.67805099487305 28.392410278320312 26.923545837402344
v 35.6987419128418 28.490345001220703 26.923397064208984
v 35.72781753540039 28.585874557495117 26.931079864501953
v 35.76462173461914 28.67782211303711 26.94646644592285
v 35.80849838256836 28.765018463134766 26.96940803527832
v 35.85874938964844 28.846315383911133 26.999731063842773
v 35.91458511352539 28.92068862915039 27.03713035583496
v 35.97517013549805 28.98715591430664 27.081260681152344
v 36.03968048095703 29.044742584228516 27.131763458251953
v 36.107391357421875 29.092653274536133 27.187938690185547
v 36.17776107788086 29.130373001098633 27.248544692993164
v 36.250247955322266 29.15740966796875 27.312301635742188
v 36.32430648803711 29.173307418823242 27.37793731689453
v 36.399322509765625 29.177919387817383 27.444229125976562
v 36.47464370727539 29.171255111694336 27.509979248046875
v 36.54960632324219 29.1533203125 27.573991775512695
v 36.62356185913086 29.12427520751953 27.635093688964844
v 36.69581985473633 29.084632873535156 27.692150115966797
v 36.76571273803711 29.034955978393555 27.74403953552246
v 36.83254623413086 28.9758243560791 27.78965187072754
v 36.89562225341797 28.908063888549805 27.828115463256836
v 36.95421600341797 28.832672119140625 27.858732223510742
v 37.007591247558594 28.750661849975586 27.880809783935547
v 37.0550537109375 28.663135528564453 27.893709182739258
v 37.095970153808594 28.5715274810791 27.896974563598633
v 37.129737854003906 28.477346420288086 27.89019012451172
v 37.15574645996094 28.382099151611328 27.872970581054688
v 37.173553466796875 28.28729820251465 27.845462799072266
v 37.182865142822266 28.194461822509766 27.808353424072266
v 37.18338394165039 28.105112075805664 27.762346267700195
v 37.17485809326172 28.020780563354492 27.708208084106445
v 37.15715408325195 27.943077087402344 27.646955490112305
v 37.13017272949219 27.873624801635742 27.579669952392578
v 37.09382247924805 27.81403350830078 27.507450103759766
v 37.04832077026367 27.765499114990234 27.431943893432617
v 36.99420928955078 27.72874641418457 27.35542869567871
v 36.932064056396484 27.7044677734375 27.28022003173828
v 36.862548828125 27.69314956665039 27.208566665649414
v 36.78678894042969 27.694292068481445 27.14242935180664
v 36.706050872802734 27.707088470458984 27.08367919921875
v 36.62158966064453 27.7307186126709 27.034181594848633
v 36.534549713134766 27.763660430908203 26.995689392089844
v 36.44593048095703 27.803585052490234 26.969816207885742
v 36.35672378540039 27.848115921020508 26.958171844482422
v 36.26793670654297 27.89482307434082 26.962018966674805
v 36.180606842041016 27.941007614135742 26.981040954589844
v 36.095787048339844 27.983896255493164 27.01446533203125
v 36.01453399658203 28.0207462310791 27.061504364013672
v 35.93830108642578 28.04966926574707 27.120962142944336
v 35.868934631347656 28.06969451904297 27.191207885742188
v 35.808311462402344 28.079898834228516 27.27058219909668
v 35.75782775878906 28.079452514648438 27.35721778869629
v 35.71696090698242 28.067899703979492 27.448387145996094
v 35.68471908569336 28.044876098632812 27.54114532470703
v 35.66010665893555 28.01003646850586 27.6325626373291
v 35.64207458496094 27.963497161865234 27.720067977905273
v 35.6295280456543 27.905933380126953 27.8015193939209
v 35.621368408203125 27.838045120239258 27.874797821044922
v 35.61669921875 27.760690689086914 27.938060760498047
v 35.6159553527832 27.675703048706055 27.991233825683594
v 35.62009811401367 27.585309982299805 28.034955978393555
v 35.630088806152344 27.491737365722656 28.069868087768555
v 35.64670181274414 27.396902084350586 28.096948623657227
v 35.67030334472656 27.302082061767578 28.117876052856445
v 35.70121765136719 27.208473205566406 28.134416580200195
v 35.73973846435547 27.11726188659668 28.148311614990234
v 35.785884857177734 27.02945327758789 28.160804748535156
v 35.839447021484375 26.945911407470703 28.17274284362793
v 35.900203704833984 26.86749839782715 28.18495750427246
v 35.96784973144531 26.79505157470703 28.198312759399414
v 36.04167175292969 26.729320526123047 28.21379852294922
v 36.120819091796875 26.671024322509766 28.232450485229492
v 36.20444107055664 26.62087631225586 28.255300521850586
v 36.29145050048828 26.579492568969727 28.283199310302734
v 36.38031768798828 26.54730796813965 28.316675186157227
v 36.46946716308594 26.524736404418945 28.356220245361328
v 36.55735778808594 26.512142181396484 28.402267456054688
v 36.64273452758789 26.50930404663086 28.454505920410156
v 36.724544525146484 26.515625 28.512149810791016
v 36.801734924316406 26.530494689941406 28.57440185546875
v 36.873409271240234 26.55331039428711 28.640472412109375
v 36.939144134521484 26.583467483520508 28.709604263305664
v 36.99861526489258 26.620365142822266 28.78104019165039
v 37.0515022277832 26.66340446472168 28.854026794433594
v 37.09781265258789 26.712017059326172 28.927886962890625
v 37.13787078857422 26.765674591064453 29.00201416015625
v 37.17203140258789 26.823843002319336 29.075809478759766
v 37.200584411621094 26.88604164123535 29.1486759185791
v 37.22355270385742 26.952043533325195 29.22003746032715
v 37.2408561706543 27.021724700927734 29.289331436157227
v 37.25241470336914 27.09496307373047 29.355989456176758
v 37.25860595703125 27.171655654907227 29.419403076171875
v 37.260799407958984 27.25176429748535 29.478862762451172
v 37.26047134399414 27.335250854492188 29.53365135192871
v 37.259002685546875 27.422035217285156 29.583118438720703
v 37.25556182861328 27.51128387451172 29.627880096435547
v 37.24739074707031 27.60148811340332 29.669673919677734
v 37.231658935546875 27.691118240356445 29.71027374267578
v 37.205867767333984 27.77861785888672 29.75128173828125
v 37.16963195800781 27.86227035522461 29.7932071685791
v 37.123382568359375 27.940290451049805 29.836122512817383
v 37.06756591796875 28.010902404785156 29.88010025024414
v 37.00289535522461 28.072816848754883 29.924972534179688
v 36.9306526184082 28.125707626342773 29.970083236694336
v 36.8521728515625 28.169368743896484 30.01473045349121
v 36.768768310546875 28.20363998413086 30.05819320678711
v 36.681365966796875 28.228946685791016 30.09963035583496
v 36.590667724609375 28.24608612060547 30.13812828063965
v 36.497371673583984 28.255855560302734 30.172767639160156
v 36.4021110534668 28.259109497070312 30.202672958374023
v 36.30531311035156 28.25687026977539 30.227128982543945
v 36.207359313964844 28.250194549560547 30.24544906616211
v 36.10863494873047 28.240140914916992 30.25695037841797
v 36.009578704833984 28.227773666381836 30.261024475097656
v 35.91069030761719 28.214157104492188 30.25716209411621
v 35.81247329711914 28.200359344482422 30.244857788085938
v 35.71547317504883 28.187448501586914 30.2236385345459
v 35.62063217163086 28.1765079498291 30.193281173706055
v 35.5290641784668 28.16862678527832 30.153682708740234
v 35.44187545776367 28.16489028930664 30.104738235473633
v 35.36026382446289 28.166025161743164 30.046566009521484
v 35.28559494018555 28.171878814697266 29.979816436767578
v 35.219261169433594 28.182178497314453 29.90521812438965
v 35.162654876708984 28.196617126464844 29.823522567749023
v 35.11696243286133 28.214508056640625 29.735816955566406
v 35.0832405090332 28.234865188598633 29.643449783325195
v 35.06253433227539 28.256702423095703 29.54776954650879
v 35.05561065673828 28.278955459594727 29.450178146362305
v 35.062286376953125 28.30033302307129 29.352243423461914
v 35.0821647644043 28.31949234008789 29.255565643310547
v 35.114837646484375 28.335084915161133 29.161739349365234
v 35.15936279296875 28.34575080871582 29.072187423706055
v 35.21426773071289 28.35011863708496 28.988161087036133
v 35.278072357177734 28.3468074798584 28.910905838012695
v 35.34919357299805 28.334671020507812 28.84147834777832
v 35.42566680908203 28.31363868713379 28.78006362915039
v 35.505393981933594 28.283950805664062 28.726593017578125
v 35.58629608154297 28.245849609375 28.680992126464844
v 35.666595458984375 28.19965171813965 28.642925262451172
v 35.74496078491211 28.145784378051758 28.611690521240234
v 35.82008743286133 28.08468246459961 28.586549758911133
v 35.89073181152344 28.016794204711914 28.56678581237793
v 35.95610427856445 27.94270133972168 28.55182647705078
v 36.01565933227539 27.863052368164062 28.541173934936523
v 36.0688591003418 27.778499603271484 28.534332275390625
v 36.115081787109375 27.6896915435791 28.530670166015625
v 36.15348434448242 27.597272872924805 28.52913475036621
v 36.183170318603516 27.501893997192383 28.528594970703125
v 36.203285217285156 27.40420150756836 28.527965545654297
v 36.21417236328125 27.304960250854492 28.5277156829834
v 36.217594146728516 27.20507049560547 28.53017234802246
v 36.21540451049805 27.105440139770508 28.537763595581055
v 36.20932388305664 27.006935119628906 28.55267333984375
v 36.200042724609375 26.910079956054688 28.575016021728516
v 36.187740325927734 26.81522560119629 28.60390281677246
v 36.1725959777832 26.722728729248047 28.6384334564209
v 36.15491485595703 26.632841110229492 28.677860260009766
v 36.135311126708984 26.545549392700195 28.72182846069336
v 36.11447525024414 26.460790634155273 28.770048141479492
v 36.09306335449219 26.378524780273438 28.822254180908203
v 36.07127380371094 26.299175262451172 28.87860679626465
v 36.04880142211914 26.22365951538086 28.939727783203125
v 36.02532196044922 26.152921676635742 29.006261825561523
v 36.00053024291992 26.088041305541992 29.078777313232422
v 35.97428512573242 26.03110694885254 29.15729522705078
v 35.9465217590332 25.98465919494629 29.241588592529297
v 35.917179107666016 25.95123863220215 29.33142852783203
v 35.88639450073242 25.932886123657227 29.425790786743164
v 35.85480499267578 25.930458068847656 29.521793365478516
v 35.82311248779297 25.944650650024414 29.616287231445312
v 35.7918815612793 25.975933074951172 29.706201553344727
v 35.7601432800293 26.022430419921875 29.78936767578125
v 35.72600555419922 26.080825805664062 29.86416244506836
v 35.68754959106445 26.147790908813477 29.928970336914062
v 35.64358901977539 26.220487594604492 29.982589721679688
v 35.59454345703125 26.297189712524414 30.02474021911621
v 35.541046142578125 26.37632179260254 30.05527114868164
v 35.48375701904297 26.456340789794922 30.074058532714844
v 35.42352294921875 26.53607177734375 30.081308364868164
v 35.361305236816406 26.61456298828125 30.07742691040039
v 35.29806900024414 26.69086456298828 30.062820434570312
v 35.234718322753906 26.764198303222656 30.038007736206055
v 35.17200469970703 26.834213256835938 30.00377082824707
v 35.11065673828125 26.900623321533203 29.960939407348633
v 35.0513916015625 26.96317481994629 29.91033935546875
v 34.99491882324219 27.022058486938477 29.8527889251709
v 34.941925048828125 27.077817916870117 29.78910255432129
v 34.89309310913086 27.13100814819336 29.720088958740234
v 34.84895324707031 27.182010650634766 29.646488189697266
v 34.809391021728516 27.230506896972656 29.568750381469727
v 34.77414321899414 27.276012420654297 29.487247467041016
v 34.74293899536133 27.31804084777832 29.40235710144043
v 34.715293884277344 27.356218338012695 29.314495086669922
v 34.69044494628906 27.390317916870117 29.224124908447266
v 34.66759490966797 27.42013168334961 29.13172149658203
v 34.64604949951172 27.445486068725586 29.03773307800293
v 34.62599563598633 27.46657943725586 28.942405700683594
v 34.60810089111328 27.48381805419922 28.845876693725586
v 34.59304428100586 27.497604370117188 28.74828338623047
v 34.581459045410156 27.508207321166992 28.649784088134766
v 34.57391357421875 27.515499114990234 28.55061149597168
v 34.570945739746094 27.519285202026367 28.45100212097168
v 34.57310104370117 27.51943588256836 28.351207733154297
v 34.5809326171875 27.51711082458496 28.251636505126953
v 34.59498977661133 27.514680862426758 28.152849197387695
v 34.61583709716797 27.514564514160156 28.0554141998291
v 34.6439094543457 27.518634796142578 27.959882736206055
v 34.679100036621094 27.526105880737305 27.866744995117188
v 34.72111511230469 27.535371780395508 27.776472091674805
v 34.76967239379883 27.54483413696289 27.689533233642578
v 34.82453155517578 27.55320930480957 27.606409072875977
v 34.88550567626953 27.55970001220703 27.527605056762695
v 34.952423095703125 27.563541412353516 27.453622817993164
v 35.02507400512695 27.563983917236328 27.384977340698242
v 35.10293197631836 27.560373306274414 27.322280883789062
v 35.18531799316406 27.55209732055664 27.266199111938477
v 35.27154541015625 27.538551330566406 27.217395782470703
v 35.36086654663086 27.519399642944336 27.17650032043457
v 35.45237731933594 27.494949340820312 27.144062042236328
v 35.5451545715332 27.465599060058594 27.120615005493164
v 35.63827896118164 27.4317569732666 27.106670379638672
v 35.73081970214844 27.393901824951172 27.10235023498535
v 35.82185745239258 27.352569580078125 27.107498168945312
v 35.91046142578125 27.308292388916016 27.121950149536133
v 35.995784759521484 27.26165771484375 27.145511627197266
v 36.07723617553711 27.213417053222656 27.1778621673584
v 36.154293060302734 27.164369583129883 27.21865463256836
v 36.2264289855957 27.115299224853516 27.267539978027344
v 36.29315948486328 27.066871643066406 27.324094772338867
v 36.35404586791992 27.019607543945312 27.38780403137207
v 36.40864562988281 26.974018096923828 27.458152770996094
v 36.4565315246582 26.930654525756836 27.53461456298828
v 36.49736022949219 26.890329360961914 27.61661720275879
v 36.53081512451172 26.853954315185547 27.703569412231445
v 36.55658721923828 26.822444915771484 27.794876098632812
v 36.57448959350586 26.796602249145508 27.88982391357422
v 36.584598541259766 26.77703857421875 27.98746681213379
v 36.58700180053711 26.764341354370117 28.08683204650879
v 36.58182144165039 26.75912094116211 28.18692398071289
v 36.56946563720703 26.762235641479492 28.286479949951172
v 36.550506591796875 26.774690628051758 28.384071350097656
v 36.5255241394043 26.797496795654297 28.478269577026367
v 36.49541091918945 26.831396102905273 28.567676544189453
v 36.461936950683594 26.87637710571289 28.650981903076172
v 36.42704391479492 26.932292938232422 28.726898193359375
v 36.39264678955078 26.998958587646484 28.794130325317383
v 36.36050796508789 27.075471878051758 28.851408004760742
v 36.332237243652344 27.16032600402832 28.89747428894043
v 36.309444427490234 27.251989364624023 28.931072235107422
v 36.293338775634766 27.348806381225586 28.951208114624023
v 36.28369903564453 27.448638916015625 28.95785903930664
v 36.27996063232422 27.549243927001953 28.95121955871582
v 36.28154373168945 27.64837074279785 28.93147850036621
v 36.287471771240234 27.74365997314453 28.898672103881836
v 36.296390533447266 27.8326473236084 28.852685928344727
v 36.30693435668945 27.912870407104492 28.79339599609375
v 36.31764221191406 27.981956481933594 28.7210693359375
v 36.326698303222656 28.037939071655273 28.6375789642334
v 36.33218765258789 28.078964233398438 28.545223236083984
v 36.332210540771484 28.10323143005371 28.446361541748047
v 36.324928283691406 28.110231399536133 28.34466552734375
v 36.308589935302734 28.100709915161133 28.24509620666504
v 36.28143310546875 28.075464248657227 28.152660369873047
v 36.242733001708984 28.03586769104004 28.070932388305664
v 36.1950569152832 27.98515510559082 27.998868942260742
v 36.141639709472656 27.92693328857422 27.934497833251953
v 36.08549880981445 27.86469078063965 27.876062393188477
v 36.02689743041992 27.80044174194336 27.824615478515625
v 35.96418380737305 27.735166549682617 27.78314781188965
v 35.89566421508789 27.669822692871094 27.75469207763672
v 35.82045364379883 27.605527877807617 27.741579055786133
v 35.74053192138672 27.543947219848633 27.743621826171875
v 35.65851974487305 27.48686981201172 27.76007843017578
v 35.57699203491211 27.43601417541504 27.79017448425293
v 35.4976921081543 27.391935348510742 27.832714080810547
v 35.42165756225586 27.35419273376465 27.886131286621094
v 35.34991455078125 27.322317123413086 27.948854446411133
v 35.283424377441406 27.296066284179688 28.019437789916992
v 35.22296905517578 27.27601432800293 28.09689712524414
v 35.16928482055664 27.26289939880371 28.180343627929688
v 35.12311553955078 27.257457733154297 28.268888473510742
v 35.085060119628906 27.259963989257812 28.361469268798828
v 35.05556869506836 27.270112991333008 28.456798553466797
v 35.035057067871094 27.287561416625977 28.55358123779297
v 35.023956298828125 27.311960220336914 28.65049934387207
v 35.02262496948242 27.342893600463867 28.74609375
v 35.031410217285156 27.379920959472656 28.838842391967773
v 35.05064392089844 27.422597885131836 28.927213668823242
v 35.08026123046875 27.470338821411133 29.009944915771484
v 35.1191520690918 27.522193908691406 29.086427688598633
v 35.166053771972656 27.577159881591797 29.15615463256836
v 35.21970748901367 27.634239196777344 29.218643188476562
v 35.2791748046875 27.69264793395996 29.273778915405273
v 35.34379196166992 27.751802444458008 29.321807861328125
v 35.41291427612305 27.81112289428711 29.362985610961914
v 35.485897064208984 27.87009620666504 29.397506713867188
v 35.56205749511719 27.928579330444336 29.42518424987793
v 35.640708923339844 27.986574172973633 29.445695877075195
v 35.721160888671875 28.044076919555664 29.458721160888672
v 35.80303955078125 28.100688934326172 29.46466827392578
v 35.88666915893555 28.155113220214844 29.46560287475586
v 35.97246551513672 28.2059268951416 29.463821411132812
v 36.06084060668945 28.251754760742188 29.461538314819336
v 36.1517219543457 28.292268753051758 29.458988189697266
v 36.244564056396484 28.32823371887207 29.454360961914062
v 36.338802337646484 28.360458374023438 29.445755004882812
v 36.43379592895508 28.389747619628906 29.431297302246094
v 36.52814483642578 28.416784286499023 29.409456253051758
v 36.619972229003906 28.442184448242188 29.3789119720459
v 36.707401275634766 28.466562271118164 29.33834457397461
v 36.78881072998047 28.490331649780273 29.286785125732422
v 36.86385726928711 28.512907028198242 29.22502899169922
v 36.93260955810547 28.533382415771484 29.154436111450195
v 36.99513244628906 28.55084991455078 29.076364517211914
v 37.050537109375 28.564258575439453 28.992046356201172
v 37.096065521240234 28.572275161743164 28.9024658203125
v 37.12873840332031 28.573530197143555 28.808576583862305
v 37.145782470703125 28.56684112548828 28.71137046813965
v 37.14714431762695 28.5534610748291 28.612363815307617
v 37.13471603393555 28.53639030456543 28.513439178466797
v 37.11042404174805 28.51866340637207 28.416486740112305
v 37.07594299316406 28.503053665161133 28.323076248168945
v 37.03213882446289 28.491548538208008 28.233797073364258
v 36.979732513427734 28.48598289489746 28.1490535736084
v 36.919464111328125 28.488162994384766 28.069272994995117
v 36.8524055480957 28.49915313720703 27.995346069335938
v 36.77997970581055 28.519283294677734 27.928627014160156
v 36.703617095947266 28.548851013183594 27.87049102783203
v 36.62481689453125 28.58802032470703 27.822153091430664
v 36.54536819458008 28.636323928833008 27.784048080444336
v 36.467166900634766 28.693092346191406 27.756366729736328
v 36.3921012878418 28.75765037536621 27.73929786682129
v 36.3217658996582 28.82906723022461 27.732873916625977
v 36.257354736328125 28.90604019165039 27.73691177368164
v 36.20002365112305 28.987241744995117 27.75120735168457
v 36.15087127685547 29.07132339477539 27.775527954101562
v 36.11053466796875 29.156814575195312 27.809377670288086
v 36.07944869995117 29.242185592651367 27.852140426635742
v 36.05802917480469 29.32590103149414 27.903200149536133
v 36.04652404785156 29.40648078918457 27.961872100830078
v 36.044769287109375 29.4825439453125 28.02732276916504
v 36.052555084228516 29.55272674560547 28.098695755004883
v 36.06962966918945 29.615671157836914 28.175132751464844
v 36.09538650512695 29.67005729675293 28.255645751953125
v 36.128910064697266 29.71460723876953 28.339155197143555
v 36.1693000793457 29.748035430908203 28.424579620361328
v 36.21564483642578 29.76934814453125 28.510784149169922
v 36.26706314086914 29.778615951538086 28.596426010131836
v 36.322662353515625 29.776159286499023 28.680118560791016
v 36.381561279296875 29.762298583984375 28.76047706604004
v 36.4427490234375 29.737384796142578 28.83625602722168
v 36.505088806152344 29.701801300048828 28.906356811523438
v 36.56743240356445 29.655933380126953 28.96969223022461
v 36.62874984741211 29.600330352783203 29.025354385375977
v 36.68873596191406 29.536508560180664 29.073490142822266
v 36.74733352661133 29.466344833374023 29.114635467529297
v 36.804500579833984 29.391704559326172 29.149322509765625
v 36.86005783081055 29.313859939575195 29.178091049194336
v 36.91361999511719 29.23308753967285 29.201486587524414
v 36.96478271484375 29.149566650390625 29.220054626464844
v 37.01312255859375 29.063472747802734 29.234342575073242
v 37.05805206298828 28.9749755859375 29.244897842407227
v 37.098854064941406 28.884235382080078 29.25227165222168
v 37.13481903076172 28.791410446166992 29.257015228271484
v 37.165504455566406 28.696712493896484 29.25962257385254
v 37.191654205322266 28.600563049316406 29.260356903076172
v 37.21431350708008 28.503437042236328 29.259418487548828
v 37.23453903198242 28.40581512451172 29.257001876831055
v 37.25300216674805 28.308021545410156 29.252897262573242
v 37.269710540771484 28.21010971069336 29.246166229248047
v 37.28458786010742 28.11210060119629 29.235782623291016
v 37.297515869140625 28.014041900634766 29.220745086669922
v 37.307376861572266 27.916391372680664 29.200403213500977
v 37.31216812133789 27.819984436035156 29.174423217773438
v 37.30985641479492 27.725669860839844 29.142486572265625
v 37.29882049560547 27.634302139282227 29.104280471801758
v 37.280235290527344 27.546781539916992 29.059574127197266
v 37.256431579589844 27.464025497436523 29.0081729888916
v 37.229732513427734 27.38694953918457 28.949880599975586
v 37.201725006103516 27.316295623779297 28.884815216064453
v 37.17222595214844 27.25239372253418 28.81383514404297
v 37.140804290771484 27.19551658630371 28.73790168762207
v 37.1070556640625 27.145936965942383 28.657970428466797
v 37.07094955444336 27.10395622253418 28.574783325195312
v 37.03281784057617 27.069910049438477 28.488895416259766
v 36.99300003051758 27.044130325317383 28.400848388671875
v 36.95194625854492 27.026973724365234 28.311182022094727
v 36.91069412231445 27.018936157226562 28.220354080200195
v 36.87047576904297 27.02056121826172 28.12880516052246
v 36.832523345947266 27.032384872436523 28.0369815826416
v 36.797264099121094 27.054729461669922 27.945829391479492
v 36.763729095458984 27.087522506713867 27.857194900512695
v 36.730796813964844 27.130651473999023 27.773012161254883
v 36.69739532470703 27.183963775634766 27.69518280029297
v 36.66310501098633 27.246742248535156 27.62506675720215
v 36.627933502197266 27.317886352539062 27.56365966796875
v 36.59191131591797 27.396284103393555 27.511947631835938
v 36.55494689941406 27.480640411376953 27.470972061157227
v 36.516517639160156 27.56900978088379 27.441972732543945
v 36.47599411010742 27.659299850463867 27.42623519897461
v 36.43280029296875 27.749435424804688 27.425010681152344
v 36.38764953613281 27.837900161743164 27.438426971435547
v 36.34271240234375 27.923810958862305 27.465351104736328
v 36.30024337768555 28.00632095336914 27.504575729370117
v 36.2622184753418 28.084548950195312 27.55491828918457
v 36.229026794433594 28.157419204711914 27.61533546447754
v 36.20051574707031 28.223798751831055 27.684825897216797
v 36.176544189453125 28.282548904418945 27.762388229370117
v 36.157142639160156 28.332792282104492 27.846920013427734
v 36.14265441894531 28.374099731445312 27.937135696411133
v 36.13346481323242 28.40608024597168 28.031736373901367
v 36.12992477416992 28.42836570739746 28.129419326782227
v 36.132164001464844 28.440786361694336 28.228870391845703
v 36.14016342163086 28.44330406188965 28.328771591186523
v 36.15390396118164 28.43587875366211 28.427799224853516
v 36.1733283996582 28.41851234436035 28.52462387084961
v 36.19826126098633 28.391355514526367 28.617876052856445
v 36.22850036621094 28.354589462280273 28.706174850463867
v 36.263824462890625 28.308393478393555 28.78813934326172
v 36.303218841552734 28.252899169921875 28.862300872802734
v 36.34468078613281 28.18817901611328 28.927087783813477
v 36.38612747192383 28.114299774169922 28.980915069580078
v 36.42558670043945 28.031526565551758 29.022254943847656
v 36.46180725097656 27.941574096679688 29.04998207092285
v 36.49386978149414 27.84681510925293 29.063148498535156
v 36.52085494995117 27.749622344970703 29.060808181762695
v 36.54197692871094 27.652544021606445 29.042482376098633
v 36.55671691894531 27.558483123779297 29.0086612701416
v 36.564598083496094 27.47039031982422 28.959957122802734
v 36.565216064453125 27.39120101928711 28.897079467773438
v 36.55908203125 27.323688507080078 28.821786880493164
v 36.547271728515625 27.270524978637695 28.736507415771484
v 36.530860900878906 27.234376907348633 28.643678665161133
v 36.51117706298828 27.217138290405273 28.546024322509766
v 36.490074157714844 27.218870162963867 28.446928024291992
v 36.4694938659668 27.239377975463867 28.349876403808594
v 36.45133972167969 27.2783260345459 28.258291244506836
v 36.43707275390625 27.33404541015625 28.17500114440918
v 36.427913665771484 27.404077529907227 28.102489471435547
v 36.425071716308594 27.485960006713867 28.04322624206543
v 36.42939758300781 27.57689666748047 27.999113082885742
v 36.44101333618164 27.673425674438477 27.970874786376953
v 36.45993423461914 27.77199935913086 27.95907974243164
v 36.48613357543945 27.869140625 27.96416473388672
v 36.51904296875 27.96207046508789 27.985240936279297
v 36.55781555175781 28.04839515686035 28.02069091796875
v 36.601593017578125 28.125728607177734 28.068883895874023
v 36.649375915527344 28.192136764526367 28.128067016601562
v 36.699859619140625 28.246685028076172 28.19621467590332
v 36.75170135498047 28.288572311401367 28.27126693725586
v 36.80365753173828 28.317089080810547 28.351179122924805
v 36.855899810791016 28.332868576049805 28.434165954589844
v 36.909610748291016 28.337501525878906 28.518627166748047
v 36.96600341796875 28.33260154724121 28.602970123291016
v 37.025917053222656 28.319089889526367 28.68520164489746
v 37.08857727050781 28.294811248779297 28.761587142944336
v 37.152748107910156 28.25677490234375 28.827917098999023
v 37.21718978881836 28.202022552490234 28.8799991607666
v 37.279300689697266 28.130352020263672 28.91527557373047
v 37.33436965942383 28.045894622802734 28.933759689331055
v 37.37749099731445 27.95316505432129 28.935686111450195
v 37.404483795166016 27.856586456298828 28.921497344970703
v 37.41532516479492 27.760047912597656 28.8928165435791
v 37.41148376464844 27.6672420501709 28.851686477661133
v 37.39443588256836 27.581829071044922 28.800151824951172
v 37.3658447265625 27.50619125366211 28.74011993408203
v 37.327606201171875 27.441190719604492 28.67334747314453
v 37.28162384033203 27.387598037719727 28.60157585144043
v 37.22968292236328 27.346004486083984 28.52649688720703
v 37.172950744628906 27.315996170043945 28.44951629638672
v 37.11234664916992 27.29679298400879 28.37193489074707
v 37.04880142211914 27.287612915039062 28.2950496673584
v 36.98305130004883 27.287559509277344 28.21985626220703
v 36.91545104980469 27.29549789428711 28.146774291992188
v 36.8463249206543 27.310274124145508 28.076148986816406
v 36.77598190307617 27.330772399902344 28.008325576782227
v 36.70471954345703 27.35660171508789 27.94355010986328
v 36.6328010559082 27.387964248657227 27.88199806213379
v 36.56049728393555 27.425077438354492 27.823841094970703
v 36.488128662109375 27.468175888061523 27.769407272338867
v 36.41633987426758 27.517601013183594 27.71988296508789
v 36.345882415771484 27.5737247467041 27.676748275756836
v 36.277496337890625 27.636917114257812 27.641475677490234
v 36.21174621582031 27.706993103027344 27.614944458007812
v 36.148834228515625 27.782711029052734 27.596874237060547
v 36.08892059326172 27.862701416015625 27.58685874938965
v 36.03219223022461 27.945627212524414 27.58454704284668
v 35.97922897338867 28.030540466308594 27.590299606323242
v 35.93086242675781 28.116750717163086 27.604961395263672
v 35.8879280090332 28.203567504882812 27.62937355041504
v 35.851253509521484 28.290111541748047 27.664154052734375
v 35.821659088134766 28.374858856201172 27.709152221679688
v 35.79995346069336 28.45615577697754 27.764055252075195
v 35.78694152832031 28.532344818115234 27.828521728515625
v 35.783267974853516 28.601736068725586 27.901540756225586
v 35.7894172668457 28.662607192993164 27.981447219848633
v 35.80586624145508 28.713233947753906 28.066556930541992
v 35.83285903930664 28.752161026000977 28.155075073242188
v 35.86971664428711 28.77900505065918 28.244802474975586
v 35.91553497314453 28.793643951416016 28.33343505859375
v 35.969398498535156 28.795963287353516 28.418678283691406
v 36.030216217041016 28.786052703857422 28.498424530029297
v 36.096736907958984 28.764192581176758 28.57074546813965
v 36.16770553588867 28.730669021606445 28.633716583251953
v 36.2417106628418 28.6859188079834 28.685543060302734
v 36.31666564941406 28.63103485107422 28.725006103515625
v 36.39030838012695 28.567298889160156 28.751049041748047
v 36.460384368896484 28.49601936340332 28.76262855529785
v 36.52560806274414 28.41936492919922 28.759225845336914
v 36.58586120605469 28.340579986572266 28.740970611572266
v 36.641109466552734 28.26297378540039 28.708030700683594
v 36.691200256347656 28.189613342285156 28.660747528076172
v 36.7353401184082 28.122177124023438 28.600460052490234
v 36.772518157958984 28.061857223510742 28.528865814208984
v 36.80172348022461 28.009836196899414 28.447660446166992
v 36.82220458984375 27.967174530029297 28.35869789123535
v 36.8336067199707 27.934728622436523 28.264062881469727
v 36.835628509521484 27.91334342956543 28.16587257385254
v 36.828025817871094 27.903749465942383 28.066226959228516
v 36.81117630004883 27.90577507019043 27.967147827148438
v 36.78574752807617 27.91879653930664 27.870616912841797
v 36.752418518066406 27.942190170288086 27.778615951538086
v 36.711875915527344 27.975181579589844 27.69285774230957
v 36.66482162475586 28.016660690307617 27.61447525024414
v 36.611976623535156 28.065473556518555 27.544517517089844
v 36.554080963134766 28.120498657226562 27.483991622924805
v 36.49240493774414 28.1810302734375 27.433313369750977
v 36.428619384765625 28.24667739868164 27.3924503326416
v 36.36438751220703 28.31705665588379 27.361360549926758
v 36.30128860473633 28.391765594482422 27.339923858642578
v 36.24050521850586 28.4703311920166 27.327720642089844
v 36.18311309814453 28.55225944519043 27.324249267578125
v 36.13019561767578 28.637060165405273 27.329011917114258
v 36.08277130126953 28.72427749633789 27.341344833374023
v 36.04177474975586 28.813526153564453 27.360363006591797
v 36.00813674926758 28.904417037963867 27.385164260864258
v 35.982749938964844 28.996530532836914 27.414886474609375
v 35.96611022949219 29.089086532592773 27.449125289916992
v 35.95848846435547 29.18109703063965 27.48773765563965
v 35.96015167236328 29.271575927734375 27.53057861328125
v 35.971351623535156 29.359479904174805 27.57741355895996
v 35.99225997924805 29.443605422973633 27.62771987915039
v 36.02303695678711 29.52272605895996 27.68092918395996
v 36.06383514404297 29.595603942871094 27.736473083496094
v 36.11435317993164 29.660879135131836 27.79369354248047
v 36.17388153076172 29.717069625854492 27.851848602294922
v 36.241676330566406 29.762683868408203 27.910192489624023
v 36.31684875488281 29.796302795410156 27.96795654296875
v 36.39775085449219 29.81682586669922 28.024227142333984
v 36.482505798339844 29.82326316833496 28.078046798706055
v 36.5692253112793 29.814634323120117 28.128463745117188
v 36.65568161010742 29.790584564208984 28.17456817626953
v 36.73922348022461 29.75160026550293 28.215526580810547
v 36.8171501159668 29.698230743408203 28.25050163269043
v 36.8868522644043 29.631223678588867 28.27878189086914
v 36.9461784362793 29.552501678466797 28.300357818603516
v 36.99314498901367 29.46440315246582 28.315471649169922
v 37.02579116821289 29.369277954101562 28.324359893798828
v 37.042938232421875 29.269752502441406 28.32708740234375
v 37.04444885253906 29.168825149536133 28.32347869873047
v 37.030269622802734 29.06951904296875 28.3133487701416
v 37.00051498413086 28.97477149963379 28.296607971191406
v 36.956390380859375 28.88699722290039 28.273773193359375
v 36.89952087402344 28.80842399597168 28.24557876586914
v 36.83151626586914 28.741268157958984 28.2127685546875
v 36.75410079956055 28.687427520751953 28.176496505737305
v 36.669166564941406 28.648305892944336 28.138538360595703
v 36.57860565185547 28.625267028808594 28.100719451904297
v 36.48439025878906 28.61949920654297 28.06490707397461
v 36.388999938964844 28.630876541137695 28.033239364624023
v 36.295143127441406 28.658689498901367 28.007984161376953
v 36.20553207397461 28.702213287353516 27.99139976501465
v 36.122703552246094 28.759967803955078 27.98526954650879
v 36.048919677734375 28.829116821289062 27.990543365478516
v 35.98640060424805 28.906696319580078 28.008073806762695
v 35.9372673034668 28.989715576171875 28.038516998291016
v 35.90283203125 29.075016021728516 28.080947875976562
v 35.88404846191406 29.15935707092285 28.13372039794922
v 35.88184356689453 29.2395076751709 28.19517707824707
v 35.89626693725586 29.31264877319336 28.26338768005371
v 35.925941467285156 29.376632690429688 28.335987091064453
v 35.9693489074707 29.429367065429688 28.410558700561523
v 36.024925231933594 29.468982696533203 28.484750747680664
v 36.09067916870117 29.495115280151367 28.55657386779785
v 36.16446304321289 29.50803565979004 28.624197006225586
v 36.24411392211914 29.508026123046875 28.6857967376709
v 36.327552795410156 29.49544906616211 28.740158081054688
v 36.412837982177734 29.4708194732666 28.787168502807617
v 36.498050689697266 29.434677124023438 28.826833724975586
v 36.58125305175781 29.387556076049805 28.859111785888672
v 36.66037368774414 29.32998275756836 28.883438110351562
v 36.73326873779297 29.262475967407227 28.898914337158203
v 36.79777908325195 29.185556411743164 28.904640197753906
v 36.85176086425781 29.100204467773438 28.899930953979492
v 36.893070220947266 29.00896644592285 28.88483428955078
v 36.919559478759766 28.914731979370117 28.859560012817383
v 36.92914962768555 28.820411682128906 28.824344635009766
v 36.921016693115234 28.729467391967773 28.780067443847656
v 36.8956184387207 28.645902633666992 28.728254318237305
v 36.85346221923828 28.573749542236328 28.670452117919922
v 36.795597076416016 28.516826629638672 28.6085262298584
v 36.72509765625 28.478164672851562 28.545482635498047
v 36.64551544189453 28.460599899291992 28.484607696533203
v 36.56045913696289 28.466821670532227 28.42915916442871
v 36.47465133666992 28.49677276611328 28.38198471069336
v 36.393775939941406 28.54803466796875 28.3455810546875
v 36.323551177978516 28.61810874938965 28.322423934936523
v 36.268829345703125 28.703645706176758 28.31386947631836
v 36.2322998046875 28.799156188964844 28.31844139099121
v 36.2163200378418 28.898818969726562 28.334226608276367
v 36.22288131713867 28.996986389160156 28.359235763549805
v 36.25094985961914 29.089475631713867 28.390857696533203
v 36.297977447509766 29.172822952270508 28.426172256469727
v 36.361412048339844 29.243581771850586 28.46225929260254
v 36.438472747802734 29.299327850341797 28.496671676635742
v 36.52596664428711 29.339630126953125 28.52787971496582
v 36.620643615722656 29.364295959472656 28.554462432861328
v 36.71929168701172 29.373180389404297 28.575029373168945
v 36.81916046142578 29.36688804626465 28.588632583618164
v 36.917842864990234 29.346582412719727 28.59465217590332
v 37.012943267822266 29.313434600830078 28.59247589111328
v 37.102176666259766 29.26856803894043 28.581789016723633
v 37.1838493347168 29.212818145751953 28.563810348510742
v 37.256439208984375 29.146928787231445 28.54024887084961
v 37.31843948364258 29.0716495513916 28.5128116607666
v 37.368289947509766 28.988059997558594 28.483442306518555
v 37.40434646606445 28.897968292236328 28.45459747314453
v 37.42494201660156 28.803279876708984 28.428800582885742
v 37.42854309082031 28.705894470214844 28.408538818359375
v 37.41609573364258 28.60755157470703 28.395702362060547
v 37.39081573486328 28.509845733642578 28.391618728637695
v 37.35600280761719 28.414365768432617 28.397598266601562
v 37.31513214111328 28.32259178161621 28.414857864379883
v 37.2726936340332 28.235370635986328 28.44409942626953
v 37.23352813720703 28.153324127197266 28.485841751098633
v 37.20247268676758 28.077070236206055 28.540590286254883
v 37.1814079284668 28.00720977783203 28.6077880859375
v 37.165626525878906 27.94430160522461 28.684471130371094
v 37.1495361328125 27.88890266418457 28.767362594604492
v 37.12778854370117 27.84153938293457 28.853282928466797
v 37.09980010986328 27.802289962768555 28.940935134887695
v 37.06908416748047 27.770837783813477 29.030649185180664
v 37.03929138183594 27.746854782104492 29.12281608581543
v 37.01365661621094 27.73004150390625 29.21770668029785
v 36.992156982421875 27.720325469970703 29.314722061157227
v 36.973228454589844 27.717742919921875 29.412853240966797
v 36.95530700683594 27.722328186035156 29.511085510253906
v 36.936988830566406 27.733957290649414 29.608535766601562
v 36.917320251464844 27.7520809173584 29.704675674438477
v 36.895408630371094 27.776073455810547 29.799028396606445
v 36.87039566040039 27.805326461791992 29.89112663269043
v 36.84202194213867 27.839582443237305 29.980504989624023
v 36.81074905395508 27.879011154174805 30.06671714782715
v 36.77708053588867 27.923799514770508 30.14931297302246
v 36.74148941040039 27.974105834960938 30.227848052978516
v 36.7042121887207 28.029762268066406 30.301898956298828
v 36.665367126464844 28.090429306030273 30.371051788330078
v 36.62506103515625 28.155765533447266 30.43489646911621
v 36.58338165283203 28.22542953491211 30.492998123168945
v 36.540313720703125 28.299070358276367 30.544857025146484
v 36.4958381652832 28.376333236694336 30.589962005615234
v 36.449947357177734 28.456867218017578 30.627790451049805
v 36.40330505371094 28.54043197631836 30.657569885253906
v 36.357418060302734 28.626922607421875 30.678205490112305
v 36.31386184692383 28.71624755859375 30.688573837280273
v 36.274112701416016 28.80815315246582 30.687650680541992
v 36.239070892333984 28.901351928710938 30.674997329711914
v 36.209415435791016 28.99414825439453 30.650402069091797
v 36.1858024597168 29.084842681884766 30.613666534423828
v 36.168697357177734 29.171493530273438 30.564966201782227
v 36.15819549560547 29.25177001953125 30.505102157592773
v 36.15436553955078 29.323305130004883 30.434932708740234
v 36.15719223022461 29.383947372436523 30.355432510375977
v 36.16602325439453 29.4331111907959 30.2684268951416
v 36.179935455322266 29.470895767211914 30.176103591918945
v 36.197998046875 29.49740219116211 30.080652236938477
v 36.219078063964844 29.512693405151367 29.983766555786133
v 36.24171447753906 29.516759872436523 29.886323928833008
v 36.264400482177734 29.50958824157715 29.78912353515625
v 36.28565979003906 29.491233825683594 29.692968368530273
v 36.30413818359375 29.462364196777344 29.59872817993164
v 36.31855010986328 29.423974990844727 29.507307052612305
v 36.32761001586914 29.377063751220703 29.419607162475586
v 36.33030319213867 29.322694778442383 29.33623504638672
v 36.3262939453125 29.262100219726562 29.25705337524414
v 36.31534194946289 29.19654083251953 29.181800842285156
v 36.297183990478516 29.127277374267578 29.110305786132812
v 36.270816802978516 29.055614471435547 29.043825149536133
v 36.2346305847168 28.98288345336914 28.984888076782227
v 36.186973571777344 28.91042137145996 28.93606185913086
v 36.12673568725586 28.839576721191406 28.899660110473633
v 36.05583190917969 28.77174949645996 28.876529693603516
v 35.97725296020508 28.7083683013916 28.866992950439453
v 35.89399719238281 28.650848388671875 28.871370315551758
v 35.80878448486328 28.60009765625 28.88964080810547
v 35.72393035888672 28.556259155273438 28.921279907226562
v 35.64170837402344 28.519405364990234 28.965717315673828
v 35.56435775756836 28.489559173583984 29.022323608398438
v 35.49376678466797 28.466297149658203 29.089956283569336
v 35.431644439697266 28.448974609375 29.167221069335938
v 35.379703521728516 28.43694496154785 29.25272560119629
v 35.339473724365234 28.42940330505371 29.34488868713379
v 35.31202697753906 28.4251651763916 29.441699981689453
v 35.298377990722656 28.42299461364746 29.541080474853516
v 35.29945373535156 28.421733856201172 29.640979766845703
v 35.3148193359375 28.42152976989746 29.73979377746582
v 35.342933654785156 28.42360496520996 29.83627700805664
v 35.38221740722656 28.429208755493164 29.9291934967041
v 35.43128204345703 28.439414978027344 30.017141342163086
v 35.48955154418945 28.454538345336914 30.09799575805664
v 35.556671142578125 28.474689483642578 30.169431686401367
v 35.632266998291016 28.49995994567871 30.229154586791992
v 35.715362548828125 28.52960205078125 30.276103973388672
v 35.804115295410156 28.56171417236328 30.310928344726562
v 35.89663314819336 28.594297409057617 30.33440589904785
v 35.991146087646484 28.62552833557129 30.347272872924805
v 36.086734771728516 28.654651641845703 30.34998893737793
v 36.182804107666016 28.681339263916016 30.342912673950195
v 36.278770446777344 28.70526123046875 30.326393127441406
v 36.37376403808594 28.72561264038086 30.30052375793457
v 36.46634292602539 28.740583419799805 30.264835357666016
v 36.55498123168945 28.748228073120117 30.218782424926758
v 36.63811111450195 28.746631622314453 30.161928176879883
v 36.71342849731445 28.734352111816406 30.095399856567383
v 36.778099060058594 28.710308074951172 30.021512985229492
v 36.82926940917969 28.673419952392578 29.942609786987305
v 36.86433792114258 28.623403549194336 29.86139678955078
v 36.88154220581055 28.56243324279785 29.781702041625977
v 36.879268646240234 28.493162155151367 29.70757293701172
v 36.85614013671875 28.418350219726562 29.642959594726562
v 36.81328201293945 28.341901779174805 29.590736389160156
v 36.75339126586914 28.2684326171875 29.55311393737793
v 36.67918395996094 28.202558517456055 29.53226661682129
v 36.59382247924805 28.148069381713867 29.528667449951172
v 36.50123596191406 28.10734748840332 29.53987693786621
v 36.40541458129883 28.0826358795166 29.563169479370117
v 36.310150146484375 28.075748443603516 29.59588623046875
v 36.21796798706055 28.085874557495117 29.635744094848633
v 36.13090515136719 28.11121940612793 29.68060302734375
v 36.05100631713867 28.149988174438477 29.72832679748535
v 35.979434967041016 28.20043182373047 29.77707290649414
v 35.91583251953125 28.260887145996094 29.825519561767578
v 35.85966873168945 28.329700469970703 29.872404098510742
v 35.8104133605957 28.40525245666504 29.91644859313965
v 35.767398834228516 28.48646354675293 29.95622444152832
v 35.72985076904297 28.57266616821289 29.990190505981445
v 35.696990966796875 28.663204193115234 30.01679801940918
v 35.66799545288086 28.757322311401367 30.03460693359375
v 35.64176940917969 28.853687286376953 30.04279327392578
v 35.61711502075195 28.950775146484375 30.040742874145508
v 35.59284591674805 29.047054290771484 30.02784538269043
v 35.56767272949219 29.140987396240234 30.003870010375977
v 35.54010009765625 29.231014251708984 29.96950912475586
v 35.50859069824219 29.315570831298828 29.92559242248535
v 35.471641540527344 29.39308738708496 29.872941970825195
v 35.42882537841797 29.46165657043457 29.812374114990234
v 35.380889892578125 29.519014358520508 29.74468421936035
v 35.328636169433594 29.562875747680664 29.670671463012695
v 35.27293395996094 29.591001510620117 29.591209411621094
v 35.21546936035156 29.601842880249023 29.5083065032959
v 35.158531188964844 29.5943546295166 29.42481231689453
v 35.10443115234375 29.567508697509766 29.343591690063477
v 35.055397033691406 29.520896911621094 29.267663955688477
v 35.01340103149414 29.456565856933594 29.200651168823242
v 34.98033142089844 29.377166748046875 29.146318435668945
v 34.958045959472656 29.285404205322266 29.108383178710938
v 34.94749450683594 29.185504913330078 29.089208602905273
v 34.94862365722656 29.08332061767578 29.089691162109375
v 34.96134567260742 28.984790802001953 29.110660552978516
v 34.98477554321289 28.895320892333984 29.152244567871094
v 35.01511001586914 28.818361282348633 29.211973190307617
v 35.0478630065918 28.75690269470215 29.286773681640625
v 35.078582763671875 28.71381950378418 29.373552322387695
v 35.10364532470703 28.68944549560547 29.468828201293945
v 35.120216369628906 28.681638717651367 29.56874656677246
v 35.1254997253418 28.688159942626953 29.669429779052734
v 35.11714172363281 28.70671844482422 29.76736831665039
v 35.095218658447266 28.73477554321289 29.861003875732422
v 35.06061553955078 28.769699096679688 29.94943618774414
v 35.014217376708984 28.808862686157227 30.03176498413086
v 34.956722259521484 28.84920310974121 30.1066951751709
v 34.888336181640625 28.886629104614258 30.17201042175293
v 34.809207916259766 28.91689682006836 30.225357055664062
v 34.719520568847656 28.935802459716797 30.2643985748291
v 34.62131118774414 28.941171646118164 30.287574768066406
v 34.51950454711914 28.93398666381836 30.294530868530273
v 34.41926574707031 28.91550064086914 30.285022735595703
v 34.32553482055664 28.887109756469727 30.2589054107666
v 34.24055480957031 28.851892471313477 30.217273712158203
v 34.16486358642578 28.814002990722656 30.16201400756836
v 34.09894943237305 28.777616500854492 30.095022201538086
v 34.042781829833984 28.746383666992188 30.01830291748047
v 33.994232177734375 28.721887588500977 29.93429183959961
v 33.95064163208008 28.705198287963867 29.845521926879883
v 33.90939712524414 28.697372436523438 29.7545108795166
v 33.86945724487305 28.698814392089844 29.6628360748291
v 33.831905364990234 28.709062576293945 29.570817947387695
v 33.7979736328125 28.727590560913086 29.478694915771484
v 33.768798828125 28.753847122192383 29.38673973083496
v 33.7449836730957 28.787107467651367 29.295467376708984
v 33.72696304321289 28.82659149169922 29.20547103881836
v 33.71514129638672 28.871511459350586 29.11732292175293
v 33.70867919921875 28.920665740966797 29.031030654907227
v 33.705177307128906 28.972333908081055 28.945878982543945
v 33.702117919921875 29.02475929260254 28.861103057861328
v 33.697364807128906 29.076433181762695 28.776042938232422
v 33.69136428833008 29.1275577545166 28.69080352783203
v 33.6856689453125 29.1790828704834 28.605810165405273
v 33.68184280395508 29.231950759887695 28.52149200439453
v 33.681217193603516 29.286657333374023 28.438154220581055
v 33.68473434448242 29.342863082885742 28.355880737304688
v 33.69327926635742 29.400146484375 28.274728775024414
v 33.70773696899414 29.45807456970215 28.19478988647461
v 33.72888946533203 29.516178131103516 28.116436004638672
v 33.75746154785156 29.5739688873291 28.040191650390625
v 33.7941780090332 29.630952835083008 27.966583251953125
v 33.83956527709961 29.686214447021484 27.896160125732422
v 33.8936882019043 29.7379207611084 27.82950210571289
v 33.95656967163086 29.78411865234375 27.767196655273438
v 34.028114318847656 29.823060989379883 27.709819793701172
v 34.1072998046875 29.854896545410156 27.65788459777832
v 34.19256591796875 29.88083267211914 27.611860275268555
v 34.28235626220703 29.902074813842773 27.572216033935547
v 34.3753547668457 29.9190673828125 27.539072036743164
v 34.47077560424805 29.930545806884766 27.511783599853516
v 34.56791687011719 29.935012817382812 27.489599227905273
v 34.666038513183594 29.9310359954834 27.471769332885742
v 34.76416015625 29.917949676513672 27.457557678222656
v 34.86109161376953 29.895631790161133 27.446231842041016
v 34.95566177368164 29.863969802856445 27.43706512451172
v 35.04670333862305 29.822961807250977 27.429330825805664
v 35.133140563964844 29.772947311401367 27.422334671020508
v 35.21391677856445 29.714338302612305 27.415386199951172
v 35.28797149658203 29.647560119628906 27.407798767089844
v 35.35451889038086 29.573339462280273 27.399070739746094
v 35.41299057006836 29.49269676208496 27.388866424560547
v 35.46284103393555 29.406658172607422 27.376861572265625
v 35.5035514831543 29.316246032714844 27.36280632019043
v 35.53470993041992 29.222454071044922 27.3467960357666
v 35.555938720703125 29.126272201538086 27.32901954650879
v 35.566871643066406 29.028688430786133 27.30967140197754
v 35.567298889160156 28.930713653564453 27.289077758789062
v 35.5572509765625 28.833389282226562 27.267751693725586
v 35.53677749633789 28.737756729125977 27.246213912963867
v 35.50595474243164 28.644851684570312 27.225011825561523
v 35.46512985229492 28.555641174316406 27.2048397064209
v 35.414756774902344 28.471057891845703 27.186460494995117
v 35.35530471801758 28.392038345336914 27.17063331604004
v 35.28738021850586 28.319459915161133 27.158130645751953
v 35.21190643310547 28.254085540771484 27.14973258972168
v 35.129844665527344 28.196657180786133 27.146221160888672
v 35.04218673706055 28.14790916442871 27.148366928100586
v 34.950279235839844 28.108434677124023 27.156810760498047
v 34.8557014465332 28.078723907470703 27.172109603881836
v 34.76004409790039 28.059268951416016 27.19481086730957
v 34.66490936279297 28.050382614135742 27.225252151489258
v 34.571937561035156 28.051822662353516 27.26310920715332
v 34.4827766418457 28.06324577331543 27.307924270629883
v 34.39906692504883 28.084291458129883 27.359233856201172
v 34.322261810302734 28.114439010620117 27.416412353515625
v 34.253631591796875 28.15300941467285 27.47867202758789
v 34.19444274902344 28.19931983947754 27.54521942138672
v 34.1458854675293 28.252614974975586 27.615196228027344
v 34.10879898071289 28.311832427978516 27.687435150146484
v 34.083919525146484 28.37582015991211 27.760683059692383
v 34.07197189331055 28.44342803955078 27.833683013916016
v 34.07310104370117 28.513673782348633 27.90511703491211
v 34.0866813659668 28.585790634155273 27.973590850830078
v 34.11204528808594 28.659025192260742 28.037696838378906
v 34.14855194091797 28.732545852661133 28.096052169799805
v 34.19578552246094 28.80502700805664 28.147377014160156
v 34.25341796875 28.87495231628418 28.19043731689453
v 34.32111740112305 28.94080352783203 28.2239990234375
v 34.397972106933594 29.00126075744629 28.24703025817871
v 34.482051849365234 29.05534553527832 28.25885581970215
v 34.571327209472656 29.102121353149414 28.258838653564453
v 34.663692474365234 29.14072608947754 28.24636459350586
v 34.756507873535156 29.17098617553711 28.221010208129883
v 34.84685134887695 29.193078994750977 28.182458877563477
v 34.931793212890625 29.207189559936523 28.130390167236328
v 35.00851058959961 29.21375274658203 28.06517219543457
v 35.07442092895508 29.21371078491211 27.98858070373535
v 35.126953125 29.20807647705078 27.90257453918457
v 35.163700103759766 29.197893142700195 27.809175491333008
v 35.18363571166992 29.18448257446289 27.711048126220703
v 35.186458587646484 29.1693172454834 27.611188888549805
v 35.17189025878906 29.15386962890625 27.512598037719727
v 35.14031219482422 29.139432907104492 27.417991638183594
v 35.09339904785156 29.126941680908203 27.329532623291016
v 35.032955169677734 29.117294311523438 27.24932289123535
v 34.96083068847656 29.1113338470459 27.179365158081055
v 34.87909698486328 29.10936164855957 27.120738983154297
v 34.789955139160156 29.11139488220215 27.074016571044922
v 34.69561004638672 29.11743927001953 27.039770126342773
v 34.59809112548828 29.12732696533203 27.01829719543457
v 34.49900436401367 29.14042854309082 27.00920867919922
v 34.39988327026367 29.156049728393555 27.01201820373535
v 34.302242279052734 29.173494338989258 27.026226043701172
v 34.20717239379883 29.192127227783203 27.05122184753418
v 34.115386962890625 29.211355209350586 27.086288452148438
v 34.027591705322266 29.230587005615234 27.13071060180664
v 33.94450378417969 29.249187469482422 27.183794021606445
v 33.866947174072266 29.266271591186523 27.244976043701172
v 33.795772552490234 29.280858993530273 27.313743591308594
v 33.731842041015625 29.291975021362305 27.38957977294922
v 33.675628662109375 29.298973083496094 27.471744537353516
v 33.626834869384766 29.30189323425293 27.55902099609375
v 33.585060119628906 29.300870895385742 27.65012550354004
v 33.549896240234375 29.296024322509766 27.743799209594727
v 33.52096939086914 29.287221908569336 27.83908462524414
v 33.4979133605957 29.274110794067383 27.93531608581543
v 33.480369567871094 29.25632667541504 28.031827926635742
v 33.467933654785156 29.23355484008789 28.127994537353516
v 33.4599494934082 29.20580291748047 28.223388671875
v 33.45564270019531 29.173208236694336 28.317663192749023
v 33.454254150390625 29.135906219482422 28.41047477722168
v 33.45520782470703 29.093778610229492 28.501279830932617
v 33.458465576171875 29.046049118041992 28.589004516601562
v 33.46406173706055 28.9918270111084 28.672494888305664
v 33.47202682495117 28.930252075195312 28.750593185424805
v 33.4820556640625 28.86110496520996 28.822185516357422
v 33.49348449707031 28.784879684448242 28.88620376586914
v 33.5056266784668 28.70210075378418 28.94157600402832
v 33.517913818359375 28.613372802734375 28.987205505371094
v 33.53050231933594 28.519855499267578 29.02176856994629
v 33.54386520385742 28.422937393188477 29.04384994506836
v 33.55847930908203 28.32401466369629 29.052032470703125
v 33.57472229003906 28.22487449645996 29.045364379882812
v 33.592796325683594 28.128093719482422 29.023792266845703
v 33.612884521484375 28.036338806152344 28.98737907409668
v 33.63520431518555 27.95226287841797 28.93631935119629
v 33.660335540771484 27.87837791442871 28.872188568115234
v 33.68906021118164 27.817108154296875 28.797340393066406
v 33.72217559814453 27.7708740234375 28.714141845703125
v 33.76052474975586 27.74117660522461 28.625577926635742
v 33.80507278442383 27.72770881652832 28.535842895507812
v 33.85679626464844 27.72995376586914 28.44927978515625
v 33.91652297973633 27.747194290161133 28.370067596435547
v 33.98390579223633 27.77724266052246 28.301239013671875
v 34.058082580566406 27.8172550201416 28.245323181152344
v 34.13819122314453 27.8643798828125 28.20482635498047
v 34.22290802001953 27.915315628051758 28.181652069091797
v 34.310264587402344 27.96610450744629 28.176815032958984
v 34.39822769165039 28.012739181518555 28.191261291503906
v 34.4846076965332 28.051734924316406 28.225358963012695
v 34.566444396972656 28.08193588256836 28.27694320678711
v 34.64057540893555 28.10283088684082 28.3431396484375
v 34.70390701293945 28.113981246948242 28.421085357666016
v 34.754638671875 28.116342544555664 28.508089065551758
v 34.79212951660156 28.112106323242188 28.601598739624023
v 34.81576156616211 28.10350799560547 28.699073791503906
v 34.82537078857422 28.092866897583008 28.798259735107422
v 34.82234573364258 28.082813262939453 28.89791488647461
v 34.80842971801758 28.076038360595703 28.997020721435547
v 34.78537368774414 28.07522201538086 29.094575881958008
v 34.75547409057617 28.082496643066406 29.18987464904785
v 34.72160339355469 28.099411010742188 29.282533645629883
v 34.68666458129883 28.127487182617188 29.372190475463867
v 34.653564453125 28.167964935302734 29.458330154418945
v 34.625274658203125 28.22054100036621 29.539636611938477
v 34.60478591918945 28.284381866455078 29.614503860473633
v 34.595062255859375 28.358627319335938 29.681339263916016
v 34.59788513183594 28.44146156311035 29.738740921020508
v 34.61336898803711 28.529701232910156 29.78558921813965
v 34.6414909362793 28.620059967041016 29.820789337158203
v 34.6820068359375 28.70940399169922 29.843536376953125
v 34.73359680175781 28.795291900634766 29.854389190673828
v 34.794639587402344 28.875486373901367 29.854299545288086
v 34.863487243652344 28.947818756103516 29.84420394897461
v 34.93794250488281 29.011844635009766 29.824703216552734
v 35.01523971557617 29.06891441345215 29.796039581298828
v 35.09258270263672 29.12045669555664 29.758445739746094
v 35.167415618896484 29.168079376220703 29.712377548217773
v 35.238346099853516 29.214223861694336 29.659395217895508
v 35.30432891845703 29.26157569885254 29.60138511657715
v 35.36431121826172 29.312801361083984 29.540224075317383
v 35.41737747192383 29.36931037902832 29.477157592773438
v 35.46279525756836 29.43056869506836 29.412460327148438
v 35.49985885620117 29.49587059020996 29.346323013305664
v 35.527854919433594 29.564472198486328 29.2789363861084
v 35.54602813720703 29.635303497314453 29.21049690246582
v 35.55360412597656 29.70714569091797 29.141204833984375
v 35.54981231689453 29.77877426147461 29.071258544921875
v 35.53409194946289 29.848705291748047 29.000944137573242
v 35.50633239746094 29.914897918701172 28.930723190307617
v 35.466487884521484 29.975229263305664 28.8610897064209
v 35.41459655761719 30.027576446533203 28.79255485534668
v 35.35171127319336 30.069759368896484 28.725948333740234
v 35.27954864501953 30.09956169128418 28.66230010986328
v 35.1998405456543 30.11476707458496 28.602645874023438
v 35.11480712890625 30.113666534423828 28.54801368713379
v 35.027889251708984 30.09578514099121 28.499422073364258
v 34.94269561767578 30.06082534790039 28.4578914642334
v 34.862815856933594 30.008703231811523 28.42437744140625
v 34.791507720947266 29.94118881225586 28.399267196655273
v 34.73186492919922 29.861038208007812 28.38265037536621
v 34.68696212768555 29.77103042602539 28.37460708618164
v 34.658660888671875 29.674196243286133 28.37482452392578
v 34.646942138671875 29.573986053466797 28.382369995117188
v 34.65161895751953 29.4738826751709 28.396257400512695
v 34.67229461669922 29.377159118652344 28.415538787841797
v 34.70748519897461 29.285907745361328 28.439476013183594
v 34.75531005859375 29.201820373535156 28.467397689819336
v 34.813899993896484 29.126562118530273 28.498640060424805
v 34.881378173828125 29.06097412109375 28.53270149230957
v 34.955875396728516 29.00478744506836 28.569297790527344
v 35.03551483154297 28.95766830444336 28.608156204223633
v 35.11852264404297 28.919269561767578 28.649030685424805
v 35.203739166259766 28.889217376708984 28.691818237304688
v 35.29027557373047 28.86711883544922 28.736488342285156
v 35.37723922729492 28.852584838867188 28.783002853393555
v 35.46397399902344 28.844881057739258 28.831241607666016
v 35.55034255981445 28.842540740966797 28.880910873413086
v 35.63626480102539 28.843996047973633 28.931682586669922
v 35.72166061401367 28.84775161743164 28.983266830444336
v 35.80620193481445 28.853527069091797 29.035831451416016
v 35.88936996459961 28.862058639526367 29.089942932128906
v 35.970638275146484 28.874107360839844 29.14617347717285
v 36.04945755004883 28.890356063842773 29.205034255981445
v 36.125152587890625 28.91105079650879 29.266700744628906
v 36.19700241088867 28.936298370361328 29.33124351501465
v 36.26429748535156 28.966197967529297 29.398731231689453
v 36.326210021972656 29.000675201416016 29.469223022460938
v 36.38174057006836 29.039308547973633 29.54277992248535
v 36.42986297607422 29.081649780273438 29.61945343017578
v 36.469566345214844 29.127323150634766 29.699203491210938
v 36.49997329711914 29.176889419555664 29.78080940246582
v 36.52031707763672 29.231544494628906 29.862253189086914
v 36.529815673828125 29.292497634887695 29.941499710083008
v 36.527740478515625 29.360401153564453 30.016361236572266
v 36.51347351074219 29.434009552001953 30.084144592285156
v 36.4864387512207 29.51166343688965 30.142040252685547
v 36.44610595703125 29.5916690826416 30.18732261657715
v 36.3930778503418 29.671470642089844 30.21889877319336
v 36.32899856567383 29.747709274291992 30.23719024658203
v 36.25556182861328 29.816999435424805 30.242677688598633
v 36.17448425292969 29.876399993896484 30.236127853393555
v 36.08758544921875 29.92446517944336 30.219276428222656
v 35.996707916259766 29.96005630493164 30.194061279296875
v 35.90367889404297 29.982067108154297 30.162431716918945
v 35.81002426147461 29.989952087402344 30.1265869140625
v 35.71702575683594 29.983657836914062 30.088939666748047
v 35.625946044921875 29.963146209716797 30.05191421508789
v 35.53816604614258 29.928544998168945 30.017559051513672
v 35.455467224121094 29.880544662475586 29.98663902282715
v 35.379722595214844 29.8199520111084 29.95964813232422
v 35.31269836425781 29.747684478759766 29.937204360961914
v 35.25463104248047 29.66617202758789 29.921875
v 35.20459747314453 29.5789852142334 29.917688369750977
v 35.16164779663086 29.48973274230957 29.928714752197266
v 35.12530517578125 29.401376724243164 29.957218170166016
v 35.09645080566406 29.31502342224121 30.000213623046875
v 35.07623291015625 29.231443405151367 30.05375099182129
v 35.06572341918945 29.151344299316406 30.114004135131836
v 35.065223693847656 29.07477378845215 30.17848014831543
v 35.07453155517578 29.001331329345703 30.245574951171875
v 35.093441009521484 28.930612564086914 30.313701629638672
v 35.121559143066406 28.861970901489258 30.381019592285156
v 35.157997131347656 28.794105529785156 30.444982528686523
v 35.2017822265625 28.72559928894043 30.5029296875
v 35.25193786621094 28.65510368347168 30.55230712890625
v 35.307369232177734 28.582412719726562 30.59235954284668
v 35.366878509521484 28.508251190185547 30.623802185058594
v 35.42927551269531 28.433366775512695 30.647388458251953
v 35.4935188293457 28.358394622802734 30.663671493530273
v 35.559059143066406 28.283611297607422 30.67254638671875
v 35.625450134277344 28.20921516418457 30.673782348632812
v 35.692230224609375 28.13541030883789 30.667163848876953
v 35.75889205932617 28.062463760375977 30.65274429321289
v 35.82486343383789 27.99070167541504 30.630826950073242
v 35.88957214355469 27.920448303222656 30.601728439331055
v 35.952667236328125 27.85205841064453 30.56589698791504
v 36.01472854614258 27.78599739074707 30.524343490600586
v 36.07658386230469 27.72275733947754 30.47823715209961
v 36.139060974121094 27.662832260131836 30.42873764038086
v 36.20283508300781 27.60664939880371 30.37671661376953
v 36.26842498779297 27.554563522338867 30.32271957397461
v 36.336334228515625 27.50691795349121 30.267271041870117
v 36.40708923339844 27.463895797729492 30.2111873626709
v 36.4813346862793 27.424732208251953 30.156879425048828
v 36.55976486206055 27.388349533081055 30.107309341430664
v 36.6430549621582 27.353700637817383 30.065399169921875
v 36.73135757446289 27.321487426757812 30.032066345214844
v 36.824031829833984 27.29507064819336 30.005189895629883
v 36.92036819458008 27.278032302856445 29.982398986816406
v 37.019309997558594 27.273717880249023 29.961366653442383
v 37.117706298828125 27.284029006958008 29.940052032470703
v 37.21160888671875 27.31032943725586 29.916526794433594
v 37.29712677001953 27.35388946533203 29.88895606994629
v 37.371761322021484 27.413814544677734 29.857887268066406
v 37.43450164794922 27.486909866333008 29.826400756835938
v 37.48440170288086 27.569862365722656 29.79769515991211
v 37.5215950012207 27.659725189208984 29.77438735961914
v 37.54894256591797 27.754459381103516 29.75760269165039
v 37.569740295410156 27.852169036865234 29.748233795166016
v 37.58686447143555 27.9510555267334 29.746986389160156
v 37.599449157714844 28.05022621154785 29.752857208251953
v 37.6046028137207 28.149272918701172 29.763927459716797
v 37.59941101074219 28.247791290283203 29.77826690673828
v 37.58198928833008 28.345027923583984 29.794330596923828
v 37.55257034301758 28.439489364624023 29.81138038635254
v 37.511661529541016 28.52959442138672 29.828777313232422
v 37.45979309082031 28.61379623413086 29.845861434936523
v 37.39772033691406 28.690921783447266 29.861719131469727
v 37.326316833496094 28.760009765625 29.875295639038086
v 37.24646759033203 28.820100784301758 29.885536193847656
v 37.15930938720703 28.870132446289062 29.892059326171875
v 37.0665397644043 28.90882110595703 29.895931243896484
v 36.96992874145508 28.934850692749023 29.898408889770508
v 36.871185302734375 28.947189331054688 29.90056037902832
v 36.77146911621094 28.947834014892578 29.901386260986328
v 36.67158889770508 28.940643310546875 29.898635864257812
v 36.57234191894531 28.92949676513672 29.890033721923828
v 36.474300384521484 28.917896270751953 29.87423324584961
v 36.37745666503906 28.90843391418457 29.852128982543945
v 36.281715393066406 28.90355682373047 29.824949264526367
v 36.1870231628418 28.90557861328125 29.793859481811523
v 36.0938606262207 28.915006637573242 29.7591495513916
v 36.00307083129883 28.931079864501953 29.720502853393555
v 35.9155158996582 28.953012466430664 29.677589416503906
v 35.831905364990234 28.980052947998047 29.630207061767578
v 35.752532958984375 29.011550903320312 29.578521728515625
v 35.67761993408203 29.0468692779541 29.52276611328125
v 35.60737991333008 29.08536720275879 29.46316146850586
v 35.54197311401367 29.1262264251709 29.399795532226562
v 35.48149490356445 29.168489456176758 29.332624435424805
v 35.42604064941406 29.2111873626709 29.261608123779297
v 35.37553787231445 29.25339126586914 29.186796188354492
v 35.32919692993164 29.2943115234375 29.108592987060547
v 35.286075592041016 29.33319091796875 29.02749252319336
v 35.245216369628906 29.369281768798828 28.943984985351562
v 35.205684661865234 29.401941299438477 28.8585205078125
v 35.16653823852539 29.430652618408203 28.771503448486328
v 35.126853942871094 29.454904556274414 28.68333625793457
v 35.0857048034668 29.474218368530273 28.594486236572266
v 35.0422248840332 29.48826026916504 28.50574493408203
v 34.99555206298828 29.496749877929688 28.418004989624023
v 34.94485092163086 29.499406814575195 28.332155227661133
v 34.889892578125 29.495981216430664 28.24887466430664
v 34.83127975463867 29.48627471923828 28.168550491333008
v 34.76968002319336 29.470090866088867 28.0915470123291
v 34.705772399902344 29.447242736816406 28.01821517944336
v 34.640342712402344 29.417625427246094 27.948774337768555
v 34.57422637939453 29.381166458129883 27.883390426635742
v 34.50825881958008 29.337791442871094 27.822229385375977
v 34.4433708190918 29.287517547607422 27.765300750732422
v 34.380706787109375 29.230525970458984 27.712324142456055
v 34.32142639160156 29.16701316833496 27.662988662719727
v 34.26668930053711 29.097209930419922 27.61695671081543
v 34.2176399230957 29.021629333496094 27.573678970336914
v 34.1754264831543 28.940956115722656 27.532468795776367
v 34.141178131103516 28.855880737304688 27.492639541625977
v 34.1159553527832 28.76726722717285 27.453500747680664
v 34.10055160522461 28.676437377929688 27.41434097290039
v 34.09573745727539 28.58478355407715 27.37445068359375
v 34.10224151611328 28.493717193603516 27.33313751220703
v 34.12028121948242 28.404951095581055 27.28997230529785
v 34.14970016479492 28.320415496826172 27.244712829589844
v 34.190338134765625 28.242040634155273 27.197126388549805
v 34.241756439208984 28.17166519165039 27.147171020507812
v 34.30275344848633 28.11087417602539 27.095335006713867
v 34.372013092041016 28.06121063232422 27.04219627380371
v 34.44819641113281 28.02414894104004 26.988357543945312
v 34.529720306396484 28.000335693359375 26.93470001220703
v 34.61486053466797 27.989885330200195 26.88228988647461
v 34.70188522338867 27.992900848388672 26.83220100402832
v 34.78921890258789 28.009136199951172 26.785459518432617
v 34.87562942504883 28.037574768066406 26.743005752563477
v 34.959922790527344 28.07710075378418 26.705768585205078
v 35.04100799560547 28.12655258178711 26.67462921142578
v 35.118648529052734 28.184385299682617 26.64998435974121
v 35.193111419677734 28.248836517333984 26.631961822509766
v 35.2646598815918 28.318138122558594 26.620683670043945
v 35.333316802978516 28.39090347290039 26.616357803344727
v 35.39850616455078 28.46660041809082 26.619373321533203
v 35.45956802368164 28.54482078552246 26.630146026611328
v 35.515872955322266 28.62512969970703 26.649072647094727
v 35.567012786865234 28.70668601989746 26.676273345947266
v 35.61274719238281 28.788379669189453 26.711685180664062
v 35.65283966064453 28.869091033935547 26.755233764648438
v 35.687076568603516 28.947757720947266 26.806747436523438
v 35.7153434753418 29.02347183227539 26.86574363708496
v 35.7375373840332 29.095354080200195 26.931684494018555
v 35.75355911254883 29.16253662109375 27.0040225982666
v 35.76352310180664 29.224323272705078 27.08205795288086
v 35.76769256591797 29.2801570892334 27.164962768554688
v 35.766334533691406 29.329483032226562 27.25191307067871
v 35.75983428955078 29.371858596801758 27.342119216918945
v 35.748931884765625 29.40721321105957 27.434913635253906
v 35.73445129394531 29.43555450439453 27.529659271240234
v 35.717201232910156 29.456890106201172 27.625720977783203
v 35.69792938232422 29.47136116027832 27.722599029541016
v 35.67729949951172 29.47922706604004 27.819923400878906
v 35.65597915649414 29.480751037597656 27.917325973510742
v 35.634605407714844 29.476303100585938 28.014501571655273
v 35.61369323730469 29.466705322265625 28.11142921447754
v 35.59373092651367 29.452903747558594 28.20816421508789
v 35.575191497802734 29.435829162597656 28.30475616455078
v 35.55854034423828 29.41562271118164 28.40106201171875
v 35.54419708251953 29.391387939453125 28.496679306030273
v 35.532588958740234 29.362154006958008 28.5911922454834
v 35.52412796020508 29.327024459838867 28.684146881103516
v 35.51909255981445 29.28560447692871 28.774860382080078
v 35.517730712890625 29.237703323364258 28.862548828125
v 35.52027893066406 29.183137893676758 28.946422576904297
v 35.52700424194336 29.121803283691406 29.02543067932129
v 35.53825378417969 29.05375099182129 29.0980167388916
v 35.55436325073242 28.979045867919922 29.162574768066406
v 35.5755500793457 28.897836685180664 29.217525482177734
v 35.60087203979492 28.811052322387695 29.261510848999023
v 35.628787994384766 28.72001075744629 29.29328155517578
v 35.65776443481445 28.62603759765625 29.311607360839844
v 35.68643569946289 28.530399322509766 29.31606674194336
v 35.71371078491211 28.43427276611328 29.307565689086914
v 35.738529205322266 28.338821411132812 29.287134170532227
v 35.759796142578125 28.24529457092285 29.255695343017578
v 35.776180267333984 28.15538787841797 29.21356201171875
v 35.78628158569336 28.070951461791992 29.160852432250977
v 35.788726806640625 27.99381446838379 29.097702026367188
v 35.78305435180664 27.92513084411621 29.025171279907227
v 35.769920349121094 27.8652286529541 28.945438385009766
v 35.75004577636719 27.81438636779785 28.86074447631836
v 35.72406005859375 27.772737503051758 28.773195266723633
v 35.6921501159668 27.739744186401367 28.68425750732422
v 35.654380798339844 27.71468162536621 28.5952205657959
v 35.610862731933594 27.696819305419922 28.50733757019043
v 35.562923431396484 27.685352325439453 28.420778274536133
v 35.513336181640625 27.679378509521484 28.334430694580078
v 35.464962005615234 27.677993774414062 28.247112274169922
v 35.41997146606445 27.680442810058594 28.157997131347656
v 35.37651824951172 27.686885833740234 28.068376541137695
v 35.33127975463867 27.697805404663086 27.980310440063477
v 35.28096008300781 27.713693618774414 27.895858764648438
v 35.22377395629883 27.73503875732422 27.816701889038086
v 35.160606384277344 27.762338638305664 27.743860244750977
v 35.092613220214844 27.796091079711914 27.678285598754883
v 35.020973205566406 27.836769104003906 27.620925903320312
v 34.9471435546875 27.88465118408203 27.572696685791016
v 34.872711181640625 27.939897537231445 27.53449821472168
v 34.79928207397461 28.002668380737305 27.507225036621094
v 34.72869110107422 28.072792053222656 27.49163818359375
v 34.6633415222168 28.149330139160156 27.488178253173828
v 34.605709075927734 28.231231689453125 27.497238159179688
v 34.558231353759766 28.317359924316406 27.51909828186035
v 34.522857666015625 28.405733108520508 27.55290985107422
v 34.50126647949219 28.493881225585938 27.597164154052734
v 34.495121002197266 28.579326629638672 27.650341033935547
v 34.50523376464844 28.65972137451172 27.7105712890625
v 34.530921936035156 28.73293685913086 27.775358200073242
v 34.57133865356445 28.7968692779541 27.842140197753906
v 34.625484466552734 28.849628448486328 27.90846824645996
v 34.69139862060547 28.8906192779541 27.97258186340332
v 34.766761779785156 28.919721603393555 28.032976150512695
v 34.84925842285156 28.93682861328125 28.08815574645996
v 34.936790466308594 28.94213104248047 28.137155532836914
v 35.02756118774414 28.936201095581055 28.179685592651367
v 35.119781494140625 28.919633865356445 28.21550178527832
v 35.211761474609375 28.893064498901367 28.244474411010742
v 35.30238342285156 28.85736846923828 28.26717185974121
v 35.39076614379883 28.813508987426758 28.28443145751953
v 35.47601318359375 28.762447357177734 28.297090530395508
v 35.55738830566406 28.704980850219727 28.305788040161133
v 35.634437561035156 28.641597747802734 28.310794830322266
v 35.706722259521484 28.57275390625 28.312345504760742
v 35.77382278442383 28.4989070892334 28.31068992614746
v 35.83544158935547 28.420513153076172 28.30628776550293
v 35.8913688659668 28.338029861450195 28.299753189086914
v 35.94139099121094 28.251916885375977 28.291702270507812
v 35.98527526855469 28.162607192993164 28.282791137695312
v 36.02268600463867 28.07045555114746 28.27385139465332
v 36.05327224731445 27.975791931152344 28.265758514404297
v 36.07667541503906 27.87894630432129 28.259389877319336
v 36.09270095825195 27.780399322509766 28.255687713623047
v 36.10139083862305 27.68084144592285 28.255701065063477
v 36.1027946472168 27.580982208251953 28.26048469543457
v 36.096920013427734 27.481563568115234 28.271007537841797
v 36.08332824707031 27.38365936279297 28.287439346313477
v 36.06132125854492 27.288530349731445 28.309505462646484
v 36.030208587646484 27.197437286376953 28.33692741394043
v 35.98952102661133 27.1116886138916 28.36927604675293
v 35.93943786621094 27.032733917236328 28.40571403503418
v 35.880252838134766 26.9620418548584 28.445329666137695
v 35.812320709228516 26.901073455810547 28.48725128173828
v 35.73687744140625 26.85120964050293 28.531185150146484
v 35.655845642089844 26.813756942749023 28.57727813720703
v 35.571170806884766 26.79002571105957 28.625690460205078
v 35.48489761352539 26.780935287475586 28.676435470581055
v 35.399349212646484 26.786344528198242 28.7291259765625
v 35.3169059753418 26.80592918395996 28.783302307128906
v 35.239898681640625 26.83928871154785 28.838512420654297
v 35.170135498046875 26.88518714904785 28.894399642944336
v 35.109073638916016 26.94184684753418 28.950660705566406
v 35.05817794799805 27.007478713989258 29.00699806213379
v 35.01845932006836 27.080257415771484 29.06320571899414
v 34.98992156982422 27.158287048339844 29.11929702758789
v 34.97243118286133 27.239660263061523 29.175310134887695
v 34.96582794189453 27.322505950927734 29.231287002563477
v 34.96979522705078 27.405385971069336 29.287246704101562
v 34.983890533447266 27.487136840820312 29.343198776245117
v 35.0076789855957 27.566593170166016 29.399154663085938
v 35.04071044921875 27.64269256591797 29.455041885375977
v 35.082489013671875 27.714656829833984 29.510557174682617
v 35.13252258300781 27.781761169433594 29.56536102294922
v 35.19029998779297 27.843278884887695 29.619112014770508
v 35.25524139404297 27.898529052734375 29.67148208618164
v 35.32667922973633 27.94687271118164 29.722166061401367
v 35.4039421081543 27.9876708984375 29.770856857299805
v 35.48635482788086 28.02035903930664 29.817195892333984
v 35.57317352294922 28.044736862182617 29.86056137084961
v 35.66364288330078 28.06072998046875 29.90024757385254
v 35.75699996948242 28.068262100219727 29.93555450439453
v 35.85238265991211 28.06720542907715 29.9659366607666
v 35.948768615722656 28.0573673248291 29.991119384765625
v 36.045108795166016 28.038545608520508 30.010847091674805
v 36.140350341796875 28.010589599609375 30.02484893798828
v 36.23338317871094 27.973901748657227 30.03263282775879
v 36.32304382324219 27.929201126098633 30.033584594726562
v 36.40818786621094 27.8772029876709 30.027090072631836
v 36.487770080566406 27.818649291992188 30.01273536682129
v 36.561119079589844 27.75432014465332 29.990665435791016
v 36.627601623535156 27.685012817382812 29.961124420166016
v 36.686580657958984 27.61159896850586 29.92429542541504
v 36.737220764160156 27.536415100097656 29.87934684753418
v 36.77850341796875 27.463088989257812 29.824546813964844
v 36.80940628051758 27.395292282104492 29.758134841918945
v 36.829410552978516 27.33658790588379 29.679136276245117
v 36.84013748168945 27.290061950683594 29.58987808227539
v 36.84376907348633 27.258684158325195 29.49355125427246
v 36.842472076416016 27.245304107666016 29.393352508544922
v 36.838199615478516 27.25078773498535 29.292530059814453
v 36.832740783691406 27.274389266967773 29.19437026977539
v 36.82786560058594 27.3153133392334 29.10216522216797
v 36.825111389160156 27.37224769592285 29.018815994262695
v 36.825443267822266 27.442655563354492 28.946290969848633
v 36.82973861694336 27.523818969726562 28.88642692565918
v 36.83869171142578 27.61305046081543 28.84095001220703
v 36.85099411010742 27.708038330078125 28.81037712097168
v 36.86408615112305 27.806692123413086 28.794469833374023
v 36.875396728515625 27.906932830810547 28.79298210144043
v 36.88210678100586 28.006860733032227 28.80484390258789
v 36.88075256347656 28.105079650878906 28.826709747314453
v 36.86775588989258 28.200286865234375 28.85484504699707
v 36.8397216796875 28.291152954101562 28.885669708251953
v 36.7971305847168 28.37593650817871 28.91896629333496
v 36.744110107421875 28.452497482299805 28.957679748535156
v 36.68492126464844 28.5186767578125 29.004880905151367
v 36.62305450439453 28.5726375579834 29.062519073486328
v 36.558841705322266 28.613798141479492 29.1280517578125
v 36.49184799194336 28.641897201538086 29.19781494140625
v 36.421634674072266 28.65669822692871 29.268184661865234
v 36.3482780456543 28.65863609313965 29.336559295654297
v 36.2723388671875 28.648815155029297 29.401363372802734
v 36.19439697265625 28.628374099731445 29.461063385009766
v 36.114990234375 28.598480224609375 29.514232635498047
v 36.03443145751953 28.560440063476562 29.559886932373047
v 35.952980041503906 28.51560401916504 29.597171783447266
v 35.870887756347656 28.465328216552734 29.625232696533203
v 35.78825378417969 28.41141128540039 29.643310546875
v 35.70498275756836 28.3562068939209 29.6507625579834
v 35.620967864990234 28.30210304260254 29.646953582763672
v 35.536312103271484 28.25117301940918 29.631359100341797
v 35.452552795410156 28.203350067138672 29.604156494140625
v 35.371822357177734 28.157676696777344 29.565832138061523
v 35.296260833740234 28.113191604614258 29.51686668395996
v 35.22785949707031 28.069129943847656 29.45795249938965
v 35.168357849121094 28.02508544921875 29.39017677307129
v 35.11947250366211 27.980693817138672 29.314668655395508
v 35.08287811279297 27.935571670532227 29.232650756835938
v 35.059879302978516 27.889142990112305 29.14633560180664
v 35.05157470703125 27.84071922302246 29.058521270751953
v 35.05904769897461 27.789609909057617 28.972015380859375
v 35.08261489868164 27.73554229736328 28.889719009399414
v 35.12077713012695 27.67923355102539 28.814756393432617
v 35.1717643737793 27.621540069580078 28.750286102294922
v 35.2337646484375 27.56328773498535 28.699142456054688
v 35.30450439453125 27.504878997802734 28.66071891784668
v 35.38141632080078 27.44647789001465 28.63235092163086
v 35.46194076538086 27.388242721557617 28.61134910583496
v 35.54387664794922 27.330350875854492 28.596649169921875
v 35.62586975097656 27.273042678833008 28.59103012084961
v 35.706687927246094 27.21656036376953 28.59782600402832
v 35.785213470458984 27.16118621826172 28.61983871459961
v 35.861263275146484 27.107486724853516 28.655548095703125
v 35.935096740722656 27.05616569519043 28.70132064819336
v 36.0069694519043 27.0079288482666 28.7535343170166
v 36.076812744140625 26.96339988708496 28.810131072998047
v 36.143985748291016 26.923063278198242 28.87166404724121
v 36.20780563354492 26.88739013671875 28.938936233520508
v 36.26759338378906 26.85686683654785 29.01260757446289
v 36.322818756103516 26.832103729248047 29.092254638671875
v 36.37301254272461 26.813758850097656 29.17696189880371
v 36.417701721191406 26.802488327026367 29.26581382751465
v 36.456520080566406 26.798646926879883 29.3579044342041
v 36.489261627197266 26.802051544189453 29.45233917236328
v 36.51575469970703 26.812469482421875 29.548233032226562
v 36.53582763671875 26.829652786254883 29.644704818725586
v 36.54937744140625 26.853273391723633 29.740934371948242
v 36.55634689331055 26.882957458496094 29.836132049560547
v 36.55666732788086 26.918331146240234 29.92951202392578
v 36.5504150390625 26.95892906188965 30.020444869995117
v 36.537906646728516 27.004114151000977 30.108613967895508
v 36.51950454711914 27.053226470947266 30.193740844726562
v 36.495506286621094 27.105600357055664 30.275531768798828
v 36.4655876159668 27.160503387451172 30.3535213470459
v 36.4290771484375 27.217166900634766 30.42714500427246
v 36.385284423828125 27.274826049804688 30.49583625793457
v 36.3338737487793 27.332809448242188 30.55897331237793
v 36.27530288696289 27.390695571899414 30.61579704284668
v 36.21016311645508 27.448095321655273 30.66552734375
v 36.13906478881836 27.50464630126953 30.707401275634766
v 36.062950134277344 27.560283660888672 30.740833282470703
v 35.98297882080078 27.615131378173828 30.765348434448242
v 35.900299072265625 27.669313430786133 30.78047752380371
v 35.816062927246094 27.722923278808594 30.785879135131836
v 35.73139190673828 27.775978088378906 30.781505584716797
v 35.64741134643555 27.8284912109375 30.767351150512695
v 35.565250396728516 27.880468368530273 30.74344253540039
v 35.48613357543945 27.931961059570312 30.710054397583008
v 35.41132736206055 27.9830379486084 30.667621612548828
v 35.342098236083984 28.03376579284668 30.6165771484375
v 35.279239654541016 28.0841007232666 30.557613372802734
v 35.22258377075195 28.13377571105957 30.4919376373291
v 35.171836853027344 28.1824951171875 30.420825958251953
v 35.12668991088867 28.229990005493164 30.34549903869629
v 35.08656311035156 28.27618408203125 30.266780853271484
v 35.0507698059082 28.32110023498535 30.185304641723633
v 35.01860427856445 28.364763259887695 30.101707458496094
v 34.98917770385742 28.407411575317383 30.01666259765625
v 34.96124267578125 28.44966697692871 29.930925369262695
v 34.93352508544922 28.492189407348633 29.845251083374023
v 34.90488815307617 28.535493850708008 29.760282516479492
v 34.875457763671875 28.57891082763672 29.675634384155273
v 34.84600067138672 28.621164321899414 29.59040641784668
v 34.8172721862793 28.660978317260742 29.503700256347656
v 34.78988265991211 28.697185516357422 29.414901733398438
v 34.7641487121582 28.728818893432617 29.323894500732422
v 34.740379333496094 28.754928588867188 29.230613708496094
v 34.7188720703125 28.77457618713379 29.13505744934082
v 34.69999313354492 28.786924362182617 29.037687301635742
v 34.68413162231445 28.791173934936523 28.93914794921875
v 34.671669006347656 28.78653335571289 28.8400936126709
v 34.66287612915039 28.772518157958984 28.741395950317383
v 34.657894134521484 28.74905014038086 28.64421844482422
v 34.65684127807617 28.716087341308594 28.549747467041016
v 34.65980529785156 28.67369842529297 28.459138870239258
v 34.66667175292969 28.622486114501953 28.373380661010742
v 34.67728805541992 28.56320571899414 28.29341697692871
v 34.691490173339844 28.496620178222656 28.220178604125977
v 34.708980560302734 28.423599243164062 28.15419578552246
v 34.72934341430664 28.345123291015625 28.095623016357422
v 34.752159118652344 28.262176513671875 28.044593811035156
v 34.777122497558594 28.17572593688965 28.00115203857422
v 34.80432891845703 28.086685180664062 27.96500015258789
v 34.83396530151367 27.99595832824707 27.93577003479004
v 34.866146087646484 27.904403686523438 27.91307258605957
v 34.899635314941406 27.81215476989746 27.89608383178711
v 34.932071685791016 27.71872901916504 27.88361358642578
v 34.9610595703125 27.62362289428711 27.87446403503418
v 34.98534393310547 27.526723861694336 27.868074417114258
v 35.00753402709961 27.429235458374023 27.866052627563477
v 35.03105545043945 27.33264923095703 27.870468139648438
v 35.05925369262695 27.238426208496094 27.88333511352539
v 35.0930061340332 27.147335052490234 27.905216217041016
v 35.13048553466797 27.059383392333984 27.93508529663086
v 35.16972351074219 26.974544525146484 27.97182846069336
v 35.20917510986328 26.892963409423828 28.014589309692383
v 35.24885177612305 26.815458297729492 28.063447952270508
v 35.28911209106445 26.74299430847168 28.118698120117188
v 35.33030319213867 26.676528930664062 28.18059730529785
v 35.372406005859375 26.616823196411133 28.248836517333984
v 35.41510772705078 26.564489364624023 28.322647094726562
v 35.458099365234375 26.52013397216797 28.40125274658203
v 35.501075744628906 26.484140396118164 28.48387908935547
v 35.543766021728516 26.456336975097656 28.56978988647461
v 35.58589553833008 26.43646240234375 28.658246994018555
v 35.62726974487305 26.42429542541504 28.748485565185547
v 35.66836166381836 26.420055389404297 28.83950424194336
v 35.710025787353516 26.424205780029297 28.930152893066406
v 35.75312423706055 26.437211990356445 29.019287109375
v 35.798301696777344 26.459280014038086 29.105730056762695
v 35.84577560424805 26.49009132385254 29.188255310058594
v 35.89570236206055 26.529258728027344 29.265626907348633
v 35.948211669921875 26.576358795166016 29.336639404296875
v 36.00320816040039 26.630647659301758 29.40029525756836
v 36.06047058105469 26.69122314453125 29.45570945739746
v 36.119789123535156 26.75718116760254 29.502002716064453
v 36.180660247802734 26.827674865722656 29.538619995117188
v 36.24211502075195 26.901954650878906 29.56557273864746
v 36.303138732910156 26.979276657104492 29.58292007446289
v 36.36280822753906 27.058908462524414 29.590810775756836
v 36.420814514160156 27.140146255493164 29.589908599853516
v 36.47707748413086 27.22229766845703 29.581087112426758
v 36.5315055847168 27.304689407348633 29.565217971801758
v 36.58317947387695 27.387361526489258 29.543344497680664
v 36.63005065917969 27.4713134765625 29.516735076904297
v 36.66999816894531 27.557613372802734 29.48667335510254
v 36.701019287109375 27.647052764892578 29.454286575317383
v 36.721771240234375 27.73885726928711 29.419845581054688
v 36.731136322021484 27.831708908081055 29.38330841064453
v 36.72801971435547 27.924274444580078 29.344648361206055
v 36.7116813659668 28.014925003051758 29.304250717163086
v 36.681888580322266 28.10162925720215 29.263042449951172
v 36.638423919677734 28.18232536315918 29.22198486328125
v 36.58138656616211 28.254959106445312 29.18199348449707
v 36.512210845947266 28.3174991607666 29.143762588500977
v 36.43273162841797 28.367910385131836 29.10791778564453
v 36.34480285644531 28.404226303100586 29.075075149536133
v 36.25080108642578 28.42546844482422 29.04564666748047
v 36.153560638427734 28.431522369384766 29.01987075805664
v 36.055912017822266 28.422304153442383 28.997976303100586
v 35.960350036621094 28.398155212402344 28.979965209960938
v 35.86846160888672 28.360492706298828 28.965261459350586
v 35.78170394897461 28.31089973449707 28.95320701599121
v 35.70150375366211 28.250940322875977 28.943199157714844
v 35.62894058227539 28.18197250366211 28.935239791870117
v 35.56491470336914 28.105247497558594 28.929656982421875
v 35.51030731201172 28.02201271057129 28.92678451538086
v 35.46522521972656 27.93346405029297 28.926483154296875
v 35.42835998535156 27.8406982421875 28.927772521972656
v 35.398277282714844 27.74481201171875 28.929584503173828
v 35.373863220214844 27.64688491821289 28.931222915649414
v 35.356441497802734 27.54796028137207 28.934675216674805
v 35.348392486572266 27.449060440063477 28.94308853149414
v 35.352073669433594 27.351215362548828 28.959598541259766
v 35.3686408996582 27.255990982055664 28.985836029052734
v 35.397274017333984 27.16582489013672 29.021011352539062
v 35.436988830566406 27.08323097229004 29.06410789489746
v 35.486595153808594 27.01066017150879 29.11423110961914
v 35.5438346862793 26.95017433166504 29.171133041381836
v 35.6060676574707 26.903711318969727 29.234798431396484
v 35.67066192626953 26.873144149780273 29.30516815185547
v 35.73501205444336 26.85902214050293 29.38129425048828
v 35.796546936035156 26.860570907592773 29.46134376525879
v 35.852684020996094 26.876970291137695 29.543453216552734
v 35.90127182006836 26.907127380371094 29.625965118408203
v 35.941444396972656 26.949121475219727 29.707855224609375
v 35.97257614135742 27.00088119506836 29.78822135925293
v 35.994075775146484 27.060361862182617 29.866174697875977
v 36.005767822265625 27.125934600830078 29.941059112548828
v 36.00778579711914 27.19626808166504 30.01237678527832
v 36.00025939941406 27.270036697387695 30.079631805419922
v 35.98347091674805 27.346059799194336 30.142358779907227
v 35.95816421508789 27.423643112182617 30.200176239013672
v 35.92517852783203 27.502187728881836 30.25271987915039
v 35.8853645324707 27.581113815307617 30.299625396728516
v 35.83979034423828 27.660202026367188 30.340431213378906
v 35.789798736572266 27.739675521850586 30.37455940246582
v 35.73673629760742 27.819778442382812 30.401432037353516
v 35.68189239501953 27.900733947753906 30.420534133911133
v 35.62615203857422 27.982601165771484 30.431774139404297
v 35.57023239135742 28.065378189086914 30.435237884521484
v 35.51485824584961 28.149057388305664 30.431007385253906
v 35.461387634277344 28.23357582092285 30.418914794921875
v 35.412506103515625 28.31873893737793 30.39827537536621
v 35.371070861816406 28.404335021972656 30.368335723876953
v 35.33977127075195 28.490070343017578 30.328388214111328
v 35.31876754760742 28.5743465423584 30.27838134765625
v 35.30622482299805 28.654541015625 30.21879005432129
v 35.30023956298828 28.728002548217773 30.150100708007812
v 35.299049377441406 28.79245376586914 30.072978973388672
v 35.30126953125 28.846742630004883 29.988618850708008
v 35.30558395385742 28.889923095703125 29.898313522338867
v 35.310672760009766 28.921110153198242 29.803361892700195
v 35.315250396728516 28.94021224975586 29.705162048339844
v 35.31804656982422 28.947696685791016 29.605178833007812
v 35.31779098510742 28.944032669067383 29.5048770904541
v 35.313419342041016 28.9298038482666 29.405658721923828
v 35.30437088012695 28.90584945678711 29.308759689331055
v 35.290164947509766 28.8730525970459 29.215394973754883
v 35.27041244506836 28.83230972290039 29.12668228149414
v 35.24592590332031 28.784751892089844 29.042648315429688
v 35.21828842163086 28.73164939880371 28.96259880065918
v 35.18909454345703 28.67428207397461 28.885828018188477
v 35.159767150878906 28.61343765258789 28.811996459960938
v 35.13126754760742 28.54857635498047 28.741758346557617
v 35.10447311401367 28.47892951965332 28.675941467285156
v 35.08015823364258 28.403812408447266 28.615346908569336
v 35.057857513427734 28.32349967956543 28.560516357421875
v 35.036277770996094 28.23891830444336 28.51181411743164
v 35.014102935791016 28.1510009765625 28.4696044921875
v 34.99048614501953 28.060543060302734 28.43425941467285
v 34.96577453613281 27.96795654296875 28.406192779541016
v 34.94051742553711 27.873600006103516 28.385822296142578
v 34.91522979736328 27.77784538269043 28.373531341552734
v 34.890098571777344 27.6812801361084 28.36934471130371
v 34.86510467529297 27.584623336791992 28.373075485229492
v 34.84024429321289 27.48859214782715 28.384523391723633
v 34.81583786010742 27.393701553344727 28.40338706970215
v 34.79292297363281 27.3000545501709 28.429136276245117
v 34.77262878417969 27.207698822021484 28.46120834350586
v 34.75608825683594 27.11669158935547 28.499034881591797
v 34.74457550048828 27.027162551879883 28.541900634765625
v 34.739418029785156 26.939292907714844 28.589012145996094
v 34.74195861816406 26.853260040283203 28.63957977294922
v 34.75331497192383 26.769393920898438 28.692768096923828
v 34.77409744262695 26.688377380371094 28.74765396118164
v 34.80484390258789 26.61095428466797 28.803295135498047
v 34.846038818359375 26.537906646728516 28.858736038208008
v 34.89762496948242 26.47054100036621 28.91282844543457
v 34.9592170715332 26.41048812866211 28.964305877685547
v 35.03041076660156 26.359371185302734 29.01190948486328
v 35.110145568847656 26.318111419677734 29.05527687072754
v 35.19593048095703 26.286134719848633 29.095945358276367
v 35.28510284423828 26.262676239013672 29.135690689086914
v 35.375118255615234 26.246919631958008 29.1762638092041
v 35.46451187133789 26.237497329711914 29.219167709350586
v 35.55245590209961 26.232730865478516 29.26576805114746
v 35.638118743896484 26.23094367980957 29.31742286682129
v 35.72037124633789 26.230224609375 29.375200271606445
v 35.797325134277344 26.228116989135742 29.439430236816406
v 35.866981506347656 26.222070693969727 29.510332107543945
v 35.92744827270508 26.209775924682617 29.58806037902832
v 35.9783935546875 26.192001342773438 29.67195701599121
v 36.020545959472656 26.17166519165039 29.76079750061035
v 36.054664611816406 26.1517276763916 29.85333824157715
v 36.081844329833984 26.135053634643555 29.948448181152344
v 36.10398483276367 26.124258041381836 30.045257568359375
v 36.12311553955078 26.121917724609375 30.14293098449707
v 36.141075134277344 26.130441665649414 30.240625381469727
v 36.15757751464844 26.150327682495117 30.33734130859375
v 36.17100143432617 26.18087387084961 30.43198585510254
v 36.179718017578125 26.221355438232422 30.52346420288086
v 36.18236541748047 26.27101707458496 30.61064910888672
v 36.178314208984375 26.32902717590332 30.692337036132812
v 36.16703414916992 26.394533157348633 30.767311096191406
v 36.14802169799805 26.466642379760742 30.834369659423828
v 36.12101745605469 26.543926239013672 30.89252471923828
v 36.0859375 26.62460708618164 30.94092559814453
v 36.042694091796875 26.706897735595703 30.978717803955078
v 35.99147415161133 26.789045333862305 31.005268096923828
v 35.93311309814453 26.869373321533203 31.020444869995117
v 35.8685302734375 26.946212768554688 31.024188995361328
v 35.798683166503906 27.01793670654297 31.01649284362793
v 35.72473907470703 27.083288192749023 30.997854232788086
v 35.64801025390625 27.141239166259766 30.969066619873047
v 35.569801330566406 27.19076156616211 30.93092918395996
v 35.491455078125 27.231544494628906 30.884227752685547
v 35.41438674926758 27.264759063720703 30.829730987548828
v 35.34000778198242 27.29176902770996 30.768203735351562
v 35.26969909667969 27.313814163208008 30.70037841796875
v 35.20445251464844 27.331056594848633 30.626646041870117
v 35.14503860473633 27.34307098388672 30.54721450805664
v 35.09223937988281 27.349435806274414 30.462297439575195
v 35.04730224609375 27.350616455078125 30.372352600097656
v 35.012359619140625 27.348800659179688 30.278318405151367
v 34.989662170410156 27.346384048461914 30.181190490722656
v 34.98106384277344 27.34541893005371 30.082006454467773
v 34.98582458496094 27.345752716064453 29.982074737548828
v 35.002174377441406 27.34634780883789 29.8828067779541
v 35.028358459472656 27.346195220947266 29.785614013671875
v 35.06320571899414 27.345428466796875 29.69160270690918
v 35.10631561279297 27.345643997192383 29.60150909423828
v 35.157318115234375 27.348526000976562 29.516036987304688
v 35.215694427490234 27.355573654174805 29.43575096130371
v 35.28016662597656 27.367395401000977 29.360509872436523
v 35.34923553466797 27.384334564208984 29.289976119995117
v 35.421424865722656 27.4067325592041 29.223846435546875
v 35.496002197265625 27.434955596923828 29.162960052490234
v 35.57304000854492 27.469388961791992 29.10940170288086
v 35.65265655517578 27.510421752929688 29.065319061279297
v 35.73483657836914 27.55793571472168 29.03276252746582
v 35.8189697265625 27.609619140625 29.013376235961914
v 35.904300689697266 27.66257095336914 29.008691787719727
v 35.99003601074219 27.713884353637695 29.020160675048828
v 36.07487487792969 27.760662078857422 29.047929763793945
v 36.157108306884766 27.800003051757812 29.091079711914062
v 36.235008239746094 27.82901382446289 29.148656845092773
v 36.3065185546875 27.84520721435547 29.218910217285156
v 36.36896514892578 27.846872329711914 29.29859733581543
v 36.41960906982422 27.832378387451172 29.38431167602539
v 36.45627975463867 27.8008975982666 29.47260093688965
v 36.478965759277344 27.754640579223633 29.559865951538086
v 36.48818588256836 27.6965274810791 29.642467498779297
v 36.48454284667969 27.629436492919922 29.7170352935791
v 36.469764709472656 27.555727005004883 29.782974243164062
v 36.446224212646484 27.477462768554688 29.841323852539062
v 36.41629409790039 27.396696090698242 29.893136978149414
v 36.38151550292969 27.31496238708496 29.939132690429688
v 36.341835021972656 27.23281478881836 29.979381561279297
v 36.29701614379883 27.150691986083984 30.013885498046875
v 36.24687194824219 27.069040298461914 30.04254913330078
v 36.19168472290039 26.988359451293945 30.064300537109375
v 36.132022857666016 26.909181594848633 30.077478408813477
v 36.068450927734375 26.832042694091797 30.080419540405273
v 36.001739501953125 26.757671356201172 30.071794509887695
v 35.93318557739258 26.687292098999023 30.05112075805664
v 35.864158630371094 26.622209548950195 30.018047332763672
v 35.796051025390625 26.56374168395996 29.972286224365234
v 35.73060989379883 26.513425827026367 29.9143123626709
v 35.66978454589844 26.472932815551758 29.8450984954834
v 35.615543365478516 26.44393539428711 29.765626907348633
v 35.56962966918945 26.427669525146484 29.677431106567383
v 35.533329010009766 26.424394607543945 29.583255767822266
v 35.50785827636719 26.434242248535156 29.486007690429688
v 35.4942741394043 26.4572696685791 29.38861083984375
v 35.49238967895508 26.49299430847168 29.29410171508789
v 35.50143814086914 26.540672302246094 29.2055721282959
v 35.52063751220703 26.599552154541016 29.12610626220703
v 35.54899597167969 26.66829490661621 29.05809211730957
v 35.585166931152344 26.744592666625977 29.002771377563477
v 35.62775421142578 26.82603645324707 28.961278915405273
v 35.67538070678711 26.910314559936523 28.93455696105957
v 35.726661682128906 26.995744705200195 28.922266006469727
v 35.78022003173828 27.080904006958008 28.923524856567383
v 35.83467483520508 27.164371490478516 28.937458038330078
v 35.88874435424805 27.244855880737305 28.96345329284668
v 35.94130325317383 27.32130241394043 29.001415252685547
v 35.99126052856445 27.392688751220703 29.05129623413086
v 36.037567138671875 27.45804214477539 29.11283302307129
v 36.07973098754883 27.51692008972168 29.183687210083008
v 36.117557525634766 27.569175720214844 29.2603759765625
v 36.15085220336914 27.614660263061523 29.339412689208984
v 36.17908477783203 27.65263557434082 29.420093536376953
v 36.20085906982422 27.680850982666016 29.50885009765625
v 36.214637756347656 27.69682502746582 29.61323356628418
v 36.21908950805664 27.698413848876953 29.739477157592773
v 36.21625518798828 27.689199447631836 29.871841430664062
v 36.21095657348633 27.677480697631836 29.976478576660156
v 36.208099365234375 27.67169952392578 30.018999099731445
l 1 2 3 4 5 6 7 8 9 10 11 12 13 14 15 16 17 18 19 20 21 22 23 24 25 26 27 28 29 30 31 32 33 34 35 36 37 38 39 40 41 42 43 44 45 46 47 48 49 50 51 52 53 54 55 56 57 58 59 60 61 62 63 64 65 66 67 68 69 70 71 72 73 74 75 76 77 78 79 80 81 82 83 84 85 86 87 88 89 90 91 92 93 94 95 96 97 98 99 100 101 102 103 104 105 106 107 108 109 110 111 112 113 114 115 116 117 118 119 120 121 122 123 124 125 126 127 128 129 130 131 132 133 134 135 136 137 138 139 140 141 142 143 144 145 146 147 148 149 150 151 152 153 154 155 156 157 158 159 160 161 162 163 164 165 166 167 168 169 170 171 172 173 174 175 176 177 178 179 180 181 182 183 184 185 186 187 188 189 190 191 192 193 194 195 196 197 198 199 200 201 202 203 204 205 206 207 208 209 210 211 212 213 214 215 216 217 218 219 220 221 222 223 224 225 226 227 228 229 230 231 232 233 234 235 236 237 238 239 240 241 242 243 244 245 246 247 248 249 250 251 252 253 254 255 256 257 258 259 260 261 262 263 264 265 266 267 268 269 270 271 272 273 274 275 276 277 278 279 280 281 282 283 284 285 286 287 288 289 290 291 292 293 294 295 296 297 298 299 300 301 302 303 304 305 306 307 308 309 310 311 312 313 314 315 316 317 318 319 320 321 322 323 324 325 326 327 328 329 330 331 332 333 334 335 336 337 338 339 340 341 342 343 344 345 346 347 348 349 350 351 352 353 354 355 356 357 358 359 360 361 362 363 364 365 366 367 368 369 370 371 372 373 374 375 376 377 378 379 380 381 382 383 384 385 386 387 388 389 390 391 392 393 394 395 396 397 398 399 400 401 402 403 404 405 406 407 408 409 410 411 412 413 414 415 416 417 418 419 420 421 422 423 424 425 426 427 428 429 430 431 432 433 434 435 436 437 438 439 440 441 442 443 444 445 446 447 448 449 450 451 452 453 454 455 456 457 458 459 460 461 462 463 464 465 466 467 468 469 470 471 472 473 474 475 476 477 478 479 480 481 482 483 484 485 486 487 488 489 490 491 492 493 494 495 496 497 498 499 500 501 502 503 504 505 506 507 508 509 510 511 512 513 514 515 516 517 518 519 520 521 522 523 524 525 526 527 528 529 530 531 532 533 534 535 536 537 538 539 540 541 542 543 544 545 546 547 548 549 550 551 552 553 554 555 556 557 558 559 560 561 562 563 564 565 566 567 568 569 570 571 572 573 574 575 576 577 578 579 580 581 582 583 584 585 586 587 588 589 590 591 592 593 594 595 596 597 598 599 600 601 602 603 604 605 606 607 608 609 610 611 612 613 614 615 616 617 618 619 620 621 622 623 624 625 626 627 628 629 630 631 632 633 634 635 636 637 638 639 640 641 642 643 644 645 646 647 648 649 650 651 652 653 654 655 656 657 658 659 660 661 662 663 664 665 666 667 668 669 670 671 672 673 674 675 676 677 678 679 680 681 682 683 684 685 686 687 688 689 690 691 692 693 694 695 696 697 698 699 700 701 702 703 704 705 706 707 708 709 710 711 712 713 714 715 716 717 718 719 720 721 722 723 724 725 726 727 728 729 730 731 732 733 734 735 736 737 738 739 740 741 742 743 744 745 746 747 748 749 750 751 752 753 754 755 756 757 758 759 760 761 762 763 764 765 766 767 768 769 770 771 772 773 774 775 776 777 778 779 780 781 782 783 784 785 786 787 788 789 790 791 792 793 794 795 796 797 798 799 800 801 802 803 804 805 806 807 808 809 810 811 812 813 814 815 816 817 818 819 820 821 822 823 824 825 826 827 828 829 830 831 832 833 834 835 836 837 838 839 840 841 842 843 844 845 846 847 848 849 850 851 852 853 854 855 856 857 858 859 860 861 862 863 864 865 866 867 868 869 870 871 872 873 874 875 876 877 878 879 880 881 882 883 884 885 886 887 888 889 890 891 892 893 894 895 896 897 898 899 900 901 902 903 904 905 906 907 908 909 910 911 912 913 914 915 916 917 918 919 920 921 922 923 924 925 926 927 928 929 930 931 932 933 934 935 936 937 938 939 940 941 942 943 944 945 946 947 948 949 950 951 952 953 954 955 956 957 958 959 960 961 962 963 964 965 966 967 968 969 970 971 972 973 974 975 976 977 978 979 980 981 982 983 984 985 986 987 988 989 990 991 992 993 994 995 996 997 998 999 1000 1001 1002 1003 1004 1005 1006 1007 1008 1009 1010 1011 1012 1013 1014 1015 1016 1017 1018 1019 1020 1021 1022 1023 1024 1025 1026 1027 1028 1029 1030 1031 1032 1033 1034 1035 1036 1037 1038 1039 1040 1041 1042 1043 1044 1045 1046 1047 1048 1049 1050 1051 1052 1053 1054 1055 1056 1057 1058 1059 1060 1061 1062 1063 1064 1065 1066 1067 1068 1069 1070 1071 1072 1073 1074 1075 1076 1077 1078 1079 1080 1081 1082 1083 1084 1085 1086 1087 1088 1089 1090 1091 1092 1093 1094 1095 1096 1097 1098 1099 1100 1101 1102 1103 1104 1105 1106 1107 1108 1109 1110 1111 1112 1113 1114 1115 1116 1117 1118 1119 1120 1121 1122 1123 1124 1125 1126 1127 1128 1129 1130 1131 1132 1133 1134 1135 1136 1137 1138 1139 1140 1141 1142 1143 1144 1145 1146 1147 1148 1149 1150 1151 1152 1153 1154 1155 1156 1157 1158 1159 1160 1161 1162 1163 1164 1165 1166 1167 1168 1169 1170 1171 1172 1173 1174 1175 1176 1177 1178 1179 1180 1181 1182 1183 1184 1185 1186 1187 1188 1189 1190 1191 1192 1193 1194 1195 1196 1197 1198 1199 1200 1201 1202 1203 1204 1205 1206 1207 1208 1209 1210 1211 1212 1213 1214 1215 1216 1217 1218 1219 1220 1221 1222 1223 1224 1225 1226 1227 1228 1229 1230 1231 1232 1233 1234 1235 1236 1237 1238 1239 1240 1241 1242 1243 1244 1245 1246 1247 1248 1249 1250 1251 1252 1253 1254 1255 1256 1257 1258 1259 1260 1261 1262 1263 1264 1265 1266 1267 1268 1269 1270 1271 1272 1273 1274 1275 1276 1277 1278 1279 1280 1281 1282 1283 1284 1285 1286 1287 1288 1289 1290 1291 1292 1293 1294 1295 1296 1297 1298 1299 1300 1301 1302 1303 1304 1305 1306 1307 1308 1309 1310 1311 1312 1313 1314 1315 1316 1317 1318 1319 1320 1321 1322 1323 1324 1325 1326 1327 1328 1329 1330 1331 1332 1333 1334 1335 1336 1337 1338 1339 1340 1341 1342 1343 1344 1345 1346 1347 1348 1349 1350 1351 1352 1353 1354 1355 1356 1357 1358 1359 1360 1361 1362 1363 1364 1365 1366 1367 1368 1369 1370 1371 1372 1373 1374 1375 1376 1377 1378 1379 1380 1381 1382 1383 1384 1385 1386 1387 1388 1389 1390 1391 1392 1393 1394 1395 1396 1397 1398 1399 1400 1401 1402 1403 1404 1405 1406 1407 1408 1409 1410 1411 1412 1413 1414 1415 1416 1417 1418 1419 1420 1421 1422 1423 1424 1425 1426 1427 1428 1429 1430 1431 1432 1433 1434 1435 1436 1437 1438 1439 1440 1441 1442 1443 1444 1445 1446 1447 1448 1449 1450 1451 1452 1453 1454 1455 1456 1457 1458 1459 1460 1461 1462 1463 1464 1465 1466 1467 1468 1469 1470 1471 1472 1473 1474 1475 1476 1477 1478 1479 1480 1481 1482 1483 1484 1485 1486 1487 1488 1489 1490 1491 1492 1493 1494 1495 1496 1497 1498 1499 1500 1501 1502 1503 1504 1505 1506 1507 1508 1509 1510 1511 1512 1513 1514 1515 1516 1517 1518 1519 1520 1521 1522 1523 1524 1525 1526 1527 1528 1529 1530 1531 1532 1533 1534 1535 1536 1537 1538 1539 1540 1541 1542 1543 1544 1545 1546 1547 1548 1549 1550 1551 1552 1553 1554 1555 1556 1557 1558 1559 1560 1561 1562 1563 1564 1565 1566 1567 1568 1569 1570 1571 1572 1573 1574 1575 1576 1577 1578 1579 1580 1581 1582 1583 1584 1585 1586 1587 1588 1589 1590 1591 1592 1593 1594 1595 1596 1597 1598 1599 1600 1601 1602 1603 1604 1605 1606 1607 1608 1609 1610 1611 1612 1613 1614 1615 1616 1617 1618 1619 1620 1621 1622 1623 1624 1625 1626 1627 1628 1629 1630 1631 1632 1633 1634 1635 1636 1637 1638 1639 1640 1641 1642 1643 1644 1645 1646 1647 1648 1649 1650 1651 1652 1653 1654 1655 1656 1657 1658 1659 1660 1661 1662 1663 1664 1665 1666 1667 1668 1669 1670 1671 1672 1673 1674 1675 1676 1677 1678 1679 1680 1681 1682 1683 1684 1685 1686 1687 1688 1689 1690 1691 1692 1693 1694 1695 1696 1697 1698 1699 1700 1701 1702 1703 1704 1705 1706 1707 1708 1709 1710 1711 1712 1713 1714 1715 1716 1717 1718 1719 1720 1721 1722 1723 1724 1725 1726 1727 1728 1729 1730 1731 1732 1733 1734 1735 1736 1737 1738 1739 1740 1741 1742 1743 1744 1745 1746 1747 1748 1749 1750 1751 1752 1753 1754 1755 1756 1757 1758 1759 1760 1761 1762 1763 1764 1765 1766 1767 1768 1769 1770 1771 1772 1773 1774 1775 1776 1777 1778 1779 1780 1781 1782 1783 1784 1785 1786 1787 1788 1789 1790 1791 1792 1793 1794 1795 1796 1797 1798 1799 1800 1801 1802 1803 1804 1805 1806 1807 1808 1809 1810 1811 1812 1813 1814 1815 1816 1817 1818 1819 1820 1821 1822 1823 1824 1825 1826 1827 1828 1829 1830 1831 1832 1833 1834 1835 1836 1837 1838 1839 1840 1841 1842 1843 1844 1845 1846 1847 1848 1849 1850 1851 1852 1853 1854 1855 1856 1857 1858 1859 1860 1861 1862 1863 1864 1865 1866 1867 1868 1869 1870 1871 1872 1873 1874 1875 1876 1877 1878 1879 1880 1881 1882 1883 1884 1885 1886 1887 1888 1889 1890 1891 1892 1893 1894 1895 1896 1897 1898 1899 1900 1901 1902 1903 1904 1905 1906 1907 1908 1909 1910 1911 1912 1913 1914 1915 1916 1917 1918 1919 1920 1921 1922 1923 1924 1925 1926 1927 1928 1929 1930 1931 1932 1933 1934 1935 1936 1937 1938 1939 1940 1941 1942 1943 1944 1945 1946 1947 1948 1949 1950 1951 1952 1953 1954 1955 1956 1957 1958 1959 1960 1961 1962 1963 1964 1965 1966 1967 1968 1969 1970 1971 1972 1973 1974 1975 1976 1977 1978 1979 1980 1981 1982 1983 1984 1985 1986 1987 1988 1989 1990 1991 1992 1993 1994 1995 1996 1997 1998 1999 2000 2001
