# Generated by Visualization Toolkit
v 37.17499923706055 29.05900001525879 27.25189971923828
v 37.177879333496094 29.04209327697754 27.23515510559082
v 37.18538284301758 28.997671127319336 27.191497802734375
v 37.19581604003906 28.935184478759766 27.130800247192383
v 37.20747756958008 28.86408233642578 27.06293296813965
v 37.21866989135742 28.79380989074707 26.997756958007812
v 37.228248596191406 28.730712890625 26.941974639892578
v 37.23644256591797 28.673368453979492 26.894351959228516
v 37.24368667602539 28.61915397644043 26.852432250976562
v 37.250431060791016 28.565448760986328 26.81375503540039
v 37.257110595703125 28.5096435546875 26.7758846282959
v 37.26388168334961 28.450288772583008 26.737600326538086
v 37.270442962646484 28.387819290161133 26.699687957763672
v 37.276451110839844 28.32284164428711 26.66312026977539
v 37.28155517578125 28.25596809387207 26.628864288330078
v 37.28541946411133 28.187795639038086 26.59787940979004
v 37.28774642944336 28.118680953979492 26.570775985717773
v 37.288307189941406 28.048677444458008 26.547752380371094
v 37.28687286376953 27.977828979492188 26.52898406982422
v 37.28321075439453 27.90617561340332 26.5146484375
v 37.277095794677734 27.833772659301758 26.50490379333496
v 37.26837921142578 27.760896682739258 26.499696731567383
v 37.25696563720703 27.68801498413086 26.498781204223633
v 37.24275588989258 27.615598678588867 26.501911163330078
v 37.22566604614258 27.544118881225586 26.50883674621582
v 37.20561218261719 27.474018096923828 26.519302368164062
v 37.1827278137207 27.40546989440918 26.532974243164062
v 37.15727615356445 27.338462829589844 26.549463272094727
v 37.129520416259766 27.272987365722656 26.56838035583496
v 37.099727630615234 27.209033966064453 26.589336395263672
v 37.06814193725586 27.146591186523438 26.61195945739746
v 37.03483581542969 27.08566665649414 26.63601303100586
v 36.99980163574219 27.026277542114258 26.661333084106445
v 36.96302795410156 26.96843719482422 26.68775177001953
v 36.92449951171875 26.91216278076172 26.715103149414062
v 36.88420867919922 26.857484817504883 26.743234634399414
v 36.842124938964844 26.804546356201172 26.77208137512207
v 36.7982177734375 26.753522872924805 26.80160903930664
v 36.75246047973633 26.70459747314453 26.8317813873291
v 36.70481872558594 26.65794563293457 26.862565994262695
v 36.65528106689453 26.613704681396484 26.893890380859375
v 36.60389709472656 26.57185173034668 26.925565719604492
v 36.55072021484375 26.532329559326172 26.95737648010254
v 36.49581527709961 26.49508285522461 26.989103317260742
v 36.43924331665039 26.460050582885742 27.020532608032227
v 36.38108825683594 26.427305221557617 27.051578521728516
v 36.32147979736328 26.39716339111328 27.082426071166992
v 36.260562896728516 26.369970321655273 27.113290786743164
v 36.19847106933594 26.346071243286133 27.144384384155273
v 36.13534164428711 26.325801849365234 27.175912857055664
v 36.071292877197266 26.3092098236084 27.20781898498535
v 36.00640869140625 26.296051025390625 27.239774703979492
v 35.94077682495117 26.286067962646484 27.271440505981445
v 35.874488830566406 26.279001235961914 27.302480697631836
v 35.8076057434082 26.274612426757812 27.332599639892578
v 35.740150451660156 26.272720336914062 27.361608505249023
v 35.67213439941406 26.273141860961914 27.389328002929688
v 35.60356903076172 26.27570152282715 27.41558837890625
v 35.53448486328125 26.28026580810547 27.440242767333984
v 35.46504211425781 26.2869873046875 27.46335220336914
v 35.39543533325195 26.296119689941406 27.485050201416016
v 35.325870513916016 26.30791664123535 27.505470275878906
v 35.25654220581055 26.322628021240234 27.524742126464844
v 35.18758773803711 26.340301513671875 27.54290199279785
v 35.11907958984375 26.360761642456055 27.55988121032715
v 35.05107879638672 26.38382911682129 27.575607299804688
v 34.9836540222168 26.409317016601562 27.590009689331055
v 34.9168701171875 26.43706703186035 27.6030216217041
v 34.850791931152344 26.466995239257812 27.614620208740234
v 34.78547668457031 26.499038696289062 27.624788284301758
v 34.72098922729492 26.53313636779785 27.633512496948242
v 34.65739822387695 26.569231033325195 27.640777587890625
v 34.594810485839844 26.607315063476562 27.646581649780273
v 34.53339385986328 26.647430419921875 27.65094757080078
v 34.47331237792969 26.689624786376953 27.653888702392578
v 34.41472625732422 26.733943939208984 27.655426025390625
v 34.3577995300293 26.780420303344727 27.655597686767578
v 34.30268859863281 26.82904815673828 27.654560089111328
v 34.249549865722656 26.879793167114258 27.652507781982422
v 34.19853591918945 26.93263053894043 27.649635314941406
v 34.149803161621094 26.987529754638672 27.646133422851562
v 34.10346221923828 27.0444278717041 27.64215087890625
v 34.05955505371094 27.103206634521484 27.63775062561035
v 34.018131256103516 27.163738250732422 27.63299560546875
v 33.97922897338867 27.22589874267578 27.627944946289062
v 33.94289016723633 27.289566040039062 27.622657775878906
v 33.909156799316406 27.354633331298828 27.617229461669922
v 33.878074645996094 27.42099952697754 27.611764907836914
v 33.84968948364258 27.488569259643555 27.606374740600586
v 33.82404327392578 27.5572452545166 27.60116195678711
v 33.801177978515625 27.626920700073242 27.596223831176758
v 33.78110122680664 27.697473526000977 27.591598510742188
v 33.763824462890625 27.768779754638672 27.58732795715332
v 33.74935531616211 27.840717315673828 27.583444595336914
v 33.73769760131836 27.913158416748047 27.57999038696289
v 33.72877502441406 27.985994338989258 27.576995849609375
v 33.72242736816406 28.059133529663086 27.574499130249023
v 33.71848678588867 28.13248062133789 27.572534561157227
v 33.71678924560547 28.205944061279297 27.571136474609375
v 33.717193603515625 28.279430389404297 27.570341110229492
v 33.7197151184082 28.35285758972168 27.57020378112793
v 33.72444534301758 28.4261531829834 27.570783615112305
v 33.731475830078125 28.499237060546875 27.572141647338867
v 33.740909576416016 28.57203483581543 27.574338912963867
v 33.75283432006836 28.64445686340332 27.57740592956543
v 33.7673454284668 28.716379165649414 27.581317901611328
v 33.7845344543457 28.78767967224121 27.586036682128906
v 33.80449676513672 28.85822868347168 27.591527938842773
v 33.82733154296875 28.927900314331055 27.597755432128906
v 33.8531379699707 28.996498107910156 27.604734420776367
v 33.882041931152344 29.0637264251709 27.61254119873047
v 33.91416549682617 29.129283905029297 27.621259689331055
v 33.94963455200195 29.19287109375 27.630970001220703
v 33.988525390625 29.25421714782715 27.64175033569336
v 34.03058624267578 29.31328010559082 27.653644561767578
v 34.07541275024414 29.3701229095459 27.666677474975586
v 34.12260818481445 29.424806594848633 27.680875778198242
v 34.17177200317383 29.47739028930664 27.69626808166504
v 34.22256088256836 29.52791976928711 27.712881088256836
v 34.27482223510742 29.57640266418457 27.73075294494629
v 34.32843017578125 29.622833251953125 27.749921798706055
v 34.38325881958008 29.667207717895508 27.77042579650879
v 34.439178466796875 29.709522247314453 27.79230308532715
v 34.49606704711914 29.749767303466797 27.815582275390625
v 34.55380630493164 29.78791618347168 27.840288162231445
v 34.612274169921875 29.823944091796875 27.866436004638672
v 34.671356201171875 29.857826232910156 27.894046783447266
v 34.73093032836914 29.889535903930664 27.923141479492188
v 34.790889739990234 29.919025421142578 27.9537296295166
v 34.851139068603516 29.94623374938965 27.985815048217773
v 34.91158676147461 29.971094131469727 28.019405364990234
v 34.972137451171875 29.99353790283203 28.054500579833984
v 35.03268814086914 30.013504028320312 28.091110229492188
v 35.09310531616211 30.030927658081055 28.129236221313477
v 35.15322494506836 30.045753479003906 28.168888092041016
v 35.2128791809082 30.057924270629883 28.210073471069336
v 35.27190399169922 30.0673828125 28.252803802490234
v 35.33014678955078 30.07408332824707 28.297061920166016
v 35.38759994506836 30.07806968688965 28.34267807006836
v 35.444305419921875 30.079423904418945 28.38941764831543
v 35.50030517578125 30.07822608947754 28.437042236328125
v 35.555641174316406 30.07455825805664 28.48531723022461
v 35.61034393310547 30.06848907470703 28.534029006958008
v 35.6644172668457 30.06004524230957 28.583057403564453
v 35.71784210205078 30.049240112304688 28.632308959960938
v 35.77060317993164 30.03608512878418 28.68168830871582
v 35.82269287109375 30.020593643188477 28.731103897094727
v 35.874122619628906 30.002792358398438 28.780433654785156
v 35.92499542236328 29.98274803161621 28.829492568969727
v 35.97541809082031 29.960535049438477 28.87807846069336
v 36.0255126953125 29.93622398376465 28.925996780395508
v 36.07538604736328 29.909889221191406 28.973045349121094
v 36.1251335144043 29.88161277770996 29.01906967163086
v 36.17478942871094 29.851499557495117 29.064010620117188
v 36.224395751953125 29.819650650024414 29.107816696166992
v 36.27398681640625 29.78617286682129 29.150436401367188
v 36.32360076904297 29.751171112060547 29.191816329956055
v 36.37325668334961 29.714693069458008 29.23185157775879
v 36.422977447509766 29.676708221435547 29.270355224609375
v 36.47277069091797 29.637174606323242 29.30713653564453
v 36.52265167236328 29.596054077148438 29.341999053955078
v 36.5726318359375 29.553308486938477 29.374752044677734
v 36.6226692199707 29.508930206298828 29.405235290527344
v 36.67267990112305 29.462949752807617 29.43332290649414
v 36.72256088256836 29.41539764404297 29.458890914916992
v 36.772220611572266 29.366304397583008 29.48181915283203
v 36.82155990600586 29.315706253051758 29.50198745727539
v 36.87046432495117 29.263660430908203 29.519376754760742
v 36.91878890991211 29.21023941040039 29.534021377563477
v 36.96640396118164 29.155517578125 29.545963287353516
v 37.01316833496094 29.099573135375977 29.555238723754883
v 37.0589485168457 29.042470932006836 29.56190299987793
v 37.10358810424805 28.984249114990234 29.566082000732422
v 37.146934509277344 28.92493438720703 29.567922592163086
v 37.18883514404297 28.86455535888672 29.567567825317383
v 37.22913360595703 28.803142547607422 29.565162658691406
v 37.267704010009766 28.740737915039062 29.56083869934082
v 37.30448913574219 28.677413940429688 29.554697036743164
v 37.33942794799805 28.613250732421875 29.546842575073242
v 37.37246322631836 28.548322677612305 29.53737449645996
v 37.40353775024414 28.482704162597656 29.526391983032227
v 37.43260955810547 28.41644287109375 29.514001846313477
v 37.45964431762695 28.349563598632812 29.50031280517578
v 37.484615325927734 28.282085418701172 29.485435485839844
v 37.50749588012695 28.214033126831055 29.469478607177734
v 37.528236389160156 28.145437240600586 29.45252799987793
v 37.546627044677734 28.07645034790039 29.434402465820312
v 37.56234359741211 28.007291793823242 29.414762496948242
v 37.5750732421875 27.93818473815918 29.393264770507812
v 37.584495544433594 27.869354248046875 29.36956787109375
v 37.590335845947266 27.801015853881836 29.343372344970703
v 37.592647552490234 27.733369827270508 29.314706802368164
v 37.59165573120117 27.666595458984375 29.28376579284668
v 37.58757400512695 27.600879669189453 29.25074005126953
v 37.580623626708984 27.53640365600586 29.215822219848633
v 37.57099533081055 27.473337173461914 29.17915916442871
v 37.5588264465332 27.411800384521484 29.14079475402832
v 37.54424285888672 27.351913452148438 29.10075569152832
v 37.52737045288086 27.29378890991211 29.059066772460938
v 37.508331298828125 27.237545013427734 29.015758514404297
v 37.48727035522461 27.183273315429688 28.970876693725586
v 37.46435546875 27.131038665771484 28.924495697021484
v 37.43974304199219 27.080904006958008 28.87668800354004
v 37.41360092163086 27.032930374145508 28.827526092529297
v 37.38608932495117 26.98717498779297 28.777080535888672
v 37.357391357421875 26.94356918334961 28.72543716430664
v 37.32767868041992 26.901996612548828 28.672679901123047
v 37.29713821411133 26.86233139038086 28.618892669677734
v 37.26594543457031 26.824451446533203 28.564163208007812
v 37.23423767089844 26.78827667236328 28.508577346801758
v 37.20191192626953 26.75392723083496 28.45221710205078
v 37.1688117980957 26.72157859802246 28.395174026489258
v 37.134769439697266 26.691410064697266 28.3375301361084
v 37.09961700439453 26.663599014282227 28.279373168945312
v 37.063209533691406 26.638288497924805 28.220809936523438
v 37.02545928955078 26.615514755249023 28.162023544311523
v 36.98628234863281 26.595287322998047 28.10321044921875
v 36.94559860229492 26.577619552612305 28.044567108154297
v 36.9033317565918 26.56252098083496 27.986291885375977
v 36.85942840576172 26.550050735473633 27.92858123779297
v 36.813880920410156 26.540363311767578 27.871633529663086
v 36.766693115234375 26.53362274169922 27.81564712524414
v 36.717864990234375 26.529991149902344 27.760818481445312
v 36.66740417480469 26.52962875366211 27.707347869873047
v 36.61532211303711 26.532501220703125 27.655481338500977
v 36.561649322509766 26.538402557373047 27.60550308227539
v 36.506404876708984 26.5471134185791 27.55770492553711
v 36.44962692260742 26.558420181274414 27.512372970581055
v 36.391334533691406 26.572053909301758 27.46974754333496
v 36.331573486328125 26.587562561035156 27.429887771606445
v 36.2703742980957 26.604450225830078 27.392812728881836
v 36.20777893066406 26.62222671508789 27.358535766601562
v 36.14382553100586 26.640411376953125 27.32707977294922
v 36.078636169433594 26.658889770507812 27.298479080200195
v 36.01240921020508 26.677858352661133 27.272785186767578
v 35.94532775878906 26.697525024414062 27.25005340576172
v 35.877586364746094 26.71809959411621 27.230337142944336
v 35.809383392333984 26.739774703979492 27.213680267333984
v 35.74086380004883 26.762588500976562 27.200054168701172
v 35.67216873168945 26.786483764648438 27.189382553100586
v 35.603431701660156 26.811405181884766 27.181589126586914
v 35.5347900390625 26.837297439575195 27.176593780517578
v 35.466373443603516 26.86411476135254 27.174327850341797
v 35.3983154296875 26.89187240600586 27.174741744995117
v 35.330745697021484 26.920610427856445 27.177791595458984
v 35.2637939453125 26.95036506652832 27.183439254760742
v 35.197593688964844 26.981176376342773 27.191640853881836
v 35.132266998291016 27.01307487487793 27.20235252380371
v 35.067928314208984 27.046056747436523 27.215505599975586
v 35.00468063354492 27.080120086669922 27.23102378845215
v 34.94263458251953 27.115259170532227 27.248836517333984
v 34.88189697265625 27.151466369628906 27.26887321472168
v 34.822566986083984 27.188737869262695 27.29104995727539
v 34.76473617553711 27.227069854736328 27.315271377563477
v 34.70848846435547 27.266460418701172 27.341442108154297
v 34.65391540527344 27.306903839111328 27.369462966918945
v 34.60110092163086 27.348398208618164 27.39923667907715
v 34.55012130737305 27.390949249267578 27.43065643310547
v 34.50103759765625 27.434566497802734 27.463607788085938
v 34.45391845703125 27.479267120361328 27.49797248840332
v 34.40882110595703 27.525060653686523 27.53363800048828
v 34.365821838378906 27.571962356567383 27.570486068725586
v 34.32502746582031 27.619958877563477 27.608434677124023
v 34.28659439086914 27.669034957885742 27.647417068481445
v 34.250675201416016 27.719165802001953 27.68736457824707
v 34.21742248535156 27.77033042907715 27.72821617126465
v 34.18695068359375 27.82250213623047 27.769895553588867
v 34.1591796875 27.875598907470703 27.81230354309082
v 34.13392639160156 27.92952537536621 27.85532569885254
v 34.111019134521484 27.98417854309082 27.898845672607422
v 34.09027862548828 28.039461135864258 27.9427490234375
v 34.07160186767578 28.095294952392578 27.986913681030273
v 34.05514907836914 28.15168571472168 28.031200408935547
v 34.04115676879883 28.208660125732422 28.07546615600586
v 34.02986145019531 28.266244888305664 28.11956214904785
v 34.021488189697266 28.324466705322266 28.16334342956543
v 34.0161018371582 28.38330841064453 28.206729888916016
v 34.01325607299805 28.442617416381836 28.24982261657715
v 34.01241683959961 28.502225875854492 28.292747497558594
v 34.013057708740234 28.56195831298828 28.335641860961914
v 34.014644622802734 28.62164306640625 28.37863540649414
v 34.016998291015625 28.681053161621094 28.42192840576172
v 34.02042770385742 28.73987579345703 28.4658203125
v 34.02528381347656 28.797800064086914 28.510622024536133
v 34.03190994262695 28.854509353637695 28.556638717651367
v 34.04063034057617 28.909696578979492 28.604167938232422
v 34.05133056640625 28.963151931762695 28.653362274169922
v 34.06358337402344 29.014739990234375 28.704261779785156
v 34.07695007324219 29.064329147338867 28.75691032409668
v 34.09100341796875 29.111783981323242 28.81134605407715
v 34.10536193847656 29.156965255737305 28.867599487304688
v 34.120059967041016 29.199695587158203 28.925617218017578
v 34.13528823852539 29.239788055419922 28.985313415527344
v 34.1512336730957 29.277050018310547 29.046607971191406
v 34.168094635009766 29.311290740966797 29.10941505432129
v 34.18600845336914 29.34234619140625 29.173616409301758
v 34.20503234863281 29.370113372802734 29.239025115966797
v 34.22520065307617 29.39449691772461 29.305438995361328
v 34.24654006958008 29.415403366088867 29.372655868530273
v 34.26909255981445 29.432743072509766 29.440475463867188
v 34.29288101196289 29.446516036987305 29.508686065673828
v 34.31792068481445 29.45680046081543 29.577072143554688
v 34.34423065185547 29.463680267333984 29.645416259765625
v 34.371829986572266 29.467233657836914 29.7134952545166
v 34.400733947753906 29.467554092407227 29.78110122680664
v 34.430999755859375 29.46479034423828 29.84804344177246
v 34.46268844604492 29.459110260009766 29.914138793945312
v 34.495853424072266 29.450681686401367 29.979209899902344
v 34.53055953979492 29.43967056274414 30.043075561523438
v 34.56684112548828 29.42623519897461 30.10557746887207
v 34.60469436645508 29.4105167388916 30.166597366333008
v 34.64409637451172 29.392656326293945 30.22602081298828
v 34.68503952026367 29.372793197631836 30.283735275268555
v 34.72750473022461 29.3510684967041 30.339632034301758
v 34.77147674560547 29.32765007019043 30.39364242553711
v 34.81692123413086 29.30272102355957 30.44572639465332
v 34.86381530761719 29.276466369628906 30.495849609375
v 34.91212463378906 29.249067306518555 30.54397201538086
v 34.96182632446289 29.220701217651367 30.590065002441406
v 35.012855529785156 29.191495895385742 30.63412094116211
v 35.065162658691406 29.161569595336914 30.676143646240234
v 35.118682861328125 29.131040573120117 30.716135025024414
v 35.17335510253906 29.100025177001953 30.75409507751465
v 35.229129791259766 29.068603515625 30.790035247802734
v 35.28594207763672 29.03680419921875 30.823965072631836
v 35.34374237060547 29.0046443939209 30.855899810791016
v 35.40247344970703 28.972143173217773 30.885854721069336
v 35.462074279785156 28.939321517944336 30.91382598876953
v 35.522499084472656 28.906158447265625 30.9395809173584
v 35.583709716796875 28.87261390686035 30.962718963623047
v 35.64565658569336 28.83864402770996 30.982830047607422
v 35.70829772949219 28.8042049407959 30.9995059967041
v 35.77157974243164 28.769277572631836 31.012418746948242
v 35.835365295410156 28.73396110534668 31.021648406982422
v 35.899505615234375 28.698400497436523 31.02741241455078
v 35.96384811401367 28.66273307800293 31.029932022094727
v 36.028228759765625 28.62710189819336 31.0294246673584
v 36.092506408691406 28.591598510742188 31.026105880737305
v 36.15656280517578 28.556133270263672 31.020187377929688
v 36.22028732299805 28.52057456970215 31.011873245239258
v 36.283565521240234 28.48479461669922 31.001373291015625
v 36.346290588378906 28.44866180419922 30.988895416259766
v 36.40840148925781 28.412155151367188 30.974594116210938
v 36.46999740600586 28.37552833557129 30.958494186401367
v 36.53119659423828 28.33909034729004 30.940593719482422
v 36.59211730957031 28.303142547607422 30.92089080810547
v 36.65287780761719 28.267990112304688 30.89938735961914
v 36.713565826416016 28.23386573791504 30.87611198425293
v 36.77420425415039 28.20083236694336 30.851158142089844
v 36.834800720214844 28.16892433166504 30.824636459350586
v 36.89535903930664 28.1381778717041 30.796649932861328
v 36.95589065551758 28.10862922668457 30.767305374145508
v 37.0163459777832 28.080350875854492 30.73658561706543
v 37.076602935791016 28.053451538085938 30.704315185546875
v 37.136531829833984 28.028051376342773 30.67030906677246
v 37.196006774902344 28.00426483154297 30.634382247924805
v 37.25489807128906 27.982206344604492 30.596355438232422
v 37.313018798828125 27.961978912353516 30.556119918823242
v 37.37015151977539 27.943683624267578 30.513608932495117
v 37.42607498168945 27.927417755126953 30.468759536743164
v 37.48057556152344 27.913278579711914 30.42150115966797
v 37.53342819213867 27.90134620666504 30.371795654296875
v 37.584407806396484 27.891647338867188 30.319683074951172
v 37.63328170776367 27.88419532775879 30.265216827392578
v 37.67982482910156 27.87900161743164 30.208454132080078
v 37.72380065917969 27.876081466674805 30.14945411682129
v 37.764915466308594 27.87543296813965 30.088314056396484
v 37.802799224853516 27.877042770385742 30.025175094604492
v 37.83708953857422 27.88089942932129 29.960182189941406
v 37.86742401123047 27.88698387145996 29.893474578857422
v 37.893524169921875 27.895261764526367 29.825231552124023
v 37.91546630859375 27.905601501464844 29.755756378173828
v 37.93341064453125 27.9178524017334 29.685380935668945
v 37.947505950927734 27.931867599487305 29.61444091796875
v 37.95791244506836 27.947492599487305 29.54326629638672
v 37.96481704711914 27.964597702026367 29.47208595275879
v 37.96845245361328 27.983070373535156 29.401025772094727
v 37.96903991699219 28.002798080444336 29.33020782470703
v 37.96681213378906 28.023670196533203 29.25975799560547
v 37.96198654174805 28.045576095581055 29.189786911010742
v 37.95476150512695 28.068443298339844 29.12035369873047
v 37.94530487060547 28.092212677001953 29.05149269104004
v 37.93379592895508 28.1168270111084 28.983240127563477
v 37.92041015625 28.142227172851562 28.915626525878906
v 37.905311584472656 28.168352127075195 28.848678588867188
v 37.88861846923828 28.195152282714844 28.782390594482422
v 37.870445251464844 28.222570419311523 28.716747283935547
v 37.85089874267578 28.25055503845215 28.651735305786133
v 37.83008575439453 28.279054641723633 28.587337493896484
v 37.80807876586914 28.308008193969727 28.5235538482666
v 37.78482437133789 28.337343215942383 28.46039581298828
v 37.760257720947266 28.366989135742188 28.39788818359375
v 37.73430252075195 28.39687156677246 28.336050033569336
v 37.70689392089844 28.42691421508789 28.274904251098633
v 37.67793655395508 28.45701789855957 28.21448516845703
v 37.647300720214844 28.487030029296875 28.154855728149414
v 37.61485290527344 28.516796112060547 28.096078872680664
v 37.580448150634766 28.54615592956543 28.03822135925293
v 37.54396057128906 28.574953079223633 27.981346130371094
v 37.505313873291016 28.60300064086914 27.92549705505371
v 37.464542388916016 28.630083084106445 27.870683670043945
v 37.421669006347656 28.655975341796875 27.81691551208496
v 37.37672805786133 28.680458068847656 27.76420021057129
v 37.329750061035156 28.70331382751465 27.712547302246094
v 37.28083419799805 28.7243709564209 27.66193389892578
v 37.23011779785156 28.743492126464844 27.612319946289062
v 37.177738189697266 28.760541915893555 27.563663482666016
v 37.123836517333984 28.775388717651367 27.51592254638672
v 37.06855010986328 28.78788185119629 27.46906089782715
v 37.01202392578125 28.797805786132812 27.423076629638672
v 36.95439529418945 28.804912567138672 27.377988815307617
v 36.89580154418945 28.808958053588867 27.33380699157715
v 36.83638381958008 28.8096981048584 27.290550231933594
v 36.776302337646484 28.806922912597656 27.24823570251465
v 36.715789794921875 28.800535202026367 27.20690155029297
v 36.65507888793945 28.790449142456055 27.166584014892578
v 36.59440612792969 28.776582717895508 27.127323150634766
v 36.53401184082031 28.758853912353516 27.08915901184082
v 36.474151611328125 28.73719596862793 27.05216407775879
v 36.415103912353516 28.711563110351562 27.016450881958008
v 36.35714340209961 28.681907653808594 26.982131958007812
v 36.3005485534668 28.648183822631836 26.949323654174805
v 36.24560546875 28.610368728637695 26.918127059936523
v 36.19264602661133 28.568553924560547 26.888578414916992
v 36.14202117919922 28.52288246154785 26.86069107055664
v 36.094078063964844 28.473499298095703 26.834474563598633
v 36.04916763305664 28.420541763305664 26.809946060180664
v 36.00757598876953 28.36419677734375 26.78716278076172
v 35.96950149536133 28.30470848083496 26.766260147094727
v 35.935123443603516 28.242334365844727 26.74738311767578
v 35.90462875366211 28.177326202392578 26.730674743652344
v 35.878211975097656 28.109949111938477 26.716276168823242
v 35.85617446899414 28.040544509887695 26.704294204711914
v 35.8388557434082 27.969491958618164 26.69481658935547
v 35.826595306396484 27.89716911315918 26.687938690185547
v 35.81973648071289 27.823951721191406 26.683748245239258
v 35.81840896606445 27.750268936157227 26.682310104370117
v 35.822452545166016 27.676616668701172 26.683643341064453
v 35.8316764831543 27.60349464416504 26.68776512145996
v 35.84589385986328 27.531408309936523 26.69469451904297
v 35.86490249633789 27.460838317871094 26.704458236694336
v 35.888423919677734 27.39215850830078 26.717140197753906
v 35.916160583496094 27.32570457458496 26.732845306396484
v 35.947811126708984 27.261816024780273 26.75168228149414
v 35.98307800292969 27.200828552246094 26.773746490478516
v 36.02172088623047 27.143156051635742 26.79901885986328
v 36.06355285644531 27.08929443359375 26.82733154296875
v 36.108394622802734 27.03974723815918 26.8585147857666
v 36.156063079833984 26.995014190673828 26.89239501953125
v 36.2063102722168 26.955486297607422 26.928813934326172
v 36.258548736572266 26.921066284179688 26.967679977416992
v 36.312095642089844 26.89150619506836 27.008913040161133
v 36.36627197265625 26.86656379699707 27.052440643310547
v 36.420406341552734 26.84600067138672 27.098180770874023
v 36.47408676147461 26.829713821411133 27.145959854125977
v 36.5272331237793 26.817771911621094 27.19548797607422
v 36.57979202270508 26.810256958007812 27.2464599609375
v 36.6317024230957 26.807252883911133 27.29857635498047
v 36.68290328979492 26.808828353881836 27.351533889770508
v 36.7332649230957 26.814973831176758 27.405017852783203
v 36.782623291015625 26.825639724731445 27.45870590209961
v 36.83081817626953 26.840784072875977 27.512277603149414
v 36.87770080566406 26.860355377197266 27.565412521362305
v 36.92315673828125 26.884206771850586 27.617860794067383
v 36.967288970947266 26.911842346191406 27.669612884521484
v 37.01022720336914 26.94270133972168 27.720706939697266
v 37.052101135253906 26.976219177246094 27.771181106567383
v 37.093048095703125 27.011831283569336 27.821075439453125
v 37.13307189941406 27.04920768737793 27.870380401611328
v 37.17192077636719 27.088502883911133 27.918983459472656
v 37.209312438964844 27.12993812561035 27.966758728027344
v 37.244956970214844 27.173734664916992 28.01358413696289
v 37.27857208251953 27.220111846923828 28.059329986572266
v 37.309967041015625 27.269115447998047 28.103967666625977
v 37.339168548583984 27.3204288482666 28.147647857666016
v 37.36622619628906 27.373689651489258 28.1905517578125
v 37.39119338989258 27.42853546142578 28.23285675048828
v 37.41411590576172 27.484607696533203 28.274738311767578
v 37.43498229980469 27.541685104370117 28.316255569458008
v 37.45365905761719 27.599790573120117 28.357261657714844
v 37.470008850097656 27.658967971801758 28.3975887298584
v 37.48389434814453 27.719261169433594 28.43707275390625
v 37.495174407958984 27.780712127685547 28.475547790527344
v 37.50383758544922 27.8432674407959 28.51296043395996
v 37.51002883911133 27.906742095947266 28.549413681030273
v 37.5139274597168 27.970935821533203 28.585025787353516
v 37.51569747924805 28.035646438598633 28.61991310119629
v 37.515506744384766 28.10068130493164 28.654193878173828
v 37.513519287109375 28.165935516357422 28.687883377075195
v 37.5098991394043 28.231441497802734 28.720869064331055
v 37.50479507446289 28.297237396240234 28.753026962280273
v 37.49837112426758 28.363361358642578 28.78423500061035
v 37.490779876708984 28.42984962463379 28.814376831054688
v 37.482051849365234 28.496671676635742 28.84346580505371
v 37.47210693359375 28.563722610473633 28.871646881103516
v 37.46086120605469 28.630903244018555 28.899063110351562
v 37.44822692871094 28.69811248779297 28.92586326599121
v 37.434120178222656 28.765243530273438 28.952192306518555
v 37.418399810791016 28.832195281982422 28.978090286254883
v 37.4008674621582 28.89886474609375 29.003501892089844
v 37.381324768066406 28.96514892578125 29.02836036682129
v 37.35957336425781 29.030942916870117 29.05260467529297
v 37.335426330566406 29.09614372253418 29.0761775970459
v 37.3088264465332 29.16065216064453 29.09908676147461
v 37.279850006103516 29.224365234375 29.12141990661621
v 37.24857711791992 29.287185668945312 29.14325714111328
v 37.215087890625 29.349014282226562 29.16468620300293
v 37.17946243286133 29.409746170043945 29.185787200927734
v 37.14168167114258 29.469247817993164 29.206594467163086
v 37.101680755615234 29.527360916137695 29.227109909057617
v 37.05937957763672 29.583927154541016 29.247329711914062
v 37.01470184326172 29.63878631591797 29.267255783081055
v 36.96758270263672 29.691774368286133 29.286882400512695
v 36.91802978515625 29.742666244506836 29.306201934814453
v 36.866092681884766 29.79121208190918 29.325197219848633
v 36.81181335449219 29.8371639251709 29.343849182128906
v 36.75524139404297 29.880268096923828 29.362146377563477
v 36.69647216796875 29.920351028442383 29.380109786987305
v 36.63581848144531 29.957626342773438 29.397977828979492
v 36.57367706298828 29.992429733276367 29.416057586669922
v 36.51044464111328 30.025094985961914 29.434654235839844
v 36.44650650024414 30.055959701538086 29.454072952270508
v 36.38212966918945 30.085187911987305 29.474464416503906
v 36.317195892333984 30.112478256225586 29.49554443359375
v 36.25153350830078 30.137447357177734 29.5169620513916
v 36.18496322631836 30.159711837768555 29.538362503051758
v 36.11731719970703 30.17888832092285 29.55939483642578
v 36.04856491088867 30.19463539123535 29.579914093017578
v 35.97889709472656 30.20665740966797 29.600065231323242
v 35.90851593017578 30.21466827392578 29.620019912719727
v 35.837623596191406 30.218379974365234 29.63994026184082
v 35.766456604003906 30.217464447021484 29.659818649291992
v 35.69535827636719 30.211423873901367 29.678913116455078
v 35.62471389770508 30.1997127532959 29.6962890625
v 35.554901123046875 30.18178939819336 29.711009979248047
v 35.486328125 30.157194137573242 29.722213745117188
v 35.419639587402344 30.12616729736328 29.72963523864746
v 35.355594635009766 30.089305877685547 29.733314514160156
v 35.294960021972656 30.047208786010742 29.73329734802246
v 35.23838424682617 30.000505447387695 29.729665756225586
v 35.18553924560547 29.950071334838867 29.722841262817383
v 35.13556671142578 29.896915435791016 29.71343421936035
v 35.08761215209961 29.842044830322266 29.70204734802246
v 35.04082489013672 29.786466598510742 29.689289093017578
v 34.9946403503418 29.73085594177246 29.67551040649414
v 34.949031829833984 29.675268173217773 29.660572052001953
v 34.9040412902832 29.619686126708984 29.644290924072266
v 34.85971450805664 29.564096450805664 29.626480102539062
v 34.816078186035156 29.50848388671875 29.606950759887695
v 34.773040771484375 29.452980041503906 29.585607528686523
v 34.730350494384766 29.39787483215332 29.562450408935547
v 34.687740325927734 29.34347915649414 29.537492752075195
v 34.644954681396484 29.29009437561035 29.5107421875
v 34.60173034667969 29.23801612854004 29.48221206665039
v 34.55793380737305 29.187410354614258 29.45197296142578
v 34.51351547241211 29.138355255126953 29.420122146606445
v 34.468414306640625 29.090923309326172 29.386768341064453
v 34.42258071899414 29.045190811157227 29.352008819580078
v 34.3759765625 29.001256942749023 29.31591796875
v 34.32865524291992 28.959327697753906 29.278411865234375
v 34.28070068359375 28.91964340209961 29.239355087280273
v 34.23219299316406 28.8824405670166 29.198617935180664
v 34.18321228027344 28.84796142578125 29.156070709228516
v 34.13385772705078 28.81641387939453 29.11164665222168
v 34.08426284790039 28.7879581451416 29.065401077270508
v 34.03456115722656 28.76275062561035 29.017396926879883
v 33.984886169433594 28.740943908691406 28.967695236206055
v 33.935386657714844 28.722694396972656 28.916358947753906
v 33.88632583618164 28.708120346069336 28.863431930541992
v 33.83803176879883 28.69732666015625 28.80894660949707
v 33.79082489013672 28.690420150756836 28.752941131591797
v 33.74503707885742 28.687503814697266 28.695444107055664
v 33.70103454589844 28.688539505004883 28.6364803314209
v 33.659271240234375 28.69312858581543 28.57603645324707
v 33.62023162841797 28.70081901550293 28.514095306396484
v 33.58438491821289 28.711158752441406 28.450641632080078
v 33.55219650268555 28.723705291748047 28.38566780090332
v 33.52389907836914 28.7381534576416 28.31929588317871
v 33.49960708618164 28.754287719726562 28.251731872558594
v 33.47941207885742 28.771896362304688 28.18318748474121
v 33.46342086791992 28.790761947631836 28.113866806030273
v 33.45170593261719 28.810625076293945 28.043968200683594
v 33.44430923461914 28.831165313720703 27.973682403564453
v 33.44126510620117 28.852054595947266 27.90319061279297
v 33.44261169433594 28.87296485900879 27.832679748535156
v 33.448341369628906 28.89358901977539 27.7623291015625
v 33.4582633972168 28.913707733154297 27.69228744506836
v 33.472137451171875 28.93311882019043 27.62269401550293
v 33.48972702026367 28.95162010192871 27.553691864013672
v 33.51079177856445 28.969022750854492 27.485416412353516
v 33.53511047363281 28.985239028930664 27.417966842651367
v 33.562461853027344 29.000255584716797 27.351409912109375
v 33.59263229370117 29.014066696166992 27.28581428527832
v 33.625396728515625 29.02665901184082 27.221242904663086
v 33.660552978515625 29.03802490234375 27.157751083374023
v 33.69792938232422 29.048171997070312 27.0953369140625
v 33.73735809326172 29.057106018066406 27.033994674682617
v 33.77867889404297 29.064834594726562 26.97372055053711
v 33.82172393798828 29.071361541748047 26.91451072692871
v 33.86644744873047 29.076675415039062 26.8564453125
v 33.91292190551758 29.080751419067383 26.79969024658203
v 33.96122360229492 29.083553314208984 26.744417190551758
v 34.011436462402344 29.085054397583008 26.690797805786133
v 34.063629150390625 29.085224151611328 26.639015197753906
v 34.117835998535156 29.08402442932129 26.589317321777344
v 34.174068450927734 29.081417083740234 26.541996002197266
v 34.23234176635742 29.077367782592773 26.497331619262695
v 34.29266357421875 29.071834564208984 26.45561408996582
v 34.35499572753906 29.064783096313477 26.417098999023438
v 34.419132232666016 29.056182861328125 26.381961822509766
v 34.48484802246094 29.046009063720703 26.350366592407227
v 34.551918029785156 29.034229278564453 26.32247543334961
v 34.620113372802734 29.020816802978516 26.298446655273438
v 34.68918991088867 29.005769729614258 26.27826690673828
v 34.75889587402344 28.989124298095703 26.261701583862305
v 34.8289680480957 28.970914840698242 26.24850082397461
v 34.89915084838867 28.951175689697266 26.23841667175293
v 34.96919631958008 28.929943084716797 26.231201171875
v 35.0389404296875 28.907236099243164 26.22661590576172
v 35.1082878112793 28.883068084716797 26.224430084228516
v 35.17715072631836 28.857450485229492 26.224407196044922
v 35.24543380737305 28.830394744873047 26.226316452026367
v 35.31304931640625 28.801916122436523 26.229936599731445
v 35.379947662353516 28.772056579589844 26.23513412475586
v 35.44610595703125 28.740869522094727 26.24180793762207
v 35.51149368286133 28.708406448364258 26.249862670898438
v 35.57608413696289 28.674718856811523 26.259201049804688
v 35.639854431152344 28.639860153198242 26.269731521606445
v 35.70278549194336 28.603870391845703 26.281402587890625
v 35.76486587524414 28.566787719726562 26.294170379638672
v 35.826072692871094 28.52865219116211 26.307992935180664
v 35.88639831542969 28.489500045776367 26.32282829284668
v 35.945823669433594 28.44936752319336 26.338640213012695
v 36.00432205200195 28.40829086303711 26.355432510375977
v 36.06187438964844 28.366296768188477 26.373205184936523
v 36.118446350097656 28.32341766357422 26.391963958740234
v 36.17402267456055 28.279685974121094 26.411712646484375
v 36.228572845458984 28.235136032104492 26.432462692260742
v 36.28208923339844 28.189823150634766 26.454227447509766
v 36.33456039428711 28.143798828125 26.477027893066406
v 36.3859748840332 28.09711456298828 26.50088119506836
v 36.43632125854492 28.04982566833496 26.52580451965332
v 36.48558044433594 28.001989364624023 26.551830291748047
v 36.53373336791992 27.953670501708984 26.579008102416992
v 36.58076095581055 27.904937744140625 26.607383728027344
v 36.62664031982422 27.855859756469727 26.637008666992188
v 36.671348571777344 27.806501388549805 26.667932510375977
v 36.714881896972656 27.756938934326172 26.700185775756836
v 36.75724792480469 27.707250595092773 26.733779907226562
v 36.79845428466797 27.657520294189453 26.768728256225586
v 36.8385124206543 27.607826232910156 26.805044174194336
v 36.87742233276367 27.55824851989746 26.84273910522461
v 36.91518020629883 27.50885009765625 26.881816864013672
v 36.95176315307617 27.45968246459961 26.922279357910156
v 36.98714065551758 27.410797119140625 26.964126586914062
v 37.02129364013672 27.362245559692383 27.00735855102539
v 37.054203033447266 27.31407928466797 27.051973342895508
v 37.08586883544922 27.266393661499023 27.097984313964844
v 37.116310119628906 27.21929359436035 27.145402908325195
v 37.145545959472656 27.17288589477539 27.194242477416992
v 37.17359161376953 27.127281188964844 27.244518280029297
v 37.20046615600586 27.082584381103516 27.296239852905273
v 37.22618103027344 27.038883209228516 27.349388122558594
v 37.25074768066406 26.996261596679688 27.4039363861084
v 37.2741813659668 26.954805374145508 27.459854125976562
v 37.29649353027344 26.914594650268555 27.517114639282227
v 37.31769943237305 26.875709533691406 27.57568359375
v 37.33785629272461 26.838186264038086 27.63550567626953
v 37.35700988769531 26.80205726623535 27.69651222229004
v 37.37522506713867 26.767356872558594 27.75864028930664
v 37.39255905151367 26.734113693237305 27.821826934814453
v 37.40901565551758 26.70237922668457 27.88602066040039
v 37.424476623535156 26.672260284423828 27.951223373413086
v 37.43879318237305 26.643871307373047 28.017440795898438
v 37.45181655883789 26.617328643798828 28.084680557250977
v 37.46339797973633 26.592750549316406 28.152950286865234
v 37.47347640991211 26.570276260375977 28.22222328186035
v 37.482181549072266 26.55009651184082 28.29239845275879
v 37.48967361450195 26.532411575317383 28.36336326599121
v 37.49610900878906 26.517419815063477 28.43500328063965
v 37.50164794921875 26.50531768798828 28.507205963134766
v 37.5063591003418 26.496065139770508 28.579862594604492
v 37.51017761230469 26.489261627197266 28.652873992919922
v 37.513023376464844 26.484474182128906 28.726139068603516
v 37.51482009887695 26.48126792907715 28.7995548248291
v 37.5154914855957 26.47923469543457 28.873023986816406
v 37.514976501464844 26.47827911376953 28.94648551940918
v 37.51323699951172 26.47853660583496 29.0198974609375
v 37.510231018066406 26.480144500732422 29.093225479125977
v 37.505916595458984 26.48323631286621 29.166431427001953
v 37.500247955322266 26.487939834594727 29.239473342895508
v 37.49321365356445 26.4942626953125 29.312297821044922
v 37.484806060791016 26.502159118652344 29.38484001159668
v 37.475013732910156 26.511581420898438 29.457035064697266
v 37.46383285522461 26.522485733032227 29.52881622314453
v 37.45124435424805 26.534822463989258 29.600122451782227
v 37.43719482421875 26.54852294921875 29.670896530151367
v 37.4216194152832 26.563522338867188 29.74108123779297
v 37.40444564819336 26.579750061035156 29.810623168945312
v 37.3856086730957 26.597137451171875 29.87946319580078
v 37.36503219604492 26.615623474121094 29.947534561157227
v 37.34261703491211 26.635175704956055 30.01472282409668
v 37.318267822265625 26.6557674407959 30.080907821655273
v 37.2918815612793 26.677371978759766 30.145967483520508
v 37.26335906982422 26.699960708618164 30.209779739379883
v 37.23263931274414 26.723499298095703 30.27223014831543
v 37.19972610473633 26.747941970825195 30.333213806152344
v 37.16463088989258 26.773237228393555 30.392623901367188
v 37.12736892700195 26.799339294433594 30.45035743713379
v 37.087947845458984 26.826196670532227 30.506309509277344
v 37.04636764526367 26.8537654876709 30.56032943725586
v 37.002628326416016 26.88199806213379 30.61224365234375
v 36.95672607421875 26.91084861755371 30.661867141723633
v 36.90864562988281 26.94027328491211 30.70901870727539
v 36.85840606689453 26.97022247314453 30.753530502319336
v 36.806087493896484 27.00062370300293 30.7952880859375
v 36.75181198120117 27.03139877319336 30.834205627441406
v 36.69569396972656 27.062469482421875 30.870189666748047
v 36.637855529785156 27.093753814697266 30.903152465820312
v 36.578407287597656 27.125171661376953 30.93299102783203
v 36.51747512817383 27.156635284423828 30.959577560424805
v 36.45516586303711 27.18805503845215 30.982778549194336
v 36.3916015625 27.219343185424805 31.002460479736328
v 36.32689666748047 27.250408172607422 31.018497467041016
v 36.26121139526367 27.281147003173828 31.030811309814453
v 36.19471740722656 27.311439514160156 31.03936767578125
v 36.127593994140625 27.341169357299805 31.04412841796875
v 36.060020446777344 27.370220184326172 31.045061111450195
v 35.99217224121094 27.398475646972656 31.042146682739258
v 35.924224853515625 27.425838470458984 31.03544807434082
v 35.85634994506836 27.45221519470215 31.025041580200195
v 35.78871536254883 27.47751235961914 31.011001586914062
v 35.72149658203125 27.501632690429688 30.993404388427734
v 35.65483093261719 27.52446746826172 30.97236442565918
v 35.58882141113281 27.5458927154541 30.948022842407227
v 35.52357864379883 27.565784454345703 30.920530319213867
v 35.459197998046875 27.584016799926758 30.890033721923828
v 35.395790100097656 27.600481033325195 30.856679916381836
v 35.33345413208008 27.61515998840332 30.820600509643555
v 35.272281646728516 27.628076553344727 30.781925201416016
v 35.212379455566406 27.639249801635742 30.74077606201172
v 35.153839111328125 27.64870262145996 30.697284698486328
v 35.09677505493164 27.656471252441406 30.65155601501465
v 35.041324615478516 27.66263198852539 30.603656768798828
v 34.98763656616211 27.667261123657227 30.553647994995117
v 34.935848236083984 27.670438766479492 30.501590728759766
v 34.886104583740234 27.6722412109375 30.447546005249023
v 34.83846664428711 27.672698974609375 30.391624450683594
v 34.79290008544922 27.671775817871094 30.333993911743164
v 34.74935531616211 27.669429779052734 30.274826049804688
v 34.70778274536133 27.665620803833008 30.21430015563965
v 34.668155670166016 27.660310745239258 30.152578353881836
v 34.63054275512695 27.653484344482422 30.089763641357422
v 34.5950813293457 27.645132064819336 30.02591896057129
v 34.561912536621094 27.635251998901367 29.96110725402832
v 34.53117370605469 27.623838424682617 29.895395278930664
v 34.50296401977539 27.61089324951172 29.828853607177734
v 34.47718048095703 27.596450805664062 29.76161766052246
v 34.45366287231445 27.5805606842041 29.693838119506836
v 34.43225860595703 27.56326675415039 29.62566375732422
v 34.412803649902344 27.54461669921875 29.557247161865234
v 34.39521789550781 27.52460479736328 29.488725662231445
v 34.37959671020508 27.503110885620117 29.42021369934082
v 34.366065979003906 27.479990005493164 29.351821899414062
v 34.35475540161133 27.455101013183594 29.283660888671875
v 34.34579086303711 27.428306579589844 29.215839385986328
v 34.339263916015625 27.39957618713379 29.14849281311035
v 34.335243225097656 27.36895751953125 29.08176612854004
v 34.333805084228516 27.33650779724121 29.01580810546875
v 34.33501052856445 27.30228042602539 28.950767517089844
v 34.33892059326172 27.266342163085938 28.88677978515625
v 34.34551239013672 27.228830337524414 28.823923110961914
v 34.35475540161133 27.189897537231445 28.762258529663086
v 34.36661148071289 27.14969253540039 28.701852798461914
v 34.381046295166016 27.108369827270508 28.64276695251465
v 34.398048400878906 27.066038131713867 28.585100173950195
v 34.417625427246094 27.02275276184082 28.52899742126465
v 34.439788818359375 26.978557586669922 28.474609375
v 34.46455764770508 26.933504104614258 28.42208480834961
v 34.491943359375 26.887653350830078 28.371566772460938
v 34.52197265625 26.841175079345703 28.32314109802246
v 34.554664611816406 26.79430389404297 28.27686309814453
v 34.59004592895508 26.74726676940918 28.232784271240234
v 34.628143310546875 26.700300216674805 28.190963745117188
v 34.66896057128906 26.653621673583984 28.151443481445312
v 34.71241760253906 26.6074161529541 28.114248275756836
v 34.75844192504883 26.561859130859375 28.07940101623535
v 34.80693817138672 26.51712989807129 28.046918869018555
v 34.85783386230469 26.473403930664062 28.016826629638672
v 34.9110107421875 26.430797576904297 27.98918342590332
v 34.966339111328125 26.38936996459961 27.964092254638672
v 35.023685455322266 26.34918212890625 27.941652297973633
v 35.08291244506836 26.310287475585938 27.921964645385742
v 35.14389419555664 26.27276611328125 27.90511703491211
v 35.206512451171875 26.236785888671875 27.89112663269043
v 35.27064895629883 26.202545166015625 27.879985809326172
v 35.33618927001953 26.17024803161621 27.871688842773438
v 35.40302276611328 26.140090942382812 27.866226196289062
v 35.47098922729492 26.112167358398438 27.863605499267578
v 35.53986358642578 26.086393356323242 27.86385726928711
v 35.60940933227539 26.06266975402832 27.86701011657715
v 35.67939758300781 26.0408992767334 27.873096466064453
v 35.74959182739258 26.02097511291504 27.882139205932617
v 35.81980514526367 26.00278663635254 27.894132614135742
v 35.889854431152344 25.986209869384766 27.90904426574707
v 35.959571838378906 25.97111701965332 27.92684555053711
v 36.028770446777344 25.95738983154297 27.947507858276367
v 36.09729766845703 25.944910049438477 27.970989227294922
v 36.1650276184082 25.93359375 27.997215270996094
v 36.231834411621094 25.923351287841797 28.02610206604004
v 36.297607421875 25.91410255432129 28.057571411132812
v 36.362220764160156 25.905759811401367 28.091541290283203
v 36.42560577392578 25.89828109741211 28.127912521362305
v 36.48773193359375 25.891664505004883 28.166561126708984
v 36.54856872558594 25.885910034179688 28.207368850708008
v 36.608097076416016 25.881019592285156 28.250207901000977
v 36.66627883911133 25.876996994018555 28.294965744018555
v 36.723026275634766 25.87386131286621 28.34159278869629
v 36.7781982421875 25.871641159057617 28.39008903503418
v 36.831661224365234 25.8703670501709 28.440460205078125
v 36.883270263671875 25.870065689086914 28.492704391479492
v 36.93291473388672 25.870771408081055 28.546802520751953
v 36.980628967285156 25.872535705566406 28.602611541748047
v 37.02649688720703 25.87541389465332 28.659940719604492
v 37.07059860229492 25.879465103149414 28.718597412109375
v 37.11302947998047 25.88474464416504 28.778392791748047
v 37.15382766723633 25.891307830810547 28.839170455932617
v 37.19293212890625 25.899194717407227 28.900869369506836
v 37.23025894165039 25.908443450927734 28.963451385498047
v 37.26572799682617 25.91909408569336 29.026870727539062
v 37.299259185791016 25.931184768676758 29.091087341308594
v 37.33080291748047 25.94476318359375 29.156023025512695
v 37.3603630065918 25.95988655090332 29.221561431884766
v 37.387943267822266 25.97661781311035 29.287582397460938
v 37.413551330566406 25.995014190673828 29.353961944580078
v 37.43718719482422 26.0151309967041 29.420581817626953
v 37.45879364013672 26.036968231201172 29.487348556518555
v 37.47827911376953 26.06049156188965 29.55418586730957
v 37.495548248291016 26.08566665649414 29.621023178100586
v 37.510501861572266 26.112455368041992 29.687782287597656
v 37.5230598449707 26.140825271606445 29.754384994506836
v 37.533199310302734 26.17076301574707 29.820720672607422
v 37.54092788696289 26.20225715637207 29.886669158935547
v 37.546241760253906 26.235301971435547 29.95210838317871
v 37.54914474487305 26.269887924194336 30.016921997070312
v 37.549598693847656 26.305971145629883 30.080991744995117
v 37.54746627807617 26.343435287475586 30.144224166870117
v 37.54259490966797 26.382150650024414 30.20652198791504
v 37.53483200073242 26.421985626220703 30.267789840698242
v 37.5240364074707 26.462810516357422 30.327932357788086
v 37.51017379760742 26.504518508911133 30.386850357055664
v 37.493350982666016 26.547019958496094 30.444440841674805
v 37.473670959472656 26.590229034423828 30.50059700012207
v 37.45124435424805 26.634057998657227 30.55521583557129
v 37.42617416381836 26.678421020507812 30.608198165893555
v 37.39856719970703 26.723234176635742 30.659488677978516
v 37.36851501464844 26.768407821655273 30.70905876159668
v 37.33611297607422 26.813859939575195 30.756877899169922
v 37.301456451416016 26.8595027923584 30.80291748046875
v 37.26463317871094 26.905248641967773 30.847137451171875
v 37.22568130493164 26.951011657714844 30.88946533203125
v 37.184627532958984 26.9967041015625 30.92981719970703
v 37.14149475097656 27.042234420776367 30.968109130859375
v 37.096309661865234 27.08751678466797 31.004257202148438
v 37.04912567138672 27.13246726989746 31.0382022857666
v 37.000038146972656 27.177017211914062 31.069931030273438
v 36.94915771484375 27.221094131469727 31.099441528320312
v 36.8965950012207 27.264631271362305 31.12672996520996
v 36.84245681762695 27.30756187438965 31.151792526245117
v 36.786834716796875 27.349828720092773 31.174612045288086
v 36.72982406616211 27.391387939453125 31.195158004760742
v 36.671504974365234 27.432199478149414 31.213397979736328
v 36.611961364746094 27.472219467163086 31.22930335998535
v 36.55128479003906 27.511409759521484 31.242839813232422
v 36.489559173583984 27.549726486206055 31.25395393371582
v 36.42688751220703 27.587125778198242 31.262582778930664
v 36.36336135864258 27.623571395874023 31.268665313720703
v 36.299076080322266 27.659015655517578 31.272130966186523
v 36.234127044677734 27.693418502807617 31.272926330566406
v 36.16863250732422 27.726734161376953 31.27103042602539
v 36.10270309448242 27.758914947509766 31.266435623168945
v 36.036460876464844 27.789913177490234 31.259136199951172
v 35.97001647949219 27.819683074951172 31.249126434326172
v 35.90349197387695 27.848175048828125 31.23639488220215
v 35.83699417114258 27.875341415405273 31.22092056274414
v 35.770633697509766 27.901132583618164 31.202678680419922
v 35.70451736450195 27.92549705505371 31.181644439697266
v 35.638755798339844 27.948389053344727 31.157791137695312
v 35.57353210449219 27.969789505004883 31.131057739257812
v 35.509193420410156 27.989757537841797 31.101303100585938
v 35.44609451293945 28.00835418701172 31.068374633789062
v 35.38459777832031 28.0256404876709 31.03212547302246
v 35.32504653930664 28.041677474975586 30.992420196533203
v 35.267391204833984 28.056400299072266 30.949522018432617
v 35.211185455322266 28.069610595703125 30.904117584228516
v 35.15596008300781 28.081106185913086 30.85690689086914
v 35.10123825073242 28.090686798095703 30.808595657348633
v 35.04655456542969 28.0981502532959 30.759885787963867
v 34.9915885925293 28.103328704833984 30.711294174194336
v 34.93649673461914 28.106170654296875 30.662738800048828
v 34.88154220581055 28.106643676757812 30.614009857177734
v 34.826988220214844 28.104717254638672 30.564903259277344
v 34.77309799194336 28.100360870361328 30.515209197998047
v 34.720096588134766 28.093549728393555 30.464778900146484
v 34.668121337890625 28.084278106689453 30.413637161254883
v 34.617279052734375 28.07254409790039 30.361846923828125
v 34.567684173583984 28.058349609375 30.309476852416992
v 34.519447326660156 28.041690826416016 30.256587982177734
v 34.47266387939453 28.02256965637207 30.20325469970703
v 34.42737579345703 28.000986099243164 30.149578094482422
v 34.383609771728516 27.976940155029297 30.095664978027344
v 34.34138870239258 27.9504337310791 30.041627883911133
v 34.300743103027344 27.921470642089844 29.98757553100586
v 34.26177978515625 27.890077590942383 29.933568954467773
v 34.224849700927734 27.856369018554688 29.879545211791992
v 34.190345764160156 27.820466995239258 29.82541275024414
v 34.158660888671875 27.78249740600586 29.771081924438477
v 34.13018798828125 27.74258804321289 29.716463088989258
v 34.10512161254883 27.700847625732422 29.66156005859375
v 34.08323669433594 27.657352447509766 29.606571197509766
v 34.06426239013672 27.612173080444336 29.551721572875977
v 34.04791259765625 27.565380096435547 29.497238159179688
v 34.03391647338867 27.517045974731445 29.443340301513672
v 34.02227783203125 27.467309951782227 29.390155792236328
v 34.01346969604492 27.416425704956055 29.337635040283203
v 34.008018493652344 27.364656448364258 29.285717010498047
v 34.00644302368164 27.31226921081543 29.23433494567871
v 34.00926208496094 27.259525299072266 29.183425903320312
v 34.016639709472656 27.206645965576172 29.133005142211914
v 34.02827835083008 27.15379524230957 29.08318328857422
v 34.04385757446289 27.10112762451172 29.03407859802246
v 34.06304931640625 27.048805236816406 28.985809326171875
v 34.08553695678711 26.996984481811523 28.93848991394043
v 34.1111946105957 26.945802688598633 28.892229080200195
v 34.14002227783203 26.895389556884766 28.84712028503418
v 34.17201614379883 26.845870971679688 28.803258895874023
v 34.207183837890625 26.79737663269043 28.760740280151367
v 34.2454948425293 26.750022888183594 28.71965217590332
v 34.28680419921875 26.703882217407227 28.68004608154297
v 34.33091354370117 26.659015655517578 28.641958236694336
v 34.37762451171875 26.615482330322266 28.605430603027344
v 34.4267463684082 26.573339462280273 28.57050132751465
v 34.47808837890625 26.532604217529297 28.537220001220703
v 34.531494140625 26.493194580078125 28.505664825439453
v 34.5867919921875 26.455018997192383 28.475914001464844
v 34.64383316040039 26.417978286743164 28.44805145263672
v 34.70244598388672 26.381980895996094 28.422157287597656
v 34.76250076293945 26.34696388244629 28.398317337036133
v 34.82390594482422 26.312911987304688 28.376625061035156
v 34.886558532714844 26.279809951782227 28.357177734375
v 34.950374603271484 26.247650146484375 28.340068817138672
v 35.015262603759766 26.216421127319336 28.32539176940918
v 35.08113098144531 26.186176300048828 28.313203811645508
v 35.14790725708008 26.15703010559082 28.303531646728516
v 35.215518951416016 26.129098892211914 28.2963924407959
v 35.28388595581055 26.102497100830078 28.291810989379883
v 35.352928161621094 26.077333450317383 28.289812088012695
v 35.42250442504883 26.0535831451416 28.290477752685547
v 35.492431640625 26.03114891052246 28.293916702270508
v 35.562530517578125 26.009931564331055 28.300241470336914
v 35.63261795043945 25.989831924438477 28.309566497802734
v 35.702518463134766 25.970760345458984 28.32198715209961
v 35.772071838378906 25.95270347595215 28.33753204345703
v 35.84111785888672 25.935670852661133 28.35619354248047
v 35.90951156616211 25.91967010498047 28.377967834472656
v 35.97709274291992 25.904714584350586 28.402851104736328
v 36.043704986572266 25.89083480834961 28.43083953857422
v 36.109161376953125 25.878116607666016 28.4619197845459
v 36.17328643798828 25.866666793823242 28.4960880279541
v 36.235897064208984 25.856586456298828 28.533329010009766
v 36.29680252075195 25.84797477722168 28.573637008666992
v 36.355831146240234 25.840919494628906 28.616960525512695
v 36.4128303527832 25.835472106933594 28.66316795349121
v 36.46763610839844 25.831680297851562 28.71212387084961
v 36.52009963989258 25.8295955657959 28.763690948486328
v 36.57006072998047 25.82926368713379 28.817731857299805
v 36.61737060546875 25.830738067626953 28.874094009399414
v 36.66188049316406 25.834064483642578 28.932613372802734
v 36.70343780517578 25.839296340942383 28.993118286132812
v 36.74189376831055 25.84648323059082 29.055442810058594
v 36.777103424072266 25.85567283630371 29.119415283203125
v 36.808963775634766 25.86690902709961 29.184818267822266
v 36.8373908996582 25.880229949951172 29.25140380859375
v 36.8623046875 25.895671844482422 29.318931579589844
v 36.88362503051758 25.91327476501465 29.38715171813965
v 36.901283264160156 25.93306541442871 29.45581817626953
v 36.915245056152344 25.955020904541016 29.52468490600586
v 36.925498962402344 25.97909927368164 29.593496322631836
v 36.932029724121094 26.005260467529297 29.662002563476562
v 36.93482208251953 26.033464431762695 29.729955673217773
v 36.933876037597656 26.063661575317383 29.797100067138672
v 36.929229736328125 26.095781326293945 29.863191604614258
v 36.92091369628906 26.129749298095703 29.927982330322266
v 36.90897750854492 26.165491104125977 29.991228103637695
v 36.893455505371094 26.20293426513672 30.052677154541016
v 36.87443161010742 26.24199676513672 30.112102508544922
v 36.85203552246094 26.282588958740234 30.169294357299805
v 36.826416015625 26.32462501525879 30.224048614501953
v 36.7977180480957 26.368011474609375 30.276159286499023
v 36.76608657836914 26.412660598754883 30.32542610168457
v 36.73167037963867 26.45846176147461 30.371673583984375
v 36.694637298583984 26.50528335571289 30.414766311645508
v 36.6551513671875 26.55299186706543 30.454566955566406
v 36.613372802734375 26.60145378112793 30.49094009399414
v 36.5694694519043 26.65053939819336 30.52375602722168
v 36.52363204956055 26.700119018554688 30.552974700927734
v 36.476070404052734 26.75006866455078 30.5786190032959
v 36.42698669433594 26.80026626586914 30.600711822509766
v 36.376590728759766 26.850584030151367 30.619277954101562
v 36.32508850097656 26.900909423828125 30.63434410095215
v 36.27268600463867 26.95118522644043 30.645963668823242
v 36.21957778930664 27.001384735107422 30.654205322265625
v 36.16596984863281 27.051481246948242 30.659133911132812
v 36.112056732177734 27.101449966430664 30.66081428527832
v 36.05801773071289 27.151248931884766 30.659324645996094
v 36.00389862060547 27.200761795043945 30.654781341552734
v 35.9496955871582 27.249835968017578 30.647321701049805
v 35.89540100097656 27.298328399658203 30.6370849609375
v 35.84101486206055 27.346088409423828 30.62420654296875
v 35.786529541015625 27.392969131469727 30.608814239501953
v 35.73191833496094 27.43882179260254 30.591005325317383
v 35.677162170410156 27.483501434326172 30.57085609436035
v 35.622230529785156 27.526857376098633 30.54844856262207
v 35.56709289550781 27.568744659423828 30.523862838745117
v 35.5117301940918 27.609020233154297 30.497175216674805
v 35.456146240234375 27.647567749023438 30.46846580505371
v 35.400360107421875 27.684288024902344 30.437807083129883
v 35.344390869140625 27.719083786010742 30.405275344848633
v 35.28825759887695 27.75185203552246 30.370941162109375
v 35.23198699951172 27.78249740600586 30.334875106811523
v 35.17568588256836 27.810916900634766 30.297077178955078
v 35.119503021240234 27.837020874023438 30.25750160217285
v 35.06359100341797 27.8607120513916 30.216108322143555
v 35.008094787597656 27.881895065307617 30.172855377197266
v 34.95317077636719 27.90049171447754 30.127710342407227
v 34.898990631103516 27.916532516479492 30.0806884765625
v 34.845741271972656 27.930089950561523 30.03183364868164
v 34.79359817504883 27.941232681274414 29.981184005737305
v 34.74274444580078 27.950031280517578 29.928775787353516
v 34.69335174560547 27.95653533935547 29.874662399291992
v 34.64554214477539 27.960697174072266 29.818927764892578
v 34.59943389892578 27.962453842163086 29.761674880981445
v 34.555137634277344 27.96173667907715 29.703001022338867
v 34.51276779174805 27.958477020263672 29.643003463745117
v 34.47244644165039 27.952640533447266 29.581787109375
v 34.43430709838867 27.944284439086914 29.519458770751953
v 34.39848709106445 27.9334774017334 29.456130981445312
v 34.365116119384766 27.920291900634766 29.39191436767578
v 34.3343391418457 27.904800415039062 29.326919555664062
v 34.306278228759766 27.887067794799805 29.26127052307129
v 34.28103256225586 27.867145538330078 29.195110321044922
v 34.258705139160156 27.84508514404297 29.128585815429688
v 34.23939514160156 27.82093620300293 29.061843872070312
v 34.223201751708984 27.79475212097168 28.995031356811523
v 34.2102165222168 27.7666015625 28.92830467224121
v 34.20053482055664 27.736587524414062 28.861827850341797
v 34.19424057006836 27.704805374145508 28.79576873779297
v 34.19142532348633 27.671354293823242 28.730289459228516
v 34.192176818847656 27.63633918762207 28.66556167602539
v 34.196563720703125 27.59989356994629 28.601757049560547
v 34.20463943481445 27.562183380126953 28.539058685302734
v 34.216453552246094 27.52336883544922 28.47765350341797
v 34.23206329345703 27.483617782592773 28.417722702026367
v 34.25149917602539 27.443086624145508 28.35944938659668
v 34.27469253540039 27.401893615722656 28.303030014038086
v 34.301513671875 27.36013412475586 28.248661041259766
v 34.33184051513672 27.31790542602539 28.1965389251709
v 34.365543365478516 27.275304794311523 28.146865844726562
v 34.40249252319336 27.232431411743164 28.099821090698242
v 34.44253158569336 27.18940544128418 28.055532455444336
v 34.485511779785156 27.146343231201172 28.01411247253418
v 34.53126907348633 27.103370666503906 27.975675582885742
v 34.57965087890625 27.060604095458984 27.940332412719727
v 34.630496978759766 27.01816177368164 27.9081974029541
v 34.683624267578125 26.97614097595215 27.879384994506836
v 34.73885726928711 26.93463706970215 27.85401153564453
v 34.796016693115234 26.89374542236328 27.832189559936523
v 34.854923248291016 26.853565216064453 27.814035415649414
v 34.91538619995117 26.814184188842773 27.79961585998535
v 34.97718811035156 26.775680541992188 27.78892707824707
v 35.04011535644531 26.73813247680664 27.781967163085938
v 35.10395050048828 26.701622009277344 27.77872657775879
v 35.16847610473633 26.666221618652344 27.77920150756836
v 35.23347473144531 26.631969451904297 27.78337287902832
v 35.29872512817383 26.59886932373047 27.791215896606445
v 35.36400604248047 26.566919326782227 27.802705764770508
v 35.42909240722656 26.536117553710938 27.817813873291016
v 35.493770599365234 26.506467819213867 27.83651351928711
v 35.557884216308594 26.478036880493164 27.85871696472168
v 35.62132263183594 26.450950622558594 27.884305953979492
v 35.68397521972656 26.425325393676758 27.913150787353516
v 35.74573516845703 26.401288986206055 27.945127487182617
v 35.806495666503906 26.378957748413086 27.98011016845703
v 35.86613464355469 26.358407974243164 28.017982482910156
v 35.92453384399414 26.33968734741211 28.058629989624023
v 35.98155975341797 26.322837829589844 28.1019344329834
v 36.03709030151367 26.307899475097656 28.147785186767578
v 36.09100341796875 26.294918060302734 28.19606590270996
v 36.143253326416016 26.2839298248291 28.246606826782227
v 36.1938591003418 26.274961471557617 28.2992000579834
v 36.24283981323242 26.268049240112305 28.353635787963867
v 36.290225982666016 26.263219833374023 28.409700393676758
v 36.336029052734375 26.2605037689209 28.467185974121094
v 36.38025665283203 26.259910583496094 28.525924682617188
v 36.42286682128906 26.261415481567383 28.58580780029297
v 36.46382522583008 26.264991760253906 28.646739959716797
v 36.50309753417969 26.27060890197754 28.708620071411133
v 36.5406379699707 26.278244018554688 28.771347045898438
v 36.57642364501953 26.287874221801758 28.834819793701172
v 36.61043167114258 26.29950523376465 28.8989315032959
v 36.64265060424805 26.31314468383789 28.963571548461914
v 36.673072814941406 26.32880210876465 29.02863121032715
v 36.70167922973633 26.346481323242188 29.094003677368164
v 36.72845458984375 26.366195678710938 29.159576416015625
v 36.75335693359375 26.387948989868164 29.225242614746094
v 36.77634048461914 26.411754608154297 29.290891647338867
v 36.79734802246094 26.437618255615234 29.35641098022461
v 36.81633377075195 26.46554946899414 29.421693801879883
v 36.83324432373047 26.495555877685547 29.486629486083984
v 36.84803771972656 26.527637481689453 29.55109405517578
v 36.86068344116211 26.561779022216797 29.61496353149414
v 36.87114715576172 26.59797477722168 29.67810821533203
v 36.879390716552734 26.636211395263672 29.740398406982422
v 36.88538360595703 26.67647933959961 29.801706314086914
v 36.8890380859375 26.718759536743164 29.861865997314453
v 36.89020538330078 26.763019561767578 29.92066764831543
v 36.888736724853516 26.80923080444336 29.9778995513916
v 36.88447952270508 26.857358932495117 30.033348083496094
v 36.877281188964844 26.907373428344727 30.086801528930664
v 36.86709976196289 26.95920181274414 30.138059616088867
v 36.85406494140625 27.012706756591797 30.186946868896484
v 36.838321685791016 27.067745208740234 30.2332820892334
v 36.82002258300781 27.124170303344727 30.27688980102539
v 36.79930877685547 27.181838989257812 30.317596435546875
v 36.7763557434082 27.240598678588867 30.355331420898438
v 36.75136184692383 27.300281524658203 30.390230178833008
v 36.72454833984375 27.360715866088867 30.422454833984375
v 36.69612503051758 27.42173194885254 30.452171325683594
v 36.66630172729492 27.4831600189209 30.479536056518555
v 36.635257720947266 27.544849395751953 30.50470542907715
v 36.60305404663086 27.606706619262695 30.52780532836914
v 36.56972885131836 27.668649673461914 30.548959732055664
v 36.53532409667969 27.73059844970703 30.568286895751953
v 36.4998779296875 27.792469024658203 30.58591079711914
v 36.463436126708984 27.854190826416016 30.601940155029297
v 36.42605972290039 27.91573715209961 30.616395950317383
v 36.38783645629883 27.97711181640625 30.62925910949707
v 36.34883499145508 28.038318634033203 30.640504837036133
v 36.30914306640625 28.099361419677734 30.650114059448242
v 36.268829345703125 28.160240173339844 30.658063888549805
v 36.22792434692383 28.220918655395508 30.664350509643555
v 36.186378479003906 28.28131103515625 30.66899299621582
v 36.144142150878906 28.341323852539062 30.672008514404297
v 36.101158142089844 28.400861740112305 30.67342185974121
v 36.057376861572266 28.459836959838867 30.67325210571289
v 36.012752532958984 28.518159866333008 30.671512603759766
v 35.96732711791992 28.57579803466797 30.668174743652344
v 35.921180725097656 28.632741928100586 30.66318702697754
v 35.87438201904297 28.688983917236328 30.656496047973633
v 35.82701873779297 28.744510650634766 30.648052215576172
v 35.77916717529297 28.799314498901367 30.637802124023438
v 35.73090744018555 28.853389739990234 30.625699996948242
v 35.682350158691406 28.90675163269043 30.611722946166992
v 35.63362121582031 28.95942497253418 30.595867156982422
v 35.58484649658203 29.01143455505371 30.578126907348633
v 35.5361442565918 29.06280517578125 30.558490753173828
v 35.48764419555664 29.113561630249023 30.536956787109375
v 35.4394645690918 29.163734436035156 30.51352310180664
v 35.39167404174805 29.213354110717773 30.488222122192383
v 35.34432601928711 29.262462615966797 30.461103439331055
v 35.29747772216797 29.311100006103516 30.43221664428711
v 35.251182556152344 29.359302520751953 30.4016056060791
v 35.20549392700195 29.40711212158203 30.369321823120117
v 35.160518646240234 29.454551696777344 30.335369110107422
v 35.1165657043457 29.5015926361084 30.299583435058594
v 35.07398986816406 29.54819107055664 30.26175880432129
v 35.03315353393555 29.594301223754883 30.221689224243164
v 34.994407653808594 29.63987922668457 30.179166793823242
v 34.95811462402344 29.68488121032715 30.133989334106445
v 34.924503326416016 29.729272842407227 30.08611488342285
v 34.89360427856445 29.773027420043945 30.035751342773438
v 34.86542892456055 29.816125869750977 29.98313331604004
v 34.84000015258789 29.858545303344727 29.92848777770996
v 34.817325592041016 29.9002628326416 29.872051239013672
v 34.79745101928711 29.941232681274414 29.814029693603516
v 34.78059005737305 29.981260299682617 29.75450325012207
v 34.76702117919922 30.020105361938477 29.693504333496094
v 34.75701904296875 30.05752182006836 29.63106346130371
v 34.7508544921875 30.0932674407959 29.567214965820312
v 34.74870300292969 30.127161026000977 29.502052307128906
v 34.75043487548828 30.159202575683594 29.43584632873535
v 34.755859375 30.18942642211914 29.3689022064209
v 34.764793395996094 30.217864990234375 29.301525115966797
v 34.77704620361328 30.24455451965332 29.234018325805664
v 34.79242706298828 30.269508361816406 29.166582107543945
v 34.81072235107422 30.292715072631836 29.099288940429688
v 34.83171463012695 30.31416130065918 29.03219223022461
v 34.855194091796875 30.333837509155273 28.965349197387695
v 34.880950927734375 30.35172462463379 28.898818969726562
v 34.908897399902344 30.3677921295166 28.832706451416016
v 34.939029693603516 30.381982803344727 28.767148971557617
v 34.97136306762695 30.394243240356445 28.70229148864746
v 35.005897521972656 30.40452003479004 28.638277053833008
v 35.04263687133789 30.412765502929688 28.575239181518555
v 35.08143615722656 30.419008255004883 28.513206481933594
v 35.122047424316406 30.423337936401367 28.452136993408203
v 35.16423034667969 30.42584228515625 28.391983032226562
v 35.207733154296875 30.426610946655273 28.33269691467285
v 35.25232696533203 30.425724029541016 28.274240493774414
v 35.29791259765625 30.42317008972168 28.216650009155273
v 35.3444938659668 30.41888427734375 28.160003662109375
v 35.392059326171875 30.412799835205078 28.104389190673828
v 35.44061279296875 30.404844284057617 28.04988670349121
v 35.490142822265625 30.39495849609375 27.996578216552734
v 35.54060745239258 30.383132934570312 27.944522857666016
v 35.5919303894043 30.36939811706543 27.893768310546875
v 35.644039154052734 30.35378074645996 27.8443603515625
v 35.69686508178711 30.33631134033203 27.79634666442871
v 35.75033187866211 30.3170108795166 27.749773025512695
v 35.804378509521484 30.295888900756836 27.70470428466797
v 35.85895919799805 30.272930145263672 27.661211013793945
v 35.91402053833008 30.248126983642578 27.619361877441406
v 35.96950912475586 30.221466064453125 27.57923126220703
v 36.02537155151367 30.19293785095215 27.5408935546875
v 36.081565856933594 30.16252899169922 27.504514694213867
v 36.138065338134766 30.13022804260254 27.470312118530273
v 36.19483184814453 30.096019744873047 27.43851089477539
v 36.2518310546875 30.059892654418945 27.409330368041992
v 36.30902862548828 30.021835327148438 27.382997512817383
v 36.36635208129883 29.981908798217773 27.359769821166992
v 36.423702239990234 29.94022560119629 27.33993911743164
v 36.480979919433594 29.896902084350586 27.32379150390625
v 36.538089752197266 29.8520565032959 27.311620712280273
v 36.59491729736328 29.805801391601562 27.303714752197266
v 36.65122604370117 29.758264541625977 27.30027961730957
v 36.70664978027344 29.70957374572754 27.30145263671875
v 36.760799407958984 29.659862518310547 27.307355880737305
v 36.81329345703125 29.60926055908203 27.318119049072266
v 36.863765716552734 29.557907104492188 27.333866119384766
v 36.91209030151367 29.506162643432617 27.354564666748047
v 36.95845413208008 29.45465850830078 27.380002975463867
v 37.00306701660156 29.40404510498047 27.409954071044922
v 37.04613494873047 29.354969024658203 27.44419288635254
v 37.08786392211914 29.308073043823242 27.482492446899414
v 37.12843322753906 29.263668060302734 27.52450180053711
v 37.16798782348633 29.221403121948242 27.569610595703125
v 37.2066650390625 29.180849075317383 27.617191314697266
v 37.24460220336914 29.141584396362305 27.66660499572754
v 37.28193664550781 29.103181838989258 27.717222213745117
v 37.31878662109375 29.06534767150879 27.768543243408203
v 37.355201721191406 29.028345108032227 27.820636749267578
v 37.39120864868164 28.99258804321289 27.873722076416016
v 37.42683410644531 28.958484649658203 27.928014755249023
v 37.46210861206055 28.92644500732422 27.983732223510742
v 37.49703598022461 28.8968563079834 28.041078567504883
v 37.53147888183594 28.869848251342773 28.1000919342041
v 37.56517791748047 28.845399856567383 28.160717010498047
v 37.5978889465332 28.823476791381836 28.222888946533203
v 37.62936019897461 28.80405616760254 28.286548614501953
v 37.659339904785156 28.787107467651367 28.351633071899414
v 37.68753433227539 28.772647857666016 28.4180908203125
v 37.713584899902344 28.760765075683594 28.485870361328125
v 37.73712158203125 28.751558303833008 28.554929733276367
v 37.757781982421875 28.745121002197266 28.62522315979004
v 37.77519989013672 28.741554260253906 28.696693420410156
v 37.78910827636719 28.741031646728516 28.769107818603516
v 37.79933166503906 28.743789672851562 28.842071533203125
v 37.805694580078125 28.75006866455078 28.91518211364746
v 37.808021545410156 28.760108947753906 28.988035202026367
v 37.80619812011719 28.774030685424805 29.060251235961914
v 37.800289154052734 28.791561126708984 29.131519317626953
v 37.79041290283203 28.81234359741211 29.20154571533203
v 37.77667236328125 28.836023330688477 29.270036697387695
v 37.759178161621094 28.86225700378418 29.336694717407227
v 37.73799514770508 28.890872955322266 29.401203155517578
v 37.71316146850586 28.921781539916992 29.46323585510254
v 37.684722900390625 28.954898834228516 29.522464752197266
v 37.65271759033203 28.990142822265625 29.578567504882812
v 37.61725997924805 29.027326583862305 29.631290435791016
v 37.578548431396484 29.0661678314209 29.680465698242188
v 37.536773681640625 29.106369018554688 29.72592544555664
v 37.49213790893555 29.14763641357422 29.76750946044922
v 37.44483947753906 29.1896915435791 29.805089950561523
v 37.395084381103516 29.23228645324707 29.838661193847656
v 37.343082427978516 29.27518081665039 29.86823272705078
v 37.289039611816406 29.318138122558594 29.893817901611328
v 37.2331657409668 29.360918045043945 29.915430068969727
v 37.1756477355957 29.40330696105957 29.93311882019043
v 37.11667251586914 29.445104598999023 29.94695472717285
v 37.05643081665039 29.48611068725586 29.957002639770508
v 36.9951057434082 29.526124954223633 29.963335037231445
v 36.932823181152344 29.564929962158203 29.966102600097656
v 36.86958694458008 29.60228157043457 29.965641021728516
v 36.80536651611328 29.637928009033203 29.962312698364258
v 36.740142822265625 29.671615600585938 29.956480026245117
v 36.67390441894531 29.703088760375977 29.948484420776367
v 36.606754302978516 29.731969833374023 29.9383544921875
v 36.53888702392578 29.757789611816406 29.925867080688477
v 36.47050476074219 29.780075073242188 29.910789489746094
v 36.40180587768555 29.798357009887695 29.892892837524414
v 36.33298873901367 29.812395095825195 29.87205696105957
v 36.264225006103516 29.822847366333008 29.848604202270508
v 36.1956787109375 29.830591201782227 29.822956085205078
v 36.12751770019531 29.836496353149414 29.7955379486084
v 36.05990219116211 29.841419219970703 29.766761779785156
v 35.99290466308594 29.84580421447754 29.736852645874023
v 35.92649841308594 29.84966468811035 29.705825805664062
v 35.860652923583984 29.852998733520508 29.67369270324707
v 35.79533004760742 29.85580062866211 29.640464782714844
v 35.73051071166992 29.858062744140625 29.60614585876465
v 35.66622543334961 29.859725952148438 29.570722579956055
v 35.60254669189453 29.860694885253906 29.534156799316406
v 35.539554595947266 29.860872268676758 29.496414184570312
v 35.477317810058594 29.860164642333984 29.457460403442383
v 35.4159049987793 29.858474731445312 29.417268753051758
v 35.35529708862305 29.85573387145996 29.375938415527344
v 35.295413970947266 29.851884841918945 29.33363151550293
v 35.23618698120117 29.846864700317383 29.290515899658203
v 35.17753982543945 29.840620040893555 29.24675178527832
v 35.119415283203125 29.833087921142578 29.202489852905273
v 35.06182861328125 29.824176788330078 29.157791137695312
v 35.00482940673828 29.81379508972168 29.1126766204834
v 34.94847106933594 29.80183982849121 29.067171096801758
v 34.892799377441406 29.78821563720703 29.021297454833984
v 34.83784866333008 29.77283477783203 28.975099563598633
v 34.78358840942383 29.755657196044922 28.9287052154541
v 34.72996520996094 29.736652374267578 28.88226318359375
v 34.67692947387695 29.71579360961914 28.835926055908203
v 34.624427795410156 29.693050384521484 28.78984260559082
v 34.572452545166016 29.668378829956055 28.744140625
v 34.52110290527344 29.641681671142578 28.69887924194336
v 34.470497131347656 29.61285400390625 28.654109954833984
v 34.42076110839844 29.58179473876953 28.609882354736328
v 34.372013092041016 29.548398971557617 28.566246032714844
v 34.324363708496094 29.51259422302246 28.523269653320312
v 34.27790069580078 29.474367141723633 28.481063842773438
v 34.23271560668945 29.4337100982666 28.43974494934082
v 34.18888854980469 29.390615463256836 28.39942741394043
v 34.14651107788086 29.345077514648438 28.3602237701416
v 34.10566711425781 29.297109603881836 28.322275161743164
v 34.066436767578125 29.246755599975586 28.28575325012207
v 34.028907775878906 29.194061279296875 28.250823974609375
v 33.993160247802734 29.139066696166992 28.217660903930664
v 33.95927429199219 29.081823348999023 28.18642234802246
v 33.92726135253906 29.022470474243164 28.157184600830078
v 33.8970947265625 28.961193084716797 28.129959106445312
v 33.86875534057617 28.898176193237305 28.104766845703125
v 33.84221649169922 28.833608627319336 28.081623077392578
v 33.81745147705078 28.767671585083008 28.060537338256836
v 33.79444122314453 28.700511932373047 28.041484832763672
v 33.77315139770508 28.632265090942383 28.024429321289062
v 33.753562927246094 28.56307029724121 28.00933265686035
v 33.735652923583984 28.493064880371094 27.99616241455078
v 33.719383239746094 28.422374725341797 27.984838485717773
v 33.70471954345703 28.351089477539062 27.97515869140625
v 33.69162368774414 28.279296875 27.96689224243164
v 33.680049896240234 28.207080841064453 27.95981216430664
v 33.66995620727539 28.13452911376953 27.953689575195312
v 33.661354064941406 28.06171989440918 27.948326110839844
v 33.65444564819336 27.988706588745117 27.94365119934082
v 33.64947509765625 27.915538787841797 27.939611434936523
v 33.64668273925781 27.842267990112305 27.936161041259766
v 33.64631652832031 27.76894187927246 27.93324851989746
v 33.648529052734375 27.695615768432617 27.930797576904297
v 33.65329360961914 27.62236976623535 27.92864227294922
v 33.66053009033203 27.549278259277344 27.92661476135254
v 33.67018127441406 27.476421356201172 27.924543380737305
v 33.68217849731445 27.40387725830078 27.92225456237793
v 33.696537017822266 27.331764221191406 27.91956329345703
v 33.71341323852539 27.2602596282959 27.916263580322266
v 33.73297882080078 27.189550399780273 27.912141799926758
v 33.755409240722656 27.119821548461914 27.906991958618164
v 33.780860900878906 27.051259994506836 27.900604248046875
v 33.809356689453125 26.984006881713867 27.892881393432617
v 33.840763092041016 26.918169021606445 27.883825302124023
v 33.87495040893555 26.853853225708008 27.87344741821289
v 33.911781311035156 26.791162490844727 27.86175537109375
v 33.95112228393555 26.730213165283203 27.8487491607666
v 33.9929084777832 26.671268463134766 27.834280014038086
v 34.037113189697266 26.614665985107422 27.818117141723633
v 34.08370590209961 26.560749053955078 27.800033569335938
v 34.13266372680664 26.509857177734375 27.77979850769043
v 34.18391418457031 26.462284088134766 27.757234573364258
v 34.237213134765625 26.418071746826172 27.732433319091797
v 34.292259216308594 26.37718391418457 27.705570220947266
v 34.34874725341797 26.339584350585938 27.67681884765625
v 34.40637969970703 26.305234909057617 27.646352767944336
v 34.464881896972656 26.274106979370117 27.614330291748047
v 34.52410125732422 26.24618148803711 27.58084487915039
v 34.58390808105469 26.2214412689209 27.545974731445312
v 34.64417266845703 26.199871063232422 27.50980567932129
v 34.70476150512695 26.18145751953125 27.4724178314209
v 34.76556396484375 26.16621971130371 27.43392562866211
v 34.826507568359375 26.15424919128418 27.39451026916504
v 34.88751983642578 26.14564323425293 27.35435676574707
v 34.948524475097656 26.14049530029297 27.313648223876953
v 35.00945281982422 26.13890266418457 27.272571563720703
v 35.07023620605469 26.140872955322266 27.231294631958008
v 35.13079833984375 26.14632225036621 27.189970016479492
v 35.191070556640625 26.15516471862793 27.14874839782715
v 35.250980377197266 26.167312622070312 27.107778549194336
v 35.31045150756836 26.182687759399414 27.06720733642578
v 35.3692741394043 26.20130729675293 27.02706527709961
v 35.427146911621094 26.2232723236084 26.98729705810547
v 35.483760833740234 26.24869155883789 26.947845458984375
v 35.5388069152832 26.277664184570312 26.908649444580078
v 35.59197998046875 26.310287475585938 26.869661331176758
v 35.64301681518555 26.346540451049805 26.8309383392334
v 35.691688537597656 26.38633918762207 26.792600631713867
v 35.73775100708008 26.429595947265625 26.754770278930664
v 35.78097152709961 26.47622299194336 26.717567443847656
v 35.82112121582031 26.526126861572266 26.681127548217773
v 35.857994079589844 26.57916831970215 26.645654678344727
v 35.89139938354492 26.635189056396484 26.611391067504883
v 35.921146392822266 26.69403076171875 26.578571319580078
v 35.94703674316406 26.75553321838379 26.54743766784668
v 35.968894958496094 26.81950569152832 26.518198013305664
v 35.98658752441406 26.885650634765625 26.490982055664062
v 35.999996185302734 26.953651428222656 26.465906143188477
v 36.00899124145508 27.023191452026367 26.443084716796875
v 36.01344680786133 27.09395408630371 26.422630310058594
v 36.013240814208984 27.165544509887695 26.40456771850586
v 36.008243560791016 27.237483978271484 26.38882064819336
v 35.998321533203125 27.309288024902344 26.375303268432617
v 35.98335266113281 27.380470275878906 26.36393165588379
v 35.96323776245117 27.4505615234375 26.354602813720703
v 35.93821716308594 27.519285202026367 26.34699821472168
v 35.90873336791992 27.586467742919922 26.340682983398438
v 35.87522888183594 27.651945114135742 26.33521842956543
v 35.83814239501953 27.715543746948242 26.330167770385742
v 35.79786682128906 27.777095794677734 26.325157165527344
v 35.75456237792969 27.836444854736328 26.320154190063477
v 35.70830535888672 27.893430709838867 26.31524085998535
v 35.65916442871094 27.947895050048828 26.310495376586914
v 35.60721969604492 27.99968147277832 26.306001663208008
v 35.55259704589844 28.048696517944336 26.301908493041992
v 35.495628356933594 28.0950984954834 26.29865074157715
v 35.43669509887695 28.13910675048828 26.296733856201172
v 35.37617492675781 28.180946350097656 26.296663284301758
v 35.314456939697266 28.220834732055664 26.29894256591797
v 35.251869201660156 28.258968353271484 26.303958892822266
v 35.188541412353516 28.295398712158203 26.311546325683594
v 35.12453842163086 28.33014488220215 26.32139015197754
v 35.0599250793457 28.36322021484375 26.333171844482422
v 34.99477005004883 28.394643783569336 26.346574783325195
v 34.92913818359375 28.42443084716797 26.361299514770508
v 34.86312484741211 28.452604293823242 26.377302169799805
v 34.79685974121094 28.47918701171875 26.39472770690918
v 34.73046112060547 28.504207611083984 26.413724899291992
v 34.6640510559082 28.52768898010254 26.434436798095703
v 34.59775161743164 28.549659729003906 26.457014083862305
v 34.53166961669922 28.570127487182617 26.48155975341797
v 34.465858459472656 28.589075088500977 26.50804901123047
v 34.40037155151367 28.606470108032227 26.536441802978516
v 34.33525085449219 28.622285842895508 26.56669044494629
v 34.27054977416992 28.636491775512695 26.598752975463867
v 34.206329345703125 28.649063110351562 26.632591247558594
v 34.14277267456055 28.659984588623047 26.66828155517578
v 34.080177307128906 28.669248580932617 26.70597267150879
v 34.018836975097656 28.676855087280273 26.745819091796875
v 33.959041595458984 28.682796478271484 26.787973403930664
v 33.901084899902344 28.687070846557617 26.832590103149414
v 33.84513854980469 28.68962287902832 26.879716873168945
v 33.79106903076172 28.69028663635254 26.92913818359375
v 33.73868942260742 28.688871383666992 26.980600357055664
v 33.68782043457031 28.68518829345703 27.033843994140625
v 33.638275146484375 28.679052352905273 27.08861541748047
v 33.59002685546875 28.670307159423828 27.144710540771484
v 33.54399108886719 28.659038543701172 27.202247619628906
v 33.50145721435547 28.64541244506836 27.261470794677734
v 33.463714599609375 28.629602432250977 27.3226261138916
v 33.43205642700195 28.611780166625977 27.38595962524414
v 33.40769577026367 28.592100143432617 27.451684951782227
v 33.390377044677734 28.57042694091797 27.519380569458008
v 33.378482818603516 28.546358108520508 27.58803939819336
v 33.3703498840332 28.51947784423828 27.656639099121094
v 33.36431121826172 28.48937225341797 27.72414779663086
v 33.359073638916016 28.455738067626953 27.78972053527832
v 33.35484313964844 28.418716430664062 27.85321617126465
v 33.35219192504883 28.378568649291992 27.914676666259766
v 33.35170364379883 28.33555030822754 27.974138259887695
v 33.35393524169922 28.28990936279297 28.031635284423828
v 33.35898208618164 28.241783142089844 28.087011337280273
v 33.36650848388672 28.191194534301758 28.139934539794922
v 33.37615966796875 28.138164520263672 28.190065383911133
v 33.3875846862793 28.082714080810547 28.2370662689209
v 33.40055465698242 28.02495002746582 28.28071403503418
v 33.41506576538086 27.965147018432617 28.320995330810547
v 33.431156158447266 27.903593063354492 28.357921600341797
v 33.44884490966797 27.840585708618164 28.39150619506836
v 33.46815872192383 27.776397705078125 28.42176055908203
v 33.48909378051758 27.711252212524414 28.44868278503418
v 33.511634826660156 27.645353317260742 28.472265243530273
v 33.5357666015625 27.578907012939453 28.492507934570312
v 33.56147384643555 27.512117385864258 28.509403228759766
v 33.58867263793945 27.44515609741211 28.522947311401367
v 33.61724853515625 27.378173828125 28.53313636779785
v 33.6470832824707 27.311321258544922 28.539966583251953
v 33.67805480957031 27.244754791259766 28.543428421020508
v 33.71006393432617 27.178607940673828 28.543581008911133
v 33.743038177490234 27.112998962402344 28.54057502746582
v 33.776920318603516 27.048036575317383 28.534576416015625
v 33.811641693115234 26.983837127685547 28.525753021240234
v 33.84715270996094 26.920515060424805 28.514266967773438
v 33.883541107177734 26.858226776123047 28.500268936157227
v 33.92094802856445 26.797143936157227 28.483903884887695
v 33.95951843261719 26.737436294555664 28.465316772460938
v 33.999393463134766 26.67927360534668 28.44465446472168
v 34.04066848754883 26.622817993164062 28.422042846679688
v 34.0833625793457 26.56821632385254 28.397586822509766
v 34.12749099731445 26.51561164855957 28.37138557434082
v 34.173072814941406 26.465145111083984 28.343538284301758
v 34.220096588134766 26.416954040527344 28.314138412475586
v 34.268436431884766 26.371070861816406 28.2832088470459
v 34.317901611328125 26.327484130859375 28.25074005126953
v 34.3682861328125 26.286184310913086 28.216724395751953
v 34.419403076171875 26.247156143188477 28.181154251098633
v 34.47111129760742 26.210412979125977 28.144062042236328
v 34.523380279541016 26.176002502441406 28.105558395385742
v 34.57619094848633 26.143978118896484 28.065759658813477
v 34.6295166015625 26.114389419555664 28.024784088134766
v 34.68333053588867 26.087289810180664 27.982742309570312
v 34.737552642822266 26.062698364257812 27.9396915435791
v 34.79207229614258 26.040620803833008 27.895662307739258
v 34.84678649902344 26.02106475830078 27.85068702697754
v 34.90158462524414 26.0040340423584 27.804792404174805
v 34.95639419555664 25.98952865600586 27.7580509185791
v 35.01121520996094 25.97753143310547 27.710615158081055
v 35.06605529785156 25.9680233001709 27.662656784057617
v 35.120933532714844 25.960981369018555 27.614347457885742
v 35.17585754394531 25.956382751464844 27.565853118896484
v 35.230831146240234 25.954120635986328 27.517276763916016
v 35.28584671020508 25.954015731811523 27.46866798400879
v 35.34089660644531 25.95588493347168 27.42007064819336
v 35.395973205566406 25.95954704284668 27.371532440185547
v 35.45106506347656 25.964879989624023 27.3231143951416
v 35.50614929199219 25.97211265563965 27.27495574951172
v 35.561180114746094 25.981597900390625 27.227224349975586
v 35.61612319946289 25.99368667602539 27.18009376525879
v 35.67094039916992 26.008729934692383 27.133726119995117
v 35.72560119628906 26.02682876586914 27.088232040405273
v 35.78008270263672 26.04768943786621 27.04360580444336
v 35.8343620300293 26.070974349975586 26.999841690063477
v 35.88842010498047 26.096355438232422 26.956932067871094
v 35.942230224609375 26.123552322387695 26.91487693786621
v 35.99574279785156 26.152557373046875 26.873737335205078
v 36.048892974853516 26.183454513549805 26.833593368530273
v 36.10163116455078 26.216320037841797 26.794525146484375
v 36.15388870239258 26.251230239868164 26.75660514831543
v 36.205604553222656 26.28818130493164 26.719850540161133
v 36.25669860839844 26.327085494995117 26.684207916259766
v 36.307090759277344 26.36785316467285 26.649625778198242
v 36.3567008972168 26.41039276123047 26.61604881286621
v 36.405460357666016 26.45462989807129 26.583452224731445
v 36.453330993652344 26.500545501708984 26.551902770996094
v 36.500282287597656 26.54813003540039 26.521495819091797
v 36.5462760925293 26.597375869750977 26.492319107055664
v 36.591278076171875 26.648273468017578 26.46445655822754
v 36.63520812988281 26.700788497924805 26.437894821166992
v 36.677955627441406 26.754871368408203 26.41254425048828
v 36.71939468383789 26.810468673706055 26.38831329345703
v 36.75941848754883 26.867528915405273 26.3651123046875
v 36.797908782958984 26.92600440979004 26.34286880493164
v 36.83477020263672 26.98585319519043 26.32154655456543
v 36.869895935058594 27.047035217285156 26.301115036010742
v 36.9031867980957 27.109512329101562 26.28154945373535
v 36.93455123901367 27.173242568969727 26.262828826904297
v 36.96392822265625 27.238170623779297 26.244998931884766
v 36.991275787353516 27.304235458374023 26.2281436920166
v 37.01655197143555 27.371376037597656 26.21234703063965
v 37.03972244262695 27.439531326293945 26.197696685791016
v 37.06073760986328 27.508628845214844 26.18424415588379
v 37.07954406738281 27.578582763671875 26.17198944091797
v 37.09609603881836 27.649301528930664 26.16092872619629
v 37.11033630371094 27.7206974029541 26.15105628967285
v 37.122215270996094 27.792680740356445 26.142372131347656
v 37.131710052490234 27.86515235900879 26.1348934173584
v 37.13881301879883 27.938011169433594 26.128646850585938
v 37.14350891113281 28.011159896850586 26.123661041259766
v 37.14578628540039 28.084495544433594 26.11996078491211
v 37.145652770996094 28.157920837402344 26.117549896240234
v 37.14313507080078 28.231334686279297 26.11639976501465
v 37.13827133178711 28.304643630981445 26.116485595703125
v 37.13108825683594 28.377748489379883 26.117780685424805
v 37.121620178222656 28.4505558013916 26.120262145996094
v 37.10993194580078 28.522985458374023 26.12393569946289
v 37.096092224121094 28.59496307373047 26.128808975219727
v 37.080162048339844 28.666414260864258 26.134891510009766
v 37.062217712402344 28.737266540527344 26.142189025878906
v 37.04231262207031 28.807451248168945 26.150699615478516
v 37.020503997802734 28.87691307067871 26.160400390625
v 36.99684143066406 28.94559669494629 26.171276092529297
v 36.97138595581055 29.013442993164062 26.18330192565918
v 36.944175720214844 29.080394744873047 26.196462631225586
v 36.91521072387695 29.14636993408203 26.210737228393555
v 36.88447952270508 29.211286544799805 26.226106643676758
v 36.85196304321289 29.275060653686523 26.242549896240234
v 36.817649841308594 29.337610244750977 26.26004981994629
v 36.78154373168945 29.39884376525879 26.278593063354492
v 36.743656158447266 29.458662033081055 26.298171997070312
v 36.704002380371094 29.5169677734375 26.31878089904785
v 36.66259765625 29.57366180419922 26.340415954589844
v 36.61946105957031 29.62864875793457 26.363067626953125
v 36.57463836669922 29.681848526000977 26.38670539855957
v 36.5281867980957 29.733184814453125 26.411298751831055
v 36.480159759521484 29.78258514404297 26.436813354492188
v 36.430606842041016 29.829973220825195 26.463214874267578
v 36.379600524902344 29.87528419494629 26.490467071533203
v 36.327205657958984 29.918472290039062 26.518529891967773
v 36.27349853515625 29.959489822387695 26.547365188598633
v 36.218563079833984 29.998289108276367 26.57693099975586
v 36.1624641418457 30.034826278686523 26.607189178466797
v 36.10529708862305 30.069082260131836 26.638099670410156
v 36.04714584350586 30.10104751586914 26.669628143310547
v 35.98809814453125 30.13071060180664 26.70173454284668
v 35.92824935913086 30.158063888549805 26.734384536743164
v 35.867679595947266 30.183116912841797 26.767532348632812
v 35.80647277832031 30.20592498779297 26.801128387451172
v 35.74470520019531 30.22654151916504 26.835115432739258
v 35.682456970214844 30.245025634765625 26.869441986083984
v 35.61980056762695 30.261438369750977 26.904050827026367
v 35.55680847167969 30.275859832763672 26.93890953063965
v 35.4935302734375 30.288393020629883 26.973987579345703
v 35.43002700805664 30.29913902282715 27.009260177612305
v 35.3663444519043 30.308197021484375 27.044700622558594
v 35.30255126953125 30.315645217895508 27.080297470092773
v 35.23870849609375 30.321470260620117 27.11609649658203
v 35.174888610839844 30.325641632080078 27.152156829833984
v 35.11116409301758 30.328128814697266 27.188535690307617
v 35.047603607177734 30.328899383544922 27.225290298461914
v 34.98428726196289 30.327917098999023 27.262475967407227
v 34.92130661010742 30.32512855529785 27.30014419555664
v 34.858760833740234 30.320480346679688 27.338342666625977
v 34.7967414855957 30.313919067382812 27.377124786376953
v 34.735347747802734 30.305395126342773 27.416536331176758
v 34.67469024658203 30.29487419128418 27.456615447998047
v 34.61489486694336 30.282331466674805 27.497398376464844
v 34.55608367919922 30.267742156982422 27.538911819458008
v 34.49837875366211 30.251083374023438 27.581192016601562
v 34.44190216064453 30.23235321044922 27.624265670776367
v 34.38676452636719 30.211618423461914 27.66815757751465
v 34.333072662353516 30.18895721435547 27.712890625
v 34.28092956542969 30.164443969726562 27.758485794067383
v 34.23044967651367 30.138153076171875 27.804964065551758
v 34.1817512512207 30.11015510559082 27.852338790893555
v 34.134952545166016 30.080522537231445 27.900619506835938
v 34.090179443359375 30.0493221282959 27.94980812072754
v 34.04755401611328 30.016624450683594 27.99991226196289
v 34.00719451904297 29.982507705688477 28.050935745239258
v 33.96916580200195 29.947099685668945 28.102874755859375
v 33.93352508544922 29.910541534423828 28.155717849731445
v 33.900333404541016 29.872970581054688 28.20945930480957
v 33.86964416503906 29.834524154663086 28.264087677001953
v 33.841548919677734 29.795318603515625 28.319576263427734
v 33.8161735534668 29.755430221557617 28.375865936279297
v 33.79365158081055 29.71493911743164 28.432903289794922
v 33.774105072021484 29.673925399780273 28.490631103515625
v 33.757659912109375 29.63246726989746 28.548988342285156
v 33.74441146850586 29.590652465820312 28.607912063598633
v 33.73444366455078 29.548564910888672 28.667327880859375
v 33.727840423583984 29.506290435791016 28.7271671295166
v 33.72467803955078 29.463918685913086 28.787357330322266
v 33.72514343261719 29.421537399291992 28.847736358642578
v 33.72962951660156 29.379240036010742 28.907949447631836
v 33.73854064941406 29.337116241455078 28.967620849609375
v 33.75229263305664 29.295263290405273 29.026371002197266
v 33.771240234375 29.25377655029297 29.08385467529297
v 33.79508972167969 29.212825775146484 29.139995574951172
v 33.82317352294922 29.172618865966797 29.194889068603516
v 33.854820251464844 29.133363723754883 29.24863052368164
v 33.88935089111328 29.095264434814453 29.30131721496582
v 33.926246643066406 29.058387756347656 29.353069305419922
v 33.96515655517578 29.02263832092285 29.40403938293457
v 34.00574493408203 28.9879093170166 29.454383850097656
v 34.04766845703125 28.954097747802734 29.504257202148438
v 34.09056854248047 28.92110824584961 29.55384635925293
v 34.13401412963867 28.88888168334961 29.603464126586914
v 34.177547454833984 28.85737419128418 29.65346336364746
v 34.220706939697266 28.826539993286133 29.704193115234375
v 34.26305389404297 28.796337127685547 29.755996704101562
v 34.30440902709961 28.766868591308594 29.809043884277344
v 34.344970703125 28.738435745239258 29.863264083862305
v 34.38496017456055 28.711347579956055 29.918575286865234
v 34.424598693847656 28.685914993286133 29.97489356994629
v 34.46409606933594 28.662397384643555 30.03211784362793
v 34.50364303588867 28.640724182128906 30.090044021606445
v 34.543426513671875 28.620697021484375 30.148422241210938
v 34.583621978759766 28.60211753845215 30.207008361816406
v 34.62440872192383 28.584787368774414 30.26555633544922
v 34.665958404541016 28.56853675842285 30.3238468170166
v 34.70842742919922 28.553232192993164 30.38172149658203
v 34.75196075439453 28.538753509521484 30.439023971557617
v 34.79671096801758 28.52497673034668 30.495595932006836
v 34.84283447265625 28.511775970458984 30.551273345947266
v 34.890506744384766 28.4990234375 30.605764389038086
v 34.939937591552734 28.486583709716797 30.65869903564453
v 34.99131774902344 28.474323272705078 30.709712982177734
v 35.044857025146484 28.46211051940918 30.758432388305664
v 35.10065841674805 28.44982147216797 30.8045711517334
v 35.15855407714844 28.437353134155273 30.848085403442383
v 35.218318939208984 28.42461395263672 30.888978958129883
v 35.279720306396484 28.411510467529297 30.92725372314453
v 35.34254455566406 28.397945404052734 30.962919235229492
v 35.4066162109375 28.383821487426758 30.99599266052246
v 35.47179412841797 28.369035720825195 31.02650260925293
v 35.53792953491211 28.353487014770508 31.054473876953125
v 35.60487747192383 28.337072372436523 31.07993507385254
v 35.67251968383789 28.31973648071289 31.102863311767578
v 35.740760803222656 28.301494598388672 31.123151779174805
v 35.80950927734375 28.282373428344727 31.140689849853516
v 35.8786735534668 28.26239776611328 31.155357360839844
v 35.94816970825195 28.24159049987793 31.167057037353516
v 36.017852783203125 28.219940185546875 31.175758361816406
v 36.087581634521484 28.197423934936523 31.181474685668945
v 36.15720748901367 28.174015045166016 31.18421745300293
v 36.2265739440918 28.14969253540039 31.183998107910156
v 36.29553985595703 28.12445831298828 31.18081283569336
v 36.363975524902344 28.098358154296875 31.174638748168945
v 36.43173599243164 28.07143783569336 31.165447235107422
v 36.49869918823242 28.04374885559082 31.153213500976562
v 36.564720153808594 28.01533317565918 31.137929916381836
v 36.62968063354492 27.986190795898438 31.119691848754883
v 36.693450927734375 27.95631980895996 31.09861946105957
v 36.75590515136719 27.925710678100586 31.07483673095703
v 36.81692123413086 27.89436149597168 31.048463821411133
v 36.87641143798828 27.862306594848633 31.019611358642578
v 36.93434143066406 27.82963752746582 30.988374710083008
v 36.99067306518555 27.79644012451172 30.954851150512695
v 37.04536819458008 27.76280403137207 30.91913604736328
v 37.09839630126953 27.72880744934082 30.881330490112305
v 37.14972686767578 27.694473266601562 30.84154510498047
v 37.199337005615234 27.65981674194336 30.79990005493164
v 37.24720001220703 27.624853134155273 30.756507873535156
v 37.29330062866211 27.5895938873291 30.71148681640625
v 37.33761978149414 27.55406379699707 30.664932250976562
v 37.380165100097656 27.518293380737305 30.616926193237305
v 37.420936584472656 27.482315063476562 30.56755256652832
v 37.45993423461914 27.446157455444336 30.516891479492188
v 37.497161865234375 27.40985679626465 30.46501350402832
v 37.5325813293457 27.373472213745117 30.411949157714844
v 37.566165924072266 27.33705711364746 30.35772705078125
v 37.59788131713867 27.30067253112793 30.30237579345703
v 37.6276969909668 27.264375686645508 30.24591636657715
v 37.65558624267578 27.228221893310547 30.188390731811523
v 37.681541442871094 27.192272186279297 30.129837036132812
v 37.70555114746094 27.156583786010742 30.070301055908203
v 37.727596282958984 27.121213912963867 30.009824752807617
v 37.74767303466797 27.086240768432617 29.948444366455078
v 37.765804290771484 27.05183219909668 29.88614845275879
v 37.78202819824219 27.01817512512207 29.82291603088379
v 37.79637908935547 26.98546600341797 29.75872802734375
v 37.80888366699219 26.953893661499023 29.69356346130371
v 37.81950378417969 26.923648834228516 29.62742042541504
v 37.82809066772461 26.89491844177246 29.560321807861328
v 37.8344841003418 26.867887496948242 29.492294311523438
v 37.838531494140625 26.842742919921875 29.423368453979492
v 37.840084075927734 26.81968116760254 29.353572845458984
v 37.83917236328125 26.79899024963379 29.282991409301758
v 37.83590316772461 26.78101348876953 29.21173667907715
v 37.830387115478516 26.76608657836914 29.13991928100586
v 37.82273483276367 26.754554748535156 29.067651748657227
v 37.81307601928711 26.7467041015625 28.995075225830078
v 37.801570892333984 26.742650985717773 28.92243194580078
v 37.788394927978516 26.742483139038086 28.849979400634766
v 37.77372741699219 26.746278762817383 28.77798080444336
v 37.75773620605469 26.754117965698242 28.706697463989258
v 37.740657806396484 26.76588249206543 28.636268615722656
v 37.72280502319336 26.78114891052246 28.566659927368164
v 37.70449447631836 26.79947280883789 28.497821807861328
v 37.68605041503906 26.82040786743164 28.42970085144043
v 37.66777801513672 26.84351921081543 28.36225700378418
v 37.64970397949219 26.868642807006836 28.295549392700195
v 37.63163757324219 26.895814895629883 28.22972297668457
v 37.61338806152344 26.925085067749023 28.164926528930664
v 37.594757080078125 26.956501007080078 28.101308822631836
v 37.5755729675293 26.99006462097168 28.03898048400879
v 37.55585861206055 27.02548599243164 27.97781753540039
v 37.53571319580078 27.062366485595703 27.9175968170166
v 37.51523208618164 27.10030174255371 27.85810089111328
v 37.494510650634766 27.138891220092773 27.799110412597656
v 37.47358703613281 27.177902221679688 27.740510940551758
v 37.4524040222168 27.217409133911133 27.682382583618164
v 37.430885314941406 27.257511138916016 27.624820709228516
v 37.40896987915039 27.298315048217773 27.567922592163086
v 37.38658142089844 27.33990478515625 27.51177406311035
v 37.36368179321289 27.382244110107422 27.45637321472168
v 37.34023666381836 27.425214767456055 27.40167236328125
v 37.316219329833984 27.468708038330078 27.347620010375977
v 37.291587829589844 27.512609481811523 27.294164657592773
v 37.26631164550781 27.55683708190918 27.241291046142578
v 37.24031066894531 27.60140037536621 27.189064025878906
v 37.21351623535156 27.646312713623047 27.137563705444336
v 37.185848236083984 27.691591262817383 27.086862564086914
v 37.15724182128906 27.737247467041016 27.03703498840332
v 37.127689361572266 27.783226013183594 26.988048553466797
v 37.097232818603516 27.829431533813477 26.939821243286133
v 37.06590270996094 27.875764846801758 26.892263412475586
v 37.03374099731445 27.92213249206543 26.845291137695312
v 37.00077438354492 27.968502044677734 26.798887252807617
v 36.967010498046875 28.014991760253906 26.75319480895996
v 36.93245315551758 28.061737060546875 26.7083797454834
v 36.8971061706543 28.108877182006836 26.664608001708984
v 36.86096954345703 28.156543731689453 26.62204360961914
v 36.82403564453125 28.204782485961914 26.580810546875
v 36.786277770996094 28.25358772277832 26.5410099029541
v 36.74767303466797 28.302953720092773 26.50274085998535
v 36.70819854736328 28.352874755859375 26.466102600097656
v 36.6678581237793 28.403356552124023 26.431201934814453
v 36.62671661376953 28.454444885253906 26.398160934448242
v 36.58485794067383 28.50618553161621 26.367107391357422
v 36.542354583740234 28.55862808227539 26.338167190551758
v 36.49928665161133 28.611818313598633 26.311464309692383
v 36.45570755004883 28.665746688842773 26.287147521972656
v 36.411659240722656 28.720373153686523 26.2653751373291
v 36.367183685302734 28.775653839111328 26.246305465698242
v 36.32231903076172 28.831546783447266 26.2300968170166
v 36.27712631225586 28.887998580932617 26.21690559387207
v 36.23170471191406 28.944921493530273 26.206892013549805
v 36.1861572265625 29.002229690551758 26.200212478637695
v 36.14058303833008 29.059831619262695 26.197023391723633
v 36.095096588134766 29.117633819580078 26.197481155395508
v 36.04983139038086 29.175474166870117 26.201759338378906
v 36.00494384765625 29.233165740966797 26.21002769470215
v 35.96057891845703 29.290515899658203 26.222461700439453
v 35.91689682006836 29.347335815429688 26.23923683166504
v 35.874061584472656 29.403369903564453 26.2604923248291
v 35.832271575927734 29.458267211914062 26.28632354736328
v 35.79173278808594 29.51166534423828 26.316822052001953
v 35.752647399902344 29.563207626342773 26.352079391479492
v 35.715213775634766 29.612529754638672 26.39214515686035
v 35.67966842651367 29.659259796142578 26.436857223510742
v 35.646240234375 29.70302391052246 26.485973358154297
v 35.615169525146484 29.743446350097656 26.539243698120117
v 35.58668899536133 29.7801570892334 26.59642791748047
v 35.56095886230469 29.812944412231445 26.657180786132812
v 35.53801727294922 29.84184455871582 26.72101402282715
v 35.51788330078125 29.86691665649414 26.787424087524414
v 35.50059127807617 29.88821792602539 26.85590934753418
v 35.48615646362305 29.905813217163086 26.925979614257812
v 35.4744873046875 29.919851303100586 26.997278213500977
v 35.46543884277344 29.93052864074707 27.06952667236328
v 35.4588623046875 29.938045501708984 27.1424503326416
v 35.4546012878418 29.94260025024414 27.215774536132812
v 35.452510833740234 29.94439125061035 27.289247512817383
v 35.452449798583984 29.9436092376709 27.362735748291016
v 35.45427703857422 29.94044303894043 27.436138153076172
v 35.457855224609375 29.93508529663086 27.509355545043945
v 35.463043212890625 29.927722930908203 27.582284927368164
v 35.46970748901367 29.918535232543945 27.65485191345215
v 35.47773361206055 29.907663345336914 27.727033615112305
v 35.48700714111328 29.895248413085938 27.798816680908203
v 35.497413635253906 29.881425857543945 27.87019157409668
v 35.50884246826172 29.866336822509766 27.941144943237305
v 35.52119064331055 29.850086212158203 28.01167106628418
v 35.53437423706055 29.83272933959961 28.081775665283203
v 35.54832077026367 29.814319610595703 28.151460647583008
v 35.56294631958008 29.79490852355957 28.220731735229492
v 35.57817840576172 29.77454948425293 28.289592742919922
v 35.593955993652344 29.753326416015625 28.358064651489258
v 35.61026382446289 29.731355667114258 28.42617416381836
v 35.627071380615234 29.708751678466797 28.49395751953125
v 35.64435958862305 29.68563461303711 28.561445236206055
v 35.66209411621094 29.66211700439453 28.628671646118164
v 35.68021011352539 29.638303756713867 28.69568634033203
v 35.698604583740234 29.614282608032227 28.762550354003906
v 35.7171745300293 29.590145111083984 28.829326629638672
v 35.735816955566406 29.56598663330078 28.896076202392578
v 35.75444793701172 29.541887283325195 28.962852478027344
v 35.773162841796875 29.517885208129883 29.02964210510254
v 35.79212951660156 29.493989944458008 29.09639549255371
v 35.81151580810547 29.47021484375 29.163066864013672
v 35.83149337768555 29.446571350097656 29.229610443115234
v 35.85222625732422 29.423067092895508 29.295976638793945
v 35.87379837036133 29.399694442749023 29.36212730407715
v 35.89627456665039 29.376434326171875 29.42801856994629
v 35.919715881347656 29.353273391723633 29.49361228942871
v 35.94418716430664 29.33019256591797 29.558868408203125
v 35.96976089477539 29.30719566345215 29.62374496459961
v 35.99654006958008 29.284366607666016 29.688194274902344
v 36.02464294433594 29.261821746826172 29.75217056274414
v 36.05418395996094 29.239675521850586 29.815622329711914
v 36.08528518676758 29.218036651611328 29.87849998474121
v 36.11802673339844 29.196937561035156 29.94074058532715
v 36.15239334106445 29.176137924194336 30.002214431762695
v 36.18833923339844 29.15533447265625 30.06278419494629
v 36.2258186340332 29.134227752685547 30.12230682373047
v 36.264793395996094 29.112516403198242 30.180644989013672
v 36.305198669433594 29.08993911743164 30.237680435180664
v 36.3469123840332 29.06632423400879 30.293336868286133
v 36.38981628417969 29.0415096282959 30.34754753112793
v 36.43378829956055 29.015331268310547 30.400243759155273
v 36.478702545166016 28.987632751464844 30.45136070251465
v 36.524471282958984 28.958301544189453 30.50079917907715
v 36.571041107177734 28.92729377746582 30.548431396484375
v 36.618370056152344 28.89456558227539 30.594127655029297
v 36.666404724121094 28.860078811645508 30.637752532958984
v 36.7150993347168 28.823789596557617 30.67917251586914
v 36.764339447021484 28.7856388092041 30.718238830566406
v 36.81398010253906 28.745561599731445 30.754779815673828
v 36.863861083984375 28.7034854888916 30.78862953186035
v 36.91383743286133 28.659343719482422 30.819622039794922
v 36.9637451171875 28.61308479309082 30.84759521484375
v 37.01338577270508 28.56475257873535 30.87241554260254
v 37.06254577636719 28.514415740966797 30.893959045410156
v 37.11101150512695 28.462142944335938 30.91210174560547
v 37.158573150634766 28.408004760742188 30.926719665527344
v 37.205055236816406 28.35211181640625 30.937767028808594
v 37.250343322753906 28.294654846191406 30.945337295532227
v 37.294342041015625 28.235828399658203 30.94953727722168
v 37.33694076538086 28.175827026367188 30.950469970703125
v 37.37804412841797 28.114845275878906 30.948244094848633
v 37.417572021484375 28.05304718017578 30.942922592163086
v 37.4554557800293 27.99057960510254 30.934553146362305
v 37.49162673950195 27.927589416503906 30.92318344116211
v 37.52602767944336 27.864221572875977 30.908859252929688
v 37.55859375 27.800621032714844 30.89163589477539
v 37.58932113647461 27.736915588378906 30.87162208557129
v 37.61820983886719 27.673227310180664 30.848936080932617
v 37.64525604248047 27.609678268432617 30.823692321777344
v 37.67045974731445 27.546396255493164 30.79601287841797
v 37.6938362121582 27.483497619628906 30.7659912109375
v 37.715415954589844 27.42110252380371 30.733692169189453
v 37.735233306884766 27.359323501586914 30.69917106628418
v 37.75332260131836 27.29827880859375 30.66248893737793
v 37.76971435546875 27.238079071044922 30.623703002929688
v 37.78445053100586 27.178804397583008 30.582895278930664
v 37.79755783081055 27.120502471923828 30.540163040161133
v 37.809078216552734 27.06321907043457 30.495607376098633
v 37.81903839111328 27.00699806213379 30.44932746887207
v 37.82747268676758 26.951892852783203 30.401416778564453
v 37.8343620300293 26.897977828979492 30.351940155029297
v 37.83966827392578 26.845340728759766 30.300945281982422
v 37.84336471557617 26.794065475463867 30.248489379882812
v 37.84540939331055 26.744237899780273 30.19462013244629
v 37.845829010009766 26.695903778076172 30.139406204223633
v 37.84479522705078 26.64900016784668 30.082956314086914
v 37.84249496459961 26.60344886779785 30.025386810302734
v 37.83911895751953 26.559167861938477 29.966812133789062
v 37.8348503112793 26.516088485717773 29.907346725463867
v 37.829620361328125 26.47430992126465 29.847030639648438
v 37.823062896728516 26.43415069580078 29.785818099975586
v 37.81478500366211 26.39594078063965 29.723665237426758
v 37.80440139770508 26.360004425048828 29.6605167388916
v 37.791568756103516 26.326650619506836 29.596349716186523
v 37.7762336730957 26.296003341674805 29.531295776367188
v 37.75848388671875 26.268117904663086 29.465560913085938
v 37.7384033203125 26.243040084838867 29.399349212646484
v 37.7160758972168 26.220823287963867 29.332868576049805
v 37.691558837890625 26.201412200927734 29.266326904296875
v 37.66486740112305 26.184534072875977 29.199939727783203
v 37.636009216308594 26.169885635375977 29.133926391601562
v 37.60498809814453 26.157163619995117 29.068500518798828
v 37.571815490722656 26.146066665649414 29.003883361816406
v 37.536563873291016 26.13640022277832 28.940185546875
v 37.49943161010742 26.128135681152344 28.87737274169922
v 37.46061325073242 26.121265411376953 28.815387725830078
v 37.420318603515625 26.115772247314453 28.754180908203125
v 37.37873840332031 26.11164665222168 28.693702697753906
v 37.3359260559082 26.108932495117188 28.634010314941406
v 37.29179763793945 26.10772132873535 28.575273513793945
v 37.24625015258789 26.108112335205078 28.51766014099121
v 37.199195861816406 26.110200881958008 28.461341857910156
v 37.150550842285156 26.114076614379883 28.406484603881836
v 37.10036087036133 26.119735717773438 28.3531551361084
v 37.04875564575195 26.127120971679688 28.301366806030273
v 36.99586486816406 26.136173248291016 28.251127243041992
v 36.94181823730469 26.14683723449707 28.202451705932617
v 36.88674545288086 26.159061431884766 28.155349731445312
v 36.830745697021484 26.1728515625 28.109827041625977
v 36.773921966552734 26.188228607177734 28.065885543823242
v 36.716365814208984 26.205215454101562 28.02353286743164
v 36.658180236816406 26.22383689880371 27.982769012451172
v 36.599449157714844 26.244112014770508 27.943613052368164
v 36.54023361206055 26.266054153442383 27.906108856201172
v 36.48059844970703 26.289676666259766 27.870309829711914
v 36.42059326171875 26.31498908996582 27.836275100708008
v 36.36027526855469 26.342002868652344 27.804054260253906
v 36.29972457885742 26.37070083618164 27.773693084716797
v 36.23904800415039 26.401004791259766 27.745208740234375
v 36.17837142944336 26.432830810546875 27.718610763549805
v 36.11781311035156 26.46609115600586 27.69391632080078
v 36.05748748779297 26.50070571899414 27.6711368560791
v 35.99744415283203 26.536699295043945 27.65028953552246
v 35.937618255615234 26.574249267578125 27.631393432617188
v 35.87794494628906 26.61354637145996 27.614465713500977
v 35.818363189697266 26.654775619506836 27.599525451660156
v 35.75882339477539 26.69809913635254 27.58658790588379
v 35.69963836669922 26.74315643310547 27.575586318969727
v 35.64142608642578 26.78912353515625 27.56637954711914
v 35.58482360839844 26.83516502380371 27.558820724487305
v 35.53046798706055 26.88043975830078 27.552770614624023
v 35.47883987426758 26.924312591552734 27.548128128051758
v 35.428741455078125 26.968271255493164 27.545244216918945
v 35.37797546386719 27.015071868896484 27.544742584228516
v 35.324344635009766 27.067493438720703 27.54724884033203
v 35.26563262939453 27.12830924987793 27.55339241027832
v 35.200721740722656 27.198955535888672 27.5634765625
v 35.135406494140625 27.27226448059082 27.575759887695312
v 35.07819747924805 27.33769416809082 27.587692260742188
v 35.037620544433594 27.384689331054688 27.596723556518555
v 35.02220153808594 27.402700424194336 27.600299835205078
l 1 2 3 4 5 6 7 8 9 10 11 12 13 14 15 16 17 18 19 20 21 22 23 24 25 26 27 28 29 30 31 32 33 34 35 36 37 38 39 40 41 42 43 44 45 46 47 48 49 50 51 52 53 54 55 56 57 58 59 60 61 62 63 64 65 66 67 68 69 70 71 72 73 74 75 76 77 78 79 80 81 82 83 84 85 86 87 88 89 90 91 92 93 94 95 96 97 98 99 100 101 102 103 104 105 106 107 108 109 110 111 112 113 114 115 116 117 118 119 120 121 122 123 124 125 126 127 128 129 130 131 132 133 134 135 136 137 138 139 140 141 142 143 144 145 146 147 148 149 150 151 152 153 154 155 156 157 158 159 160 161 162 163 164 165 166 167 168 169 170 171 172 173 174 175 176 177 178 179 180 181 182 183 184 185 186 187 188 189 190 191 192 193 194 195 196 197 198 199 200 201 202 203 204 205 206 207 208 209 210 211 212 213 214 215 216 217 218 219 220 221 222 223 224 225 226 227 228 229 230 231 232 233 234 235 236 237 238 239 240 241 242 243 244 245 246 247 248 249 250 251 252 253 254 255 256 257 258 259 260 261 262 263 264 265 266 267 268 269 270 271 272 273 274 275 276 277 278 279 280 281 282 283 284 285 286 287 288 289 290 291 292 293 294 295 296 297 298 299 300 301 302 303 304 305 306 307 308 309 310 311 312 313 314 315 316 317 318 319 320 321 322 323 324 325 326 327 328 329 330 331 332 333 334 335 336 337 338 339 340 341 342 343 344 345 346 347 348 349 350 351 352 353 354 355 356 357 358 359 360 361 362 363 364 365 366 367 368 369 370 371 372 373 374 375 376 377 378 379 380 381 382 383 384 385 386 387 388 389 390 391 392 393 394 395 396 397 398 399 400 401 402 403 404 405 406 407 408 409 410 411 412 413 414 415 416 417 418 419 420 421 422 423 424 425 426 427 428 429 430 431 432 433 434 435 436 437 438 439 440 441 442 443 444 445 446 447 448 449 450 451 452 453 454 455 456 457 458 459 460 461 462 463 464 465 466 467 468 469 470 471 472 473 474 475 476 477 478 479 480 481 482 483 484 485 486 487 488 489 490 491 492 493 494 495 496 497 498 499 500 501 502 503 504 505 506 507 508 509 510 511 512 513 514 515 516 517 518 519 520 521 522 523 524 525 526 527 528 529 530 531 532 533 534 535 536 537 538 539 540 541 542 543 544 545 546 547 548 549 550 551 552 553 554 555 556 557 558 559 560 561 562 563 564 565 566 567 568 569 570 571 572 573 574 575 576 577 578 579 580 581 582 583 584 585 586 587 588 589 590 591 592 593 594 595 596 597 598 599 600 601 602 603 604 605 606 607 608 609 610 611 612 613 614 615 616 617 618 619 620 621 622 623 624 625 626 627 628 629 630 631 632 633 634 635 636 637 638 639 640 641 642 643 644 645 646 647 648 649 650 651 652 653 654 655 656 657 658 659 660 661 662 663 664 665 666 667 668 669 670 671 672 673 674 675 676 677 678 679 680 681 682 683 684 685 686 687 688 689 690 691 692 693 694 695 696 697 698 699 700 701 702 703 704 705 706 707 708 709 710 711 712 713 714 715 716 717 718 719 720 721 722 723 724 725 726 727 728 729 730 731 732 733 734 735 736 737 738 739 740 741 742 743 744 745 746 747 748 749 750 751 752 753 754 755 756 757 758 759 760 761 762 763 764 765 766 767 768 769 770 771 772 773 774 775 776 777 778 779 780 781 782 783 784 785 786 787 788 789 790 791 792 793 794 795 796 797 798 799 800 801 802 803 804 805 806 807 808 809 810 811 812 813 814 815 816 817 818 819 820 821 822 823 824 825 826 827 828 829 830 831 832 833 834 835 836 837 838 839 840 841 842 843 844 845 846 847 848 849 850 851 852 853 854 855 856 857 858 859 860 861 862 863 864 865 866 867 868 869 870 871 872 873 874 875 876 877 878 879 880 881 882 883 884 885 886 887 888 889 890 891 892 893 894 895 896 897 898 899 900 901 902 903 904 905 906 907 908 909 910 911 912 913 914 915 916 917 918 919 920 921 922 923 924 925 926 927 928 929 930 931 932 933 934 935 936 937 938 939 940 941 942 943 944 945 946 947 948 949 950 951 952 953 954 955 956 957 958 959 960 961 962 963 964 965 966 967 968 969 970 971 972 973 974 975 976 977 978 979 980 981 982 983 984 985 986 987 988 989 990 991 992 993 994 995 996 997 998 999 1000 1001 1002 1003 1004 1005 1006 1007 1008 1009 1010 1011 1012 1013 1014 1015 1016 1017 1018 1019 1020 1021 1022 1023 1024 1025 1026 1027 1028 1029 1030 1031 1032 1033 1034 1035 1036 1037 1038 1039 1040 1041 1042 1043 1044 1045 1046 1047 1048 1049 1050 1051 1052 1053 1054 1055 1056 1057 1058 1059 1060 1061 1062 1063 1064 1065 1066 1067 1068 1069 1070 1071 1072 1073 1074 1075 1076 1077 1078 1079 1080 1081 1082 1083 1084 1085 1086 1087 1088 1089 1090 1091 1092 1093 1094 1095 1096 1097 1098 1099 1100 1101 1102 1103 1104 1105 1106 1107 1108 1109 1110 1111 1112 1113 1114 1115 1116 1117 1118 1119 1120 1121 1122 1123 1124 1125 1126 1127 1128 1129 1130 1131 1132 1133 1134 1135 1136 1137 1138 1139 1140 1141 1142 1143 1144 1145 1146 1147 1148 1149 1150 1151 1152 1153 1154 1155 1156 1157 1158 1159 1160 1161 1162 1163 1164 1165 1166 1167 1168 1169 1170 1171 1172 1173 1174 1175 1176 1177 1178 1179 1180 1181 1182 1183 1184 1185 1186 1187 1188 1189 1190 1191 1192 1193 1194 1195 1196 1197 1198 1199 1200 1201 1202 1203 1204 1205 1206 1207 1208 1209 1210 1211 1212 1213 1214 1215 1216 1217 1218 1219 1220 1221 1222 1223 1224 1225 1226 1227 1228 1229 1230 1231 1232 1233 1234 1235 1236 1237 1238 1239 1240 1241 1242 1243 1244 1245 1246 1247 1248 1249 1250 1251 1252 1253 1254 1255 1256 1257 1258 1259 1260 1261 1262 1263 1264 1265 1266 1267 1268 1269 1270 1271 1272 1273 1274 1275 1276 1277 1278 1279 1280 1281 1282 1283 1284 1285 1286 1287 1288 1289 1290 1291 1292 1293 1294 1295 1296 1297 1298 1299 1300 1301 1302 1303 1304 1305 1306 1307 1308 1309 1310 1311 1312 1313 1314 1315 1316 1317 1318 1319 1320 1321 1322 1323 1324 1325 1326 1327 1328 1329 1330 1331 1332 1333 1334 1335 1336 1337 1338 1339 1340 1341 1342 1343 1344 1345 1346 1347 1348 1349 1350 1351 1352 1353 1354 1355 1356 1357 1358 1359 1360 1361 1362 1363 1364 1365 1366 1367 1368 1369 1370 1371 1372 1373 1374 1375 1376 1377 1378 1379 1380 1381 1382 1383 1384 1385 1386 1387 1388 1389 1390 1391 1392 1393 1394 1395 1396 1397 1398 1399 1400 1401 1402 1403 1404 1405 1406 1407 1408 1409 1410 1411 1412 1413 1414 1415 1416 1417 1418 1419 1420 1421 1422 1423 1424 1425 1426 1427 1428 1429 1430 1431 1432 1433 1434 1435 1436 1437 1438 1439 1440 1441 1442 1443 1444 1445 1446 1447 1448 1449 1450 1451 1452 1453 1454 1455 1456 1457 1458 1459 1460 1461 1462 1463 1464 1465 1466 1467 1468 1469 1470 1471 1472 1473 1474 1475 1476 1477 1478 1479 1480 1481 1482 1483 1484 1485 1486 1487 1488 1489 1490 1491 1492 1493 1494 1495 1496 1497 1498 1499 1500 1501 1502 1503 1504 1505 1506 1507 1508 1509 1510 1511 1512 1513 1514 1515 1516 1517 1518 1519 1520 1521 1522 1523 1524 1525 1526 1527 1528 1529 1530 1531 1532 1533 1534 1535 1536 1537 1538 1539 1540 1541 1542 1543 1544 1545 1546 1547 1548 1549 1550 1551 1552 1553 1554 1555 1556 1557 1558 1559 1560 1561 1562 1563 1564 1565 1566 1567 1568 1569 1570 1571 1572 1573 1574 1575 1576 1577 1578 1579 1580 1581 1582 1583 1584 1585 1586 1587 1588 1589 1590 1591 1592 1593 1594 1595 1596 1597 1598 1599 1600 1601 1602 1603 1604 1605 1606 1607 1608 1609 1610 1611 1612 1613 1614 1615 1616 1617 1618 1619 1620 1621 1622 1623 1624 1625 1626 1627 1628 1629 1630 1631 1632 1633 1634 1635 1636 1637 1638 1639 1640 1641 1642 1643 1644 1645 1646 1647 1648 1649 1650 1651 1652 1653 1654 1655 1656 1657 1658 1659 1660 1661 1662 1663 1664 1665 1666 1667 1668 1669 1670 1671 1672 1673 1674 1675 1676 1677 1678 1679 1680 1681 1682 1683 1684 1685 1686 1687 1688 1689 1690 1691 1692 1693 1694 1695 1696 1697 1698 1699 1700 1701 1702 1703 1704 1705 1706 1707 1708 1709 1710 1711 1712 1713 1714 1715 1716 1717 1718 1719 1720 1721 1722 1723 1724 1725 1726 1727 1728 1729 1730 1731 1732 1733 1734 1735 1736 1737 1738 1739 1740 1741 1742 1743 1744 1745 1746 1747 1748 1749 1750 1751 1752 1753 1754 1755 1756 1757 1758 1759 1760 1761 1762 1763 1764 1765 1766 1767 1768 1769 1770 1771 1772 1773 1774 1775 1776 1777 1778 1779 1780 1781 1782 1783 1784 1785 1786 1787 1788 1789 1790 1791 1792 1793 1794 1795 1796 1797 1798 1799 1800 1801 1802 1803 1804 1805 1806 1807 1808 1809 1810 1811 1812 1813 1814 1815 1816 1817 1818 1819 1820 1821 1822 1823 1824 1825 1826 1827 1828 1829 1830 1831 1832 1833 1834 1835 1836 1837 1838 1839 1840 1841 1842 1843 1844 1845 1846 1847 1848 1849 1850 1851 1852 1853 1854 1855 1856 1857 1858 1859 1860 1861 1862 1863 1864 1865 1866 1867 1868 1869 1870 1871 1872 1873 1874 1875 1876 1877 1878 1879 1880 1881 1882 1883 1884 1885 1886 1887 1888 1889 1890 1891 1892 1893 1894 1895 1896 1897 1898 1899 1900 1901 1902 1903 1904 1905 1906 1907 1908 1909 1910 1911 1912 1913 1914 1915 1916 1917 1918 1919 1920 1921 1922 1923 1924 1925 1926 1927 1928 1929 1930 1931 1932 1933 1934 1935 1936 1937 1938 1939 1940 1941 1942 1943 1944 1945 1946 1947 1948 1949 1950 1951 1952 1953 1954 1955 1956 1957 1958 1959 1960 1961 1962 1963 1964 1965 1966 1967 1968 1969 1970 1971 1972 1973 1974 1975 1976 1977 1978 1979 1980 1981 1982 1983 1984 1985 1986 1987 1988 1989 1990 1991 1992 1993 1994 1995 1996 1997 1998 1999 2000 2001
