# Blender 5.1.1
# www.blender.org
mtllib REV_5.mtl
o REV_cube_5
v -7.973500 -6.762000 -3.461500
v -6.973500 -6.762000 -4.461500
v -7.971854 -6.725873 -4.119705
v -7.968036 -6.328187 -3.782233
v -7.967855 -6.582500 -4.272514
v -7.961183 -5.922987 -3.862755
v -7.970337 -6.063334 -3.979588
v -7.967890 -5.819166 -4.125535
v -7.966128 -6.749071 -3.887154
v -7.970989 -5.857674 -3.686229
v -7.968378 -5.951414 -4.316921
v -7.952321 -5.853608 -3.985389
v -7.964767 -6.149961 -3.970916
v -7.962523 -6.427763 -3.949736
v -7.946449 -6.039555 -4.290530
v -7.965754 -6.642673 -4.085279
v -7.973324 -6.057608 -3.578427
v -7.958617 -6.177993 -4.107318
v -7.957709 -6.233837 -3.969326
v -7.967269 -5.908657 -4.142082
v -7.957921 -6.019333 -3.953295
v -7.972477 -5.967432 -3.941009
v -7.958285 -6.633212 -4.168705
v -7.954136 -5.888419 -4.393517
v -7.953829 -5.994064 -4.153435
v -7.942723 -6.698361 -4.399693
v -7.957658 -6.278099 -4.043776
v -7.941317 -6.024955 -3.578557
v -7.949717 -6.637621 -4.235249
v -7.954629 -5.797276 -3.767467
v -7.933542 -6.718640 -3.665577
v -7.946429 -5.819271 -3.584155
v -7.947683 -6.295206 -3.972157
v -7.944345 -6.557788 -3.810795
v -7.940722 -5.808486 -3.677655
v -7.925741 -6.426499 -3.579746
v -7.951571 -6.494226 -4.448861
v -7.907487 -6.632610 -3.930860
v -7.941541 -6.234512 -4.102385
v -7.951534 -6.154061 -3.839479
v -7.922766 -6.354033 -3.836792
v -7.961028 -6.369073 -3.662244
v -7.928302 -6.613720 -4.342080
v -7.956515 -6.504206 -3.615818
v -7.937044 -6.335826 -3.721429
v -7.936762 -6.336115 -4.043128
v -7.948148 -6.517249 -4.340569
v -7.950252 -6.700587 -3.895570
v -7.926092 -6.662355 -4.304133
v -7.918230 -5.884686 -4.444520
v -7.960984 -5.931423 -3.751719
v -7.898417 -5.965037 -4.252621
v -7.918997 -6.027276 -3.942764
v -7.929637 -6.546598 -3.486991
v -7.967482 -6.177756 -3.761554
v -7.946808 -6.102054 -4.351336
v -7.906786 -5.906404 -4.305943
v -7.914521 -6.743646 -3.755078
v -7.929302 -6.090906 -4.155955
v -7.917659 -6.425570 -3.890965
v -7.935298 -6.563941 -3.676970
v -7.922017 -6.053634 -3.525271
v -7.921138 -6.088622 -3.474406
v -7.931595 -6.643218 -3.613435
v -7.910763 -6.244830 -3.663681
v -7.923737 -6.608432 -4.030195
v -7.928206 -6.064959 -3.913213
v -7.937262 -6.504218 -3.885720
v -7.917716 -6.722664 -4.452326
v -7.880441 -5.966064 -3.790617
v -7.903566 -6.672759 -3.826522
v -7.906591 -6.379291 -3.488326
v -7.913984 -6.550098 -4.392016
v -7.914065 -6.136439 -3.928041
v -7.917202 -5.927400 -3.953211
v -7.908536 -5.858243 -4.180604
v -7.903368 -6.746870 -4.303968
v -7.903454 -5.987842 -3.632453
v -7.912244 -6.401101 -3.951788
v -7.901137 -6.571276 -3.744906
v -7.900921 -6.643374 -4.395810
v -7.887585 -6.612285 -4.381896
v -7.905358 -6.585155 -4.115376
v -7.899975 -5.773787 -4.177651
v -7.907154 -6.309114 -4.100938
v -7.896689 -6.432250 -4.006312
v -7.895092 -5.960845 -3.705256
v -7.920273 -6.209116 -3.715476
v -7.901591 -6.169921 -4.152198
v -7.924039 -5.776525 -3.974596
v -7.890878 -6.710370 -4.376697
v -7.889370 -6.014606 -4.179955
v -7.886541 -5.963439 -4.184137
v -7.886963 -6.553706 -4.452353
v -7.890778 -6.576701 -4.299613
v -7.902687 -6.293303 -3.589433
v -7.900502 -6.189321 -3.759149
v -7.883134 -6.336441 -3.531853
v -7.866497 -6.757246 -3.679111
v -7.894018 -6.003139 -3.873079
v -7.906599 -6.233167 -3.918713
v -7.888604 -5.812816 -3.949780
v -7.880314 -6.228713 -4.143901
v -7.864820 -6.362281 -3.777234
v -7.887824 -6.110419 -3.848213
v -7.886980 -6.496816 -3.848942
v -7.863847 -6.747625 -3.573564
v -7.880209 -6.565656 -4.209740
v -7.906374 -6.119800 -4.411054
v -7.870970 -6.651157 -3.596085
v -7.886020 -6.333827 -3.675653
v -7.868213 -6.622030 -4.450461
v -7.856117 -6.686965 -3.748296
v -7.865529 -6.591359 -3.560328
v -7.882993 -6.501180 -3.561604
v -7.886135 -6.325892 -3.904184
v -7.859687 -6.485548 -4.010694
v -7.850173 -6.108627 -4.309463
v -7.856045 -6.029587 -3.570904
v -7.847778 -6.409472 -3.865849
v -7.863394 -6.679833 -4.444969
v -7.855179 -6.134428 -3.793557
v -7.873370 -6.038257 -4.238719
v -7.854921 -6.526032 -3.799259
v -7.865183 -6.385666 -4.089372
v -7.831598 -6.528105 -3.485011
v -7.851739 -6.214922 -3.695091
v -7.847786 -6.533278 -3.966526
v -7.883231 -6.076408 -4.289083
v -7.825582 -5.894787 -4.259552
v -7.853106 -6.432912 -3.824801
v -7.852333 -6.096714 -4.166770
v -7.839702 -5.957054 -3.949610
v -7.856536 -6.429121 -3.523643
v -7.835968 -6.617809 -3.940098
v -7.832289 -6.208719 -3.912183
v -7.835019 -6.344026 -3.570472
v -7.834467 -6.007473 -3.747092
v -7.748966 -6.526355 -3.475277
v -7.832201 -6.560809 -3.709434
v -7.832511 -6.551005 -4.364223
v -7.830941 -6.021427 -3.679362
v -7.830914 -6.630631 -3.894526
v -7.837356 -6.735995 -4.418272
v -7.813841 -6.068914 -3.716599
v -7.833384 -6.053514 -3.939361
v -7.853054 -6.556537 -3.609241
v -7.827961 -6.438717 -4.077785
v -7.839059 -6.061045 -3.803529
v -7.812844 -5.905643 -4.421578
v -7.833388 -6.247838 -3.624228
v -7.815674 -6.651821 -3.827209
v -7.825441 -6.350677 -3.726088
v -7.812218 -6.478860 -3.837049
v -7.824111 -6.700958 -3.701195
v -7.823409 -5.890544 -3.959557
v -7.859930 -6.097910 -3.478292
v -7.831106 -6.544641 -4.292274
v -7.820007 -6.125741 -3.932558
v -7.777565 -6.026649 -4.178613
v -7.802171 -6.498767 -3.772861
v -7.832445 -6.580302 -4.449203
v -7.856964 -5.885589 -4.375973
v -7.828362 -6.323920 -4.121054
v -7.821447 -6.182823 -4.147226
v -7.787709 -6.420358 -3.766011
v -7.822980 -6.153721 -3.734608
v -7.824843 -6.556864 -3.901397
v -7.810265 -6.277317 -3.538906
v -7.806986 -6.298252 -3.473745
v -7.806495 -5.848166 -3.966841
v -7.787517 -6.639675 -3.531693
v -7.804784 -6.239202 -4.133633
v -7.801187 -6.065335 -3.658155
v -7.808152 -5.821653 -4.172132
v -7.800135 -6.557412 -4.217784
v -7.800134 -5.960131 -4.187575
v -7.781080 -6.316810 -3.529190
v -7.783820 -6.361303 -3.481530
v -7.798035 -6.535423 -4.337996
v -7.823185 -6.595395 -4.059639
v -7.796795 -6.577209 -4.147141
v -7.792849 -6.027024 -4.138505
v -7.796360 -6.380136 -4.103663
v -7.796317 -6.150552 -3.492238
v -7.786249 -6.283573 -3.887459
v -7.812521 -6.492514 -3.515719
v -7.831289 -6.742597 -3.502262
v -7.793665 -5.901261 -3.990474
v -7.730098 -6.100936 -4.248940
v -7.790320 -6.100637 -3.494720
v -7.806929 -6.583492 -3.958518
v -7.797886 -6.115451 -3.664436
v -7.792481 -6.332294 -3.635235
v -7.808608 -6.110027 -4.382370
v -7.815176 -6.001967 -3.497663
v -7.790574 -6.561942 -3.653214
v -7.818241 -5.890522 -4.317594
v -7.790301 -6.176643 -3.647191
v -7.777101 -6.684353 -3.742644
v -7.785058 -6.229109 -3.503376
v -7.781022 -6.205078 -3.559712
v -7.824893 -5.955658 -4.164709
v -7.775408 -6.518343 -3.810050
v -7.757843 -5.903230 -4.198606
v -7.770520 -5.768181 -4.159554
v -7.774183 -6.327248 -3.663093
v -7.755326 -5.976616 -4.438025
v -7.755828 -5.885931 -4.357974
v -7.782169 -6.579609 -3.831424
v -7.770101 -6.082038 -3.990674
v -7.755143 -6.621266 -3.812634
v -7.760526 -6.481075 -4.062573
v -7.756282 -6.025382 -3.545867
v -7.769582 -6.112544 -4.105690
v -7.766469 -6.086295 -4.035260
v -7.758816 -6.206972 -3.947421
v -7.797034 -6.683775 -3.518737
v -7.777887 -5.979212 -3.992424
v -7.764730 -6.130525 -3.977277
v -7.758196 -6.671607 -3.904289
v -7.779167 -6.539700 -3.558368
v -7.762501 -5.869673 -4.281105
v -7.763956 -5.882642 -4.124844
v -7.772986 -6.639075 -3.880939
v -7.760949 -6.038706 -4.056075
v -7.759477 -6.338031 -3.873842
v -7.758498 -5.956209 -4.086514
v -7.743474 -6.388319 -3.724597
v -7.768458 -6.552806 -4.265812
v -7.757809 -6.108244 -4.341653
v -7.756987 -6.660040 -4.017754
v -7.753064 -6.706653 -3.684654
v -7.779830 -6.364789 -3.719208
v -7.761544 -5.829079 -4.010569
v -7.750199 -6.418303 -3.834625
v -7.751435 -6.644474 -4.088313
v -7.752674 -5.887143 -4.047101
v -7.782925 -6.547935 -4.023084
v -7.749345 -6.721466 -4.019439
v -7.720500 -6.717907 -3.729743
v -7.751895 -6.752756 -4.154893
v -7.749673 -6.731980 -4.088049
v -7.785269 -6.740632 -3.643094
v -7.757317 -5.834239 -3.562522
v -7.727105 -6.704731 -3.806688
v -7.735140 -6.732314 -3.943933
v -7.720424 -6.556115 -3.775806
v -7.737978 -6.260255 -3.934788
v -7.737166 -6.676444 -3.860245
v -7.733460 -5.797314 -4.090199
v -7.736426 -6.519309 -3.698086
v -7.753308 -6.062397 -4.414603
v -7.757388 -6.530981 -4.411714
v -7.737778 -6.626679 -4.174393
v -7.693836 -5.866429 -4.227389
v -7.728143 -5.923431 -4.382246
v -7.732038 -6.627334 -3.489006
v -7.728807 -6.743904 -4.274981
v -7.755571 -6.213623 -4.094553
v -7.729331 -6.463385 -3.723036
v -7.726771 -6.702345 -4.170077
v -7.732367 -6.193797 -4.043970
v -7.716608 -5.948781 -3.598422
v -7.731445 -6.542428 -4.337275
v -7.715133 -6.754488 -3.867610
v -7.707929 -6.279551 -4.441219
v -7.719500 -6.705816 -4.207289
v -7.708886 -6.752193 -4.423429
v -7.673844 -6.078122 -4.174860
v -7.747820 -6.433748 -4.069479
v -7.715271 -6.258749 -4.026011
v -7.717707 -6.738647 -3.649116
v -7.699605 -6.675284 -3.779455
v -7.727579 -6.286877 -3.582325
v -7.681502 -6.733532 -4.359149
v -7.660996 -5.907957 -4.135560
v -7.702826 -6.078992 -3.511528
v -7.693276 -6.341513 -3.665344
v -7.693664 -5.824726 -3.647053
v -7.704525 -5.878272 -4.328067
v -7.694186 -6.350352 -4.008358
v -7.711520 -6.603405 -4.255692
v -7.703560 -6.292276 -3.989861
v -7.718250 -6.671794 -3.933923
v -7.681199 -6.492764 -3.666425
v -7.682522 -6.587366 -3.467389
v -7.723837 -6.356298 -4.068502
v -7.685389 -6.344471 -3.937196
v -7.684340 -6.735609 -3.691369
v -7.651413 -6.100650 -4.248424
v -7.705462 -6.000145 -4.134344
v -7.681851 -6.010201 -3.559464
v -7.672023 -6.474712 -3.807003
v -7.686801 -6.252542 -3.525588
v -7.706259 -6.535416 -3.601919
v -7.695514 -6.614618 -3.763803
v -7.690128 -6.665525 -4.265152
v -7.668263 -6.045886 -4.354650
v -7.692729 -6.546229 -4.030725
v -7.678454 -6.449987 -4.038669
v -7.696248 -6.505006 -3.499429
v -7.689955 -6.717462 -3.841654
v -7.656613 -5.883470 -3.648420
v -7.671338 -6.248588 -4.397747
v -7.659837 -6.039038 -3.509403
v -7.691336 -6.698761 -3.808105
v -7.677146 -6.532968 -4.414663
v -7.684462 -5.983329 -4.385407
v -7.658039 -6.045299 -3.905083
v -7.643571 -6.288220 -3.607991
v -7.657396 -6.038432 -3.834460
v -7.652483 -5.956954 -3.918778
v -7.670128 -6.427832 -3.684462
v -7.651784 -6.122547 -3.827389
v -7.653358 -6.588027 -4.006738
v -7.641512 -6.418269 -3.963248
v -7.664251 -6.589009 -4.341961
v -7.651976 -6.133009 -3.904279
v -7.609384 -6.375454 -3.644256
v -7.647168 -5.967506 -3.584050
v -7.618082 -6.269411 -4.311491
v -7.647171 -5.955175 -3.838141
v -7.628288 -6.732293 -4.444661
v -7.624253 -5.849214 -3.945550
v -7.635560 -5.864539 -4.182818
v -7.651937 -6.722104 -3.911325
v -7.627306 -6.205482 -3.809124
v -7.639938 -6.221878 -3.881969
v -7.666558 -6.322794 -4.377470
v -7.627699 -6.016236 -3.504369
v -7.661633 -6.086548 -4.313656
v -7.641885 -6.503553 -3.554734
v -7.630612 -5.873131 -3.852040
v -7.642859 -6.042947 -4.123703
v -7.624533 -6.464194 -3.627100
v -7.647316 -5.918747 -4.351420
v -7.623314 -6.284211 -3.860516
v -7.638010 -6.722841 -3.748918
v -7.608588 -6.165860 -3.787941
v -7.620458 -6.509479 -3.988544
v -7.621793 -6.047638 -3.965255
v -7.640679 -5.870010 -4.288116
v -7.635012 -6.662458 -3.970201
v -7.617959 -6.344666 -4.332537
v -7.647149 -6.400240 -4.415384
v -7.593024 -6.198675 -4.334445
v -7.599605 -6.182433 -4.406216
v -7.633663 -6.659883 -4.366426
v -7.594026 -6.477689 -3.917834
v -7.630816 -6.655527 -3.719791
v -7.594538 -5.924252 -3.609870
v -7.591293 -5.820240 -3.698297
v -7.621105 -5.963917 -3.963776
v -7.609894 -6.147525 -3.962897
v -7.605967 -6.482924 -3.518824
v -7.614280 -6.585828 -4.411840
v -7.591230 -6.245396 -3.783844
v -7.594513 -5.887288 -4.124597
v -7.601521 -5.995944 -3.775872
v -7.588374 -5.979326 -4.337070
v -7.589188 -6.099538 -3.762962
v -7.578661 -6.673094 -4.444067
v -7.589555 -6.084007 -4.270073
v -7.589447 -6.511506 -3.943183
v -7.586276 -6.444475 -3.598330
v -7.596961 -5.770483 -3.884082
v -7.574715 -6.094724 -4.209105
v -7.612094 -5.949553 -4.092288
v -7.573069 -6.382236 -3.841659
v -7.579448 -5.916840 -4.007386
v -7.572227 -5.936594 -3.486112
v -7.580725 -5.792152 -4.016295
v -7.590138 -6.415526 -4.404146
v -7.596493 -6.484437 -3.845042
v -7.566887 -6.326421 -3.783175
v -7.562400 -6.203171 -3.753541
v -7.573821 -6.369371 -3.920241
v -7.589037 -5.905262 -3.790043
v -7.595998 -6.293254 -3.923357
v -7.576657 -5.929923 -4.325737
v -7.556447 -6.694220 -3.681859
v -7.580784 -6.255923 -3.958538
v -7.592582 -6.084373 -4.156794
v -7.560791 -6.158737 -3.497057
v -7.551603 -5.869864 -4.254373
v -7.594526 -5.942531 -3.553636
v -7.548882 -5.850488 -4.207006
v -7.566834 -5.857675 -4.023434
v -7.583560 -6.044208 -4.306355
v -7.587566 -6.539919 -3.764108
v -7.561003 -6.743936 -4.402671
v -7.536534 -5.860391 -4.128699
v -7.542942 -5.878038 -3.496948
v -7.571656 -6.028212 -4.090062
v -7.552662 -6.163261 -4.364479
v -7.568361 -6.324378 -4.275657
v -7.535240 -5.866096 -3.657639
v -7.530480 -6.542941 -3.883794
v -7.560219 -6.231637 -4.255118
v -7.506433 -6.156753 -4.283105
v -7.533590 -6.183659 -3.540069
v -7.557905 -6.447905 -3.503650
v -7.567858 -6.608120 -3.960242
v -7.527687 -6.096148 -3.468226
v -7.546766 -5.766153 -3.834228
v -7.554737 -6.081450 -3.990165
v -7.525701 -6.454752 -3.836910
v -7.547584 -6.323145 -3.971450
v -7.561234 -5.984830 -3.999556
v -7.533293 -5.786689 -3.729666
v -7.532044 -6.611802 -3.703865
v -7.530449 -6.079555 -4.134323
v -7.514680 -6.399738 -3.779544
v -7.526445 -6.285079 -3.582829
v -7.514189 -6.298308 -3.751358
v -7.526567 -5.892068 -3.574327
v -7.519853 -6.023029 -3.756948
v -7.525924 -6.414168 -4.448681
v -7.531159 -6.392641 -3.952224
v -7.470593 -5.881259 -4.256480
v -7.521622 -6.175548 -4.446743
v -7.510605 -6.569613 -3.765254
v -7.521222 -6.467527 -3.901978
v -7.554832 -5.815018 -3.813973
v -7.520125 -5.928817 -3.771045
v -7.518064 -6.369956 -3.570899
v -7.517053 -5.964522 -4.066463
v -7.541945 -6.717816 -3.926143
v -7.509940 -6.116529 -3.504333
v -7.504182 -5.784218 -4.073746
v -7.513915 -6.357930 -3.981952
v -7.523308 -6.403804 -3.523228
v -7.524749 -6.383644 -4.324596
v -7.479596 -5.903666 -4.059680
v -7.523440 -6.177253 -3.987144
v -7.504864 -5.911609 -4.023930
v -7.476287 -6.216022 -3.548217
v -7.497833 -5.820734 -3.517219
v -7.502759 -6.639184 -3.918884
v -7.514904 -6.010458 -4.293153
v -7.496066 -6.111598 -3.753180
v -7.479671 -6.735429 -3.649179
v -7.512140 -6.298701 -4.217043
v -7.499210 -5.989193 -3.999125
v -7.496468 -6.055265 -4.259424
v -7.469362 -6.654256 -3.667113
v -7.494283 -5.863622 -3.581743
v -7.482879 -6.037149 -3.473315
v -7.490103 -6.439071 -3.973225
v -7.453282 -6.537796 -3.849818
v -7.468738 -6.070613 -4.107145
v -7.488747 -6.276083 -3.989784
v -7.487612 -5.831392 -3.688091
v -7.469365 -6.321211 -3.538147
v -7.474882 -6.198369 -3.753458
v -7.480475 -6.577041 -3.841614
v -7.499599 -5.957700 -4.303029
v -7.505419 -6.388066 -4.384210
v -7.472006 -6.188446 -4.192585
v -7.481661 -6.097656 -3.976440
v -7.475893 -6.750066 -3.895893
v -7.455924 -6.535695 -3.931628
v -7.489134 -6.691919 -4.453404
v -7.455276 -6.147096 -4.354180
v -7.477725 -5.763599 -3.508989
v -7.430889 -6.373971 -4.341107
v -7.500824 -6.087543 -4.182897
v -7.443794 -5.846459 -4.112947
v -7.461998 -5.835176 -3.589158
v -7.491583 -5.861847 -3.794199
v -7.425087 -5.785221 -3.574311
v -7.460763 -6.023904 -3.785514
v -7.489961 -6.697259 -4.367032
v -7.474755 -6.367720 -4.259461
v -7.434124 -6.138997 -3.520458
v -7.454699 -6.265489 -3.754280
v -7.468366 -6.737418 -4.310331
v -7.433814 -5.803699 -3.717148
v -7.451466 -6.687317 -3.899876
v -7.439118 -5.964406 -3.467035
v -7.467513 -6.350469 -3.496828
v -7.457807 -6.273152 -4.163898
v -7.468812 -6.385384 -4.413773
v -7.474190 -6.333645 -3.754138
v -7.435793 -6.378848 -3.757860
v -7.435970 -6.224158 -4.141922
v -7.435312 -6.272852 -4.454965
v -7.456650 -6.333202 -3.994292
v -7.425921 -6.133319 -4.234463
v -7.434826 -6.143949 -3.793440
v -7.451493 -6.186844 -3.965522
v -7.430369 -6.186866 -4.413167
v -7.469591 -6.016767 -4.054000
v -7.455462 -6.467815 -3.783533
v -7.438201 -5.969614 -3.960659
v -7.466119 -5.856331 -4.039719
v -7.442514 -5.944045 -3.812531
v -7.424383 -5.806583 -4.069135
v -7.410547 -5.949852 -4.273139
v -7.432021 -6.069015 -3.918137
v -7.431097 -6.083127 -3.825752
v -7.428298 -6.130131 -3.922740
v -7.410951 -6.287136 -4.128238
v -7.408687 -6.512533 -3.992099
v -7.429256 -5.907273 -3.982805
v -7.424207 -5.997280 -3.862562
v -7.416770 -6.638952 -3.856270
v -7.418092 -5.848858 -3.842464
v -7.405488 -6.039505 -3.495649
v -7.401279 -6.623331 -3.805434
v -7.392288 -6.591135 -3.863898
v -7.411139 -6.697382 -3.881650
v -7.409092 -6.214118 -3.805140
v -7.432644 -6.605312 -3.752160
v -7.416514 -6.261972 -3.963725
v -7.387546 -6.530385 -3.791073
v -7.392520 -6.203259 -3.503124
v -7.415318 -6.402876 -4.002432
v -7.385170 -6.132927 -4.294249
v -7.411544 -6.157463 -3.856858
v -7.382491 -6.583307 -3.959525
v -7.411634 -6.329897 -4.409628
v -7.427262 -6.614487 -4.408973
v -7.392914 -6.267879 -3.469419
v -7.388424 -6.240803 -3.834764
v -7.439576 -6.031396 -4.251427
v -7.411748 -6.662091 -4.323089
v -7.384055 -6.147274 -4.160731
v -7.381968 -6.434470 -3.764276
v -7.379930 -5.798262 -3.651541
v -7.395145 -5.883002 -4.240182
v -7.404976 -5.786777 -3.849448
v -7.392213 -5.888827 -3.475415
v -7.393563 -6.220468 -3.896595
v -7.345314 -6.173185 -4.340806
v -7.407179 -6.357131 -4.205462
v -7.409698 -5.908844 -3.892519
v -7.423105 -5.957389 -4.031873
v -7.386534 -6.695457 -3.623492
v -7.383839 -5.806127 -3.480016
v -7.371061 -6.335506 -3.788465
v -7.403121 -6.077950 -4.158123
v -7.391166 -5.835979 -4.004749
v -7.358207 -6.207664 -4.088795
v -7.360001 -5.775239 -3.753721
v -7.348636 -5.788342 -3.931184
v -7.353228 -6.650506 -3.820406
v -7.372882 -6.260615 -3.904002
v -7.388689 -6.051117 -4.065451
v -7.349218 -6.459087 -4.008803
v -7.363970 -6.364706 -3.981218
v -7.393598 -6.624222 -3.704587
v -7.364386 -6.276801 -3.846869
v -7.363572 -6.343271 -4.156155
v -7.373569 -6.534346 -4.415814
v -7.353110 -6.148975 -3.478912
v -7.327147 -5.881310 -4.224793
v -7.362091 -6.583816 -4.341455
v -7.350811 -6.101088 -3.481952
v -7.391611 -5.878705 -4.051280
v -7.359551 -6.256979 -4.382070
v -7.343790 -6.017100 -4.224149
v -7.343887 -6.059550 -4.081612
v -7.347258 -5.781446 -4.040647
v -7.327518 -6.331251 -3.851242
v -7.351575 -6.325118 -4.336500
v -7.356528 -5.839987 -4.091961
v -7.316117 -6.647336 -3.886857
v -7.333699 -6.068305 -4.152170
v -7.355660 -5.981414 -4.013511
v -7.342051 -6.317022 -3.917534
v -7.331656 -5.786825 -3.696188
v -7.320098 -6.117033 -4.179752
v -7.348593 -6.291565 -4.090489
v -7.292922 -6.599137 -3.800735
v -7.329030 -6.064424 -3.472939
v -7.318204 -6.718699 -3.843902
v -7.317085 -6.501433 -4.363462
v -7.326560 -6.126312 -4.257324
v -7.325203 -5.927104 -4.004127
v -7.323224 -5.879728 -3.481683
v -7.324692 -5.977333 -3.477821
v -7.330896 -6.455052 -4.449892
v -7.297033 -5.835941 -4.154559
v -7.310985 -6.724313 -3.953121
v -7.316773 -5.786091 -3.488837
v -7.298664 -6.283665 -4.329695
v -7.309344 -6.507708 -3.775572
v -7.327994 -6.730560 -4.067183
v -7.309847 -5.936193 -4.245232
v -7.294240 -6.346721 -4.200943
v -7.308505 -6.066683 -4.081890
v -7.304554 -6.631786 -3.970007
v -7.326093 -6.717681 -3.599677
v -7.322807 -6.676271 -4.303990
v -7.286870 -6.207335 -4.037805
v -7.316671 -6.414258 -3.790838
v -7.299525 -6.342935 -4.132653
v -7.295834 -5.833743 -4.090122
v -7.313141 -6.648357 -3.660571
v -7.302178 -6.697959 -4.153112
v -7.303679 -6.151517 -4.095143
v -7.268952 -5.989920 -3.998919
v -7.241996 -6.454413 -3.968749
v -7.303464 -6.217923 -4.334488
v -7.254219 -6.205458 -4.295990
v -7.287845 -6.401362 -3.952676
v -7.271210 -6.469103 -3.790610
v -7.311326 -6.034209 -4.043088
v -7.274900 -6.419693 -4.385063
v -7.266611 -6.683619 -4.225420
v -7.278757 -6.330458 -4.265396
v -7.302481 -6.160909 -4.292252
v -7.270124 -6.578681 -4.321189
v -7.263259 -6.335601 -4.190020
v -7.241052 -6.691706 -3.894846
v -7.267423 -6.749741 -4.340982
v -7.276509 -6.285132 -4.044896
v -7.271612 -6.397069 -3.864659
v -7.240902 -6.129179 -4.213733
v -7.253083 -6.628080 -4.008883
v -7.249758 -6.683030 -3.797203
v -7.226475 -6.152057 -4.035643
v -7.239860 -6.678092 -3.965297
v -7.228905 -6.628939 -4.149518
v -7.259379 -6.674123 -4.008810
v -7.210549 -6.740457 -3.808599
v -7.263000 -5.918470 -3.996284
v -7.238389 -6.671606 -3.608525
v -7.252756 -6.337287 -4.094097
v -7.242924 -6.338966 -4.412917
v -7.228293 -6.720648 -3.578850
v -7.233310 -6.635822 -3.810023
v -7.213170 -6.213250 -3.993957
v -7.218516 -6.747950 -4.306798
v -7.248516 -5.960300 -4.230568
v -7.238986 -6.484306 -4.344435
v -7.206639 -6.563407 -3.789598
v -7.212577 -6.719851 -4.398744
v -7.221453 -6.278182 -4.435641
v -7.231389 -6.675893 -4.290485
v -7.219197 -6.278893 -4.010821
v -7.200554 -5.768936 -3.732872
v -7.199416 -5.843572 -4.052508
v -7.198751 -6.638481 -4.067594
v -7.152691 -6.718001 -3.558527
v -7.212321 -5.997043 -3.993736
v -7.210773 -6.620290 -4.229454
v -7.214354 -6.067200 -4.098319
v -7.217648 -6.715862 -3.941216
v -7.230682 -5.877583 -4.205935
v -7.236977 -6.114066 -4.098917
v -7.225733 -6.266253 -4.277472
v -7.225215 -6.053750 -4.045030
v -7.201820 -6.622128 -4.276503
v -7.191612 -6.327080 -4.199654
v -7.190205 -6.498030 -3.998152
v -7.199796 -6.428056 -4.366498
v -7.152410 -6.175808 -4.220599
v -7.145400 -6.476984 -3.915972
v -7.192820 -6.559836 -4.346217
v -7.176705 -6.666935 -3.819039
v -7.162901 -6.110548 -4.140015
v -7.143583 -6.653893 -3.590958
v -7.187013 -6.484691 -3.825552
v -7.194469 -6.212982 -4.458201
v -7.205996 -5.829157 -4.129599
v -7.138708 -5.779009 -3.754339
v -7.169749 -6.749722 -4.383275
v -7.179850 -6.673412 -4.410820
v -7.177706 -5.977417 -4.218225
v -7.146889 -6.604698 -4.180912
v -7.157125 -6.725772 -3.903582
v -7.168372 -6.610572 -4.383129
v -7.170394 -6.261314 -4.239994
v -7.169753 -6.046865 -4.030704
v -7.182464 -6.667193 -4.371473
v -7.187730 -6.563513 -4.028826
v -7.146619 -6.107761 -4.054591
v -7.143826 -5.876217 -4.192244
v -7.144078 -6.155094 -3.988277
v -7.162067 -5.941424 -3.979832
v -7.192496 -6.052335 -4.165431
v -7.182477 -6.637758 -3.677459
v -7.176738 -6.018240 -4.189936
v -7.155096 -5.856294 -4.027386
v -7.172251 -6.507586 -4.362154
v -7.154157 -6.341540 -4.396955
v -7.174133 -6.329710 -4.041925
v -7.149382 -6.283868 -4.417063
v -7.140380 -6.654209 -4.429317
v -7.143786 -6.567715 -4.392427
v -7.127668 -6.743565 -4.459775
v -7.081898 -5.831638 -4.124434
v -7.137684 -6.067379 -4.086801
v -7.163998 -6.671348 -3.764210
v -7.142921 -6.693078 -4.019826
v -7.132012 -6.257596 -3.962956
v -7.128716 -6.471810 -4.389319
v -7.158063 -6.647964 -4.024372
v -7.140607 -6.614873 -4.131327
v -7.104200 -6.254005 -4.202137
v -7.123902 -6.326284 -4.157923
v -7.070677 -6.150035 -4.164457
v -7.173249 -6.347332 -4.116333
v -7.111998 -6.504529 -4.425224
v -7.134851 -5.928832 -4.207304
v -7.132525 -6.604599 -4.342484
v -7.116570 -6.631277 -3.697758
v -7.092000 -6.323600 -3.996666
v -7.086489 -6.523126 -3.991276
v -7.115162 -6.417957 -4.405104
v -7.107838 -6.729383 -3.783833
v -7.096210 -6.597106 -3.795434
v -7.122240 -6.588776 -4.245531
v -7.082012 -6.106184 -4.102451
v -7.123450 -6.520021 -3.826304
v -7.129101 -6.718432 -3.973699
v -7.094040 -6.136404 -3.995989
v -7.073787 -6.748743 -3.907847
v -7.056942 -6.180761 -3.937773
v -7.091502 -6.668964 -3.758310
v -7.081038 -6.573225 -4.026892
v -7.099985 -6.663709 -4.090262
v -7.079220 -6.001441 -4.202318
v -7.108104 -6.011221 -3.993097
v -7.087597 -5.924877 -3.982008
v -7.032400 -6.263857 -3.927063
v -7.084414 -6.343915 -4.059002
v -7.083579 -6.615298 -3.676641
v -7.086024 -6.687456 -3.555581
v -7.081981 -5.840419 -4.048852
v -7.081767 -6.534572 -3.477142
v -7.081337 -6.105260 -4.030495
v -7.062059 -6.639187 -3.564141
v -7.034326 -5.811656 -3.793548
v -7.076152 -6.738435 -4.085877
v -7.098336 -6.059312 -4.148570
v -7.077756 -6.444069 -4.454850
v -7.050627 -6.511137 -3.901664
v -7.074493 -6.347367 -4.444142
v -7.069832 -6.730862 -3.532277
v -7.067666 -6.647997 -4.145755
v -7.021481 -6.626369 -3.729180
v -7.039697 -6.736364 -3.983113
v -7.068254 -5.776385 -3.694973
v -7.056405 -6.725921 -3.841559
v -7.070948 -6.329935 -4.119820
v -7.055701 -6.723013 -4.124340
v -7.033940 -6.590243 -3.643775
v -6.997007 -5.942643 -3.979434
v -7.047616 -6.014288 -3.991740
v -7.067393 -6.066230 -4.058832
v -7.045225 -6.557673 -3.480356
v -7.041285 -6.227449 -4.175211
v -7.053899 -6.587455 -4.308392
v -7.011628 -6.106041 -4.007896
v -7.055285 -6.294641 -4.147326
v -7.030365 -6.318648 -3.968040
v -7.025417 -6.335854 -4.086088
v -7.005537 -6.106864 -4.080132
v -7.041813 -6.549407 -3.828206
v -7.048859 -6.659270 -4.033596
v -7.044607 -5.964692 -4.204432
v -6.976460 -6.536016 -3.973316
v -7.052563 -5.918811 -4.211779
v -7.041916 -6.709544 -3.770540
v -7.015597 -6.670712 -3.801228
v -6.991016 -5.863987 -4.176147
v -7.010529 -6.602485 -3.801579
v -7.009721 -5.873205 -4.009825
v -7.007035 -6.195865 -3.913525
v -7.018440 -6.620749 -4.255051
v -6.980392 -6.612509 -3.545141
v -7.000435 -6.203331 -4.160905
v -7.019706 -6.042828 -4.164480
v -7.013781 -6.072083 -4.119639
v -7.028031 -6.138258 -3.968647
v -6.989102 -6.315103 -3.950130
v -6.983674 -6.277211 -4.131018
v -6.983996 -6.563013 -3.608539
v -6.977975 -6.727460 -4.268817
v -6.996772 -6.701258 -3.523592
v -6.988072 -6.603774 -4.381197
v -6.991953 -6.580646 -4.022985
v -6.990397 -6.732828 -3.837240
v -6.986259 -6.035625 -4.183939
v -6.985780 -6.591517 -3.485300
v -6.984832 -6.065142 -4.041639
v -6.984101 -6.341523 -4.012722
v -6.976721 -6.005013 -3.986565
v -6.986896 -5.843057 -4.090724
v -7.965930 -6.599174 -3.574239
v -7.969803 -5.959467 -3.995920
v -7.959482 -6.714327 -4.209558
v -7.853311 -6.603671 -3.989468
v -7.873311 -6.476410 -3.915118
v -7.807767 -6.561718 -3.514489
v -7.759872 -6.293808 -4.101878
v -7.647870 -6.566381 -3.753238
v -7.546103 -5.926579 -4.074740
v -7.372792 -6.360631 -4.254252
v -7.382357 -5.847941 -3.924092
v -7.281397 -6.534051 -4.014596
v -7.260078 -6.051732 -4.171079
v -7.221201 -6.648243 -4.337800
v -7.143956 -5.830566 -4.126897
v -7.061482 -6.613472 -4.210006
v -7.024285 -6.677597 -4.192550
v -7.024592 -6.745519 -4.199625
v -7.010777 -5.764647 -3.870881
v -6.994564 -6.757877 -4.170537
v -7.906341 -6.380972 -3.600017
v -7.945378 -6.749483 -3.825283
v -7.960997 -6.680812 -3.986989
v -7.817971 -6.087193 -4.259152
v -7.792503 -6.106146 -3.573332
v -7.488824 -5.846564 -4.196199
v -7.359646 -6.728374 -4.300189
v -7.395751 -5.842523 -4.177728
v -7.203632 -6.191272 -4.257583
v -7.004650 -5.797904 -3.700730
v -7.731685 -6.617342 -3.983328
v -7.728035 -5.884308 -3.605601
v -7.710545 -6.371034 -4.446541
v -7.568091 -6.330820 -3.612471
v -7.336430 -6.645446 -3.751828
v -7.276682 -6.662773 -4.087298
v -7.241440 -6.643016 -3.716815
v -7.115694 -6.694444 -3.831424
v -7.085472 -6.607121 -4.409638
v -7.228279 -5.868279 -4.035894
v -7.786043 -5.929403 -3.550014
v -7.811322 -5.892324 -3.479543
v -7.661164 -6.404026 -3.901170
v -7.594123 -6.230361 -3.557048
v -7.722339 -6.353663 -3.900355
v -7.305327 -5.869708 -4.035116
v -7.226589 -6.436289 -3.887376
v -7.830476 -6.300327 -3.883924
v -7.543744 -6.533816 -3.838269
v -7.353328 -6.541370 -4.003345
v -6.981207 -6.663313 -4.035853
v -7.761166 -6.602242 -4.177411
v -7.973500 -6.761755 -3.713547
v -7.973500 -6.754395 -3.925411
v -7.973500 -6.745837 -3.707536
v -7.973500 -6.762000 -3.986130
v -7.973500 -6.749530 -4.038611
v -7.973500 -6.762000 -3.942881
v -7.973500 -6.746787 -3.944075
v -7.973500 -6.762000 -3.713633
v -7.973500 -6.728380 -4.026258
v -7.973500 -6.709715 -4.053923
v -7.973500 -6.733428 -3.966486
v -7.973500 -6.624848 -4.296724
v -7.973500 -6.662769 -4.324384
v -7.973500 -6.698422 -4.390717
v -7.973500 -6.673882 -4.334574
v -7.973500 -6.731009 -4.095335
v -7.973500 -6.691620 -3.657226
v -7.973500 -6.653994 -3.631461
v -7.973500 -6.609479 -3.586027
v -7.973500 -6.601463 -3.572623
v -7.973500 -6.598062 -3.562591
v -7.973500 -6.581238 -4.263124
v -7.973500 -6.589596 -4.269431
v -7.973500 -6.534253 -3.864011
v -7.973500 -6.504907 -3.919150
v -7.973500 -6.481803 -3.931376
v -7.973500 -6.506417 -3.633536
v -7.973500 -6.543424 -3.682852
v -7.973500 -6.487171 -3.628120
v -7.973500 -6.418474 -3.964314
v -7.973500 -6.432269 -3.958641
v -7.973500 -6.558247 -3.828456
v -7.973500 -6.561063 -3.758662
v -7.973500 -6.564414 -3.732512
v -7.973500 -6.563196 -3.714046
v -7.973500 -6.571081 -3.495918
v -7.973500 -6.567914 -3.461500
v -7.973500 -6.356973 -3.937447
v -7.973500 -6.352470 -3.933415
v -7.973500 -6.371595 -3.942914
v -7.973500 -6.325641 -3.794937
v -7.973500 -6.327183 -3.784667
v -7.973500 -6.332339 -3.775014
v -7.973500 -6.313707 -3.541889
v -7.973500 -6.320173 -3.535771
v -7.973500 -6.308883 -3.548883
v -7.973500 -6.350529 -3.715677
v -7.973500 -6.204759 -3.688653
v -7.973500 -6.243179 -3.620016
v -7.973500 -6.327727 -3.865153
v -7.973500 -6.369471 -3.671162
v -7.973500 -6.382241 -3.662792
v -7.973500 -6.248880 -3.610580
v -7.973500 -6.408209 -3.632515
v -7.973500 -6.414689 -3.625715
v -7.973500 -6.173491 -3.759741
v -7.973500 -6.174856 -3.769998
v -7.973500 -6.155571 -3.831643
v -7.973500 -6.181034 -3.746567
v -7.973500 -5.985632 -3.654413
v -7.973500 -5.989482 -3.647804
v -7.973500 -5.984437 -3.657720
v -7.973500 -5.838913 -3.482021
v -7.973500 -5.878061 -3.537510
v -7.973500 -6.054245 -3.582025
v -7.973500 -6.196649 -3.701789
v -7.973500 -6.057572 -3.578676
v -7.973500 -6.057911 -3.578392
v -7.973500 -6.058580 -3.576986
v -7.973500 -6.101017 -3.505129
v -7.973500 -6.106375 -3.497466
v -7.973500 -6.128408 -3.461500
v -7.973500 -6.369723 -3.498671
v -7.973500 -6.379523 -3.489169
v -7.973500 -6.410381 -3.461500
v -7.973500 -6.427084 -3.625286
v -7.973500 -6.416441 -3.624360
v -7.973500 -6.737010 -4.461500
v -7.973500 -6.721756 -4.441994
v -7.973500 -6.707170 -4.412694
v -7.973500 -6.505967 -4.305917
v -7.973500 -6.567628 -4.271664
v -7.973500 -6.500308 -4.336405
v -7.973500 -6.490205 -4.366460
v -7.973500 -6.489335 -4.387354
v -7.973500 -6.481212 -4.415112
v -7.973500 -6.491401 -4.450466
v -7.973500 -6.201320 -4.047013
v -7.973500 -6.192344 -4.055002
v -7.973500 -6.180827 -4.016075
v -7.973500 -6.214622 -4.040247
v -7.973500 -6.204883 -4.023792
v -7.973500 -6.495439 -4.461500
v -7.973500 -6.073387 -4.349495
v -7.973500 -6.102540 -4.378326
v -7.973500 -6.108005 -4.408075
v -7.973500 -6.112658 -4.105229
v -7.973500 -6.140123 -3.869517
v -7.973500 -6.137112 -3.992851
v -7.973500 -6.095393 -3.914991
v -7.973500 -6.041914 -4.120916
v -7.973500 -6.060218 -3.986917
v -7.973500 -6.071654 -4.113690
v -7.973500 -6.071246 -3.988385
v -7.973500 -6.062206 -3.941020
v -7.973500 -6.032358 -4.309807
v -7.973500 -5.978105 -4.114631
v -7.973500 -6.021856 -3.963202
v -7.973500 -6.031108 -3.956519
v -7.973500 -6.147116 -4.072870
v -7.973500 -6.117572 -4.461500
v -7.973500 -5.968964 -3.942202
v -7.973500 -5.967095 -3.941733
v -7.973500 -5.966298 -3.940532
v -7.973500 -5.970368 -4.002039
v -7.973500 -5.960185 -4.010272
v -7.973500 -5.936054 -4.007052
v -7.973500 -5.920161 -3.863815
v -7.973500 -5.922850 -3.852670
v -7.973500 -5.919465 -3.871871
v -7.973500 -5.886633 -4.461500
v -7.973500 -5.890382 -4.404837
v -7.973500 -5.902174 -4.388648
v -7.973500 -5.950860 -4.321422
v -7.973500 -5.957592 -4.319585
v -7.973500 -5.922900 -4.125864
v -7.973500 -5.892123 -4.108109
v -7.973500 -5.930125 -3.756747
v -7.973500 -5.937159 -3.745860
v -7.973500 -5.860941 -3.681133
v -7.973500 -5.859161 -3.685964
v -7.973500 -5.857529 -3.600662
v -7.973500 -5.809142 -4.096166
v -7.973500 -5.810703 -4.043923
v -7.973500 -5.832359 -4.099154
v -7.973500 -5.857975 -4.022233
v -7.973500 -5.780080 -4.075524
v -7.973500 -5.773518 -4.052942
v -7.973500 -5.795029 -4.051782
v -7.973500 -5.762000 -3.524870
v -7.973500 -5.770764 -3.519756
v -7.973500 -5.762000 -3.849843
v -7.973500 -5.816044 -3.764879
v -7.973500 -5.803613 -3.809267
v -7.973500 -5.779659 -3.832423
v -7.973500 -5.858117 -3.689561
v -7.973500 -5.973447 -3.677004
v -7.973304 -5.762000 -3.525270
v -7.959852 -5.762000 -4.116808
v -7.966710 -5.762000 -4.089610
v -7.970359 -5.762000 -4.048600
v -7.971969 -5.762000 -3.529768
v -7.916018 -5.762000 -4.158868
v -7.900146 -5.762000 -4.175457
v -7.880861 -5.762000 -4.178977
v -7.949953 -5.762000 -3.615413
v -7.949921 -5.762000 -3.732874
v -7.943610 -5.762000 -3.691572
v -7.945362 -5.762000 -4.009085
v -7.920331 -5.762000 -3.972677
v -7.948654 -5.762000 -3.786393
v -7.963000 -5.762000 -3.822828
v -7.951581 -5.762000 -3.593032
v -7.823890 -5.762000 -3.949061
v -7.852364 -5.762000 -3.957894
v -7.808537 -5.762000 -3.955353
v -7.813366 -5.762000 -3.950432
v -7.778018 -5.762000 -4.162976
v -7.769541 -5.762000 -4.159639
v -7.763344 -5.762000 -4.151324
v -7.816780 -5.762000 -4.178927
v -7.729379 -5.762000 -4.031917
v -7.732157 -5.762000 -4.016891
v -7.592510 -5.762000 -3.887598
v -7.616953 -5.762000 -3.697472
v -7.639310 -5.762000 -3.686479
v -7.720255 -5.762000 -3.519011
v -7.719582 -5.762000 -3.541803
v -7.682763 -5.762000 -3.471431
v -7.725644 -5.762000 -4.093805
v -7.592261 -5.762000 -3.927616
v -7.691380 -5.762000 -3.621717
v -7.700286 -5.762000 -3.609284
v -7.668336 -5.762000 -3.461500
v -7.561719 -5.762000 -4.034454
v -7.585737 -5.762000 -3.983849
v -7.547596 -5.762000 -3.839192
v -7.544785 -5.762000 -3.836195
v -7.587166 -5.762000 -3.710505
v -7.535978 -5.762000 -3.730947
v -7.470253 -5.762000 -3.755449
v -7.475906 -5.762000 -3.826615
v -7.468677 -5.762000 -3.826147
v -7.455624 -5.762000 -3.832022
v -7.464305 -5.762000 -3.828882
v -7.513437 -5.762000 -3.831607
v -7.479100 -5.762000 -3.755124
v -7.477976 -5.762000 -3.509326
v -7.479838 -5.762000 -3.508759
v -7.460959 -5.762000 -3.520349
v -7.476572 -5.762000 -3.509748
v -7.562998 -5.762000 -3.462187
v -7.576404 -5.762000 -3.461500
v -7.388858 -5.762000 -3.864728
v -7.408959 -5.762000 -3.854223
v -7.357002 -5.762000 -3.763530
v -7.368865 -5.762000 -3.763353
v -7.400081 -5.762000 -3.568063
v -7.452606 -5.762000 -3.757314
v -7.363862 -5.762000 -3.596354
v -7.316072 -5.762000 -3.492043
v -7.335457 -5.762000 -3.632245
v -7.288589 -5.762000 -3.478054
v -7.346424 -5.762000 -3.615999
v -7.341427 -5.762000 -3.489297
v -7.255849 -5.762000 -3.461500
v -7.255948 -5.762000 -3.461663
v -7.279035 -5.762000 -3.674963
v -7.384268 -5.762000 -3.485168
v -7.415064 -5.762000 -3.461500
v -7.590725 -5.762000 -3.971416
v -7.526961 -5.762000 -4.060044
v -7.442366 -5.762000 -4.090763
v -7.492334 -5.762000 -4.086359
v -7.406917 -5.762000 -4.103357
v -7.368679 -5.762000 -4.076199
v -7.504971 -5.762000 -4.075208
v -7.327814 -5.762000 -4.015010
v -7.325613 -5.762000 -3.967715
v -7.348823 -5.762000 -3.922453
v -7.268476 -5.762000 -3.767736
v -7.260856 -5.762000 -3.766411
v -7.271294 -5.762000 -3.768912
v -7.331212 -5.762000 -4.052186
v -7.217634 -5.762000 -3.709213
v -7.190655 -5.762000 -3.765560
v -7.186508 -5.762000 -3.714497
v -7.095112 -5.762000 -3.829243
v -7.066600 -5.762000 -3.684000
v -7.143137 -5.762000 -3.711746
v -7.102674 -5.762000 -3.681715
v -7.160667 -5.762000 -3.792682
v -7.011814 -5.762000 -3.871238
v -7.000670 -5.762000 -3.673678
v -7.035110 -5.762000 -3.864338
v -7.041373 -5.762000 -3.680128
v -6.973500 -5.762000 -3.663180
v -6.979435 -5.762000 -3.663947
v -6.973500 -5.762000 -3.879684
v -7.077583 -5.762000 -3.846299
v -6.973500 -6.684615 -3.522023
v -6.973500 -6.614255 -3.542714
v -6.973500 -6.619420 -3.477926
v -6.973500 -6.656540 -3.461500
v -6.973500 -6.560750 -3.601806
v -6.973500 -6.566785 -3.649110
v -6.973500 -6.554969 -3.615835
v -6.973500 -6.605868 -3.546983
v -6.973500 -6.532259 -3.474569
v -6.973500 -6.588610 -3.483712
v -6.973500 -6.598807 -3.486102
v -6.973500 -6.517883 -3.472019
v -6.973500 -6.513770 -3.470892
v -6.973500 -6.501817 -3.461500
v -6.973500 -6.259247 -3.908518
v -6.973500 -6.223153 -3.905482
v -6.973500 -6.188051 -3.908226
v -6.973500 -6.078244 -4.103934
v -6.973500 -6.072594 -4.070778
v -6.973500 -6.110651 -4.061135
v -6.973500 -6.110593 -4.018719
v -6.973500 -6.130700 -3.957340
v -6.973500 -6.167837 -3.926185
v -6.973500 -6.113247 -3.982197
v -6.973500 -6.047861 -4.173467
v -6.973500 -6.039232 -4.183773
v -6.973500 -6.027307 -4.190086
v -6.973500 -6.063659 -4.148070
v -6.973500 -5.933079 -4.216618
v -6.973500 -5.932615 -4.216341
v -6.973500 -5.933156 -4.216604
v -6.973500 -5.934088 -4.216311
v -6.973500 -5.943148 -3.981194
v -6.973500 -6.001676 -3.986498
v -6.973500 -5.910808 -3.998259
v -6.973500 -6.057217 -4.034213
v -6.973500 -6.005256 -3.986735
v -6.973500 -5.854780 -4.065571
v -6.973500 -5.848255 -4.109884
v -6.973500 -5.844564 -4.091094
v -6.973500 -5.818533 -3.840794
v -6.973500 -5.766880 -3.878606
v -6.973500 -5.797280 -3.686017
v -6.973500 -5.769362 -3.666401
v -6.973500 -5.864395 -4.175304
v -6.973500 -5.833352 -3.741864
v -6.973500 -5.838383 -3.817201
v -6.973500 -5.826813 -3.723702
v -6.973500 -5.875311 -4.014878
v -6.973500 -6.065875 -4.041477
v -6.973500 -6.755364 -3.541173
v -6.973500 -6.736025 -3.534980
v -6.973500 -6.751581 -4.207117
v -6.973500 -6.745065 -4.142910
v -6.973500 -6.762000 -4.216030
v -6.973500 -6.762000 -4.092991
v -6.973500 -6.735988 -3.996074
v -6.973500 -6.752580 -3.946131
v -6.973500 -6.762000 -3.918300
v -6.973500 -6.760376 -3.905629
v -6.973500 -6.762000 -3.910945
v -6.973500 -6.762000 -3.739203
v -6.973500 -6.762000 -3.543040
v -6.973500 -6.629498 -3.799985
v -6.973500 -6.660349 -3.754622
v -6.973500 -6.672024 -3.799648
v -6.973500 -6.672288 -3.761004
v -6.973500 -6.624329 -4.342968
v -6.973500 -6.631883 -4.318739
v -6.973500 -6.696889 -4.286023
v -6.973500 -6.634127 -4.309254
v -6.973500 -6.724854 -4.169963
v -6.973500 -6.720034 -3.828578
v -6.973500 -6.698886 -3.755803
v -6.973500 -6.762000 -4.311400
v -6.973500 -6.727139 -4.275441
v -6.973500 -6.663600 -4.035784
v -6.973500 -6.689045 -4.022727
v -6.973500 -6.733957 -3.836582
v -6.973500 -6.757725 -3.743963
v -6.973500 -6.706119 -3.526736
v -6.973500 -6.623360 -4.451594
v -6.973500 -6.623166 -4.461500
v -6.973500 -6.611228 -4.394350
v -6.973500 -6.618589 -4.380529
v -6.973500 -6.577707 -3.686855
v -6.973500 -6.572038 -3.675649
v -6.973500 -6.536091 -3.964241
v -6.973500 -6.537893 -3.974997
v -6.973500 -6.536024 -3.972227
v -6.973500 -6.559569 -3.844826
v -6.973500 -6.560193 -3.843551
v -6.973500 -6.561857 -3.842387
v -6.973500 -6.581886 -4.022232
v -6.973500 -6.600688 -4.025869
v -6.973500 -6.604298 -3.801203
v -6.973500 -6.611017 -3.729102
v -6.973500 -6.332912 -4.044392
v -6.973500 -6.336915 -4.000884
v -6.973500 -6.341420 -4.009502
v -6.973500 -6.324329 -4.087447
v -6.973500 -6.295280 -4.113237
v -6.973500 -6.298679 -3.935005
v -6.973500 -6.314812 -3.948183
v -6.973500 -6.530058 -3.885798
v -6.973500 -6.136581 -4.115575
v -6.973500 -6.139565 -4.120081
v -6.973500 -6.145450 -4.122839
v -6.973500 -6.207520 -4.151945
v -6.973500 -6.263176 -4.132961
v -6.973500 -6.280411 -4.126126
v -7.853021 -6.762000 -3.515923
v -7.848260 -6.762000 -3.494002
v -7.832925 -6.762000 -3.461500
v -7.796445 -6.762000 -3.626796
v -7.725266 -6.762000 -3.598547
v -7.754693 -6.762000 -3.597789
v -7.655476 -6.762000 -3.668523
v -7.651294 -6.762000 -3.604453
v -7.656781 -6.762000 -3.599693
v -7.597299 -6.762000 -3.762131
v -7.624413 -6.762000 -3.804428
v -7.565615 -6.762000 -3.712210
v -7.663369 -6.762000 -3.702727
v -7.549507 -6.762000 -3.700964
v -7.530810 -6.762000 -3.689550
v -7.448482 -6.762000 -3.883763
v -7.436474 -6.762000 -3.879503
v -7.479117 -6.762000 -3.885134
v -7.433355 -6.762000 -3.878242
v -7.383108 -6.762000 -3.622776
v -7.361902 -6.762000 -3.614344
v -7.428942 -6.762000 -3.635350
v -7.396995 -6.762000 -3.858679
v -7.360394 -6.762000 -3.846169
v -7.468909 -6.762000 -3.660412
v -7.341207 -6.762000 -3.977561
v -7.347180 -6.762000 -4.032330
v -7.326042 -6.762000 -4.074783
v -7.312974 -6.762000 -4.118976
v -7.330399 -6.762000 -3.914572
v -7.255228 -6.762000 -3.881689
v -7.298354 -6.762000 -3.828333
v -7.321073 -6.762000 -3.827528
v -7.298144 -6.762000 -3.591897
v -7.265338 -6.762000 -3.584953
v -7.229408 -6.762000 -3.808937
v -7.252526 -6.762000 -3.880976
v -7.204270 -6.762000 -3.801972
v -7.171053 -6.762000 -3.932449
v -7.137110 -6.762000 -3.784112
v -7.206444 -6.762000 -3.569824
v -7.185461 -6.762000 -3.564129
v -7.111217 -6.762000 -4.023308
v -7.125121 -6.762000 -4.010293
v -7.086113 -6.762000 -4.085599
v -7.098533 -6.762000 -4.040925
v -7.104488 -6.762000 -3.776545
v -7.122555 -6.762000 -3.556956
v -7.077128 -6.762000 -3.769409
v -7.080460 -6.762000 -3.542295
v -6.994591 -6.762000 -4.174010
v -6.994602 -6.762000 -4.158502
v -6.997378 -6.762000 -4.169210
v -6.983861 -6.762000 -3.915925
v -6.982331 -6.762000 -3.911759
v -6.987356 -6.762000 -3.913473
v -6.995128 -6.762000 -3.748778
v -6.979256 -6.762000 -3.911102
v -6.981431 -6.762000 -3.916359
v -6.982939 -6.762000 -4.296731
v -6.992422 -6.762000 -3.748113
v -6.986303 -6.762000 -3.746492
v -7.009549 -6.762000 -4.267395
v -7.032112 -6.762000 -4.216099
v -7.044286 -6.762000 -4.180859
v -7.063749 -6.762000 -4.146997
v -7.071609 -6.762000 -4.125409
v -7.049419 -6.762000 -3.541462
v -7.973310 -6.762000 -3.713490
v -7.961019 -6.762000 -3.882459
v -7.960943 -6.762000 -3.898549
v -7.943717 -6.762000 -3.830586
v -7.958712 -6.762000 -4.078053
v -7.966128 -6.762000 -4.039123
v -7.942064 -6.762000 -3.819584
v -7.872955 -6.762000 -3.566089
v -7.873533 -6.762000 -3.580632
v -7.916193 -6.762000 -3.631438
v -7.875983 -6.762000 -4.294557
v -7.905356 -6.762000 -4.260510
v -7.924606 -6.762000 -4.200624
v -7.932553 -6.762000 -4.167151
v -7.941689 -6.762000 -4.115142
v -7.915880 -6.762000 -3.760704
v -7.911788 -6.762000 -3.742971
v -7.939558 -6.762000 -3.686721
v -7.862569 -6.762000 -4.327033
v -7.843928 -6.762000 -4.348608
v -7.767744 -6.762000 -4.276009
v -7.754920 -6.762000 -4.229593
v -7.758969 -6.762000 -4.191167
v -7.759309 -6.762000 -4.213906
v -7.744673 -6.762000 -4.459400
v -7.738276 -6.762000 -4.424893
v -7.758404 -6.762000 -4.432754
v -7.766788 -6.762000 -4.424452
v -7.736894 -6.762000 -4.381427
v -7.835278 -6.762000 -4.364500
v -7.742416 -6.762000 -4.350693
v -7.749919 -6.762000 -4.326465
v -7.761186 -6.762000 -4.143677
v -7.765469 -6.762000 -4.156215
v -7.771550 -6.762000 -4.092551
v -7.762766 -6.762000 -4.058001
v -7.748717 -6.762000 -3.992780
v -7.764552 -6.762000 -4.024801
v -7.743554 -6.762000 -3.967633
v -7.869938 -6.762000 -3.682019
v -7.867876 -6.762000 -3.679186
v -7.861154 -6.762000 -3.670230
v -7.627741 -6.762000 -3.811337
v -7.625950 -6.762000 -3.822812
v -7.629518 -6.762000 -3.814659
v -7.682590 -6.762000 -3.754441
v -7.704496 -6.762000 -3.844079
v -7.714004 -6.762000 -3.864264
v -7.691581 -6.762000 -3.796205
v -7.692003 -6.762000 -3.776150
v -7.580421 -6.762000 -4.392724
v -7.574575 -6.762000 -4.430926
v -7.564332 -6.762000 -4.366070
v -7.588312 -6.762000 -4.410213
v -7.474476 -6.762000 -4.305968
v -7.538444 -6.762000 -4.336186
v -7.559946 -6.762000 -4.461500
v -7.556190 -6.762000 -4.349089
v -7.718994 -6.762000 -3.878088
v -7.735647 -6.762000 -3.934964
v -7.587409 -6.762000 -3.883606
v -7.580888 -6.762000 -3.884266
v -7.563935 -6.762000 -3.884323
v -7.399017 -6.762000 -4.299521
v -7.427269 -6.762000 -4.301659
v -7.340656 -6.762000 -4.320693
v -7.360489 -6.762000 -4.308841
v -7.383636 -6.762000 -4.296962
v -7.301808 -6.762000 -4.156644
v -7.268896 -6.762000 -4.214550
v -7.266798 -6.762000 -4.366077
v -7.274714 -6.762000 -4.343534
v -7.264210 -6.762000 -4.223924
v -7.464336 -6.762000 -4.304126
v -7.256923 -6.762000 -4.461500
v -7.249509 -6.762000 -4.449637
v -7.242862 -6.762000 -4.416587
v -7.245509 -6.762000 -4.257416
v -7.215724 -6.762000 -4.293049
v -7.260660 -6.762000 -4.230424
v -7.114213 -6.762000 -4.461500
v -7.114703 -6.762000 -4.460524
v -7.123598 -6.762000 -4.435204
v -7.155652 -6.762000 -4.384810
v -7.166865 -6.762000 -4.367557
v -7.201373 -6.762000 -4.311357
v -7.500929 -6.197147 -4.461500
v -7.539277 -6.180512 -4.461500
v -7.439991 -6.274437 -4.461500
v -7.443160 -6.263020 -4.461500
v -7.457399 -6.216173 -4.461500
v -7.284628 -6.350101 -4.461500
v -7.286003 -6.352244 -4.461500
v -7.292638 -6.365429 -4.461500
v -7.281785 -6.345522 -4.461500
v -7.236452 -6.271437 -4.461500
v -7.199302 -6.216444 -4.461500
v -7.196421 -6.211721 -4.461500
v -7.192585 -6.206139 -4.461500
v -7.101318 -6.199491 -4.461500
v -7.116462 -6.200712 -4.461500
v -7.082528 -6.286881 -4.461500
v -7.019072 -6.610865 -4.461500
v -7.022319 -6.609825 -4.461500
v -7.023580 -6.609843 -4.461500
v -7.075826 -6.438268 -4.461500
v -7.070708 -6.353076 -4.461500
v -7.065418 -6.317776 -4.461500
v -7.104374 -6.527054 -4.461500
v -7.097011 -6.506327 -4.461500
v -7.079647 -6.446072 -4.461500
v -7.926940 -6.731024 -4.461500
v -7.959649 -6.497593 -4.461500
v -7.972852 -6.117681 -4.461500
v -7.963952 -5.885296 -4.461500
v -7.946315 -5.884730 -4.461500
v -7.851751 -6.673171 -4.461500
v -7.863387 -6.631373 -4.461500
v -7.904382 -6.712075 -4.461500
v -7.865545 -6.619874 -4.461500
v -7.882624 -6.559449 -4.461500
v -7.888520 -6.552617 -4.461500
v -7.904393 -5.899417 -4.461500
v -7.915689 -6.113325 -4.461500
v -7.870012 -6.098385 -4.461500
v -7.847896 -5.918022 -4.461500
v -7.910320 -6.725614 -4.461500
v -7.945072 -6.500668 -4.461500
v -7.830583 -6.702543 -4.461500
v -7.806517 -6.730816 -4.461500
v -7.779271 -6.741831 -4.461500
v -7.827950 -6.589917 -4.461500
v -7.759257 -6.536718 -4.461500
v -7.816376 -6.571619 -4.461500
v -7.803504 -6.050230 -4.461500
v -7.801950 -6.044855 -4.461500
v -7.805390 -6.051054 -4.461500
v -7.810976 -5.954991 -4.461500
v -7.786018 -5.977264 -4.461500
v -7.722538 -6.293533 -4.461500
v -7.721571 -6.363258 -4.461500
v -7.711345 -6.274059 -4.461500
v -7.657298 -6.211993 -4.461500
v -7.660820 -6.215083 -4.461500
v -7.666318 -6.221843 -4.461500
v -7.687751 -6.522697 -4.461500
v -7.670626 -6.426599 -4.461500
v -7.706868 -6.522075 -4.461500
v -7.699675 -6.397868 -4.461500
v -7.719808 -6.378410 -4.461500
v -7.703230 -6.753378 -4.461500
v -7.737503 -6.759454 -4.461500
v -7.744140 -6.761690 -4.461500
v -7.858472 -6.096247 -4.461500
v -7.616239 -6.545825 -4.461500
v -7.615773 -6.440000 -4.461500
v -7.639551 -6.527034 -4.461500
v -7.634121 -6.432913 -4.461500
v -7.563988 -6.676752 -4.461500
v -7.562101 -6.645014 -4.461500
v -7.578890 -6.687738 -4.461500
v -7.645267 -6.737989 -4.461500
v -7.616632 -6.732388 -4.461500
v -7.564017 -6.591767 -4.461500
v -7.577230 -6.425296 -4.461500
v -7.503547 -6.710333 -4.461500
v -7.487343 -6.702556 -4.461500
v -7.479491 -6.692081 -4.461500
v -7.454365 -6.352981 -4.461500
v -7.443603 -6.292188 -4.461500
v -7.472446 -6.371021 -4.461500
v -7.542030 -6.750054 -4.461500
v -7.508035 -6.396698 -4.461500
v -7.472178 -6.678061 -4.461500
v -7.533615 -6.418097 -4.461500
v -7.567076 -6.185022 -4.461500
v -7.557185 -6.182640 -4.461500
v -7.240139 -6.743439 -4.461500
v -7.419755 -6.626129 -4.461500
v -7.225529 -6.720371 -4.461500
v -7.392941 -6.574186 -4.461500
v -7.217625 -6.709927 -4.461500
v -7.183622 -6.659029 -4.461500
v -7.140044 -6.601760 -4.461500
v -7.139619 -6.600455 -4.461500
v -7.138504 -6.597714 -4.461500
v -7.139312 -6.599852 -4.461500
v -7.126503 -6.740114 -4.461500
v -7.126732 -6.743670 -4.461500
v -7.096899 -6.647971 -4.461500
v -7.122519 -6.663973 -4.461500
v -7.376358 -6.548954 -4.461500
v -7.356853 -6.527658 -4.461500
v -7.331235 -6.464636 -4.461500
v -7.327030 -6.450494 -4.461500
v -7.924373 -6.544281 -3.461500
v -7.965489 -6.563592 -3.461500
v -7.951939 -6.407706 -3.461500
v -7.947475 -6.112564 -3.461500
v -7.923560 -6.098358 -3.461500
v -7.856130 -6.114970 -3.461500
v -7.878284 -6.107506 -3.461500
v -7.849634 -6.119483 -3.461500
v -7.823764 -6.093671 -3.461500
v -7.834246 -6.056261 -3.461500
v -7.842025 -6.520249 -3.461500
v -7.903183 -6.531273 -3.461500
v -7.939697 -6.407505 -3.461500
v -7.901103 -6.385233 -3.461500
v -7.865572 -6.360880 -3.461500
v -7.849935 -6.348246 -3.461500
v -7.828714 -5.987475 -3.461500
v -7.769722 -6.420109 -3.461500
v -7.767456 -6.424547 -3.461500
v -7.767409 -6.409828 -3.461500
v -7.804688 -6.513860 -3.461500
v -7.803678 -6.168906 -3.461500
v -7.818135 -6.150282 -3.461500
v -7.800220 -6.203199 -3.461500
v -7.798412 -6.155712 -3.461500
v -7.745622 -5.806587 -3.461500
v -7.744738 -5.804921 -3.461500
v -7.750901 -5.813293 -3.461500
v -7.731830 -6.512865 -3.461500
v -7.759117 -6.516504 -3.461500
v -7.724236 -6.460435 -3.461500
v -7.736584 -5.799907 -3.461500
v -7.755067 -6.345371 -3.461500
v -7.745647 -6.334463 -3.461500
v -7.806738 -6.287823 -3.461500
v -7.718285 -6.300833 -3.461500
v -7.798797 -6.254554 -3.461500
v -7.724775 -6.143834 -3.461500
v -7.823277 -6.322019 -3.461500
v -7.805240 -5.890421 -3.461500
v -7.820794 -5.911249 -3.461500
v -7.635309 -6.051224 -3.461500
v -7.609382 -5.986698 -3.461500
v -7.638675 -6.053966 -3.461500
v -7.696053 -6.285329 -3.461500
v -7.621010 -6.196891 -3.461500
v -7.637106 -6.203266 -3.461500
v -7.707192 -6.143865 -3.461500
v -7.548550 -5.776725 -3.461500
v -7.552783 -5.784492 -3.461500
v -7.557585 -5.797969 -3.461500
v -7.562850 -5.763292 -3.461500
v -7.605952 -6.181715 -3.461500
v -7.670538 -6.089800 -3.461500
v -7.660550 -6.080101 -3.461500
v -7.566434 -6.129595 -3.461500
v -7.543603 -6.105989 -3.461500
v -7.585420 -5.952989 -3.461500
v -7.584471 -5.928547 -3.461500
v -7.568569 -5.874045 -3.461500
v -7.444108 -5.964749 -3.461500
v -7.442604 -5.961470 -3.461500
v -7.441682 -5.955421 -3.461500
v -7.491117 -6.036411 -3.461500
v -7.526696 -6.087560 -3.461500
v -7.256014 -5.763400 -3.461500
v -7.271032 -5.817317 -3.461500
v -7.275889 -5.839854 -3.461500
v -7.318717 -6.057692 -3.461500
v -7.322187 -6.069686 -3.461500
v -7.311858 -6.028158 -3.461500
v -7.305694 -5.973973 -3.461500
v -7.302860 -5.927210 -3.461500
v -7.297435 -5.886939 -3.461500
v -7.333571 -6.098032 -3.461500
v -7.484925 -6.025148 -3.461500
v -7.439322 -5.939936 -3.461500
v -7.411650 -5.873048 -3.461500
v -7.410630 -5.827015 -3.461500
v -7.410145 -5.792429 -3.461500
v -7.573047 -5.898859 -3.461500
v -7.707562 -6.464546 -3.461500
v -7.819430 -6.749453 -3.461500
v -7.784783 -6.726421 -3.461500
v -7.768559 -6.706434 -3.461500
v -7.685310 -6.569325 -3.461500
v -7.710431 -6.644855 -3.461500
v -7.684336 -6.615109 -3.461500
v -7.744548 -6.673811 -3.461500
v -7.643344 -6.471499 -3.461500
v -7.665259 -6.572357 -3.461500
v -7.611449 -6.460839 -3.461500
v -7.557657 -6.427865 -3.461500
v -7.516651 -6.412430 -3.461500
v -7.504535 -6.398778 -3.461500
v -7.488438 -6.381528 -3.461500
v -7.452251 -6.341281 -3.461500
v -7.594776 -6.451015 -3.461500
v -7.674493 -6.590262 -3.461500
v -7.382275 -6.253469 -3.461500
v -7.370905 -6.222116 -3.461500
v -7.392807 -6.268853 -3.461500
v -7.400832 -6.279454 -3.461500
v -7.337109 -6.133205 -3.461500
v -7.344333 -6.152316 -3.461500
v -7.119170 -6.480609 -3.461500
v -7.154639 -6.528183 -3.461500
v -7.359041 -6.193271 -3.461500
v -7.042822 -6.597755 -3.461500
v -7.046195 -6.488988 -3.461500
v -7.084949 -6.575001 -3.461500
v -7.095804 -6.565500 -3.461500
v -7.056963 -6.485615 -3.461500
v -7.016508 -6.617182 -3.461500
v -7.016451 -6.485105 -3.461500
vn -1.0000 -0.0000 -0.0000
vn -0.0000 1.0000 -0.0000
vn 1.0000 -0.0000 -0.0000
vn -0.0000 -1.0000 -0.0000
vn -0.0000 -0.0000 -1.0000
vn -0.0000 -0.0000 1.0000
vn 0.6104 0.4435 -0.6563
vn 0.6174 0.4924 -0.6134
vn 0.4979 0.3009 -0.8134
vn -0.3929 0.7443 0.5401
vn -0.2369 0.9294 0.2831
vn -0.2413 0.9376 0.2502
vn 0.1265 0.9539 0.2721
vn 0.4648 0.8678 -0.1758
vn 0.1096 0.9867 0.1203
vn -0.0042 0.9656 0.2599
vn -0.6411 -0.0887 0.7623
vn -0.5707 -0.5441 0.6150
vn -0.5716 -0.4281 0.7000
vn -0.1668 0.8588 0.4844
vn -0.5076 0.5683 0.6476
vn -0.5802 0.1347 0.8032
vn -0.5873 0.4181 0.6930
vn 0.1609 0.9233 -0.3489
vn 0.1446 0.9292 -0.3400
vn 0.1437 0.9405 -0.3079
vn 0.4634 0.8813 -0.0922
vn 0.6301 0.7682 0.1132
vn 0.0574 0.9617 0.2680
vn 0.1389 0.9797 0.1443
vn 0.4293 0.9032 -0.0036
vn -0.3424 -0.8798 -0.3299
vn -0.6035 -0.7789 -0.1707
vn -0.3291 -0.9016 -0.2808
vn -0.3902 0.8574 -0.3355
vn -0.1509 0.8264 -0.5424
vn -0.3419 0.8548 -0.3905
vn -0.3970 0.7552 0.5215
vn -0.6073 0.5513 0.5721
vn -0.4393 0.7454 0.5014
vn 0.7717 -0.6355 -0.0272
vn 0.4671 -0.8384 -0.2810
vn 0.7111 -0.6773 -0.1884
vn 0.2086 0.9661 0.1518
vn 0.4654 0.8297 -0.3083
vn -0.6818 -0.0607 0.7290
vn -0.4674 -0.7254 0.5052
vn -0.2038 -0.9603 0.1907
vn -0.2372 -0.9138 0.3298
vn 0.0283 0.8692 0.4936
vn 0.5489 0.6921 -0.4686
vn -0.1617 -0.9630 -0.2154
vn -0.5430 0.6108 0.5763
vn -0.5703 -0.3340 0.7505
vn -0.6050 -0.2436 0.7580
vn 0.6484 -0.6949 -0.3109
vn 0.8485 -0.4221 -0.3191
vn 0.8852 -0.4118 -0.2165
vn 0.8493 -0.0531 0.5252
vn 0.8569 -0.0027 0.5155
vn 0.7678 -0.3899 0.5084
vn 0.5918 -0.7265 -0.3493
vn -0.3059 0.9057 -0.2934
vn -0.4363 0.8680 -0.2370
vn -0.4732 0.8772 -0.0807
vn -0.4648 0.8830 -0.0651
vn 0.4038 -0.7547 0.5171
vn 0.1142 -0.9157 0.3852
vn 0.0824 -0.9048 0.4179
vn 0.6525 -0.5543 0.5167
vn -0.0900 0.9942 0.0587
vn -0.1384 0.9882 0.0654
vn -0.5735 -0.5716 0.5869
vn -0.3059 -0.8972 0.3186
vn -0.3635 -0.8182 0.4455
vn 0.9247 0.1877 0.3312
vn 0.8691 0.2493 0.4271
vn 0.9463 0.1567 0.2828
vn 0.5933 0.7303 -0.3386
vn 0.5326 0.8254 -0.1873
vn 0.6726 -0.3200 -0.6672
vn 0.7694 -0.0877 -0.6327
vn 0.6391 -0.3606 -0.6793
vn 0.8206 0.2831 0.4964
vn 0.6187 0.0072 -0.7856
vn 0.5464 -0.1175 -0.8293
vn 0.4855 -0.4346 -0.7585
vn 0.7791 0.4673 0.4179
vn 0.7953 0.5262 0.3008
vn 0.5669 0.7973 0.2072
vn 0.6828 0.7252 0.0888
vn 0.5421 0.8280 -0.1432
vn -0.6614 0.5187 0.5417
vn -0.7990 0.5024 0.3304
vn -0.6522 0.5746 0.4945
vn -0.5309 0.7311 0.4285
vn 0.1431 -0.7989 0.5842
vn 0.4490 -0.6852 0.5735
vn 0.0830 -0.8484 0.5228
vn 0.1008 -0.7837 0.6129
vn -0.1433 0.8099 0.5688
vn -0.4652 0.7390 0.4873
vn -0.4608 0.7568 0.4636
vn -0.4590 0.7563 0.4662
vn -0.1947 0.8003 0.5672
vn -0.9674 0.0585 0.2463
vn -0.9259 0.1114 0.3609
vn -0.8370 0.0791 0.5415
vn 0.2343 0.5861 -0.7756
vn 0.6020 0.3245 -0.7296
vn 0.5344 0.3797 -0.7551
vn -0.0901 -0.9896 -0.1125
vn 0.2434 -0.8930 -0.3786
vn 0.2093 -0.9169 -0.3398
vn -0.5875 0.5766 0.5678
vn -0.3245 0.7616 0.5609
vn -0.2027 0.8301 0.5194
vn 0.1778 -0.8462 -0.5024
vn -0.0526 -0.9428 -0.3293
vn 0.3635 -0.7147 -0.5975
vn 0.0371 -0.6855 -0.7271
vn 0.0825 -0.6653 -0.7420
vn 0.0228 -0.6915 -0.7221
vn -0.8009 0.0433 0.5973
vn -0.9141 0.0240 0.4047
vn -0.8546 -0.4994 -0.1424
vn -0.8545 -0.4993 -0.1435
vn -0.9627 -0.2442 -0.1165
vn -0.9525 -0.2652 -0.1498
vn -0.8148 -0.5399 -0.2112
vn 0.6956 -0.4242 0.5798
vn -0.1743 -0.7781 -0.6034
vn -0.3194 -0.7712 -0.5506
vn 0.0478 -0.8104 -0.5839
vn 0.7820 0.4756 -0.4029
vn -0.6161 0.1983 0.7623
vn -0.6178 0.2966 0.7282
vn -0.8451 0.2367 0.4793
vn -0.8638 0.1609 0.4774
vn -0.7364 0.1347 0.6630
vn -0.9509 -0.1699 -0.2586
vn -0.7873 -0.1603 -0.5954
vn -0.7998 -0.2292 -0.5548
vn -0.9109 -0.2506 -0.3279
vn -0.9315 -0.0305 0.3624
vn -0.5700 0.2648 0.7778
vn 0.5917 0.2793 -0.7562
vn 0.5818 0.2690 -0.7676
vn 0.5922 0.2798 -0.7557
vn 0.7377 0.2104 -0.6415
vn 0.4430 -0.4635 -0.7674
vn 0.6383 -0.3437 -0.6888
vn 0.4361 -0.6104 -0.6612
vn -0.7961 0.0344 -0.6041
vn -0.9323 -0.0039 -0.3616
vn -0.9772 0.0539 -0.2055
vn -0.9413 -0.0800 0.3279
vn -0.9646 -0.0898 0.2479
vn -0.8364 -0.0377 0.5468
vn -0.9698 -0.1318 0.2052
vn -0.8155 -0.5306 0.2310
vn -0.8574 -0.4880 0.1636
vn -0.9763 -0.0041 0.2163
vn -0.8969 0.4393 0.0507
vn -0.9891 0.1381 0.0508
vn -0.0895 0.9873 0.1310
vn -0.3067 0.8912 0.3343
vn -0.2725 0.9086 0.3164
vn -0.8607 0.1177 -0.4953
vn -0.9805 0.0275 -0.1947
vn -0.9656 0.1262 -0.2275
vn 0.7794 0.2234 -0.5853
vn 0.8077 0.3235 -0.4930
vn 0.7715 0.1131 -0.6261
vn -0.8959 -0.2490 -0.3679
vn -0.7320 -0.2878 -0.6176
vn -0.9348 -0.2906 -0.2044
vn -0.9605 -0.2311 -0.1554
vn -0.8872 0.4536 -0.0843
vn -0.6650 -0.0366 -0.7460
vn -0.7624 -0.1189 -0.6361
vn -0.8970 -0.0340 -0.4407
vn -0.8779 -0.1348 0.4596
vn -0.9669 -0.1707 0.1896
vn -0.9587 0.2339 -0.1619
vn -0.9584 0.2065 -0.1969
vn -0.8536 0.1938 -0.4836
vn -0.8527 0.4591 0.2493
vn -0.9387 0.3062 0.1583
vn -0.9348 -0.3006 0.1893
vn -0.4913 0.8179 0.2994
vn -0.8994 0.4005 0.1751
vn -0.3839 0.7993 0.4623
vn 0.8375 -0.1580 0.5232
vn 0.1751 0.8986 0.4024
vn -0.0987 0.9084 0.4062
vn -0.3446 0.0710 0.9361
vn 0.9677 -0.0541 0.2461
vn 0.9772 -0.1826 0.1082
vn 0.9463 0.1498 0.2866
vn 0.9769 0.1157 0.1797
vn 0.0319 0.9980 -0.0554
vn 0.1400 0.9645 -0.2238
vn 0.2766 0.8260 -0.4912
vn -0.3770 0.9178 0.1246
vn 0.8268 -0.5593 -0.0597
vn 0.8773 -0.3350 -0.3436
vn 0.8777 -0.3365 -0.3411
vn 0.8773 -0.3347 -0.3440
vn 0.9301 -0.3559 0.0912
vn 0.7066 -0.4558 0.5413
vn 0.3541 -0.7895 -0.5012
vn 0.5816 -0.5272 -0.6195
vn 0.5593 -0.5585 -0.6126
vn -0.4705 -0.1633 -0.8672
vn -0.7171 -0.1538 -0.6798
vn -0.9498 0.1568 0.2709
vn -0.8486 0.1345 0.5116
vn -0.6203 0.1351 0.7726
vn -0.8422 0.0405 0.5377
vn -0.9392 0.1374 0.3148
vn -0.5017 0.0138 0.8649
vn -0.1970 0.8152 0.5446
vn -0.4815 0.7296 0.4856
vn 0.9359 -0.2760 -0.2190
vn 0.9719 -0.2295 -0.0533
vn 0.7950 0.3033 -0.5253
vn -0.9252 0.0596 -0.3746
vn -0.9317 -0.2710 -0.2416
vn -0.9043 0.3625 -0.2257
vn -0.3454 0.1140 0.9315
vn -0.7343 -0.6412 -0.2229
vn -0.9110 -0.2028 0.3590
vn -0.8679 -0.3937 -0.3027
vn -0.5049 0.8362 0.2139
vn -0.3975 0.9138 0.0830
vn -0.1628 -0.9708 0.1762
vn -0.1629 -0.9712 0.1739
vn -0.1146 -0.9874 0.1095
vn 0.0257 -0.9996 -0.0069
vn 0.1874 -0.8420 -0.5059
vn -0.0621 -0.6665 -0.7429
vn 0.3049 -0.7774 -0.5501
vn 0.0265 -0.6425 -0.7659
vn -0.3518 -0.8066 -0.4750
vn -0.3249 -0.8115 -0.4858
vn -0.0767 -0.8486 -0.5234
vn -0.5702 -0.3676 -0.7347
vn 0.1099 -0.7496 -0.6528
vn -0.7687 -0.6026 -0.2147
vn -0.7714 -0.6125 -0.1726
vn -0.4817 0.8761 0.0198
vn 0.5120 -0.8106 -0.2843
vn 0.8407 0.4134 0.3498
vn 0.7140 0.6903 0.1173
vn 0.1345 -0.9789 -0.1536
vn -0.0979 -0.9950 -0.0204
vn -0.3758 -0.6976 0.6100
vn 0.9939 -0.0275 -0.1072
vn 0.9974 0.0452 -0.0561
vn -0.2521 0.9223 -0.2928
vn -0.4970 -0.3913 0.7746
vn 0.9924 0.0976 0.0743
vn 0.6155 -0.4100 -0.6731
vn -0.7002 -0.6189 -0.3560
vn 0.1900 0.6082 -0.7707
vn 0.1742 0.6125 -0.7710
vn -0.1254 -0.8776 -0.4627
vn -0.3075 -0.8557 -0.4162
vn 0.2338 0.6282 -0.7421
vn -0.6910 -0.6723 -0.2657
vn 0.1184 0.9709 0.2083
vn -0.3014 -0.2135 -0.9293
vn -0.3508 0.0963 0.9315
vn -0.4865 0.0428 0.8726
vn 0.6058 -0.4567 -0.6515
vn 0.6480 -0.5068 -0.5685
vn -0.9426 -0.1052 0.3170
vn -0.9331 0.1295 0.3355
vn -0.9420 -0.2289 0.2453
vn -0.5633 0.7378 0.3719
vn 0.3786 0.8892 0.2570
vn -0.0409 0.9202 0.3892
vn -0.2841 0.0291 -0.9583
vn -0.1643 0.9813 0.1000
vn -0.5096 0.6523 0.5611
vn -0.1711 -0.9065 0.3860
vn -0.4804 -0.4788 0.7348
vn 0.8092 -0.1277 -0.5735
vn -0.0395 -0.0968 -0.9945
vn 0.2288 -0.1062 -0.9677
vn -0.3640 0.0874 -0.9273
vn -0.6840 0.1910 -0.7041
vn -0.8732 0.1710 0.4564
vn -0.8336 0.3288 0.4439
vn -0.9419 -0.0328 0.3344
vn -0.8194 -0.3856 -0.4242
vn -0.8510 0.3669 -0.3758
vn -0.2127 -0.2482 -0.9451
vn 0.6808 0.1763 -0.7110
vn -0.4863 0.1531 -0.8603
vn -0.2084 0.0935 0.9736
vn -0.7013 0.6924 -0.1695
vn 0.1822 0.7546 0.6304
vn 0.4028 0.7309 0.5509
vn -0.0466 0.8312 -0.5541
vn -0.1612 0.9124 -0.3763
vn -0.1203 -0.9274 0.3541
vn -0.9108 -0.2895 0.2942
vn -0.0433 -0.0146 -0.9990
vn 0.8121 -0.2733 0.5156
vn 0.6705 0.7218 -0.1716
vn 0.5585 -0.5448 0.6255
vn -0.6265 0.0913 0.7741
vn 0.1809 -0.9707 -0.1580
vn 0.5163 -0.6125 -0.5986
vn 0.2632 -0.9368 -0.2304
vn 0.5521 0.2287 -0.8018
vn 0.4247 -0.7478 -0.5103
vn 0.3024 -0.7581 -0.5777
vn -0.1218 -0.7639 -0.6337
vn 0.4183 0.7832 -0.4601
vn -0.4607 -0.4427 -0.7693
vn -0.8239 -0.4954 -0.2753
vn 0.1088 0.2710 0.9564
vn 0.8226 0.5340 0.1952
vn 0.7123 0.7009 -0.0378
vn -0.6249 0.0081 0.7807
vn -0.5192 0.7864 0.3346
vn 0.3592 -0.0905 -0.9289
vn 0.5417 -0.7206 -0.4327
vn 0.9045 -0.0079 0.4265
vn 0.4395 0.7914 0.4248
vn -0.7852 0.2186 0.5794
vn -0.6537 0.4548 0.6048
vn -0.7968 0.2368 0.5559
vn -0.8163 -0.1838 -0.5476
vn 0.7602 0.6402 0.1105
vn 0.1547 0.9505 0.2694
vn 0.7818 -0.5940 -0.1897
vn 0.8267 -0.3347 -0.4522
vn 0.7988 -0.3612 -0.4811
vn 0.3755 0.8912 0.2543
vn 0.6136 -0.6788 -0.4034
vn 0.5722 -0.7299 -0.3739
vn 0.0193 0.9998 -0.0082
vn -0.3779 0.8100 0.4486
vn 0.0140 -0.2668 -0.9637
vn 0.8776 0.0543 -0.4763
vn 0.2133 -0.9451 -0.2474
vn 0.7291 -0.6030 -0.3238
vn 0.0372 -0.0614 0.9974
vn -0.2758 0.3176 0.9072
vn 0.6797 -0.6947 -0.2353
vn 0.7276 -0.6386 -0.2505
vn 0.6965 -0.6359 -0.3326
vn 0.3875 0.6891 0.6124
vn -0.5379 -0.7201 -0.4383
vn -0.3720 -0.5443 0.7519
vn -0.4993 0.8432 -0.1994
vn -0.2318 0.9707 0.0642
vn -0.4749 0.6246 0.6200
vn 0.2993 0.9180 0.2601
vn -0.5619 0.0747 0.8238
vn -0.7067 0.5771 -0.4094
vn 0.7955 -0.3836 -0.4691
vn -0.1793 0.2110 0.9609
vn 0.9030 0.3878 0.1848
vn -0.8773 -0.3469 0.3317
vn 0.3344 0.1276 0.9337
vn 0.3560 0.2129 0.9099
vn 0.8192 -0.2082 0.5344
vn 0.7027 -0.3467 0.6212
vn 0.9366 0.2234 0.2700
vn -0.3873 0.8219 0.4177
vn -0.5207 0.2457 0.8176
vn 0.1470 0.9546 0.2592
vn 0.8454 0.5163 -0.1364
vn 0.2453 -0.9374 -0.2473
vn 0.3347 -0.8698 -0.3624
vn -0.4051 -0.8823 -0.2397
vn 0.2048 0.9393 0.2753
vn 0.3395 0.7816 -0.5233
vn 0.4008 -0.1040 -0.9102
vn 0.4822 -0.0747 -0.8729
vn -0.5661 -0.7266 -0.3893
vn -0.5081 -0.7641 -0.3975
vn 0.6031 -0.0125 -0.7976
vn -0.7045 -0.5367 -0.4644
vn -0.8073 -0.5520 -0.2088
vn -0.0312 -0.0617 -0.9976
vn 0.1744 -0.0865 -0.9809
vn 0.8613 -0.5079 -0.0155
vn 0.6955 -0.6425 -0.3218
vn -0.0287 -0.8903 0.4545
vn -0.6099 0.0016 0.7925
vn 0.2970 0.1077 0.9488
vn 0.1926 0.9004 -0.3900
vn 0.2174 0.5438 -0.8106
vn 0.3252 0.5059 -0.7990
vn 0.3808 -0.1112 -0.9180
vn 0.6483 -0.6972 -0.3059
vn 0.5866 -0.7533 -0.2974
vn 0.6808 -0.4112 -0.6062
vn 0.2179 0.9527 0.2120
vn -0.3581 -0.5497 -0.7547
vn -0.6649 0.3598 0.6546
vn -0.1732 0.9844 0.0308
vn -0.8499 -0.4574 0.2617
vn -0.2902 -0.5174 -0.8050
vn 0.5912 0.6518 0.4749
vn -0.2207 -0.8296 0.5129
vn -0.4306 -0.4085 0.8048
vn -0.2248 0.7615 0.6080
vn -0.2720 0.8041 0.5286
vn 0.5907 -0.4026 -0.6993
vn 0.5748 0.2540 -0.7779
vn 0.4187 -0.0286 0.9077
vn 0.5185 -0.0816 0.8512
vn -0.6453 -0.5359 -0.5444
vn -0.4745 -0.7678 -0.4305
vn 0.1686 -0.2850 -0.9436
vn -0.4647 -0.3431 0.8163
vn -0.5752 -0.0755 0.8145
vn 0.3165 0.6936 -0.6471
vn 0.2441 0.3705 0.8962
vn 0.2144 -0.9749 -0.0596
vn -0.7868 0.3127 -0.5321
vn -0.8008 -0.0751 -0.5943
vn 0.4143 -0.1383 0.8996
vn 0.9626 0.1572 -0.2208
vn -0.4140 0.6790 0.6063
vn 0.9261 -0.2527 -0.2801
vn 0.4277 -0.7330 -0.5289
vn -0.6680 -0.6774 -0.3079
vn -0.1812 0.9825 0.0436
vn -0.0195 0.9361 -0.3511
vn 0.3350 0.8940 0.2975
vn 0.7061 -0.0381 -0.7071
vn 0.7347 -0.0294 0.6777
vn 0.9235 0.3831 -0.0182
vn -0.5910 0.1288 0.7963
vn 0.0118 -0.3552 -0.9347
vn -0.0004 0.8555 -0.5178
vn -0.6105 0.7529 0.2459
vn 0.6336 -0.6043 -0.4831
vn -0.1284 0.9907 0.0456
vn 0.3771 -0.0544 -0.9246
vn 0.6314 -0.1946 -0.7506
vn -0.2037 0.9789 -0.0161
vn 0.9325 -0.2841 0.2231
vn -0.3966 -0.4216 -0.8154
vn -0.2191 -0.4801 -0.8494
vn -0.7093 -0.2330 -0.6653
vn -0.3500 -0.8632 -0.3640
vn -0.3847 -0.8634 -0.3265
vn -0.4034 -0.8606 -0.3110
vn -0.5355 -0.7682 -0.3508
vn -0.7797 -0.2874 0.5563
vn 0.2378 0.9398 0.2456
vn 0.7269 0.6867 -0.0077
vn 0.7326 0.6790 0.0486
vn -0.1057 -0.9555 0.2753
vn 0.2240 -0.9583 -0.1773
vn 0.0238 0.4636 0.8857
vn 0.8615 0.3918 0.3229
vn 0.6527 0.6036 0.4580
vn 0.8846 0.2754 0.3763
vn 0.9062 0.3835 0.1779
vn 0.5865 0.1903 -0.7873
vn 0.5829 0.2617 -0.7693
vn 0.5111 0.5522 -0.6587
vn -0.3241 -0.6486 -0.6887
vn -0.2815 0.9595 0.0068
vn 0.8455 0.5223 0.1112
vn 0.1410 0.9004 -0.4117
vn -0.9068 0.3990 -0.1360
vn -0.9397 0.2229 -0.2595
vn -0.7933 0.5726 0.2070
vn 0.3154 0.3681 0.8747
vn 0.8472 0.0621 -0.5276
vn 0.3021 -0.2080 -0.9303
vn 0.8289 0.0632 0.5558
vn 0.4904 -0.5578 -0.6696
vn 0.5205 -0.5468 -0.6558
vn 0.5372 -0.6697 -0.5128
vn 0.7196 0.3538 0.5976
vn 0.6402 -0.1805 -0.7467
vn 0.9792 -0.1749 -0.1029
vn -0.7786 -0.6243 0.0632
vn 0.9872 -0.1295 0.0933
vn -0.4037 0.7000 0.5891
vn -0.8285 -0.0621 -0.5565
vn -0.7686 -0.1450 -0.6231
vn 0.4563 0.3958 -0.7969
vn 0.9074 -0.4196 -0.0238
vn 0.8086 -0.5883 -0.0060
vn 0.9528 -0.2941 0.0752
vn 0.9781 0.0511 -0.2015
vn 0.9628 -0.1461 0.2271
vn 0.8243 -0.1771 0.5378
vn 0.6901 -0.1059 0.7160
vn -0.0035 0.8122 -0.5833
vn -0.0761 0.8810 0.4669
vn 0.9474 -0.2384 -0.2133
vn 0.8394 -0.1391 -0.5253
vn 0.7337 -0.6777 0.0491
vn 0.5646 -0.8248 -0.0303
vn 0.7804 -0.6220 0.0640
vn 0.7875 -0.6163 0.0035
vn 0.6440 0.7067 0.2931
vn -0.4912 0.0747 0.8678
vn 0.9514 0.0733 0.2991
vn 0.3970 0.5594 -0.7277
vn 0.7790 0.0390 -0.6258
vn 0.6187 -0.0500 -0.7841
vn 0.8340 0.2709 0.4807
vn 0.8911 0.1253 0.4361
vn 0.6676 -0.5163 -0.5365
vn 0.6192 -0.1088 -0.7777
vn 0.2366 0.8841 0.4030
vn -0.3290 0.8913 -0.3120
vn -0.3689 -0.4105 -0.8339
vn 0.4010 -0.9160 -0.0137
vn -0.8588 0.3434 -0.3802
vn -0.6553 -0.0806 -0.7510
vn -0.7891 -0.0133 -0.6141
vn 0.9666 -0.0976 -0.2369
vn 0.3005 -0.6085 -0.7345
vn 0.8708 0.4370 0.2254
vn 0.5853 0.8103 0.0286
vn -0.6648 0.4539 0.5933
vn -0.6667 0.5577 0.4944
vn -0.0306 -0.9876 -0.1538
vn -0.1015 -0.9801 -0.1707
vn 0.3171 0.9008 0.2966
vn 0.9687 -0.1157 0.2198
vn -0.7201 -0.6877 0.0928
vn -0.7746 -0.3376 0.5348
vn 0.9991 -0.0080 -0.0419
vn -0.4189 0.1659 0.8927
vn 0.1117 0.6198 0.7768
vn 0.1328 0.8942 -0.4276
vn 0.2722 0.6184 -0.7372
vn -0.5304 -0.0206 0.8475
vn 0.5438 -0.1731 -0.8212
vn 0.9970 0.0689 0.0363
vn -0.1700 0.9671 0.1895
vn 0.9918 -0.0725 -0.1056
vn 0.9306 -0.3275 -0.1636
vn 0.9461 -0.1676 -0.2772
vn 0.8108 -0.2179 -0.5433
vn 0.7208 0.4289 0.5445
vn 0.9724 0.2096 -0.1027
vn 0.6322 -0.5135 -0.5801
vn 0.0694 -0.8623 0.5017
vn 0.6135 -0.1648 -0.7723
vn 0.8381 -0.3259 0.4374
vn 0.9804 0.1276 -0.1503
vn -0.5112 -0.7120 -0.4814
vn -0.4245 -0.1577 0.8916
vn 0.6676 -0.7233 0.1764
vn 0.7209 -0.6778 0.1445
vn 0.4211 -0.9069 0.0143
vn 0.4297 -0.8925 0.1375
vn 0.7455 0.5139 0.4244
vn 0.8448 0.4294 0.3191
vn 0.7003 0.0311 -0.7132
vn -0.2457 -0.8142 0.5260
vn 0.9515 0.2544 -0.1733
vn 0.1485 0.9172 0.3698
vn 0.9422 0.2041 -0.2658
vn -0.6900 -0.6418 0.3348
vn 0.0205 -0.5897 -0.8073
vn 0.2471 -0.6021 -0.7592
vn 0.4657 -0.4843 -0.7406
vn 0.2856 -0.8399 -0.4615
vn 0.2777 -0.9603 -0.0256
vn 0.2999 -0.9522 0.0582
vn 0.3180 -0.9474 -0.0368
vn 0.9377 -0.2338 -0.2571
vn -0.7787 0.5601 0.2828
vn -0.8455 0.1335 0.5170
vn -0.8387 0.3225 0.4388
vn 0.2234 -0.3235 -0.9195
vn 0.9718 -0.1083 -0.2094
vn -0.3253 -0.3945 -0.8594
vn 0.2068 -0.6210 -0.7560
vn 0.9739 -0.1089 0.1990
vn 0.9606 -0.0953 -0.2611
vn 0.2189 -0.9737 0.0628
vn 0.5099 0.0281 -0.8598
vn 0.0091 0.9073 0.4204
vn -0.7031 -0.4324 0.5645
vn 0.9286 -0.2892 0.2324
vn 0.8054 -0.5831 0.1059
vn 0.8536 0.5134 -0.0881
vn 0.8627 0.4398 -0.2496
vn 0.4096 -0.9102 0.0606
vn 0.4334 -0.8942 0.1121
vn 0.6218 -0.7262 0.2932
vn 0.4008 0.0148 -0.9161
vn 0.2609 0.5074 -0.8213
vn 0.2944 0.3374 -0.8941
vn 0.9239 -0.3525 0.1489
vn -0.4027 0.5575 0.7260
vn 0.6278 0.0544 -0.7765
vn -0.6327 -0.7724 0.0561
vn 0.6274 -0.5739 -0.5263
vn 0.4963 -0.5010 -0.7090
vn 0.3466 0.5092 -0.7878
vn 0.9048 -0.1009 0.4136
vn 0.9031 0.2733 -0.3313
vn 0.9530 -0.0837 -0.2912
vn 0.5074 0.8616 -0.0129
vn 0.3080 0.8866 0.3451
vn 0.0558 0.9778 0.2018
vn -0.0433 0.9901 0.1332
vn 0.9350 0.3522 0.0427
vn -0.6545 -0.0119 -0.7560
vn 0.5962 -0.0375 -0.8019
vn 0.9179 -0.0379 -0.3950
vn -0.7572 0.6191 0.2081
vn 0.8106 0.4983 0.3076
vn 0.7151 0.4858 0.5027
vn 0.0504 -0.9987 -0.0053
vn 0.6406 -0.5529 -0.5329
vn 0.5177 -0.2367 -0.8222
vn 0.5324 -0.2792 -0.7992
vn 0.1359 0.9499 0.2814
vn 0.5671 -0.6313 -0.5290
vn 0.6234 -0.5982 -0.5035
vn 0.0293 0.6922 -0.7211
vn -0.3328 -0.7897 -0.5153
vn 0.2402 -0.9670 0.0849
vn 0.4933 -0.8050 0.3298
vn 0.5179 0.0916 -0.8505
vn 0.7966 0.5992 -0.0802
vn 0.1329 0.9251 -0.3556
vn 0.2855 0.9418 0.1774
vn -0.7142 -0.3067 0.6292
vn -0.8145 -0.0417 0.5787
vn -0.7859 0.4497 0.4244
vn -0.6816 0.6880 0.2492
vn -0.7745 -0.1675 0.6100
vn 0.0467 -0.5136 -0.8568
vn -0.7715 0.2622 -0.5797
vn -0.5322 -0.0692 -0.8438
vn -0.3244 -0.5171 0.7921
vn -0.3754 0.1623 0.9125
vn 0.4072 -0.1088 -0.9068
vn -0.4739 0.0165 0.8804
vn -0.6262 -0.5201 0.5809
vn -0.5100 0.8473 -0.1483
vn 0.2953 -0.6650 -0.6860
vn -0.2239 -0.4591 -0.8597
vn -0.1337 -0.6974 0.7041
vn 0.2091 -0.8591 0.4672
vn 0.2513 -0.2830 -0.9256
vn 0.6987 0.1532 -0.6988
vn 0.8309 -0.1537 0.5348
vn 0.3867 -0.5194 -0.7620
vn -0.1192 -0.9000 0.4193
vn 0.8497 0.4686 -0.2416
vn 0.7159 0.6630 -0.2189
vn 0.6546 0.7037 -0.2763
vn 0.4952 -0.8624 0.1049
vn 0.3902 -0.8460 0.3633
vn -0.2898 0.7331 0.6152
vn -0.6235 -0.7724 0.1216
vn -0.6570 -0.6776 0.3305
vn -0.4866 -0.8411 -0.2362
vn 0.6386 0.6471 0.4165
vn 0.2164 0.1307 -0.9675
vn -0.3847 -0.7033 0.5978
vn -0.4423 -0.6674 0.5992
vn -0.5563 -0.5650 0.6093
vn -0.1982 0.9403 0.2766
vn 0.6169 -0.6318 -0.4694
vn 0.7268 -0.5940 -0.3449
vn 0.6915 -0.6149 -0.3791
vn 0.4154 0.7991 0.4347
vn 0.4631 -0.8863 -0.0089
vn -0.6366 -0.6950 0.3343
vn 0.6608 -0.5423 -0.5189
vn 0.7070 0.7025 -0.0817
vn -0.7597 0.1111 0.6407
vn -0.2207 0.6697 -0.7091
vn -0.9187 -0.0804 0.3867
vn -0.9346 0.0398 0.3534
vn -0.9472 -0.1377 -0.2897
vn 0.2895 -0.8559 -0.4285
vn -0.9591 0.0943 -0.2668
vn -0.9690 -0.0094 -0.2469
vn -0.9104 0.1792 0.3729
vn 0.3318 -0.7672 -0.5489
vn 0.6987 0.4239 0.5763
vn 0.5499 0.6609 0.5107
vn -0.2695 -0.4407 0.8562
vn -0.6529 0.6514 0.3865
vn -0.7267 -0.0102 -0.6869
vn -0.6679 -0.0509 -0.7425
vn 0.5582 0.0298 -0.8292
vn -0.2495 -0.8220 0.5119
vn -0.9370 0.1905 -0.2929
vn -0.9559 -0.2374 -0.1727
vn 0.6217 -0.7326 -0.2770
vn -0.8297 -0.1980 0.5218
vn -0.6725 -0.0783 0.7360
vn 0.5436 -0.7482 0.3805
vn 0.1016 -0.9945 -0.0261
vn -0.2299 -0.4297 -0.8732
vn -0.4196 -0.1723 -0.8912
vn -0.4539 0.8907 0.0262
vn -0.5730 0.8019 0.1691
vn -0.2474 0.9501 -0.1901
vn -0.8722 0.3310 0.3601
vn -0.2147 -0.7672 -0.6045
vn -0.5814 -0.4897 0.6497
vn -0.6130 -0.1581 -0.7741
vn 0.8520 -0.5236 -0.0032
vn 0.7963 0.5832 -0.1607
vn -0.6778 -0.2274 0.6992
vn -0.9366 -0.3408 0.0809
vn -0.0730 -0.9051 0.4188
vn -0.0667 -0.8982 0.4344
vn 0.6822 -0.5500 -0.4817
vn -0.5059 0.1239 0.8536
vn 0.0902 0.8461 -0.5254
vn 0.7844 0.3480 -0.5134
vn 0.1639 -0.4487 -0.8785
vn -0.0535 -0.6617 -0.7479
vn -0.4471 0.0113 0.8944
vn 0.3595 0.4412 -0.8222
vn -0.8313 0.4538 0.3209
vn -0.3671 0.3813 0.8485
vn -0.6109 -0.1623 -0.7749
vn -0.5648 0.7702 0.2963
vn -0.6046 0.7955 0.0403
vn -0.5384 0.8403 -0.0630
vn -0.2989 -0.0218 0.9540
vn -0.6064 0.7336 0.3069
vn -0.4312 0.0136 0.9022
vn 0.2935 0.4750 0.8296
vn 0.2481 0.4770 0.8431
vn 0.0451 0.4733 0.8798
vn 0.7272 -0.2931 0.6207
vn -0.5718 -0.4459 0.6886
vn 0.1882 0.7292 0.6579
vn 0.5697 0.7502 0.3357
vn -0.9287 0.2875 -0.2345
vn -0.9332 0.3580 -0.0310
vn 0.6128 -0.6090 0.5035
vn -0.4614 0.2963 0.8362
vn -0.3491 -0.0701 0.9345
vn 0.8601 -0.4751 0.1857
vn 0.8826 -0.4321 0.1853
vn -0.0518 0.5818 0.8116
vn -0.8333 -0.2579 -0.4890
vn 0.6149 -0.7871 0.0477
vn 0.4795 -0.8001 0.3604
vn -0.5795 0.5921 -0.5601
vn -0.6567 0.6148 -0.4368
vn -0.6248 0.5523 -0.5518
vn -0.8268 -0.4074 -0.3879
vn -0.8471 -0.4721 0.2441
vn -0.5287 -0.1065 -0.8421
vn -0.2749 -0.1544 -0.9490
vn -0.6933 0.2784 0.6647
vn -0.0284 -0.0361 -0.9989
vn 0.3596 0.2140 -0.9082
vn 0.4228 0.2346 -0.8753
vn -0.3923 -0.1520 -0.9072
vn -0.2185 -0.4144 -0.8835
vn -0.3790 -0.0890 -0.9211
vn -0.8024 0.5326 0.2693
vn 0.6935 0.2639 0.6704
vn 0.7169 0.0100 0.6971
vn -0.6405 -0.3017 0.7062
vn -0.0722 -0.8911 0.4480
vn -0.8921 0.2538 -0.3737
vn -0.7993 0.0831 -0.5952
vn -0.1401 0.9832 -0.1172
vn -0.2781 0.8680 0.4113
vn -0.2054 -0.1734 0.9632
vn 0.8522 -0.1919 0.4867
vn -0.1170 -0.9209 0.3718
vn 0.3520 0.1066 -0.9299
vn -0.1399 -0.0986 -0.9852
vn -0.5121 0.8139 -0.2744
vn 0.2445 -0.9453 0.2161
vn 0.3807 -0.3648 -0.8497
vn -0.5374 -0.1593 -0.8282
vn 0.3494 -0.7328 -0.5840
vn -0.5362 0.8042 -0.2566
vn -0.6234 0.7312 -0.2771
vn 0.3641 0.8520 0.3763
vn 0.7334 0.5972 -0.3247
vn 0.7156 -0.3484 -0.6054
vn 0.1534 -0.9822 -0.1084
vn -0.0112 0.0699 -0.9975
vn -0.3116 0.3199 0.8947
vn -0.4183 0.4692 0.7778
vn 0.6536 -0.7544 -0.0608
vn -0.3424 0.9391 0.0301
vn -0.1762 0.9668 -0.1849
vn 0.1000 -0.2832 -0.9538
vn 0.3976 -0.8296 0.3921
vn -0.4490 0.8557 0.2572
vn 0.7966 -0.1294 0.5905
vn 0.8084 -0.3346 0.4843
vn 0.6532 -0.2035 0.7294
vn 0.8059 -0.2579 0.5329
vn -0.6957 0.0060 -0.7183
vn -0.3520 -0.2982 -0.8872
vn -0.5842 -0.1025 -0.8051
vn 0.2124 -0.9603 0.1810
vn -0.5732 -0.3239 0.7527
vn 0.5844 0.7921 0.1763
vn -0.5457 -0.1597 -0.8226
vn 0.6831 -0.3401 0.6463
vn -0.6228 0.5226 -0.5822
vn -0.5927 0.5692 -0.5698
vn 0.2722 -0.7880 -0.5522
vn 0.2141 -0.8395 -0.4994
vn -0.2916 0.4517 0.8432
vn 0.3247 -0.9412 0.0937
vn 0.4000 -0.9144 0.0628
vn 0.1440 0.6793 -0.7196
vn -0.6087 0.5555 0.5665
vn 0.1126 0.8986 -0.4242
vn 0.0015 0.9473 -0.3205
vn -0.0027 -0.6857 -0.7278
vn 0.1763 -0.4561 -0.8723
vn 0.0106 -0.6712 -0.7412
vn 0.1235 0.2132 0.9692
vn 0.1168 0.1206 0.9858
vn -0.2168 -0.4029 0.8892
vn -0.0671 -0.8776 0.4748
vn -0.7940 -0.5703 -0.2105
vn -0.6799 -0.3751 -0.6301
vn 0.7340 -0.6309 -0.2514
vn -0.6720 0.5031 -0.5434
vn 0.3153 0.7225 -0.6153
vn -0.4788 -0.3664 0.7978
vn -0.7373 -0.5777 0.3502
vn 0.6752 -0.7365 -0.0410
vn 0.6803 -0.4062 0.6101
vn 0.5924 -0.2692 0.7593
vn -0.3591 0.5340 0.7655
vn -0.0056 -0.1247 0.9922
vn 0.3289 0.0793 0.9410
vn 0.5741 -0.7771 -0.2579
vn -0.3463 0.5065 -0.7896
vn -0.1726 0.5139 -0.8403
vn -0.0096 0.9795 -0.2014
vn 0.2957 0.0905 0.9510
vn 0.5370 0.2100 -0.8170
vn 0.6769 -0.7327 0.0699
vn 0.1770 -0.5055 -0.8445
vn 0.7278 -0.6651 -0.1672
vn -0.5618 -0.3321 -0.7577
vn 0.2878 -0.2036 -0.9358
vn -0.1213 0.4006 0.9082
vn -0.6145 -0.0735 -0.7855
vn -0.2013 -0.8839 0.4222
vn -0.4119 -0.1683 -0.8955
vn 0.2405 0.2292 0.9432
vn -0.1333 0.5662 0.8134
vn -0.3892 -0.1331 0.9115
vn 0.7487 -0.6047 -0.2717
vn 0.4820 -0.0322 -0.8756
vn -0.4837 -0.3116 0.8179
vn -0.5261 -0.2802 0.8029
vn 0.6860 0.0794 0.7233
vn 0.4952 -0.8645 -0.0862
vn 0.6291 -0.7298 -0.2675
vn -0.5075 0.4067 -0.7596
vn -0.7173 0.4539 -0.5285
vn -0.0768 -0.6291 -0.7735
vn -0.6195 0.6946 0.3656
vn -0.5670 0.7002 0.4338
vn 0.5963 0.7661 -0.2398
vn -0.0735 0.3336 0.9398
vn 0.2938 0.2295 0.9279
vn 0.0279 0.9630 -0.2680
vn 0.7244 -0.2740 -0.6326
vn -0.2779 -0.0106 0.9605
vn -0.4536 0.6019 0.6572
vn -0.3266 0.3907 0.8606
vn 0.6211 -0.7571 0.2026
vn -0.6279 -0.7058 0.3281
vn -0.3711 -0.4354 0.8202
vn -0.6226 0.4768 0.6205
vn -0.1687 0.9265 0.3364
vn 0.0104 0.9584 -0.2852
vn 0.4286 0.0575 -0.9017
vn 0.7247 -0.6702 -0.1600
vn 0.3511 -0.9326 -0.0829
vn -0.3097 0.2402 0.9200
vn -0.6761 -0.6573 -0.3330
vn 0.7293 -0.4209 -0.5394
vn 0.5673 0.1523 -0.8093
vn 0.0200 0.1199 -0.9926
vn -0.0582 0.0639 -0.9963
vn 0.8341 -0.2143 -0.5082
vn 0.4686 0.6276 -0.6217
vn 0.3289 -0.6142 -0.7174
vn 0.2041 0.2182 -0.9543
vn 0.3697 0.0846 0.9253
vn 0.0646 -0.0306 0.9974
vn 0.2883 -0.2712 -0.9183
vn 0.1461 -0.9778 -0.1505
vn 0.1975 -0.6275 -0.7531
vn -0.2725 -0.3609 -0.8919
vn -0.1682 -0.4843 -0.8586
vn 0.3159 0.9213 0.2267
vn -0.4210 -0.4925 0.7617
vn -0.3052 -0.0893 0.9481
vn -0.6622 0.6473 -0.3775
vn -0.7765 0.6165 0.1304
vn -0.1132 0.2257 0.9676
vn 0.1212 -0.8646 -0.4875
vn -0.0426 -0.6958 -0.7170
vn 0.7776 0.2324 -0.5842
vn 0.7693 0.0411 -0.6376
vn 0.8126 0.0043 -0.5828
vn -0.4159 -0.3206 -0.8510
vn 0.5622 -0.6348 0.5302
vn 0.5355 -0.0606 0.8423
vn 0.5436 0.3364 -0.7690
vn 0.7576 0.0365 0.6517
vn 0.1203 0.9293 0.3491
vn -0.0948 -0.7644 0.6377
vn 0.9242 0.1164 0.3637
vn -0.4483 0.2496 -0.8583
vn -0.6908 0.4073 -0.5974
vn -0.7729 0.2106 -0.5985
vn -0.8089 0.1233 -0.5748
vn 0.2856 0.0264 -0.9580
vn -0.6953 0.4406 -0.5679
vn -0.6371 0.2046 0.7431
vn -0.6583 -0.2422 0.7127
vn 0.5188 0.5721 -0.6352
vn 0.5895 0.5011 -0.6335
vn 0.4899 0.0594 0.8698
vn 0.4693 -0.6465 0.6016
vn 0.0172 0.2008 -0.9795
vn 0.7713 0.2091 0.6011
vn 0.7593 -0.0314 0.6499
vn 0.4645 0.1097 0.8787
vn 0.7972 -0.1436 -0.5864
vn 0.7505 -0.6419 -0.1573
vn -0.0720 0.2225 0.9723
vn -0.2127 0.4054 0.8890
vn -0.4998 0.1871 -0.8457
vn 0.4075 -0.8995 0.1575
vn -0.3192 -0.0062 0.9477
vn 0.1545 0.6471 -0.7466
vn -0.4060 0.4533 0.7935
vn 0.2062 -0.9778 -0.0367
vn -0.1809 -0.8968 0.4037
vn 0.9431 -0.0064 -0.3325
vn 0.8776 0.1493 -0.4555
vn 0.5588 0.3213 0.7645
vn 0.0481 -0.8105 -0.5837
vn -0.0732 -0.7037 -0.7067
vn -0.0412 -0.6057 -0.7946
vn 0.4389 0.1073 -0.8921
vn 0.4087 -0.1876 -0.8932
vn 0.3523 -0.1798 -0.9185
vn -0.3081 -0.4894 0.8158
vn 0.7858 -0.4606 -0.4127
vn 0.7648 -0.6263 -0.1507
vn 0.1377 0.6353 -0.7599
vn -0.5592 -0.3860 0.7337
vn 0.6225 -0.0151 0.7825
vn 0.3520 0.0628 0.9339
vn 0.4596 0.8645 -0.2034
vn 0.1440 -0.6374 -0.7569
vn 0.7229 -0.4806 -0.4964
vn 0.7553 -0.5291 -0.3867
vn 0.8170 0.1508 0.5566
vn 0.4097 0.3909 -0.8242
vn 0.8989 0.3638 -0.2444
vn 0.3738 -0.2370 -0.8967
vn -0.2791 0.0271 -0.9599
vn -0.5356 0.0815 -0.8405
vn 0.9882 -0.0521 0.1443
vn 0.0774 0.9539 -0.2899
vn 0.4456 0.6188 -0.6469
vn 0.8713 0.3533 0.3407
vn 0.9667 -0.2368 0.0966
vn -0.1336 0.9400 0.3140
vn 0.4294 0.7443 -0.5115
vn 0.6799 -0.6293 -0.3765
vn 0.0976 -0.0364 0.9946
vn -0.5547 -0.7899 0.2613
vn 0.4331 0.2372 0.8695
vn 0.9634 0.2542 0.0855
vn 0.2742 0.9537 -0.1234
vn 0.3631 -0.0064 -0.9317
vn 0.6159 -0.7093 -0.3429
vn 0.8079 -0.5835 -0.0827
vn -0.5655 0.2691 0.7796
vn 0.5552 -0.0469 -0.8304
vn -0.4163 0.7870 0.4554
vn 0.0817 0.1599 -0.9837
vn -0.2458 0.6094 0.7538
vn 0.9029 -0.4140 0.1158
vn 0.6494 -0.0135 -0.7603
vn 0.4312 -0.6565 -0.6189
vn 0.2904 -0.9565 0.0263
vn -0.2470 -0.3046 0.9199
vn 0.2165 0.0657 -0.9741
vn 0.3461 0.0905 -0.9338
vn 0.3377 -0.2820 -0.8980
vn -0.5744 0.0113 -0.8185
vn -0.3489 -0.0602 -0.9352
vn -0.5952 -0.0600 -0.8013
vn 0.7388 -0.0670 0.6706
vn 0.2303 -0.5927 -0.7718
vn -0.6064 -0.0980 -0.7891
vn -0.3593 -0.1117 -0.9265
vn 0.1001 0.9486 -0.3001
vn -0.2805 0.9375 0.2062
vn 0.5322 -0.6794 -0.5051
vn -0.4880 0.4554 0.7446
vn 0.8091 -0.3302 -0.4861
vn 0.8249 0.5056 -0.2529
vn 0.0988 0.0546 0.9936
vn -0.2104 -0.8750 0.4361
vn 0.5871 -0.1452 -0.7964
vn 0.8663 -0.3997 0.2995
vn 0.8399 -0.1654 0.5169
vn -0.4538 -0.4523 0.7678
vn 0.4725 -0.7997 0.3704
vn 0.4512 -0.7828 0.4286
vn 0.6924 -0.1664 -0.7020
vn 0.6027 -0.1995 -0.7726
vn 0.4635 -0.6586 0.5927
vn 0.2445 -0.0939 -0.9651
vn -0.4521 0.6894 0.5660
vn -0.2186 0.2333 0.9475
vn 0.8394 0.4885 0.2383
vn 0.1874 -0.3583 -0.9146
vn -0.3593 -0.0185 0.9330
vn -0.2575 0.2976 0.9193
vn 0.0663 -0.0739 0.9951
vn 0.7970 0.5524 0.2442
vn -0.8382 0.4923 -0.2346
vn -0.7897 0.5967 -0.1426
vn -0.8149 0.5548 0.1676
vn 0.7838 -0.3008 -0.5433
vn 0.7822 -0.3158 -0.5370
vn 0.7747 0.5481 -0.3155
vn -0.0611 -0.9293 0.3642
vn -0.0338 -0.5900 -0.8067
vn -0.0242 0.9071 0.4203
vn 0.1819 -0.9833 0.0039
vn -0.2101 0.9752 0.0703
vn -0.1327 -0.6816 0.7196
vn -0.2367 -0.5424 0.8061
vn -0.5103 -0.8451 0.1592
vn -0.0755 -0.9506 0.3010
vn 0.4130 0.6735 -0.6130
vn 0.1147 -0.9620 -0.2480
vn 0.4434 -0.8264 0.3472
vn 0.0047 0.9514 -0.3078
vn 0.0897 -0.8445 -0.5280
vn -0.8976 0.4320 0.0871
vn -0.9063 0.3386 -0.2531
vn 0.5140 0.3620 0.7776
vn 0.5956 -0.7121 -0.3717
vn 0.5895 0.6072 -0.5327
vn -0.5473 -0.6852 -0.4807
vn 0.3646 -0.3260 0.8723
vn 0.1208 -0.0247 0.9924
vn 0.4737 -0.2306 0.8500
vn -0.5346 0.4691 0.7030
vn 0.7922 -0.6071 0.0615
vn 0.1854 -0.1140 -0.9760
vn 0.5887 -0.3309 -0.7375
vn 0.7885 -0.1385 -0.5992
vn 0.7629 -0.2086 -0.6119
vn -0.5377 0.2089 0.8169
vn 0.2688 0.6707 -0.6913
vn 0.5770 0.2374 -0.7815
vn 0.7668 -0.2693 -0.5826
vn -0.0981 -0.1193 -0.9880
vn -0.1441 -0.3460 0.9271
vn -0.0389 0.9600 0.2774
vn -0.5336 0.7683 0.3535
vn -0.9093 0.4009 -0.1120
vn -0.8701 0.4915 -0.0356
vn -0.8079 0.5800 0.1045
vn 0.8259 -0.3044 -0.4747
vn -0.0826 -0.9530 0.2915
vn 0.7339 -0.6780 -0.0423
vn 0.2046 -0.1564 -0.9663
vn 0.1796 -0.1349 -0.9744
vn 0.0934 -0.9537 -0.2859
vn 0.2124 -0.9660 -0.1476
vn 0.4034 -0.8052 -0.4346
vn 0.3709 0.6757 -0.6370
vn -0.5046 0.7305 0.4601
vn -0.1694 0.8109 0.5601
vn -0.1127 0.7005 0.7047
vn -0.5072 -0.6643 -0.5490
vn 0.7312 0.6468 0.2168
vn -0.4365 -0.4691 0.7677
vn -0.0789 0.0603 -0.9951
vn -0.8844 0.3822 -0.2679
vn -0.9184 0.0165 -0.3952
vn -0.9587 0.0100 -0.2841
vn -0.9351 0.0274 -0.3533
vn -0.2470 0.0143 0.9689
vn 0.1403 0.5809 -0.8018
vn 0.6562 -0.0550 -0.7525
vn 0.6732 -0.0871 -0.7343
vn 0.3546 -0.9152 0.1913
vn 0.0475 0.1811 0.9823
vn -0.2410 0.9395 0.2434
vn -0.0910 0.3250 0.9413
vn 0.1581 -0.2691 -0.9500
vn 0.6444 -0.0480 -0.7632
vn -0.9248 0.3377 -0.1754
vn -0.0998 0.7395 0.6658
vn 0.2420 0.7627 0.5997
vn 0.0268 0.7860 0.6176
vn 0.5390 0.3201 -0.7791
vn 0.4463 -0.1255 -0.8861
vn -0.2931 0.8741 0.3874
vn -0.6148 0.7807 0.1118
vn -0.5134 0.4580 0.7257
vn -0.7452 0.4426 0.4988
vn -0.8013 0.3997 0.4452
vn 0.5678 -0.4773 0.6707
vn 0.5855 -0.4229 0.6916
vn 0.0345 0.9892 -0.1428
vn 0.1526 -0.9738 0.1687
vn 0.0121 0.9879 -0.1546
vn 0.3997 0.3959 0.8268
vn -0.4318 -0.8845 0.1768
vn -0.4185 -0.7984 -0.4329
vn -0.3625 -0.3984 -0.8425
vn -0.8886 -0.0222 -0.4582
vn -0.2179 0.0514 0.9746
vn -0.2331 0.2732 0.9333
vn -0.1940 0.7513 0.6307
vn 0.0362 -0.5944 -0.8033
vn 0.5813 -0.2663 -0.7689
vn 0.7829 -0.1960 -0.5905
vn 0.2261 0.8772 -0.4235
vn -0.2171 -0.9082 0.3579
vn 0.7147 -0.6213 0.3213
vn 0.5781 -0.1677 -0.7986
vn 0.4540 -0.1091 -0.8843
vn 0.4778 -0.1273 -0.8692
vn -0.2654 -0.3060 -0.9143
vn -0.8645 0.3481 -0.3625
vn -0.8856 -0.0360 -0.4630
vn -0.4656 0.8841 0.0399
vn -0.4046 0.6325 0.6605
vn -0.0023 0.2931 0.9561
vn 0.2796 0.0732 -0.9573
vn 0.2634 -0.2158 -0.9402
vn -0.0490 -0.8479 0.5279
vn 0.6674 -0.1169 -0.7355
vn 0.4664 -0.1238 -0.8759
vn 0.3188 -0.8218 -0.4723
vn 0.5638 -0.2026 0.8007
vn 0.1744 0.6516 -0.7382
vn -0.3926 -0.4577 0.7977
vn -0.4345 0.1321 0.8909
vn 0.1230 0.0092 0.9924
vn 0.5670 0.8181 0.0957
vn -0.4661 0.4517 0.7607
vn -0.7234 0.4590 0.5158
vn 0.0079 -0.9999 0.0127
vn 0.4125 0.6630 0.6248
vn -0.0291 0.1699 -0.9850
vn -0.2022 -0.5591 0.8040
vn -0.1615 -0.5967 0.7861
vn -0.0798 -0.9929 0.0878
vn -0.0986 -0.9719 0.2138
vn -0.0887 -0.9950 -0.0462
vn -0.1639 -0.9537 -0.2520
vn 0.0835 0.7190 -0.6900
vn -0.2568 0.0746 0.9636
vn -0.1232 -0.3913 0.9120
vn -0.7124 0.4571 0.5324
vn -0.7253 0.4497 0.5212
vn -0.4812 0.4442 0.7557
vn 0.2548 -0.2157 -0.9426
vn -0.2694 0.8812 0.3885
vn -0.0661 0.6879 0.7228
vn -0.0139 0.9041 0.4270
vn 0.8149 -0.5353 0.2224
vn 0.8016 -0.5960 0.0474
vn 0.3883 0.9202 -0.0499
vn -0.3955 0.4797 0.7833
vn -0.7016 0.4648 0.5402
vn 0.0216 -0.9989 -0.0407
vn -0.1605 -0.3667 -0.9164
vn -0.7923 -0.3273 -0.5150
vn -0.6126 -0.6117 -0.5006
vn -0.8603 -0.1022 -0.4994
vn -0.1715 0.9396 0.2961
vn 0.5295 0.5650 0.6328
vn 0.1180 0.2939 0.9485
vn 0.4714 0.3816 -0.7951
vn -0.0678 0.1479 0.9867
vn 0.8495 -0.1002 -0.5180
vn 0.5642 0.6632 0.4918
vn -0.5604 0.8230 -0.0928
vn -0.8572 0.2715 -0.4377
vn 0.0809 -0.2269 -0.9706
vn 0.8097 -0.5461 -0.2149
vn 0.7771 -0.5669 -0.2732
vn 0.6729 -0.6085 -0.4206
vn 0.8126 -0.5595 -0.1631
vn -0.2395 0.2233 0.9449
vn -0.2712 0.7657 0.5833
vn 0.0718 0.9491 -0.3065
vn -0.2144 -0.8437 0.4920
vn -0.3167 0.5549 0.7693
vn -0.6861 0.4446 0.5759
vn -0.3226 -0.9365 0.1372
vn 0.4972 -0.0077 0.8676
vn -0.2185 0.0386 0.9751
vn -0.2083 -0.9327 -0.2944
vn -0.2232 -0.9748 0.0016
vn 0.4339 0.4471 -0.7822
vn 0.8525 -0.4886 0.1856
vn 0.7972 -0.3015 0.5230
vn -0.1230 0.9922 0.0196
vn -0.6248 0.7434 -0.2385
vn -0.8012 0.3130 -0.5100
vn -0.0213 0.9772 0.2114
vn 0.0021 -0.9361 0.3518
vn -0.1516 -0.9233 0.3529
vn -0.6390 -0.6422 -0.4234
vn -0.2577 -0.8152 -0.5187
vn -0.0760 0.9926 0.0946
vn 0.0179 -0.8293 0.5585
vn -0.1837 0.4675 0.8647
vn -0.3670 -0.2498 0.8960
vn 0.2033 0.2867 0.9362
vn -0.2170 0.7501 0.6247
vn 0.5326 -0.2632 -0.8044
vn 0.7941 -0.5829 -0.1719
vn 0.3059 -0.7952 -0.5236
vn 0.7920 -0.5693 -0.2205
vn 0.8154 -0.2700 0.5121
vn -0.7835 -0.3762 -0.4947
vn -0.6375 -0.6595 -0.3982
vn 0.1539 0.3375 0.9286
vn -0.2596 -0.1437 0.9550
vn -0.0260 -0.5114 0.8590
vn 0.6019 0.5597 0.5696
vn 0.2902 0.6725 0.6808
vn 0.1850 0.9273 0.3256
vn -0.0064 -0.9913 0.1314
vn 0.0425 -0.8406 -0.5400
vn 0.0432 0.0763 0.9961
vn -0.3739 -0.8334 -0.4069
vn 0.0332 0.8955 0.4438
vn 0.1906 0.7891 -0.5839
vn 0.4722 0.0625 0.8793
vn 0.6172 0.0364 0.7860
vn 0.0392 -0.3915 -0.9193
vn 0.6391 0.5992 0.4821
vn 0.4454 0.7987 0.4047
vn 0.6722 0.0094 0.7403
vn 0.1841 0.0912 -0.9787
vn 0.0819 0.9564 -0.2804
vn 0.4791 -0.2268 -0.8480
vn 0.9100 -0.3597 0.2061
vn -0.7318 0.4589 -0.5039
vn 0.0363 0.3242 -0.9453
vn 0.2390 0.3424 0.9087
vn -0.0387 0.4817 0.8755
vn 0.8836 -0.3787 0.2753
vn 0.8819 -0.4029 0.2446
vn -0.0041 -0.8950 -0.4461
vn -0.1175 -0.0046 -0.9931
vn -0.2117 -0.0229 -0.9771
vn -0.1045 0.2094 -0.9722
vn -0.2594 -0.3395 -0.9041
vn -0.0164 0.2576 0.9661
vn -0.2741 0.3700 0.8877
vn -0.6261 -0.6686 -0.4012
vn -0.8549 -0.2664 -0.4452
vn -0.6736 -0.6404 -0.3689
vn -0.0083 -0.9980 0.0634
vn -0.3251 0.3876 0.8626
vn 0.7884 0.0708 0.6110
vn -0.2284 -0.7974 0.5585
vn -0.0734 -0.2552 -0.9641
vn -0.2048 -0.9764 0.0685
vn -0.1718 -0.7648 0.6209
vn -0.2049 -0.6202 0.7572
vn 0.2834 0.5810 -0.7629
vn 0.0516 0.1425 -0.9885
vn -0.0984 -0.9399 0.3269
vn -0.1659 -0.8196 0.5484
vn -0.2001 -0.8786 0.4337
vn -0.2181 0.9389 -0.2663
vn -0.3969 0.8789 -0.2644
vn -0.7255 0.4338 -0.5343
vn -0.8690 0.0472 -0.4926
vn 0.9032 -0.3523 0.2450
vn 0.8601 -0.2369 0.4518
vn -0.0137 0.1890 -0.9819
vn 0.0566 0.6044 -0.7947
vn -0.7759 -0.5319 -0.3391
vn -0.1252 0.9415 0.3128
vn 0.0057 0.5951 -0.8036
vn 0.8874 -0.0294 0.4601
vn -0.8524 -0.2732 -0.4459
vn 0.3782 -0.5751 -0.7254
vn 0.8394 -0.3648 0.4029
vn -0.0424 -0.6029 0.7967
vn -0.0004 -0.1797 -0.9837
vn 0.7274 0.3035 0.6155
vn 0.8185 0.2284 0.5272
vn 0.2658 -0.8528 -0.4495
vn -0.3204 -0.3185 0.8921
vn -0.7630 -0.5211 -0.3824
vn 0.0587 0.2767 -0.9592
vn -0.3343 0.9348 -0.1201
vn -0.1941 0.6931 -0.6942
vn -0.1604 -0.8064 -0.5692
vn 0.2634 0.9567 0.1238
vn -0.2102 -0.2337 0.9493
vn -0.1825 0.0142 0.9831
vn -0.3928 0.6053 0.6924
vn -0.4080 -0.8970 -0.1700
vn -0.3308 -0.8073 -0.4887
vn 0.1501 0.1039 -0.9832
vn 0.2454 -0.1852 -0.9516
vn 0.2361 -0.1887 -0.9532
vn 0.8800 -0.3105 0.3594
vn 0.9320 -0.2237 0.2852
vn -0.0853 -0.9733 -0.2130
vn 0.2286 0.6920 0.6848
vn -0.2038 -0.7799 0.5918
vn -0.2240 0.7195 0.6573
vn 0.8852 -0.3709 0.2807
vn 0.0053 -0.2797 0.9601
vn 0.9275 -0.3366 -0.1624
vn 0.1571 0.9485 -0.2752
vn -0.1112 -0.0068 0.9938
vn 0.8775 -0.0323 0.4785
vn 0.9764 -0.1641 0.1402
vn -0.0489 -0.4863 0.8724
vn 0.8746 -0.3657 0.3185
vn 0.0819 0.6950 0.7143
vn -0.0750 -0.2909 0.9538
vn 0.2360 -0.1853 -0.9539
vn -0.2675 -0.3595 -0.8940
vn -0.1380 -0.0890 -0.9864
vn -0.2838 -0.4221 -0.8610
vn -0.4901 0.8708 -0.0390
vn -0.1010 -0.7967 -0.5959
vn 0.3632 -0.0837 -0.9279
vn 0.1341 0.9875 0.0829
vn 0.0275 0.2650 -0.9639
vn -0.0487 0.9583 0.2815
vn 0.0099 -0.9942 0.1073
vn -0.4885 -0.8442 0.2206
vn -0.4722 -0.8011 0.3678
vn -0.3251 -0.7632 0.5584
vn 0.0794 0.4400 -0.8945
vn 0.8215 -0.4036 0.4028
vn 0.9660 -0.0932 0.2413
vn -0.0928 -0.7653 0.6370
vn 0.0119 -0.3876 0.9217
vn 0.0381 0.1477 0.9883
vn 0.1758 0.9833 0.0477
vn -0.0645 -0.8750 0.4797
vn 0.0442 0.9763 -0.2118
vn 0.6581 0.6434 0.3910
vn 0.8484 0.2556 0.4637
vn 0.0810 0.3142 0.9459
vn 0.1592 0.9004 -0.4049
vn 0.1979 0.8318 -0.5185
vn 0.2428 0.6798 -0.6920
vn -0.1357 0.4638 -0.8755
vn -0.0044 0.2556 -0.9668
vn -0.2998 0.2731 0.9141
vn 0.1759 -0.9066 -0.3836
vn -0.4238 0.8475 -0.3196
vn -0.4098 0.7942 -0.4486
vn -0.1467 -0.9866 0.0707
vn -0.0999 -0.9302 0.3533
vn -0.1554 -0.5756 -0.8028
vn 0.2791 -0.4915 -0.8249
vn -0.1370 -0.1089 -0.9846
vn -0.3269 -0.4018 -0.8554
vn -0.7162 0.6609 0.2242
vn -0.8386 0.5336 -0.1100
vn -0.8331 0.5502 -0.0568
vn 0.8303 -0.1886 0.5244
vn 0.8351 -0.3700 0.4071
vn 0.7230 -0.6247 0.2949
vn 0.6825 -0.6071 0.4070
vn -0.0170 0.2343 -0.9720
vn 0.0222 0.1737 -0.9846
vn 0.0200 -0.2708 0.9624
vn 0.0160 -0.2851 0.9584
vn -0.3340 0.4978 0.8004
vn 0.0220 -0.2979 0.9544
vn -0.8225 0.3696 -0.4323
vn -0.5174 0.8238 0.2316
vn 0.3447 0.0986 -0.9335
vn -0.1258 -0.5888 0.7984
vn -0.0352 0.1405 -0.9894
vn -0.0694 -0.2192 -0.9732
vn -0.1412 -0.7675 0.6254
vn 0.2225 0.5825 0.7818
vn 0.2564 0.7414 0.6201
vn 0.3451 0.3983 -0.8499
vn 0.4932 0.8391 0.2294
vn 0.6543 0.6531 0.3812
vn 0.0686 0.7857 -0.6149
vn 0.0409 0.5127 -0.8576
vn 0.0678 0.4767 -0.8764
vn 0.0237 0.1637 -0.9862
vn -0.1009 -0.9546 -0.2804
vn -0.1240 -0.7453 -0.6551
vn -0.0580 -0.9473 -0.3152
vn -0.0641 -0.9464 -0.3165
vn 0.2362 -0.1870 -0.9536
vn 0.2416 -0.1884 -0.9519
vn 0.1731 -0.8404 -0.5136
vn 0.1303 -0.6572 -0.7424
vn -0.2469 0.6286 0.7375
vn -0.2358 0.7130 0.6603
vn 0.1947 0.8611 0.4696
vn -0.0398 -0.2990 -0.9534
vn -0.2089 -0.3996 -0.8926
vn -0.2836 -0.4776 -0.8316
vn -0.2503 -0.2249 -0.9417
vn -0.2105 -0.2110 -0.9546
vn -0.4079 0.8933 -0.1886
vn -0.2657 -0.2960 0.9175
vn -0.1880 -0.5627 0.8050
vn 0.1954 -0.9610 -0.1959
vn 0.0096 0.3878 0.9217
vn 0.0774 0.1946 0.9778
vn 0.1361 0.4279 0.8935
vn 0.1266 0.9915 0.0290
vn 0.2018 0.9683 -0.1472
vn -0.4804 -0.8216 -0.3071
vn 0.5261 0.8163 0.2384
vn 0.3769 0.9258 0.0286
vn 0.1625 0.9326 0.3221
vn 0.2273 0.9716 -0.0661
vn 0.3183 0.0192 -0.9478
vn 0.2682 -0.3202 -0.9086
vn -0.0376 -0.1837 -0.9823
vn 0.0027 -0.1657 -0.9862
vn -0.1523 -0.4849 -0.8612
vn -0.2603 -0.0355 0.9649
vn -0.4554 -0.6529 -0.6052
vn -0.2055 0.6461 -0.7351
vn -0.3038 -0.5125 0.8031
vn -0.2789 -0.4984 0.8209
vn -0.2582 -0.5629 0.7851
vn -0.3203 -0.6327 0.7050
vn -0.1986 -0.7915 -0.5781
vn -0.1422 -0.8760 -0.4609
vn -0.1711 -0.6396 -0.7494
vn 0.2969 0.9371 -0.1838
vn 0.2837 0.9534 -0.1028
vn 0.2606 0.9653 0.0189
vn 0.1065 0.9871 -0.1198
vn 0.4456 0.8952 -0.0137
vn -0.0534 -0.9135 0.4034
vn -0.0614 -0.7896 0.6106
vn -0.1441 -0.9894 -0.0185
vn -0.1949 -0.9658 0.1712
vn 0.0471 0.8075 -0.5880
vn 0.0475 0.9719 -0.2305
vn -0.0531 -0.5107 0.8581
vn -0.0445 -0.2671 0.9626
vn 0.6952 -0.5096 0.5070
vn 0.7343 -0.4874 0.4725
vn 0.8189 -0.1816 0.5445
vn -0.1178 0.8969 0.4263
vn -0.6320 0.7728 -0.0571
vn -0.4675 0.7429 0.4791
vn -0.0626 -0.8536 0.5172
vn 0.0171 -0.4097 0.9120
vn 0.0663 -0.0841 0.9942
vn -0.0606 -0.9377 0.3420
vn -0.0590 -0.9384 0.3405
vn -0.0759 -0.7598 0.6457
vn -0.2341 0.4054 0.8836
vn -0.7387 0.6138 0.2786
vn -0.8431 0.5377 0.0058
vn 0.2716 -0.2660 -0.9249
vn 0.3128 -0.4378 -0.8429
vn 0.3556 -0.6953 -0.6245
vn -0.0224 -0.6663 0.7453
vn -0.1575 0.1280 0.9792
vn -0.2342 0.3413 0.9103
vn -0.3370 -0.3764 -0.8630
vn -0.3473 -0.3795 -0.8576
vn 0.1360 0.7289 0.6710
vn 0.1069 0.9218 0.3727
vn -0.8207 0.4052 -0.4029
vn 0.0799 -0.2430 0.9667
vn -0.7062 0.6705 0.2275
vn -0.2324 -0.3218 -0.9178
vn -0.4269 0.6245 0.6540
vn -0.1630 -0.1677 -0.9723
vn -0.0467 -0.9816 0.1852
vn -0.0782 -0.9443 -0.3196
vn 0.0852 0.9707 -0.2246
vn 0.1138 0.9895 0.0895
vn 0.1129 0.7558 -0.6450
vn 0.6922 0.6904 0.2102
vn 0.2155 -0.5493 -0.8074
vn -0.0080 -0.9563 0.2922
vn 0.0820 0.1882 -0.9787
vn 0.8160 0.0625 -0.5746
vn 0.0469 0.7369 -0.6744
vn -0.8568 -0.5017 -0.1192
vn -0.2275 0.3753 0.8986
vn -0.5739 -0.3818 0.7245
vn 0.4040 0.4167 0.8144
vn 0.5451 0.0787 0.8347
vn 0.3545 0.1387 -0.9247
vn 0.2811 0.2401 0.9292
vn -0.8404 0.5210 -0.1493
vn 0.0309 0.0737 0.9968
vn 0.0321 0.9776 -0.2079
vn 0.5462 0.2269 0.8063
vn 0.6525 0.2245 0.7238
vn 0.7828 -0.4663 0.4120
vn -0.0065 0.3026 -0.9531
vn 0.0511 0.3792 -0.9239
vn -0.2395 -0.7831 -0.5739
vn 0.2337 0.6007 -0.7645
vn -0.8344 0.3583 -0.4188
vn -0.5268 0.5663 0.6339
vn -0.9531 0.2754 0.1256
vn -0.9781 0.1928 0.0779
vn -0.8902 0.0732 0.4496
vn -0.7775 0.5813 -0.2399
vn -0.2806 0.9044 -0.3215
vn -0.4403 0.7499 -0.4937
vn -0.4039 0.9104 -0.0898
vn -0.5818 0.7872 -0.2044
vn -0.7922 0.6001 0.1106
vn -0.8651 0.4867 -0.1213
vn -0.8456 0.5316 -0.0476
vn -0.8011 0.5902 0.0994
vn -0.1176 -0.3980 0.9098
vn -0.6992 -0.3666 0.6137
vn 0.5701 0.4491 0.6879
vn -0.6870 0.6446 -0.3354
vn -0.5965 0.3592 -0.7177
vn -0.1168 0.9747 -0.1905
vn 0.7793 0.2169 0.5880
vn -0.9210 0.0871 -0.3797
vn -0.4803 0.8347 -0.2694
vn -0.4986 0.7647 -0.4082
vn -0.7861 0.6150 -0.0615
vn -0.6365 0.6678 -0.3859
vn -0.3814 0.5183 -0.7654
vn -0.8131 0.3328 -0.4776
vn -0.5880 0.7158 0.3766
vn -0.6453 0.7138 0.2720
vn 0.3804 0.7347 -0.5618
vn -0.5792 -0.7268 0.3692
vn -0.1213 0.2132 0.9694
vn -0.8754 -0.0386 -0.4819
vn -0.4798 0.7843 0.3934
vn -0.4298 0.7442 0.5112
vn -0.3968 0.7144 0.5764
vn -0.2341 -0.6206 0.7484
vn 0.2429 -0.2099 -0.9471
vn 0.6659 0.3450 0.6615
vn -0.0284 0.0200 0.9994
vt 0.406732 0.022030
vt 0.409279 0.024808
vt 0.416194 0.034288
vt 0.423017 0.043101
vt 0.424594 0.045190
vt 0.422459 0.048593
vt 0.413896 0.064008
vt 0.406274 0.065423
vt 0.398760 0.067949
vt 0.393536 0.068166
vt 0.386597 0.070197
vt 0.377758 0.067650
vt 0.375000 0.066640
vt 0.375000 0.006248
vt 0.379877 0.010061
vt 0.387202 0.013708
vt 0.392696 0.015895
vt 0.466541 0.007748
vt 0.480722 0.003118
vt 0.493842 0.000000
vt 0.504655 0.000000
vt 0.509022 0.001901
vt 0.504356 0.003803
vt 0.498753 0.007143
vt 0.483810 0.008405
vt 0.476894 0.013071
vt 0.593868 0.038130
vt 0.582510 0.027001
vt 0.576068 0.017595
vt 0.563491 0.004041
vt 0.561988 0.000061
vt 0.561967 0.000000
vt 0.625000 0.000000
vt 0.625000 0.048522
vt 0.616395 0.047730
vt 0.599727 0.040985
vt 0.597219 0.040134
vt 0.584285 0.086390
vt 0.583946 0.086828
vt 0.582246 0.088448
vt 0.574677 0.094940
vt 0.572584 0.098132
vt 0.561456 0.102868
vt 0.546621 0.107415
vt 0.544208 0.108704
vt 0.541641 0.109090
vt 0.524087 0.108568
vt 0.507021 0.102383
vt 0.506013 0.101257
vt 0.504646 0.097601
vt 0.499296 0.085882
vt 0.500715 0.082433
vt 0.507531 0.070049
vt 0.510588 0.064273
vt 0.524372 0.056937
vt 0.533261 0.050938
vt 0.550709 0.050234
vt 0.557247 0.049397
vt 0.561864 0.049701
vt 0.569662 0.054644
vt 0.581991 0.063896
vt 0.583345 0.068707
vt 0.584054 0.083729
vt 0.403001 0.172153
vt 0.412923 0.182411
vt 0.410479 0.201102
vt 0.410020 0.202785
vt 0.393213 0.214957
vt 0.389166 0.217905
vt 0.375000 0.218842
vt 0.375000 0.161107
vt 0.388356 0.163499
vt 0.395793 0.164865
vt 0.504824 0.198259
vt 0.499575 0.185036
vt 0.501245 0.182723
vt 0.505120 0.174948
vt 0.511627 0.166652
vt 0.522996 0.155469
vt 0.532464 0.151607
vt 0.547875 0.146786
vt 0.550440 0.147127
vt 0.553733 0.145242
vt 0.564928 0.141338
vt 0.568212 0.139310
vt 0.585371 0.129705
vt 0.587730 0.128280
vt 0.603154 0.113279
vt 0.604903 0.112073
vt 0.606432 0.110457
vt 0.615707 0.098069
vt 0.618083 0.095619
vt 0.625000 0.087905
vt 0.625000 0.158398
vt 0.616009 0.163906
vt 0.614093 0.165246
vt 0.596128 0.175855
vt 0.595777 0.176022
vt 0.595706 0.176107
vt 0.594869 0.176939
vt 0.578424 0.193130
vt 0.576772 0.194092
vt 0.575945 0.194391
vt 0.571124 0.197138
vt 0.553910 0.206210
vt 0.551188 0.207969
vt 0.527207 0.209788
vt 0.524421 0.210460
vt 0.522407 0.210634
vt 0.505242 0.198926
vt 0.504942 0.198726
vt 0.471494 0.245480
vt 0.466334 0.238214
vt 0.465587 0.232410
vt 0.463348 0.217469
vt 0.458909 0.209775
vt 0.461717 0.195974
vt 0.460146 0.180022
vt 0.461953 0.172587
vt 0.464068 0.162335
vt 0.472157 0.153721
vt 0.476624 0.142414
vt 0.478622 0.140170
vt 0.480313 0.136845
vt 0.484427 0.139279
vt 0.486356 0.145293
vt 0.492162 0.156222
vt 0.493279 0.172689
vt 0.493646 0.175446
vt 0.489865 0.197908
vt 0.487807 0.200454
vt 0.488612 0.206486
vt 0.484817 0.226006
vt 0.479394 0.237824
vt 0.477430 0.241743
vt 0.477139 0.247121
vt 0.549155 0.236489
vt 0.567985 0.225971
vt 0.568884 0.225710
vt 0.570092 0.225265
vt 0.590209 0.226118
vt 0.605998 0.220985
vt 0.619870 0.230772
vt 0.610436 0.247809
vt 0.609157 0.250000
vt 0.527914 0.250000
vt 0.532269 0.245585
vt 0.538058 0.239597
vt 0.609058 0.250049
vt 0.607933 0.250383
vt 0.592117 0.255480
vt 0.586522 0.255887
vt 0.567482 0.257473
vt 0.557156 0.255895
vt 0.543777 0.256212
vt 0.534668 0.252625
vt 0.449631 0.298871
vt 0.445643 0.289180
vt 0.445631 0.273160
vt 0.446511 0.268338
vt 0.450658 0.264371
vt 0.461173 0.253412
vt 0.467972 0.251697
vt 0.478225 0.250785
vt 0.488104 0.257034
vt 0.497206 0.263292
vt 0.500902 0.280284
vt 0.503110 0.287402
vt 0.502767 0.290034
vt 0.501537 0.291241
vt 0.486152 0.310336
vt 0.482396 0.311030
vt 0.466924 0.311964
vt 0.452544 0.302539
vt 0.450465 0.300990
vt 0.551594 0.373600
vt 0.557638 0.359380
vt 0.562749 0.346583
vt 0.566007 0.339137
vt 0.568755 0.333547
vt 0.584946 0.320530
vt 0.588054 0.318303
vt 0.604924 0.313479
vt 0.610622 0.313311
vt 0.622517 0.322684
vt 0.625000 0.326291
vt 0.625000 0.349274
vt 0.624828 0.352625
vt 0.613185 0.373415
vt 0.613043 0.373881
vt 0.612938 0.374232
vt 0.610288 0.378135
vt 0.598359 0.393355
vt 0.591286 0.402409
vt 0.586375 0.406769
vt 0.582314 0.409511
vt 0.571634 0.423616
vt 0.548441 0.426256
vt 0.548147 0.425551
vt 0.549493 0.404124
vt 0.549537 0.401159
vt 0.551046 0.380223
vt 0.551513 0.375812
vt 0.624959 0.429388
vt 0.620862 0.421228
vt 0.617364 0.414357
vt 0.618051 0.408018
vt 0.619083 0.397308
vt 0.625000 0.389609
vt 0.625000 0.429413
vt 0.497521 0.345694
vt 0.508471 0.345310
vt 0.518475 0.345247
vt 0.530577 0.356476
vt 0.531326 0.357179
vt 0.532473 0.365016
vt 0.533721 0.374398
vt 0.533838 0.376206
vt 0.533154 0.377299
vt 0.532369 0.379469
vt 0.526819 0.391135
vt 0.524193 0.396160
vt 0.509762 0.406169
vt 0.498446 0.411972
vt 0.486622 0.411421
vt 0.477329 0.410572
vt 0.471325 0.401205
vt 0.464536 0.391646
vt 0.467684 0.382783
vt 0.468785 0.370291
vt 0.471573 0.367132
vt 0.475364 0.361635
vt 0.481762 0.352945
vt 0.494413 0.346941
vt 0.569946 0.467707
vt 0.569375 0.476725
vt 0.570343 0.483032
vt 0.571956 0.493207
vt 0.574388 0.498516
vt 0.574580 0.500000
vt 0.520454 0.500000
vt 0.522566 0.490422
vt 0.524291 0.484598
vt 0.528800 0.473979
vt 0.533064 0.469597
vt 0.542204 0.453208
vt 0.548985 0.445711
vt 0.548772 0.428161
vt 0.563072 0.438967
vt 0.561751 0.446748
vt 0.562439 0.457591
vt 0.625000 0.723635
vt 0.620894 0.714355
vt 0.618850 0.709202
vt 0.619447 0.706653
vt 0.621733 0.692565
vt 0.622370 0.688971
vt 0.622652 0.687942
vt 0.625000 0.684954
vt 0.436221 0.542770
vt 0.436290 0.542654
vt 0.446549 0.525599
vt 0.462904 0.521564
vt 0.467601 0.520641
vt 0.473982 0.523195
vt 0.486655 0.528328
vt 0.490810 0.537202
vt 0.495077 0.545287
vt 0.493751 0.559919
vt 0.493691 0.560814
vt 0.481822 0.573804
vt 0.480006 0.575969
vt 0.472681 0.577649
vt 0.464391 0.579061
vt 0.453357 0.575415
vt 0.447008 0.571465
vt 0.444432 0.569308
vt 0.442854 0.566327
vt 0.436297 0.543022
vt 0.436224 0.542789
vt 0.530176 0.514133
vt 0.520723 0.501220
vt 0.573775 0.501841
vt 0.568871 0.508820
vt 0.559449 0.516203
vt 0.554909 0.517838
vt 0.536075 0.519096
vt 0.438596 0.747395
vt 0.447884 0.740713
vt 0.454647 0.745766
vt 0.467127 0.750000
vt 0.436367 0.750000
vt 0.568661 0.703927
vt 0.571463 0.702509
vt 0.578098 0.701196
vt 0.586416 0.698242
vt 0.589924 0.699688
vt 0.603629 0.710967
vt 0.604697 0.713064
vt 0.609869 0.730654
vt 0.608691 0.736030
vt 0.606630 0.743506
vt 0.605082 0.748341
vt 0.604615 0.750000
vt 0.555574 0.750000
vt 0.554384 0.748931
vt 0.551424 0.734222
vt 0.550124 0.727572
vt 0.551719 0.724587
vt 0.558100 0.712254
vt 0.499315 0.693523
vt 0.518926 0.692015
vt 0.529168 0.699392
vt 0.529487 0.699548
vt 0.529778 0.699964
vt 0.540074 0.710574
vt 0.540379 0.716875
vt 0.540463 0.727506
vt 0.533230 0.739508
vt 0.531229 0.742989
vt 0.513968 0.749594
vt 0.512639 0.750000
vt 0.510800 0.750000
vt 0.503842 0.747645
vt 0.491357 0.743497
vt 0.484693 0.731761
vt 0.481429 0.725400
vt 0.483908 0.709672
vt 0.484817 0.704972
vt 0.496626 0.693973
vt 0.497318 0.693506
vt 0.459665 0.595863
vt 0.460355 0.594391
vt 0.461481 0.593645
vt 0.475091 0.587163
vt 0.485695 0.587148
vt 0.494826 0.587812
vt 0.501040 0.592175
vt 0.508829 0.601459
vt 0.513319 0.606513
vt 0.514004 0.615288
vt 0.513246 0.624312
vt 0.506624 0.634170
vt 0.503329 0.638203
vt 0.490154 0.643729
vt 0.488000 0.644855
vt 0.479277 0.642728
vt 0.468513 0.640582
vt 0.462066 0.633320
vt 0.458843 0.629603
vt 0.457135 0.625294
vt 0.452389 0.611380
vt 0.404633 0.715582
vt 0.410690 0.717471
vt 0.413062 0.718032
vt 0.418869 0.733722
vt 0.421515 0.741285
vt 0.412525 0.750000
vt 0.375000 0.750000
vt 0.375000 0.715292
vt 0.377476 0.715340
vt 0.391787 0.712307
vt 0.395243 0.714147
vt 0.468975 0.778154
vt 0.480144 0.781258
vt 0.484548 0.784429
vt 0.487802 0.787905
vt 0.507263 0.799388
vt 0.520131 0.819757
vt 0.519953 0.820432
vt 0.511732 0.839225
vt 0.495985 0.841927
vt 0.482293 0.843420
vt 0.471679 0.838136
vt 0.460631 0.834869
vt 0.451214 0.832077
vt 0.436738 0.823849
vt 0.434394 0.822678
vt 0.432769 0.821790
vt 0.426021 0.818002
vt 0.417113 0.810556
vt 0.412536 0.806968
vt 0.398486 0.798341
vt 0.394172 0.795538
vt 0.381574 0.787524
vt 0.375244 0.785301
vt 0.375000 0.785178
vt 0.416192 0.752360
vt 0.423526 0.759012
vt 0.436350 0.764653
vt 0.445160 0.767696
vt 0.453626 0.772562
vt 0.459023 0.774527
vt 0.446872 0.755273
vt 0.450750 0.755276
vt 0.448073 0.755970
vt 0.511394 0.752590
vt 0.511285 0.751983
vt 0.512599 0.751439
vt 0.512435 0.752208
vt 0.512007 0.753464
vt 0.553347 0.754731
vt 0.553752 0.753201
vt 0.605009 0.768980
vt 0.604801 0.776740
vt 0.601136 0.787264
vt 0.599343 0.802990
vt 0.597919 0.808236
vt 0.594137 0.822960
vt 0.592401 0.831161
vt 0.586789 0.847100
vt 0.584681 0.852402
vt 0.581537 0.863861
vt 0.575272 0.873852
vt 0.567988 0.889328
vt 0.565134 0.894002
vt 0.562322 0.898029
vt 0.549842 0.905950
vt 0.539268 0.912728
vt 0.537541 0.913560
vt 0.536710 0.914005
vt 0.534672 0.913113
vt 0.519473 0.903477
vt 0.519308 0.901847
vt 0.519294 0.897609
vt 0.519092 0.876404
vt 0.519434 0.868746
vt 0.520499 0.865744
vt 0.520814 0.864964
vt 0.525705 0.855874
vt 0.528833 0.846724
vt 0.533493 0.836893
vt 0.533292 0.831214
vt 0.538141 0.813977
vt 0.539882 0.807693
vt 0.544347 0.790903
vt 0.546239 0.782747
vt 0.548023 0.775907
vt 0.553180 0.755407
vt 0.595217 0.975008
vt 0.598853 0.974864
vt 0.611394 0.969880
vt 0.616875 0.968690
vt 0.625000 0.964856
vt 0.625000 1.000000
vt 0.561967 1.000000
vt 0.562003 0.999953
vt 0.568695 0.991515
vt 0.582515 0.985673
vt 0.375525 0.942793
vt 0.384152 0.941194
vt 0.395018 0.940849
vt 0.402702 0.942229
vt 0.408759 0.944105
vt 0.421373 0.948561
vt 0.432977 0.945355
vt 0.436899 0.946452
vt 0.442583 0.946367
vt 0.451321 0.947992
vt 0.454456 0.946922
vt 0.467237 0.949512
vt 0.475875 0.947317
vt 0.484175 0.947763
vt 0.492180 0.943804
vt 0.498467 0.942514
vt 0.506634 0.940537
vt 0.520853 0.936374
vt 0.524309 0.935126
vt 0.529355 0.932749
vt 0.541324 0.929520
vt 0.546337 0.929626
vt 0.551765 0.927272
vt 0.564693 0.922467
vt 0.573244 0.920494
vt 0.589262 0.919449
vt 0.590452 0.920820
vt 0.590738 0.937942
vt 0.590928 0.945298
vt 0.583676 0.955736
vt 0.572818 0.971914
vt 0.570578 0.973594
vt 0.569870 0.974110
vt 0.554632 0.984572
vt 0.550199 0.985595
vt 0.535479 0.992141
vt 0.532729 0.992554
vt 0.519760 0.996880
vt 0.515738 0.996861
vt 0.504655 1.000000
vt 0.493842 1.000000
vt 0.480594 0.998157
vt 0.470862 0.996303
vt 0.461590 0.992047
vt 0.448587 0.989763
vt 0.440219 0.987777
vt 0.425247 0.982964
vt 0.416736 0.975621
vt 0.408617 0.972267
vt 0.403223 0.967607
vt 0.399250 0.965444
vt 0.384262 0.948322
vt 0.382186 0.946226
vt 0.406328 0.891236
vt 0.403103 0.895673
vt 0.398858 0.897708
vt 0.392194 0.901730
vt 0.387822 0.903703
vt 0.382644 0.900269
vt 0.375000 0.896611
vt 0.375000 0.820856
vt 0.377966 0.819002
vt 0.386228 0.817341
vt 0.398856 0.823325
vt 0.404492 0.825304
vt 0.410202 0.841789
vt 0.413165 0.846747
vt 0.416135 0.852534
vt 0.415495 0.856379
vt 0.414960 0.863442
vt 0.414344 0.872709
vt 0.413883 0.875244
vt 0.363607 0.712216
vt 0.339822 0.750000
vt 0.336692 0.745417
vt 0.336749 0.744529
vt 0.337745 0.725493
vt 0.344150 0.721493
vt 0.362480 0.711961
vt 0.362795 0.711956
vt 0.140795 0.740904
vt 0.136640 0.742256
vt 0.125000 0.743752
vt 0.125000 0.683360
vt 0.128463 0.683898
vt 0.132107 0.684667
vt 0.146245 0.697654
vt 0.147719 0.699362
vt 0.151989 0.714469
vt 0.152528 0.717343
vt 0.142280 0.737519
vt 0.204051 0.612498
vt 0.226606 0.605755
vt 0.229079 0.605160
vt 0.233556 0.604628
vt 0.243143 0.608787
vt 0.254025 0.613543
vt 0.257585 0.625255
vt 0.258377 0.628109
vt 0.257474 0.632547
vt 0.254784 0.647745
vt 0.250264 0.652255
vt 0.241366 0.658675
vt 0.234971 0.664024
vt 0.224067 0.665824
vt 0.214432 0.669500
vt 0.209845 0.667728
vt 0.200718 0.666150
vt 0.193456 0.658967
vt 0.188423 0.654103
vt 0.187982 0.650315
vt 0.187741 0.632883
vt 0.190539 0.628015
vt 0.201795 0.614961
vt 0.203170 0.613271
vt 0.173557 0.744958
vt 0.166746 0.742204
vt 0.160729 0.735136
vt 0.155437 0.727793
vt 0.161387 0.706979
vt 0.164281 0.702405
vt 0.178561 0.693680
vt 0.191658 0.690019
vt 0.196437 0.690174
vt 0.208487 0.691259
vt 0.214315 0.695956
vt 0.227371 0.707442
vt 0.227850 0.720754
vt 0.227378 0.728688
vt 0.223652 0.731435
vt 0.214217 0.742597
vt 0.207058 0.743997
vt 0.192568 0.747845
vt 0.183999 0.749363
vt 0.182340 0.749922
vt 0.150872 0.584096
vt 0.139453 0.587831
vt 0.125162 0.588920
vt 0.125000 0.588893
vt 0.125000 0.531158
vt 0.127387 0.530824
vt 0.131796 0.530682
vt 0.142277 0.534354
vt 0.156401 0.539005
vt 0.165631 0.548248
vt 0.171870 0.553816
vt 0.167887 0.570714
vt 0.167499 0.572057
vt 0.167027 0.572263
vt 0.153757 0.583562
vt 0.333547 0.709463
vt 0.333470 0.709614
vt 0.333364 0.709940
vt 0.322469 0.724257
vt 0.313969 0.736982
vt 0.311993 0.739593
vt 0.308340 0.745360
vt 0.304144 0.750000
vt 0.228389 0.750000
vt 0.232867 0.747014
vt 0.242488 0.737083
vt 0.246539 0.735139
vt 0.248502 0.732520
vt 0.250331 0.729015
vt 0.263436 0.716032
vt 0.270140 0.703046
vt 0.274285 0.696738
vt 0.279162 0.691414
vt 0.285566 0.675659
vt 0.286618 0.672124
vt 0.295216 0.650857
vt 0.296874 0.647561
vt 0.297218 0.647025
vt 0.297929 0.645881
vt 0.309262 0.627359
vt 0.318549 0.613611
vt 0.319270 0.612430
vt 0.320229 0.611035
vt 0.339260 0.609678
vt 0.343045 0.609373
vt 0.347743 0.631220
vt 0.352020 0.638944
vt 0.350698 0.647769
vt 0.349418 0.669067
vt 0.348463 0.671018
vt 0.344122 0.686082
vt 0.342281 0.691263
vt 0.333749 0.708929
vt 0.845658 0.588242
vt 0.851196 0.586376
vt 0.862515 0.584090
vt 0.868494 0.587641
vt 0.875000 0.591602
vt 0.875000 0.662095
vt 0.869610 0.661427
vt 0.866549 0.661376
vt 0.856901 0.655808
vt 0.848018 0.649720
vt 0.844109 0.646562
vt 0.837444 0.640005
vt 0.833310 0.631456
vt 0.831324 0.623138
vt 0.831680 0.610300
vt 0.832544 0.601727
vt 0.836159 0.597071
vt 0.844034 0.589371
vt 0.824055 0.664527
vt 0.823489 0.665637
vt 0.812684 0.674609
vt 0.808516 0.675637
vt 0.792461 0.677375
vt 0.784487 0.674710
vt 0.780319 0.672254
vt 0.771039 0.666466
vt 0.760788 0.662608
vt 0.757759 0.659194
vt 0.753734 0.654882
vt 0.744688 0.644820
vt 0.731833 0.629363
vt 0.729827 0.626713
vt 0.727194 0.622867
vt 0.724351 0.615029
vt 0.721385 0.607818
vt 0.717708 0.597579
vt 0.715902 0.592801
vt 0.715018 0.584008
vt 0.712172 0.576922
vt 0.711304 0.573923
vt 0.709589 0.566540
vt 0.708049 0.552993
vt 0.707340 0.541303
vt 0.705984 0.531235
vt 0.700597 0.519463
vt 0.699383 0.513829
vt 0.695629 0.500350
vt 0.695587 0.500000
vt 0.735391 0.500000
vt 0.734161 0.507607
vt 0.734283 0.516254
vt 0.734537 0.527762
vt 0.741456 0.544484
vt 0.742046 0.548355
vt 0.742276 0.549868
vt 0.742652 0.550687
vt 0.752856 0.565787
vt 0.754404 0.568603
vt 0.763299 0.581390
vt 0.767526 0.585997
vt 0.773233 0.591899
vt 0.783113 0.604929
vt 0.786878 0.608723
vt 0.790901 0.610316
vt 0.805638 0.630832
vt 0.811196 0.634708
vt 0.818037 0.643116
vt 0.820392 0.645843
vt 0.823477 0.661957
vt 0.817810 0.510730
vt 0.818031 0.511147
vt 0.819350 0.512823
vt 0.832935 0.532105
vt 0.836824 0.537312
vt 0.838804 0.556369
vt 0.840186 0.573565
vt 0.837566 0.582918
vt 0.831228 0.598428
vt 0.812819 0.595459
vt 0.808423 0.595466
vt 0.799260 0.581950
vt 0.796763 0.579525
vt 0.791294 0.572991
vt 0.790452 0.572306
vt 0.783971 0.556174
vt 0.777980 0.547747
vt 0.777743 0.541637
vt 0.774887 0.534215
vt 0.773767 0.528011
vt 0.771021 0.508992
vt 0.769821 0.505623
vt 0.768762 0.503681
vt 0.772338 0.500323
vt 0.775726 0.500000
vt 0.798709 0.500000
vt 0.815771 0.509477
vt 0.800248 0.707065
vt 0.797940 0.702589
vt 0.802953 0.701831
vt 0.814583 0.687716
vt 0.821404 0.688626
vt 0.832797 0.687965
vt 0.842131 0.689562
vt 0.857421 0.692318
vt 0.862718 0.695570
vt 0.872997 0.700398
vt 0.875000 0.701478
vt 0.875000 0.750000
vt 0.839856 0.750000
vt 0.836483 0.746863
vt 0.827821 0.741105
vt 0.823765 0.736109
vt 0.817762 0.727953
vt 0.809233 0.720714
vt 0.802709 0.713277
vt 0.655576 0.700875
vt 0.652862 0.703250
vt 0.642331 0.708939
vt 0.635752 0.713796
vt 0.635738 0.680776
vt 0.643174 0.681747
vt 0.645866 0.680904
vt 0.661418 0.679652
vt 0.670285 0.691546
vt 0.000000 0.000000
s 0
f 860/1/1 858/2/1 857/3/1 868/4/1 867/5/1 927/6/1 926/7/1 928/8/1 929/9/1 930/10/1 931/11/1 932/12/1 938/13/1 923/14/1 924/15/1 925/16/1 859/17/1
f 861/18/1 850/19/1 849/20/1 851/21/1 847/22/1 852/23/1 856/24/1 854/25/1 855/26/1
f 864/27/1 863/28/1 862/29/1 848/30/1 846/31/1 853/32/1 1/33/1 882/34/1 881/35/1 866/36/1 865/37/1
f 922/38/1 900/39/1 899/40/1 897/41/1 896/42/1 892/43/1 888/44/1 887/45/1 886/46/1 895/47/1 884/48/1 883/49/1 885/50/1 875/51/1 876/52/1 871/53/1 870/54/1 869/55/1 877/56/1 878/57/1 879/58/1 880/59/1 873/60/1 872/61/1 874/62/1 921/63/1
f 939/64/1 951/65/1 970/66/1 969/67/1 968/68/1 967/69/1 966/70/1 956/71/1 941/72/1 940/73/1
f 957/74/1 953/75/1 954/76/1 950/77/1 945/78/1 943/79/1 903/80/1 902/81/1 901/82/1 904/83/1 911/84/1 893/85/1 894/86/1 898/87/1 891/88/1 889/89/1 890/90/1 918/91/1 919/92/1 920/93/1 917/94/1 916/95/1 915/96/1 914/97/1 913/98/1 912/99/1 910/100/1 906/101/1 905/102/1 907/103/1 992/104/1 974/105/1 973/106/1 964/107/1 963/108/1 965/109/1 959/110/1 958/111/1
f 982/112/1 978/113/1 980/114/1 972/115/1 971/116/1 952/117/1 946/118/1 948/119/1 942/120/1 955/121/1 934/122/1 933/123/1 936/124/1 937/125/1 935/126/1 944/127/1 949/128/1 947/129/1 960/130/1 961/131/1 962/132/1 981/133/1 979/134/1 984/135/1 983/136/1
f 988/137/1 991/138/1 976/139/1 975/140/1 977/141/1 909/142/1 908/143/1 986/144/1 985/145/1 987/146/1 990/147/1 989/148/1
f 987/146/2 985/145/2 993/149/2 997/150/2 1008/151/2 1001/152/2 1003/153/2 1002/154/2 1006/155/2 1007/156/2
f 1013/157/2 1016/158/2 1000/159/2 999/160/2 998/161/2 994/162/2 995/163/2 996/164/2 1004/165/2 1005/166/2 1010/167/2 1009/168/2 1012/169/2 1011/170/2 1018/171/2 1017/172/2 1025/173/2 1015/174/2 1014/175/2
f 1042/176/2 1035/177/2 1034/178/2 1020/179/2 1021/180/2 1027/181/2 1028/182/2 1023/183/2 1022/184/2 1024/185/2 1029/186/2 1048/187/2 1047/188/2 1044/189/2 1043/190/2 1046/191/2 1045/192/2 1053/193/2 1055/194/2 1059/195/2 1057/196/2 1063/197/2 1076/198/2 1078/199/2 1051/200/2 1052/201/2 1054/202/2 1036/203/2
f 1062/204/2 1058/205/2 1056/206/2 1060/207/2 1064/208/2 1065/209/2 1061/210/2
f 1066/211/2 1026/212/2 1019/213/2 1032/214/2 1033/215/2 1041/216/2 1037/217/2 1038/218/2 1040/219/2 1039/220/2 1050/221/2 1049/222/2 1075/223/2 1074/224/2 1073/225/2 1079/226/2 1071/227/2 1070/228/2 1068/229/2 1069/230/2 1072/231/2 1067/232/2 1030/233/2 1031/234/2
f 1086/235/2 1084/236/2 1091/237/2 1089/238/2 1093/239/2 1092/240/2 1094/241/2 1088/242/2 1090/243/2 1095/244/2 1083/245/2 1087/246/2 1081/247/2 1077/248/2 1080/249/2 1082/250/2 1085/251/2
f 1099/252/3 1098/253/3 1106/254/3 1105/255/3 1104/256/3 1107/257/3 1108/258/3 1109/259/3
f 1124/260/3 1125/261/3 1140/262/3 1134/263/3 1135/264/3 1133/265/3 1144/266/3 1130/267/3 1128/268/3 1129/269/3 1132/270/3 1131/271/3 1145/272/3 1114/273/3 1113/274/3 1123/275/3 1120/276/3 1121/277/3 1122/278/3 1127/279/3 1126/280/3
f 1136/281/3 1137/282/3 1094/241/3 1092/240/3 1139/283/3 1138/284/3 1143/285/3 1141/286/3 1142/287/3
f 1148/288/3 1167/289/3 1149/290/3 1151/291/3 1150/292/3
f 1181/293/3 1182/294/3 1101/295/3 1102/296/3 1100/297/3 1103/298/3 1097/299/3 1096/300/3 1176/301/3 1147/302/3 1146/303/3 1158/304/3 1157/305/3 1175/306/3 1169/307/3 1162/308/3 1160/309/3 1192/310/3
f 1183/311/3 1200/312/3 1186/313/3 1187/314/3 1188/315/3 1191/316/3 1159/317/3 1161/318/3 1168/319/3 1174/320/3 1155/321/3 1156/322/3 1154/323/3 1153/324/3 1152/325/3 1173/326/3 1172/327/3 1190/328/3 1189/329/3 1184/330/3 1185/331/3
f 1203/332/3 1202/333/3 1201/334/3 1115/335/3 1116/336/3 1119/337/3 1117/338/3 1118/339/3 1112/340/3 1111/341/3 1110/342/3 1198/343/3 1199/344/3 1194/345/3 1195/346/3 1193/347/3 1196/348/3 1197/349/3 1206/350/3 1205/351/3 1204/352/3
f 1163/353/3 1164/354/3 1166/355/3 1165/356/3 1171/357/3 1170/358/3 2/359/3 1178/360/3 1177/361/3 1179/362/3 1180/363/3
f 1251/364/4 1252/365/4 1249/366/4 1250/367/4 1245/368/4 1243/369/4 1237/370/4 1236/371/4 1232/372/4 1233/373/4 1234/374/4 1235/375/4 1343/376/4 1344/377/4 1347/378/4 1354/379/4 1352/380/4 1353/381/4 1360/382/4 1359/383/4 1358/384/4 1357/385/4 1356/386/4 1355/387/4 2/359/4 1170/358/4 1266/388/4 1269/389/4 1270/390/4 1271/391/4 1272/392/4 1273/393/4
f 1257/394/4 1150/292/4 1151/291/4 1258/395/4 1259/396/4
f 1260/397/4 1265/398/4 1154/323/4 1156/322/4 1264/399/4 1261/400/4 1262/401/4
f 1267/402/4 1268/403/4 1157/305/4 1158/304/4 1274/404/4 1256/405/4 1254/406/4 1248/407/4 1247/408/4 1241/409/4 1240/410/4 1227/411/4 1226/412/4 1228/413/4 1231/414/4 1221/415/4 1220/416/4 1218/417/4 1216/418/4 1217/419/4 1317/420/4 1319/421/4 1318/422/4 1335/423/4 1336/424/4 1337/425/4 1224/426/4 1222/427/4 1223/428/4 1225/429/4 1229/430/4 1230/431/4 1239/432/4 1238/433/4 1242/434/4 1244/435/4 1246/436/4 1253/437/4 1255/438/4 1263/439/4
f 1283/440/4 1282/441/4 1207/442/4 1208/443/4 1209/444/4 1/445/4 853/446/4 1275/447/4 1292/448/4 1284/449/4
f 1299/450/4 1300/451/4 1303/452/4 1305/453/4 1306/454/4 1295/455/4 1296/456/4 1298/457/4 1297/458/4 1308/459/4 1307/460/4 1309/461/4 1310/462/4 1312/463/4 1311/464/4 1313/465/4 1334/466/4 1333/467/4 1322/468/4 1321/469/4 1323/470/4 1324/471/4 1320/472/4 1219/473/4 1213/474/4 1214/475/4 1215/476/4 1211/477/4 1212/478/4 1210/479/4 1316/480/4 1315/481/4 1314/482/4 1291/483/4 1290/484/4 1281/485/4 1278/486/4 1276/487/4 1277/488/4 851/489/4 849/490/4 1280/491/4 1279/492/4 1289/493/4 1288/494/4 1287/495/4 1286/496/4 1285/497/4 1293/498/4 1294/499/4 1304/500/4 1302/501/4 1301/502/4
f 1330/503/4 1332/504/4 1327/505/4 1325/506/4 1328/507/4 1326/508/4 1331/509/4 1349/510/4 1350/511/4 1351/512/4 1345/513/4 1346/514/4 1340/515/4 1341/516/4 1342/517/4 1338/518/4 1339/519/4 1348/520/4 1329/521/4
f 1377/522/5 1178/360/5 2/359/5 1355/523/5 1463/524/5 1462/525/5 1465/526/5 1464/527/5 1379/528/5 1378/529/5
f 1401/530/5 1386/531/5 923/532/5 938/533/5 1387/534/5 1402/535/5 1396/536/5 1395/537/5 1394/538/5 1392/539/5 1393/540/5
f 1417/541/5 1450/542/5 1451/543/5 1362/544/5 1361/545/5 1365/546/5 1364/547/5 1363/548/5 1444/549/5 1443/550/5 1445/551/5 1447/552/5 1449/553/5 1439/554/5 1430/555/5 1432/556/5 1421/557/5 1423/558/5 1424/559/5 1415/560/5 1414/561/5 1416/562/5 1419/563/5 1418/564/5
f 1405/565/5 1404/566/5 1403/567/5 1391/568/5 1406/569/5 1408/570/5 1407/571/5 1422/572/5 1420/573/5 1431/574/5 1429/575/5 1438/576/5 1434/577/5 1433/578/5 1435/579/5 1437/580/5 1436/581/5 1425/582/5 1426/583/5 1427/584/5
f 1399/585/5 1398/586/5 1388/587/5 956/588/5 966/589/5 1389/590/5 1390/591/5 1397/592/5 1400/593/5 1412/594/5 1413/595/5 1410/596/5 1409/597/5 1411/598/5 1428/599/5
f 1461/600/5 1459/601/5 1458/602/5 1457/603/5 1456/604/5 1454/605/5 1452/606/5 1349/607/5 1331/608/5 1446/609/5 1440/610/5 1441/611/5 1442/612/5 1448/613/5 1453/614/5 1455/615/5 1466/616/5 1467/617/5 1468/618/5 1469/619/5 1368/620/5 1367/621/5 1366/622/5 1369/623/5 1370/624/5 1371/625/5 1372/626/5 1373/627/5 1375/628/5 1374/629/5 1376/630/5 1382/631/5 1381/632/5 1380/633/5 1385/634/5 1384/635/5 1383/636/5 1460/637/5
f 1475/638/6 1476/639/6 1474/640/6 1473/641/6 917/642/6 920/643/6 1472/644/6 1482/645/6 1483/646/6 1484/647/6 1485/648/6 1508/649/6 1504/650/6 1506/651/6 1493/652/6 1491/653/6 1492/654/6 1477/655/6
f 1487/656/6 1488/657/6 1500/658/6 1551/659/6 1559/660/6 1561/661/6 1567/662/6 1562/663/6 1563/664/6 1564/665/6 1565/666/6 1566/667/6 1572/668/6 1571/669/6 1569/670/6 1570/671/6 1577/672/6 1574/673/6 1573/674/6 1544/675/6 1539/676/6 1538/677/6 1540/678/6 1541/679/6 1542/680/6 1543/681/6 1537/682/6 1536/683/6 1535/684/6 1061/685/6 1065/686/6 1549/687/6 1548/688/6 1547/689/6 1546/690/6 1532/691/6 1531/692/6 1530/693/6 1545/694/6 1533/695/6 1534/696/6 1526/697/6 1525/698/6 1522/699/6 1515/700/6 1516/701/6 1514/702/6 1505/703/6 1503/704/6 1502/705/6 1489/706/6
f 1496/707/6 1495/708/6 1497/709/6 1509/710/6 1510/711/6 1486/712/6 1479/713/6 1478/714/6 1494/715/6 1507/716/6 1517/717/6 1523/718/6 1524/719/6 1513/720/6 1511/721/6 1512/722/6 1527/723/6 1528/724/6 1550/725/6 1529/726/6 1520/727/6 1519/728/6 1518/729/6 1521/730/6 1048/731/6 1029/732/6 1501/733/6
f 1568/734/6 1560/735/6 1555/736/6 1498/737/6 1499/738/6 1490/739/6 1480/740/6 1481/741/6 1470/742/6 1471/743/6 882/744/6 1/745/6 1209/746/6 1552/747/6 1553/748/6 1554/749/6 1558/750/6 1556/751/6 1557/752/6
f 1581/753/6 1580/754/6 1578/755/6 1583/756/6 1099/252/6 1109/259/6 1584/757/6 1579/758/6 1582/759/6 1575/760/6 1576/761/6
s 1
f 958/762/7 22/762/8 957/762/9
f 968/762/10 24/762/11 967/762/12
f 51/762/13 6/762/14 964/762/15 973/762/16
f 874/762/17 872/762/18 44/762/19
f 974/762/20 51/762/13 973/762/16
f 969/762/21 970/762/22 11/762/23
f 1387/762/24 938/762/25 932/762/26 37/762/27
f 931/762/28 37/762/27 932/762/26
f 887/762/29 4/762/30 886/762/31
f 904/762/32 901/762/33 55/762/34
f 866/762/35 794/762/36 865/762/37
f 896/762/38 897/762/39 42/762/40
f 975/762/41 976/762/42 10/762/43
f 963/762/44 6/762/14 965/762/45
f 921/762/46 874/762/17 44/762/19
f 873/762/47 880/762/48 61/762/49
f 61/762/49 44/762/19 872/762/18 873/762/47
f 992/762/50 51/762/13 974/762/20
f 11/762/23 24/762/11 968/762/10 969/762/21
f 959/762/51 22/762/8 958/762/7
f 965/762/45 6/762/14 22/762/8 959/762/51
f 901/762/33 902/762/52 55/762/34
f 899/762/53 42/762/40 897/762/39
f 15/762/54 11/762/23 970/762/22 951/762/55
f 988/762/56 989/762/57 30/762/58
f 5/762/59 867/762/60 868/762/61
f 976/762/42 991/762/62 10/762/43
f 54/762/63 881/762/64 882/762/65 1471/762/66
f 26/762/67 859/762/68 925/762/69
f 860/762/70 859/762/68 26/762/67
f 967/762/12 24/762/11 1389/762/71 966/762/72
f 939/762/73 940/762/74 56/762/75
f 993/762/76 985/762/77 986/762/78
f 4/762/30 41/762/79 895/762/80 886/762/31
f 876/762/81 14/762/82 871/762/83
f 867/762/60 5/762/59 927/762/84
f 22/762/8 21/762/85 953/762/86 957/762/9
f 953/762/86 21/762/85 954/762/87
f 926/762/88 47/762/89 928/762/90
f 928/762/90 47/762/89 929/762/91
f 1402/762/92 1387/762/24 37/762/27
f 912/762/93 913/762/94 17/762/95
f 914/762/96 17/762/95 913/762/94
f 1386/762/97 69/762/98 924/762/99 923/762/100
f 63/762/101 916/762/102 917/762/103 1473/762/104
f 63/762/101 1473/762/104 1474/762/105
f 961/762/106 960/762/107 795/762/108
f 862/762/109 31/762/110 848/762/111
f 927/762/84 5/762/59 47/762/89 926/762/88
f 878/762/112 877/762/113 34/762/114
f 17/762/95 910/762/115 912/762/93
f 17/762/95 28/762/116 906/762/117 910/762/115
f 40/762/118 903/762/119 943/762/120
f 1472/762/121 920/762/122 919/762/123
f 7/762/124 795/762/108 960/762/107 947/762/125
f 1280/762/126 850/762/127 861/762/128 3/762/129 1279/762/130
f 868/762/61 857/762/131 5/762/59
f 891/762/132 898/762/133 96/762/134
f 54/762/63 794/762/36 866/762/35 881/762/64
f 895/762/80 41/762/79 884/762/135
f 44/762/19 36/762/136 922/762/137 921/762/46
f 979/762/138 981/762/139 12/762/140
f 955/762/141 942/762/142 18/762/143
f 18/762/143 934/762/144 955/762/141
f 947/762/125 949/762/145 7/762/124
f 11/762/23 15/762/54 52/762/146
f 40/762/118 55/762/34 902/762/52 903/762/119
f 1275/762/147 853/762/148 846/762/149
f 848/762/111 31/762/110 1292/762/150 1275/762/147 846/762/149
f 56/762/75 15/762/54 951/762/55 939/762/73
f 950/762/151 67/762/152 945/762/153
f 21/762/85 67/762/152 950/762/151 954/762/87
f 20/762/154 971/762/155 972/762/156
f 944/762/157 935/762/158 13/762/159
f 13/762/159 7/762/124 949/762/145 944/762/157
f 847/762/160 851/762/161 1277/762/162 9/762/163
f 16/762/164 3/762/129 861/762/128 855/762/165
f 42/762/40 45/762/166 892/762/167 896/762/38
f 45/762/166 4/762/30 888/762/168 892/762/167
f 8/762/169 980/762/170 978/762/171
f 8/762/169 20/762/154 972/762/156 980/762/170
f 67/762/152 40/762/118 943/762/120 945/762/153
f 885/762/172 883/762/173 60/762/174 14/762/82
f 933/762/175 39/762/176 27/762/177 936/762/178
f 3/762/129 16/762/164 23/762/179
f 25/762/180 946/762/181 952/762/182
f 20/762/154 25/762/180 952/762/182 971/762/155
f 69/762/98 26/762/67 925/762/69 924/762/99
f 19/762/183 13/762/159 935/762/158 937/762/184
f 19/762/183 937/762/184 936/762/178 27/762/177
f 978/762/171 982/762/185 995/762/186 994/762/187 8/762/169
f 48/762/188 852/762/189 847/762/160 9/762/163
f 1276/762/190 9/762/163 1277/762/162
f 38/762/191 816/762/192 48/762/188
f 24/762/11 11/762/23 57/762/193
f 47/762/89 5/762/59 43/762/194
f 28/762/116 78/762/195 905/762/196 906/762/117
f 75/762/197 12/762/140 795/762/108
f 986/762/78 908/762/198 32/762/199 997/762/200 993/762/76
f 32/762/199 1008/762/201 997/762/200
f 18/762/143 39/762/176 933/762/175 934/762/144
f 1390/762/202 1389/762/71 24/762/11 50/762/203
f 1397/762/204 1390/762/202 50/762/203
f 23/762/179 16/762/164 83/762/205
f 10/762/43 32/762/199 977/762/206 975/762/41
f 990/762/207 987/762/208 1007/762/209
f 32/762/199 908/762/198 909/762/210
f 43/762/194 5/762/59 857/762/131 858/762/211
f 869/762/212 870/762/213 68/762/214
f 59/762/215 18/762/143 942/762/142 948/762/216
f 25/762/180 59/762/215 948/762/216 946/762/181
f 983/762/217 984/762/218 90/762/219 1004/762/220 996/762/221
f 90/762/219 1005/762/222 1004/762/220
f 62/762/223 17/762/95 914/762/96 915/762/224
f 17/762/95 62/762/223 28/762/116
f 995/762/186 982/762/185 983/762/217 996/762/221
f 30/762/58 989/762/57 990/762/207 1007/762/209 1006/762/225
f 884/762/135 41/762/79 60/762/174 883/762/173
f 10/762/43 35/762/226 32/762/199
f 22/762/8 100/762/227 21/762/85
f 21/762/85 100/762/227 67/762/152
f 6/762/14 100/762/227 22/762/8
f 49/762/228 796/762/229 29/762/230
f 53/762/231 75/762/197 795/762/108
f 1279/762/130 3/762/129 1289/762/232
f 19/762/183 27/762/177 33/762/233
f 33/762/233 27/762/177 46/762/234
f 66/762/235 16/762/164 816/762/192
f 23/762/179 108/762/236 29/762/230
f 941/762/237 956/762/238 1388/762/239 109/762/240
f 40/762/118 97/762/241 55/762/34
f 14/762/82 68/762/214 870/762/213 871/762/83
f 890/762/242 72/762/243 918/762/244
f 68/762/214 34/762/114 877/762/113 869/762/212
f 53/762/231 795/762/108 7/762/124
f 894/762/245 893/762/246 65/762/247
f 39/762/176 85/762/248 27/762/177
f 1472/762/121 919/762/123 918/762/244 72/762/243 1482/762/249
f 3/762/129 796/762/229 1287/762/250 1288/762/251
f 54/762/63 1471/762/66 1470/762/252
f 72/762/243 1483/762/253 1482/762/249
f 47/762/89 73/762/254 930/762/255 929/762/91
f 931/762/28 930/762/255 73/762/254 37/762/27
f 80/762/256 61/762/49 880/762/48 879/762/257
f 15/762/54 56/762/75 129/762/258
f 47/762/89 43/762/194 73/762/254
f 916/762/102 63/762/101 62/762/223 915/762/224
f 1002/762/259 1003/762/260 35/762/226 30/762/58
f 30/762/58 1006/762/225 1002/762/259
f 57/762/193 11/762/23 52/762/146
f 1470/762/252 1481/762/261 54/762/63
f 52/762/146 15/762/54 123/762/262
f 1001/762/263 1008/762/201 32/762/199 35/762/226
f 35/762/226 1003/762/260 1001/762/263
f 860/762/70 26/762/67 43/762/194 858/762/211
f 34/762/114 68/762/214 106/762/264
f 77/762/265 796/762/229 49/762/228
f 64/762/266 31/762/110 862/762/109 863/762/267
f 55/762/34 88/762/268 911/762/269 904/762/32
f 88/762/268 65/762/247 893/762/246 911/762/269
f 54/762/63 114/762/270 794/762/36
f 14/762/82 60/762/174 68/762/214
f 796/762/229 77/762/265 1286/762/271 1287/762/250
f 66/762/235 38/762/191 797/762/272
f 27/762/177 85/762/248 46/762/234
f 18/762/143 59/762/215 89/762/273
f 16/762/164 66/762/235 83/762/205
f 74/762/274 7/762/124 13/762/159
f 101/762/275 13/762/159 19/762/183
f 67/762/152 105/762/276 40/762/118
f 74/762/274 53/762/231 7/762/124
f 122/762/277 97/762/241 40/762/118
f 109/762/240 56/762/75 940/762/74 941/762/237
f 1281/762/278 815/762/279 1278/762/280
f 71/762/281 48/762/188 815/762/279
f 87/762/282 51/762/13 992/762/50 907/762/283
f 76/762/284 20/762/154 8/762/169
f 78/762/195 87/762/282 907/762/283 905/762/196
f 101/762/275 74/762/274 13/762/159
f 45/762/166 42/762/40 111/762/285
f 42/762/40 814/762/286 111/762/285
f 44/762/19 61/762/49 147/762/287
f 115/762/288 36/762/136 44/762/19
f 115/762/288 44/762/19 147/762/287
f 19/762/183 33/762/233 101/762/275
f 34/762/114 80/762/256 879/762/257 878/762/112
f 1284/762/289 1292/762/150 31/762/110
f 59/762/215 92/762/290 132/762/291
f 48/762/188 71/762/281 38/762/191
f 84/762/292 8/762/169 994/762/187 998/762/293
f 8/762/169 84/762/292 76/762/284
f 1291/762/294 58/762/295 1290/762/296
f 77/762/265 49/762/228 91/762/297
f 91/762/297 49/762/228 82/762/298
f 85/762/248 39/762/176 103/762/299
f 39/762/176 18/762/143 89/762/273
f 1289/762/232 3/762/129 1288/762/251
f 108/762/236 23/762/179 83/762/205
f 60/762/174 41/762/79 131/762/300
f 84/762/292 998/762/293 999/762/301
f 102/762/302 90/762/219 12/762/140
f 75/762/197 102/762/302 12/762/140
f 82/762/298 49/762/228 95/762/303
f 1476/762/304 157/762/305 63/762/101 1474/762/105
f 126/762/306 54/762/63 1481/762/261 1480/762/307
f 126/762/306 114/762/270 54/762/63
f 55/762/34 97/762/241 88/762/268
f 129/762/258 56/762/75 118/762/308
f 118/762/308 56/762/75 109/762/240
f 123/762/262 15/762/54 129/762/258
f 794/762/36 114/762/270 64/762/266
f 33/762/233 46/762/234 79/762/309
f 25/762/180 20/762/154 93/762/310
f 76/762/284 93/762/310 20/762/154
f 81/762/311 43/762/194 26/762/67
f 81/762/311 26/762/67 69/762/98
f 100/762/227 6/762/14 70/762/312
f 73/762/254 43/762/194 81/762/311
f 1401/762/313 69/762/98 1386/762/97
f 134/762/314 36/762/136 115/762/288
f 1398/762/315 109/762/240 1388/762/239
f 80/762/256 34/762/114 124/762/316
f 59/762/215 132/762/291 89/762/273
f 25/762/180 93/762/310 92/762/290
f 60/762/174 106/762/264 68/762/214
f 60/762/174 131/762/300 106/762/264
f 61/762/49 80/762/256 140/762/317
f 147/762/287 61/762/49 140/762/317
f 63/762/101 157/762/305 62/762/223
f 65/762/247 96/762/134 898/762/133 894/762/245
f 64/762/266 110/762/318 31/762/110
f 88/762/268 127/762/319 65/762/247
f 96/762/134 98/762/320 889/762/321 891/762/132
f 131/762/300 41/762/79 104/762/322
f 105/762/276 122/762/277 40/762/118
f 98/762/320 72/762/243 890/762/242 889/762/321
f 100/762/227 105/762/276 67/762/152
f 34/762/114 106/762/264 124/762/316
f 125/762/323 86/762/324 46/762/234
f 136/762/325 74/762/274 101/762/275
f 89/762/273 103/762/299 39/762/176
f 37/762/27 73/762/254 94/762/326
f 37/762/27 94/762/326 1396/762/327 1402/762/92
f 116/762/328 101/762/275 33/762/233
f 116/762/328 33/762/233 79/762/309
f 104/762/322 41/762/79 4/762/30
f 104/762/322 4/762/30 45/762/166
f 137/762/329 814/762/286 134/762/314
f 89/762/273 132/762/291 165/762/330
f 86/762/324 79/762/309 46/762/234
f 65/762/247 151/762/331 96/762/134
f 46/762/234 85/762/248 125/762/323
f 73/762/254 81/762/311 112/762/332
f 78/762/195 28/762/116 119/762/333
f 1315/762/334 99/762/335 1314/762/336
f 91/762/297 82/762/298 121/762/337
f 78/762/195 142/762/338 87/762/282
f 119/762/333 142/762/338 78/762/195
f 38/762/191 71/762/281 143/762/339
f 94/762/326 73/762/254 112/762/332
f 1282/762/340 1283/762/341 107/762/342
f 108/762/236 83/762/205 182/762/343
f 72/762/243 98/762/320 1485/762/344 1484/762/345
f 163/762/346 24/762/11 57/762/193
f 58/762/295 113/762/347 71/762/281
f 99/762/335 113/762/347 58/762/295
f 164/762/348 85/762/248 103/762/299
f 164/762/348 125/762/323 85/762/248
f 64/762/266 114/762/270 110/762/318
f 100/762/227 70/762/312 149/762/349
f 1399/762/350 109/762/240 1398/762/315
f 151/762/331 169/762/351 96/762/134
f 127/762/319 88/762/268 97/762/241
f 127/762/319 151/762/331 65/762/247
f 103/762/299 89/762/273 165/762/330
f 90/762/219 102/762/302 1009/762/352 1010/762/353
f 1005/762/222 90/762/219 1010/762/353
f 51/762/13 87/762/282 70/762/312
f 112/762/332 81/762/311 69/762/98
f 1208/762/354 1207/762/355 188/762/356
f 157/762/305 1476/762/304 1475/762/357
f 1483/762/253 72/762/243 1484/762/345
f 100/762/227 149/762/349 105/762/276
f 144/762/358 91/762/297 121/762/337
f 115/762/288 187/762/359 134/762/314
f 141/762/360 95/762/303 158/762/361
f 1316/762/362 99/762/335 1315/762/334
f 62/762/223 157/762/305 119/762/333
f 98/762/320 96/762/134 169/762/351
f 50/762/203 24/762/11 163/762/346
f 66/762/235 181/762/363 83/762/205
f 116/762/328 79/762/309 120/762/364
f 162/762/365 121/762/337 82/762/298
f 167/762/366 97/762/241 122/762/277
f 167/762/366 127/762/319 97/762/241
f 101/762/275 116/762/328 841/762/367
f 1396/762/327 94/762/326 1395/762/368
f 136/762/325 101/762/275 841/762/367
f 80/762/256 124/762/316 140/762/317
f 79/762/309 798/762/369 120/762/364
f 1282/762/340 107/762/342 188/762/356 1207/762/355
f 146/762/370 74/762/274 159/762/371
f 159/762/371 74/762/274 136/762/325
f 1392/762/372 112/762/332 69/762/98 1393/762/373
f 124/762/316 106/762/264 131/762/300
f 1395/762/368 94/762/326 112/762/332 1394/762/374
f 52/762/146 130/762/375 57/762/193
f 182/762/343 83/762/205 181/762/363
f 177/762/376 52/762/146 123/762/262
f 177/762/376 130/762/375 52/762/146
f 146/762/370 53/762/231 74/762/274
f 143/762/339 71/762/281 152/762/377
f 70/762/312 138/762/378 149/762/349
f 118/762/308 109/762/240 195/762/379
f 1428/762/380 195/762/379 109/762/240 1399/762/350
f 122/762/277 105/762/276 149/762/349
f 77/762/265 1285/762/381 1286/762/271
f 1394/762/374 112/762/332 1392/762/372
f 158/762/361 108/762/236 176/762/382
f 150/762/383 50/762/203 163/762/346
f 84/762/292 175/762/384 76/762/284
f 76/762/284 175/762/384 203/762/385
f 77/762/265 91/762/297 1294/762/386 1293/762/387
f 172/762/388 110/762/318 114/762/270
f 798/762/369 117/762/389 128/762/390
f 108/762/236 182/762/343 176/762/382
f 1285/762/381 77/762/265 1293/762/387
f 84/762/292 999/762/301 1000/762/391
f 175/762/384 84/762/292 1000/762/391 1016/762/392
f 76/762/284 203/762/385 93/762/310
f 1485/762/344 98/762/320 170/762/393 1508/762/394
f 115/762/288 147/762/287 222/762/395
f 798/762/369 154/762/396 120/762/364
f 133/762/397 53/762/231 146/762/370
f 45/762/166 153/762/398 104/762/322
f 153/762/398 45/762/166 111/762/285
f 70/762/312 87/762/282 138/762/378
f 87/762/282 142/762/338 138/762/378
f 1393/762/373 69/762/98 1401/762/313
f 126/762/306 139/762/399 799/762/400
f 116/762/328 120/762/364 841/762/367
f 164/762/348 103/762/299 173/762/401
f 1209/762/402 1208/762/354 188/762/356 1552/762/403
f 110/762/318 218/762/404 107/762/342
f 38/762/191 143/762/339 135/762/405
f 128/762/390 117/762/389 239/762/406
f 179/762/407 137/762/329 134/762/314
f 198/762/408 57/762/193 130/762/375
f 198/762/408 163/762/346 57/762/193
f 168/762/409 798/762/369 128/762/390
f 125/762/323 148/762/410 86/762/324
f 117/762/389 86/762/324 148/762/410
f 1475/762/357 1477/762/411 157/762/305
f 123/762/262 817/762/412 160/762/413
f 99/762/335 244/762/414 155/762/415
f 124/762/316 131/762/300 161/762/416
f 140/762/317 124/762/316 161/762/416
f 131/762/300 104/762/322 166/762/417
f 75/762/197 156/762/418 102/762/302
f 102/762/302 156/762/418 171/762/419
f 169/762/351 170/762/393 98/762/320
f 144/762/358 121/762/337 1403/762/420 1404/762/421
f 141/762/360 162/762/365 82/762/298
f 156/762/418 75/762/197 133/762/397
f 125/762/323 164/762/348 184/762/422
f 1488/762/423 1487/762/424 134/762/314 187/762/359
f 218/762/404 188/762/356 107/762/342
f 234/762/425 104/762/322 153/762/398
f 186/762/426 136/762/325 841/762/367
f 92/762/290 93/762/310 203/762/385
f 147/762/287 140/762/317 197/762/427
f 121/762/337 162/762/365 1406/762/428 1391/762/429
f 1009/762/352 102/762/302 171/762/419 1012/762/430
f 113/762/347 152/762/377 71/762/281
f 138/762/378 145/762/431 149/762/349
f 1210/762/432 244/762/414 99/762/335 1316/762/362
f 167/762/366 199/762/433 127/762/319
f 1411/762/434 195/762/379 1428/762/380
f 168/762/409 128/762/390 192/762/435
f 192/762/435 128/762/390 239/762/406
f 160/762/413 177/762/376 123/762/262
f 198/762/408 130/762/375 223/762/436
f 153/762/398 111/762/285 207/762/437
f 158/762/361 176/762/382 230/762/438
f 132/762/291 92/762/290 183/762/439
f 133/762/397 189/762/440 156/762/418
f 103/762/299 165/762/330 173/762/401
f 142/762/338 119/762/333 174/762/441
f 166/762/417 104/762/322 234/762/425
f 179/762/407 134/762/314 1487/762/424 1489/762/442
f 110/762/318 172/762/388 218/762/404
f 117/762/389 148/762/410 213/762/443
f 239/762/406 117/762/389 213/762/443
f 148/762/410 125/762/323 184/762/422
f 126/762/306 1480/762/307 1490/762/444
f 178/762/445 137/762/329 179/762/407
f 1552/762/403 188/762/356 1553/762/446
f 145/762/431 138/762/378 142/762/338
f 158/762/361 180/762/447 141/762/360
f 1013/762/448 206/762/449 175/762/384 1016/762/392
f 141/762/360 254/762/450 162/762/365
f 170/762/393 1504/762/451 1508/762/394
f 191/762/452 1494/762/453 1478/762/454
f 149/762/349 167/762/366 122/762/277
f 1302/762/455 144/762/358 1404/762/421 1405/762/456 1301/762/457
f 1304/762/458 144/762/358 1302/762/455
f 187/762/359 115/762/288 222/762/395
f 127/762/319 199/762/433 151/762/331
f 1391/762/429 1403/762/420 121/762/337
f 168/762/409 210/762/459 154/762/396
f 113/762/347 200/762/460 152/762/377
f 152/762/377 246/762/461 221/762/462
f 234/762/425 153/762/398 207/762/437
f 190/762/463 817/762/412 231/762/464
f 118/762/308 195/762/379 231/762/464
f 236/762/465 120/762/364 154/762/396
f 189/762/440 171/762/419 156/762/418
f 147/762/287 197/762/427 222/762/395
f 185/762/466 157/762/305 1477/762/411 1492/762/467
f 185/762/466 1492/762/467 1491/762/468
f 818/762/469 119/762/333 157/762/305
f 150/762/383 208/762/470 1413/762/471 1412/762/472
f 145/762/431 142/762/338 174/762/441
f 192/762/435 239/762/406 824/762/473
f 818/762/469 157/762/305 185/762/466
f 194/762/474 111/762/285 137/762/329
f 207/762/437 111/762/285 194/762/474
f 180/762/447 158/762/361 230/762/438
f 135/762/405 232/762/475 797/762/272
f 149/762/349 145/762/431 167/762/366
f 150/762/383 163/762/346 209/762/476
f 209/762/476 163/762/346 198/762/408
f 835/762/477 1510/762/478 1509/762/479
f 186/762/426 841/762/367 227/762/480
f 132/762/291 183/762/439 215/762/481
f 148/762/410 271/762/482 213/762/443
f 148/762/410 184/762/422 271/762/482
f 219/762/483 133/762/397 146/762/370
f 161/762/416 131/762/300 166/762/417
f 135/762/405 143/762/339 221/762/462
f 1409/762/484 253/762/485 195/762/379 1411/762/434
f 140/762/317 252/762/486 197/762/427
f 227/762/480 120/762/364 236/762/465
f 137/762/329 178/762/445 194/762/474
f 217/762/487 159/762/371 136/762/325
f 217/762/487 136/762/325 186/762/426
f 1413/762/471 208/762/470 1410/762/488
f 151/762/331 202/762/489 169/762/351
f 202/762/489 151/762/331 199/762/433
f 225/762/490 210/762/459 168/762/409
f 192/762/435 225/762/490 168/762/409
f 201/762/491 170/762/393 169/762/351
f 223/762/436 130/762/375 205/762/492
f 196/762/493 191/762/452 1478/762/454 1479/762/494
f 166/762/417 234/762/425 229/762/495
f 219/762/483 189/762/440 133/762/397
f 130/762/375 177/762/376 205/762/492
f 1310/762/496 1309/762/497 243/762/498
f 174/762/441 193/762/499 145/762/431
f 193/762/499 167/762/366 145/762/431
f 1504/762/451 170/762/393 201/762/491 1506/762/500
f 155/762/415 200/762/460 113/762/347
f 189/762/440 235/762/501 171/762/419
f 1011/762/502 1012/762/430 171/762/419 235/762/501
f 152/762/377 200/762/460 246/762/461
f 232/762/475 135/762/405 221/762/462
f 139/762/399 126/762/306 1490/762/444 1499/762/503
f 244/762/414 1210/762/432 1212/762/504
f 254/762/450 141/762/360 180/762/447
f 206/762/449 251/762/505 175/762/384
f 175/762/384 224/762/506 203/762/385
f 251/762/505 224/762/506 175/762/384
f 1307/762/507 1308/762/508 242/762/509
f 1297/762/510 242/762/509 1308/762/508
f 176/762/382 845/762/511 230/762/438
f 167/762/366 193/762/499 199/762/433
f 154/762/396 210/762/459 204/762/512
f 204/762/512 236/762/465 154/762/396
f 201/762/491 1493/762/513 1506/762/500
f 209/762/476 257/762/514 150/762/383
f 176/762/382 182/762/343 845/762/511
f 215/762/481 165/762/330 132/762/291
f 260/762/515 165/762/330 215/762/481
f 173/762/401 800/762/516 164/762/348
f 202/762/489 201/762/491 169/762/351
f 220/762/517 159/762/371 217/762/487
f 257/762/514 208/762/470 150/762/383
f 159/762/371 211/762/518 146/762/370
f 159/762/371 220/762/517 211/762/518
f 1493/762/513 201/762/491 185/762/466 1491/762/468
f 201/762/491 202/762/489 185/762/466
f 1553/762/446 188/762/356 218/762/404 1554/762/519
f 146/762/370 211/762/518 219/762/483
f 206/762/449 1013/762/448 1014/762/520
f 155/762/415 244/762/414 233/762/521
f 155/762/415 233/762/521 200/762/460
f 152/762/377 221/762/462 143/762/339
f 174/762/441 818/762/469 193/762/499
f 199/762/433 193/762/499 818/762/469
f 207/762/437 194/762/474 275/762/522
f 275/762/522 194/762/474 178/762/445
f 173/762/401 165/762/330 260/762/515
f 196/762/493 214/762/523 191/762/452
f 222/762/395 197/762/427 296/762/524
f 197/762/427 252/762/486 296/762/524
f 185/762/466 202/762/489 818/762/469
f 198/762/408 223/762/436 209/762/476
f 245/762/525 825/762/526 834/762/527
f 203/762/385 224/762/506 228/762/528
f 191/762/452 214/762/523 278/762/529
f 199/762/433 818/762/469 202/762/489
f 242/762/509 243/762/498 1309/762/497 1307/762/507
f 181/762/363 237/762/530 182/762/343
f 181/762/363 232/762/475 237/762/530
f 200/762/460 241/762/531 246/762/461
f 140/762/317 161/762/416 252/762/486
f 208/762/470 253/762/485 1409/762/484 1410/762/488
f 178/762/445 179/762/407 1502/762/532 1503/762/533
f 1427/762/534 1299/762/535 1301/762/457 1405/762/456
f 231/762/464 195/762/379 253/762/485
f 230/762/438 265/762/536 180/762/447
f 235/762/501 189/762/440 238/762/537
f 238/762/537 189/762/440 219/762/483
f 250/762/538 212/762/539 210/762/459
f 250/762/538 210/762/459 225/762/490
f 226/762/540 219/762/483 211/762/518
f 203/762/385 228/762/528 183/762/439
f 196/762/493 834/762/527 214/762/523
f 204/762/512 210/762/459 248/762/541
f 236/762/465 204/762/512 294/762/542
f 294/762/542 204/762/512 248/762/541
f 183/762/439 228/762/528 226/762/540
f 223/762/436 281/762/543 209/762/476
f 279/762/544 207/762/437 275/762/522
f 234/762/425 207/762/437 279/762/544
f 248/762/541 212/762/539 297/762/545
f 210/762/459 212/762/539 248/762/541
f 172/762/388 799/762/400 258/762/546
f 216/762/547 226/762/540 211/762/518
f 183/762/439 226/762/540 215/762/481
f 256/762/548 223/762/436 205/762/492
f 200/762/460 233/762/521 241/762/531
f 172/762/388 258/762/546 218/762/404
f 215/762/481 226/762/540 216/762/547
f 243/762/498 240/762/549 1312/762/550 1310/762/496
f 1311/762/551 1312/762/550 240/762/549
f 206/762/449 1014/762/520 1015/762/552
f 249/762/553 217/762/487 186/762/426
f 263/762/554 220/762/517 217/762/487
f 218/762/404 258/762/546 1558/762/555 1554/762/519
f 180/762/447 265/762/536 254/762/450
f 302/762/556 187/762/359 222/762/395
f 161/762/416 166/762/417 261/762/557
f 252/762/486 161/762/416 261/762/557
f 281/762/543 223/762/436 256/762/548
f 219/762/483 226/762/540 228/762/528
f 228/762/528 238/762/537 219/762/483
f 235/762/501 1018/762/558 1011/762/502
f 221/762/462 247/762/559 232/762/475
f 225/762/490 285/762/560 250/762/538
f 292/762/561 177/762/376 160/762/413
f 259/762/562 1296/762/563 1295/762/564
f 1306/762/565 259/762/562 1295/762/564
f 845/762/511 283/762/566 230/762/438
f 845/762/511 255/762/567 283/762/566
f 265/762/536 230/762/438 283/762/566
f 216/762/547 211/762/518 220/762/517
f 237/762/530 240/762/549 243/762/498
f 240/762/549 237/762/530 232/762/475
f 224/762/506 238/762/537 228/762/528
f 215/762/481 216/762/547 263/762/554
f 263/762/554 216/762/547 220/762/517
f 271/762/482 184/762/422 288/762/568
f 260/762/515 215/762/481 263/762/554
f 160/762/413 190/762/463 270/762/569
f 292/762/561 160/762/413 270/762/569
f 272/762/570 800/762/516 260/762/515
f 233/762/521 244/762/414 273/762/571
f 233/762/521 273/762/571 241/762/531
f 261/762/557 166/762/417 229/762/495
f 246/762/461 266/762/572 221/762/462
f 229/762/495 234/762/425 279/762/544
f 250/762/538 307/762/573 212/762/539
f 224/762/506 251/762/505 238/762/537
f 1507/762/574 1494/762/453 191/762/452
f 191/762/452 278/762/529 1517/762/575 1507/762/574
f 179/762/407 1489/762/442 1502/762/532
f 232/762/475 247/762/559 240/762/549
f 231/762/464 253/762/485 299/762/576
f 332/762/577 231/762/464 299/762/576
f 1426/762/578 269/762/579 1300/762/580 1299/762/535 1427/762/534
f 1015/762/552 1025/762/581 251/762/505 206/762/449
f 249/762/553 186/762/426 227/762/480
f 1416/762/582 1414/762/583 267/762/584
f 239/762/406 213/762/443 300/762/585
f 824/762/473 239/762/406 300/762/585
f 240/762/549 247/762/559 1313/762/586 1311/762/551
f 214/762/523 264/762/587 293/762/588
f 262/762/589 243/762/498 242/762/509
f 1334/762/590 1313/762/586 247/762/559
f 243/762/498 262/762/589 237/762/530
f 1425/762/591 269/762/579 1426/762/578
f 221/762/462 266/762/572 247/762/559
f 251/762/505 235/762/501 238/762/537
f 208/762/470 257/762/514 309/762/592
f 273/762/571 244/762/414 1212/762/504 1211/762/593
f 237/762/530 262/762/589 255/762/567
f 212/762/539 307/762/573 274/762/594
f 297/762/545 212/762/539 274/762/594
f 268/762/595 242/762/509 1297/762/510 1298/762/596
f 259/762/562 268/762/595 1298/762/596 1296/762/563
f 266/762/572 246/762/461 1323/762/597 1321/762/598
f 262/762/589 242/762/509 268/762/595
f 1303/762/599 1300/762/580 269/762/579
f 1305/762/600 276/762/601 259/762/562 1306/762/565
f 1303/762/599 269/762/579 276/762/601 1305/762/600
f 258/762/546 139/762/399 287/762/602
f 287/762/602 139/762/399 1498/762/603 1555/762/604
f 281/762/543 257/762/514 209/762/476
f 1017/762/605 1018/762/558 235/762/501 251/762/505
f 277/762/606 256/762/548 205/762/492
f 213/762/443 271/762/482 301/762/607
f 303/762/608 307/762/573 250/762/538
f 303/762/608 250/762/538 285/762/560
f 208/762/470 309/762/592 253/762/485
f 286/762/609 252/762/486 261/762/557
f 1556/762/610 1558/762/555 258/762/546
f 337/762/611 309/762/592 257/762/514
f 337/762/611 257/762/514 281/762/543
f 268/762/595 259/762/562 298/762/612
f 260/762/515 263/762/554 272/762/570
f 288/762/568 272/762/570 282/762/613
f 247/762/559 266/762/572 1333/762/614 1334/762/590
f 251/762/505 1025/762/581 1017/762/605
f 273/762/571 290/762/615 241/762/531
f 272/762/570 263/762/554 217/762/487
f 254/762/450 265/762/536 308/762/616
f 254/762/450 308/762/616 1420/762/617 1422/762/618
f 272/762/570 217/762/487 284/762/619
f 245/762/525 280/762/620 825/762/526
f 314/762/621 229/762/495 279/762/544
f 1322/762/622 1333/762/614 266/762/572
f 286/762/609 261/762/557 314/762/621
f 255/762/567 262/762/589 268/762/595
f 298/762/612 255/762/567 268/762/595
f 267/762/584 1419/762/623 1416/762/582
f 214/762/523 293/762/588 278/762/529
f 296/762/524 252/762/486 286/762/609
f 261/762/557 229/762/495 314/762/621
f 284/762/619 249/762/553 289/762/624
f 265/762/536 283/762/566 318/762/625
f 270/762/569 190/762/463 291/762/626
f 301/762/607 271/762/482 288/762/568
f 284/762/619 282/762/613 272/762/570
f 284/762/619 217/762/487 249/762/553
f 278/762/529 1523/762/627 1517/762/575
f 283/762/566 255/762/567 298/762/612
f 298/762/612 259/762/562 276/762/601
f 258/762/546 287/762/602 1568/762/628 1557/762/629
f 273/762/571 1211/762/593 1215/762/630
f 1321/762/598 1322/762/622 266/762/572
f 1523/762/627 278/762/529 306/762/631 1524/762/632
f 279/762/544 275/762/522 311/762/633
f 253/762/485 309/762/592 299/762/576
f 303/762/608 285/762/560 327/762/634
f 1436/762/635 324/762/636 269/762/579 1425/762/591
f 314/762/621 279/762/544 320/762/637
f 246/762/461 241/762/531 1324/762/638 1323/762/597
f 343/762/639 337/762/611 281/762/543
f 308/762/616 265/762/536 318/762/625
f 273/762/571 1215/762/630 1214/762/640 290/762/615
f 289/762/624 282/762/613 284/762/619
f 281/762/543 256/762/548 343/762/639
f 298/762/612 318/762/625 283/762/566
f 826/762/641 267/762/584 1414/762/583 1415/762/642
f 293/762/588 306/762/631 278/762/529
f 305/762/643 1418/762/644 1419/762/623 267/762/584
f 305/762/643 267/762/584 330/762/645
f 327/762/634 285/762/560 344/762/646
f 280/762/620 1027/762/647 1021/762/648
f 258/762/546 1557/762/629 1556/762/610
f 335/762/649 292/762/561 270/762/569
f 369/762/650 292/762/561 335/762/649
f 361/762/651 309/762/592 337/762/611
f 277/762/606 292/762/561 369/762/650
f 274/762/594 351/762/652 297/762/545
f 351/762/652 274/762/594 339/762/653
f 311/762/633 275/762/522 295/762/654
f 264/762/587 321/762/655 293/762/588
f 304/762/656 321/762/655 264/762/587
f 321/762/655 306/762/631 293/762/588
f 1551/762/657 302/762/556 1559/762/658
f 824/762/473 300/762/585 316/762/659
f 344/762/646 824/762/473 316/762/659
f 300/762/585 301/762/607 341/762/660
f 274/762/594 307/762/573 339/762/653
f 298/762/612 349/762/661 318/762/625
f 320/762/637 279/762/544 311/762/633
f 276/762/601 269/762/579 324/762/636
f 349/762/661 298/762/612 276/762/601
f 332/762/577 299/762/576 390/762/662
f 335/762/649 270/762/569 384/762/663
f 282/762/613 289/762/624 317/762/664
f 301/762/607 288/762/568 282/762/613
f 317/762/664 341/762/660 301/762/607
f 290/762/615 1219/762/665 1320/762/666
f 1559/762/658 302/762/556 356/762/667 1561/762/668
f 359/762/669 277/762/606 369/762/650
f 1319/762/670 1317/762/671 307/762/573 303/762/608
f 1318/762/672 1319/762/670 303/762/608 327/762/634
f 317/762/664 289/762/624 836/762/673
f 287/762/602 1555/762/604 1560/762/674
f 1421/762/675 346/762/676 826/762/641 1423/762/677
f 326/762/678 256/762/548 277/762/606
f 326/762/678 277/762/606 359/762/669
f 306/762/631 1513/762/679 1524/762/632
f 1513/762/679 306/762/631 331/762/680 1511/762/681
f 343/762/639 256/762/548 326/762/678
f 1431/762/682 1420/762/617 308/762/616
f 287/762/602 1560/762/674 1568/762/628
f 356/762/667 302/762/556 333/762/683
f 339/762/653 307/762/573 1317/762/671 1217/762/684
f 316/762/659 300/762/585 341/762/660
f 336/762/685 286/762/609 314/762/621
f 290/762/615 1214/762/640 1213/762/686
f 321/762/655 331/762/680 306/762/631
f 322/762/687 305/762/643 330/762/645
f 299/762/576 309/762/592 361/762/651
f 311/762/633 295/762/654 837/762/688
f 315/762/689 312/762/690 319/762/691
f 291/762/626 332/762/577 364/762/692
f 313/762/693 310/762/694 323/762/695
f 304/762/656 352/762/696 321/762/655
f 308/762/616 318/762/625 357/762/697
f 308/762/616 357/762/697 1429/762/698 1431/762/682
f 395/762/699 369/762/650 335/762/649
f 322/762/687 347/762/700 305/762/643
f 312/762/690 310/762/694 319/762/691
f 323/762/695 310/762/694 312/762/690
f 826/762/641 346/762/676 330/762/645
f 310/762/694 354/762/701 342/762/702
f 336/762/685 314/762/621 320/762/637
f 344/762/646 316/762/659 404/762/703
f 1432/762/704 346/762/676 1421/762/675
f 390/762/662 299/762/576 361/762/651
f 313/762/693 325/762/705 354/762/701
f 329/762/706 315/762/689 319/762/691
f 387/762/707 331/762/680 321/762/655
f 315/762/689 328/762/708 340/762/709
f 1437/762/710 324/762/636 1436/762/635
f 315/762/689 329/762/706 328/762/708
f 321/762/655 352/762/696 387/762/707
f 270/762/569 291/762/626 368/762/711
f 291/762/626 364/762/692 368/762/711
f 353/762/712 280/762/620 1021/762/648 1020/762/713
f 280/762/620 353/762/712 304/762/656
f 305/762/643 348/762/714 1417/762/715 1418/762/644
f 1450/762/716 1417/762/715 348/762/714
f 1213/762/686 1219/762/665 290/762/615
f 334/762/717 313/762/693 323/762/695
f 334/762/717 325/762/705 313/762/693
f 347/762/700 348/762/714 305/762/643
f 276/762/601 324/762/636 349/762/661
f 310/762/694 313/762/693 354/762/701
f 1318/762/672 327/762/634 1335/762/718
f 318/762/625 349/762/661 357/762/697
f 335/762/649 384/762/663 395/762/699
f 342/762/702 319/762/691 310/762/694
f 316/762/659 341/762/660 404/762/703
f 346/762/676 345/762/719 330/762/645
f 342/762/702 355/762/720 319/762/691
f 331/762/680 1512/762/721 1511/762/681
f 317/762/664 836/762/673 350/762/722
f 328/762/708 358/762/723 340/762/709
f 329/762/706 338/762/724 328/762/708
f 1430/762/725 374/762/726 346/762/676 1432/762/704
f 345/762/719 322/762/687 330/762/645
f 355/762/720 329/762/706 319/762/691
f 364/762/692 332/762/577 390/762/662
f 384/762/663 270/762/569 368/762/711
f 333/762/683 336/762/685 366/762/727
f 366/762/727 356/762/667 333/762/683
f 323/762/695 312/762/690 360/762/728
f 343/762/639 326/762/678 386/762/729
f 365/762/730 341/762/660 317/762/664
f 317/762/664 350/762/722 365/762/730
f 327/762/634 429/762/731 1336/762/732 1335/762/718
f 360/762/728 312/762/690 362/762/733
f 381/762/734 337/762/611 343/762/639
f 367/762/735 334/762/717 425/762/736
f 367/762/735 325/762/705 334/762/717
f 355/762/720 383/762/737 329/762/706
f 1325/762/738 392/762/739 1328/762/740
f 366/762/727 336/762/685 320/762/637
f 361/762/651 337/762/611 381/762/734
f 369/762/650 395/762/699 428/762/741
f 328/762/708 338/762/724 358/762/723
f 392/762/739 1325/762/738 1327/762/742
f 382/762/743 351/762/652 339/762/653
f 1521/762/744 1047/762/745 1048/762/746
f 349/762/661 324/762/636 363/762/747
f 386/762/729 381/762/734 343/762/639
f 357/762/697 349/762/661 363/762/747
f 322/762/687 345/762/719 397/762/748
f 294/762/542 391/762/749 375/762/750
f 346/762/676 374/762/726 345/762/719
f 1066/762/751 325/762/705 367/762/735 1026/762/752
f 324/762/636 1437/762/710 1435/762/753 363/762/747
f 429/762/731 344/762/646 404/762/703
f 334/762/717 323/762/695 379/762/754
f 340/762/709 358/762/723 377/762/755
f 340/762/709 377/762/755 362/762/733
f 1512/762/721 331/762/680 372/762/756 1527/762/757
f 382/762/743 412/762/758 351/762/652
f 380/762/759 338/762/724 329/762/706
f 356/762/667 403/762/760 1567/762/761 1561/762/668
f 385/762/762 1522/762/763 1525/762/764
f 380/762/759 378/762/765 338/762/724
f 338/762/724 378/762/765 370/762/766
f 371/762/767 354/762/701 325/762/705
f 410/762/768 342/762/702 354/762/701
f 371/762/767 410/762/768 354/762/701
f 322/762/687 397/762/748 400/762/769
f 425/762/736 334/762/717 379/762/754
f 436/762/770 383/762/737 355/762/720
f 366/762/727 403/762/760 356/762/667
f 404/762/703 341/762/660 365/762/730
f 415/762/771 827/762/772 837/762/688
f 1034/762/773 411/762/774 353/762/712 1020/762/713
f 411/762/774 1034/762/773 1035/762/775
f 367/762/735 1019/762/776 1026/762/752
f 1438/762/777 1429/762/698 357/762/697
f 1434/762/778 1438/762/777 357/762/697 363/762/747
f 383/762/737 380/762/759 329/762/706
f 358/762/723 338/762/724 376/762/779
f 338/762/724 370/762/766 376/762/779
f 395/762/699 384/762/663 413/762/780
f 1031/762/781 373/762/782 325/762/705 1066/762/751
f 347/762/700 322/762/687 400/762/769
f 326/762/678 359/762/669 388/762/783
f 388/762/783 359/762/669 393/762/784
f 376/762/779 416/762/785 358/762/723
f 372/762/756 1528/762/786 1527/762/757
f 386/762/729 326/762/678 388/762/783
f 345/762/719 374/762/726 434/762/787
f 381/762/734 386/762/729 458/762/788
f 410/762/768 407/762/789 342/762/702
f 1328/762/740 392/762/739 1326/762/790
f 1439/762/791 374/762/726 1430/762/725
f 387/762/707 372/762/756 331/762/680
f 390/762/662 361/762/651 441/762/792
f 389/762/793 371/762/767 325/762/705
f 389/762/793 325/762/705 373/762/782
f 368/762/711 364/762/692 446/762/794
f 364/762/692 390/762/662 446/762/794
f 1331/762/795 1326/762/790 392/762/739 1446/762/796
f 391/762/749 412/762/758 423/762/797
f 407/762/789 355/762/720 342/762/702
f 404/762/703 365/762/730 399/762/798
f 320/762/637 427/762/799 366/762/727
f 384/762/663 368/762/711 413/762/780
f 413/762/780 368/762/711 468/762/800
f 427/762/799 320/762/637 827/762/772
f 453/762/801 383/762/737 436/762/770
f 369/762/650 428/762/741 802/762/802
f 397/762/748 345/762/719 434/762/787
f 425/762/736 406/762/803 367/762/735
f 416/762/785 377/762/755 358/762/723
f 387/762/707 417/762/804 372/762/756
f 348/762/714 396/762/805 1451/762/806 1450/762/716
f 410/762/768 371/762/767 437/762/807
f 396/762/805 348/762/714 347/762/700
f 403/762/760 1562/762/808 1567/762/761
f 401/762/809 347/762/700 400/762/769
f 401/762/809 396/762/805 347/762/700
f 1529/762/810 394/762/811 1520/762/812
f 1528/762/786 372/762/756 394/762/811 1550/762/813
f 373/762/782 1031/762/781 1030/762/814
f 431/762/815 373/762/782 1030/762/814 1067/762/816
f 434/762/787 374/762/726 459/762/817
f 365/762/730 350/762/722 399/762/798
f 444/762/818 400/762/769 397/762/748
f 436/762/770 355/762/720 407/762/789
f 842/762/819 350/762/722 375/762/750
f 383/762/737 409/762/820 380/762/759
f 409/762/820 378/762/765 380/762/759
f 1433/762/821 363/762/747 1435/762/753
f 405/762/822 385/762/762 1525/762/764 1526/762/823
f 361/762/651 381/762/734 458/762/788
f 437/762/807 371/762/767 389/762/793
f 398/762/824 411/762/774 454/762/825
f 389/762/793 373/762/782 431/762/815
f 394/762/811 1529/762/810 1550/762/813
f 453/762/801 409/762/820 383/762/737
f 435/762/826 393/762/784 802/762/802
f 1449/762/827 419/762/828 374/762/726 1439/762/791
f 458/762/788 386/762/729 421/762/829
f 1019/762/776 367/762/735 406/762/803 1032/762/830
f 422/762/831 1362/762/832 1451/762/806 396/762/805
f 352/762/696 417/762/804 387/762/707
f 1337/762/833 462/762/834 1224/762/835
f 390/762/662 441/762/792 446/762/794
f 417/762/804 394/762/811 372/762/756
f 441/762/792 361/762/651 458/762/788
f 426/762/836 360/762/728 418/762/837
f 494/762/838 413/762/780 452/762/839
f 378/762/765 424/762/840 370/762/766
f 424/762/840 378/762/765 420/762/841
f 403/762/760 366/762/727 433/762/842
f 360/762/728 362/762/733 418/762/837
f 405/762/822 1526/762/823 1534/762/843
f 420/762/841 378/762/765 409/762/820
f 1337/762/833 1336/762/732 429/762/731 462/762/834
f 1361/762/844 1362/762/832 422/762/831
f 370/762/766 414/762/845 376/762/779
f 370/762/766 408/762/846 414/762/845
f 1434/762/778 363/762/747 1433/762/821
f 1562/762/808 403/762/760 1563/762/847
f 394/762/811 439/762/848 1519/762/849 1520/762/812
f 406/762/803 1033/762/850 1032/762/830
f 374/762/726 419/762/828 459/762/817
f 376/762/779 485/762/851 416/762/785
f 376/762/779 414/762/845 485/762/851
f 842/762/819 375/762/750 391/762/749
f 395/762/699 494/762/838 428/762/741
f 494/762/838 395/762/699 413/762/780
f 377/762/755 416/762/785 456/762/852
f 1447/762/853 419/762/828 1449/762/827
f 398/762/824 417/762/804 352/762/696
f 385/762/762 405/762/822 430/762/854
f 402/762/855 385/762/762 430/762/854
f 350/762/722 842/762/819 399/762/798
f 370/762/766 424/762/840 408/762/846
f 433/762/842 366/762/727 427/762/799
f 421/762/829 386/762/729 819/762/856
f 418/762/837 362/762/733 442/762/857
f 429/762/731 404/762/703 440/762/858
f 417/762/804 448/762/859 394/762/811
f 413/762/780 468/762/800 452/762/839
f 437/762/807 389/762/793 497/762/860
f 497/762/860 389/762/793 431/762/815
f 394/762/811 448/762/859 439/762/848
f 1563/762/847 403/762/760 433/762/842 1564/762/861
f 424/762/840 420/762/841 450/762/862
f 404/762/703 399/762/798 440/762/858
f 445/762/863 410/762/768 437/762/807
f 377/762/755 442/762/857 362/762/733
f 1033/762/850 406/762/803 1041/762/864
f 431/762/815 1067/762/816 1072/762/865
f 444/762/818 397/762/748 475/762/866
f 434/762/787 475/762/866 397/762/748
f 432/762/867 420/762/841 409/762/820
f 432/762/867 409/762/820 453/762/801
f 425/762/736 379/762/754 471/762/868
f 412/762/758 382/762/743 447/762/869
f 382/762/743 443/762/870 447/762/869
f 445/762/863 407/762/789 410/762/768
f 482/762/871 433/762/842 427/762/799
f 377/762/755 456/762/852 442/762/857
f 353/762/712 411/762/774 398/762/824
f 445/762/863 461/762/872 407/762/789
f 368/762/711 446/762/794 468/762/800
f 1221/762/873 443/762/870 382/762/743 1220/762/874
f 398/762/824 448/762/859 417/762/804
f 426/762/836 418/762/837 473/762/875
f 459/762/817 419/762/828 484/762/876
f 1445/762/877 484/762/876 419/762/828 1447/762/853
f 432/762/867 450/762/862 420/762/841
f 449/762/878 405/762/822 1534/762/843 1533/762/879
f 430/762/854 405/762/822 449/762/878
f 411/762/774 1035/762/775 1042/762/880
f 474/762/881 392/762/739 1327/762/742 1332/762/882
f 399/762/798 457/762/883 440/762/858
f 406/762/803 425/762/736 1037/762/884 1041/762/864
f 425/762/736 471/762/868 1038/762/885 1037/762/884
f 465/762/886 422/762/831 396/762/805
f 379/762/754 426/762/836 471/762/868
f 482/762/871 427/762/799 455/762/887
f 539/762/888 435/762/826 428/762/741
f 1330/762/889 478/762/890 474/762/881 1332/762/882
f 439/762/848 448/762/859 470/762/891
f 424/762/840 451/762/892 408/762/846
f 451/762/892 495/762/893 408/762/846
f 401/762/809 400/762/769 460/762/894
f 418/762/837 442/762/857 473/762/875
f 393/762/784 435/762/826 469/762/895
f 821/762/896 819/762/856 469/762/895
f 429/762/731 440/762/858 480/762/897
f 429/762/731 480/762/897 462/762/834
f 1564/762/861 433/762/842 482/762/871 1565/762/898
f 475/762/866 434/762/787 467/762/899
f 1329/762/900 478/762/890 1330/762/889
f 396/762/805 401/762/809 465/762/886
f 424/762/840 463/762/901 451/762/892
f 408/762/846 495/762/893 414/762/845
f 497/762/860 506/762/902 437/762/807
f 398/762/824 454/762/825 448/762/859
f 492/762/903 453/762/801 436/762/770
f 437/762/807 506/762/902 445/762/863
f 489/762/904 432/762/867 453/762/801
f 519/762/905 450/762/862 432/762/867
f 496/762/906 445/762/863 506/762/902
f 465/762/886 493/762/907 422/762/831
f 446/762/794 441/762/792 527/762/908
f 402/762/855 430/762/854 476/762/909
f 456/762/852 416/762/785 477/762/910
f 414/762/845 486/762/911 485/762/851
f 414/762/845 495/762/893 486/762/911
f 1222/762/912 1224/762/835 462/762/834
f 543/762/913 452/762/839 468/762/800
f 436/762/770 461/762/872 492/762/903
f 539/762/888 428/762/741 494/762/838
f 459/762/817 467/762/899 434/762/787
f 450/762/862 463/762/901 424/762/840
f 499/762/914 431/762/815 1069/762/915 1068/762/916
f 454/762/825 470/762/891 448/762/859
f 457/762/883 423/762/797 515/762/917
f 443/762/870 1231/762/918 1228/762/919
f 464/762/920 474/762/881 524/762/921
f 1348/762/922 478/762/890 1329/762/900
f 411/762/774 479/762/923 454/762/825
f 479/762/923 411/762/774 1042/762/880 1036/762/924
f 1364/762/925 488/762/926 1363/762/927
f 519/762/905 505/762/928 450/762/862
f 472/762/929 466/762/930 439/762/848
f 516/762/931 489/762/904 453/762/801
f 426/762/836 473/762/875 498/762/932
f 416/762/785 485/762/851 477/762/910
f 515/762/917 447/762/869 553/762/933
f 468/762/800 446/762/794 527/762/908
f 494/762/838 452/762/839 550/762/934
f 489/762/904 519/762/905 432/762/867
f 492/762/903 516/762/931 453/762/801
f 442/762/857 502/762/935 473/762/875
f 481/762/936 1530/762/937 1531/762/938
f 1531/762/938 1532/762/939 481/762/936
f 441/762/792 458/762/788 527/762/908
f 505/762/928 463/762/901 450/762/862
f 527/762/908 458/762/788 500/762/940
f 459/762/817 484/762/876 467/762/899
f 1533/762/879 1545/762/941 449/762/878
f 481/762/936 449/762/878 1545/762/941 1530/762/937
f 487/762/942 460/762/894 483/762/943
f 480/762/897 440/762/858 508/762/944
f 422/762/831 493/762/907 1365/762/945 1361/762/844
f 497/762/860 431/762/815 499/762/914
f 1046/762/946 466/762/930 1045/762/947
f 510/762/948 449/762/878 481/762/936
f 470/762/891 472/762/929 439/762/848
f 456/762/852 491/762/949 442/762/857
f 442/762/857 491/762/949 502/762/935
f 1038/762/885 471/762/868 509/762/950 1040/762/951
f 1363/762/927 488/762/926 1444/762/952
f 471/762/868 426/762/836 498/762/932
f 468/762/800 527/762/908 543/762/913
f 482/762/871 1566/762/953 1565/762/898
f 478/762/890 1348/762/922 1339/762/954
f 443/762/870 540/762/955 447/762/869
f 1532/762/939 1546/762/956 481/762/936
f 479/762/923 531/762/957 454/762/825
f 531/762/957 470/762/891 454/762/825
f 1226/762/958 540/762/955 443/762/870 1228/762/919
f 471/762/868 498/762/932 509/762/950
f 532/762/959 500/762/940 421/762/829
f 500/762/940 458/762/788 421/762/829
f 474/762/881 478/762/890 528/762/960
f 474/762/881 528/762/960 524/762/921
f 475/762/866 803/762/961 537/762/962
f 501/762/963 503/762/964 461/762/872
f 485/762/851 542/762/965 477/762/910
f 546/762/966 1054/762/967 1052/762/968
f 479/762/923 1036/762/924 1054/762/967 546/762/966
f 480/762/897 513/762/969 1225/762/970 1223/762/971
f 480/762/897 508/762/944 513/762/969
f 495/762/893 451/762/892 517/762/972
f 1566/762/953 482/762/871 525/762/973 1572/762/974
f 482/762/871 455/762/887 525/762/973
f 558/762/975 532/762/959 821/762/896
f 487/762/942 483/762/943 504/762/976
f 483/762/943 537/762/962 504/762/976
f 486/762/911 542/762/965 485/762/851
f 509/762/950 533/762/977 1039/762/978 1040/762/951
f 508/762/944 457/762/883 511/762/979
f 503/762/964 492/762/903 461/762/872
f 452/762/839 543/762/913 550/762/934
f 499/762/914 1068/762/916 1070/762/980
f 1365/762/945 493/762/907 488/762/926 1364/762/925
f 523/762/981 1443/762/982 1444/762/952 488/762/926
f 477/762/910 514/762/983 456/762/852
f 456/762/852 514/762/983 491/762/949
f 484/762/876 1445/762/877 1443/762/982 523/762/981
f 516/762/931 552/762/984 489/762/904
f 511/762/979 457/762/883 515/762/917
f 535/762/985 516/762/931 492/762/903
f 480/762/897 1223/762/971 1222/762/912 462/762/834
f 1229/762/986 1225/762/970 513/762/969
f 550/762/934 539/762/888 494/762/838
f 534/762/987 481/762/936 1546/762/956 1547/762/988
f 473/762/875 507/762/989 498/762/932
f 473/762/875 502/762/935 507/762/989
f 520/762/990 536/762/991 465/762/886
f 421/762/829 819/762/856 532/762/959
f 477/762/910 542/762/965 526/762/992
f 477/762/910 526/762/992 514/762/983
f 509/762/950 498/762/932 538/762/993
f 821/762/896 469/762/895 568/762/994
f 484/762/876 523/762/981 467/762/899
f 508/762/944 548/762/995 513/762/969
f 544/762/996 497/762/860 499/762/914
f 506/762/902 497/762/860 544/762/996
f 535/762/985 492/762/903 503/762/964
f 498/762/932 507/762/989 538/762/993
f 486/762/911 495/762/893 530/762/997
f 463/762/901 512/762/998 451/762/892
f 451/762/892 512/762/998 517/762/972
f 502/762/935 501/762/963 507/762/989
f 493/762/907 465/762/886 536/762/991
f 533/762/977 1050/762/999 1039/762/978
f 507/762/989 501/762/963 496/762/906
f 538/762/993 507/762/989 496/762/906
f 491/762/949 521/762/1000 502/762/935
f 515/762/917 553/762/933 828/762/1001
f 552/762/984 519/762/905 489/762/904
f 583/762/1002 481/762/936 534/762/987
f 491/762/949 514/762/983 521/762/1000
f 544/762/996 499/762/914 565/762/1003
f 525/762/973 1571/762/1004 1572/762/974
f 487/762/942 504/762/976 545/762/1005
f 560/762/1006 476/762/909 510/762/948
f 553/762/933 447/762/869 540/762/955
f 529/762/1007 487/762/942 545/762/1005
f 502/762/935 521/762/1000 501/762/963
f 521/762/1000 503/762/964 501/762/963
f 519/762/905 551/762/1008 505/762/928
f 496/762/906 506/762/902 538/762/993
f 469/762/895 561/762/1009 568/762/994
f 544/762/996 804/762/1010 506/762/902
f 521/762/1000 535/762/985 503/762/964
f 470/762/891 531/762/957 472/762/929
f 562/762/1011 488/762/926 493/762/907
f 562/762/1011 523/762/981 488/762/926
f 1071/762/1012 565/762/1003 499/762/914 1070/762/980
f 562/762/1011 493/762/907 536/762/991
f 508/762/944 511/762/979 548/762/995
f 546/762/966 573/762/1013 479/762/923
f 550/762/934 571/762/1014 539/762/888
f 591/762/1015 532/762/959 558/762/975
f 583/762/1002 510/762/948 481/762/936
f 514/762/983 526/762/992 521/762/1000
f 513/762/969 578/762/1016 1230/762/1017 1229/762/986
f 513/762/969 548/762/995 578/762/1016
f 1548/762/1018 541/762/1019 534/762/987 1547/762/988
f 1549/762/1020 541/762/1019 1548/762/1018
f 533/762/977 1049/762/1021 1050/762/999
f 563/762/1022 527/762/908 500/762/940
f 511/762/979 515/762/917 828/762/1001
f 1065/762/1023 1064/762/1024 541/762/1019 1549/762/1020
f 495/762/893 517/762/972 530/762/997
f 580/762/1025 490/762/1026 529/762/1007
f 490/762/1026 580/762/1025 520/762/990
f 526/762/992 535/762/985 521/762/1000
f 567/762/1027 523/762/981 562/762/1011
f 467/762/899 523/762/981 567/762/1027
f 524/762/921 528/762/960 559/762/1028
f 525/762/973 1569/762/1029 1571/762/1004
f 526/762/992 549/762/1030 535/762/985
f 549/762/1030 516/762/931 535/762/985
f 559/762/1028 528/762/960 596/762/1031
f 504/762/976 537/762/962 555/762/1032
f 577/762/1033 510/762/948 583/762/1002
f 533/762/977 509/762/950 804/762/1010
f 1049/762/1021 533/762/977 547/762/1034 1075/762/1035
f 545/762/1005 504/762/976 575/762/1036
f 575/762/1036 504/762/976 555/762/1032
f 472/762/929 531/762/957 1059/762/1037 1055/762/1038
f 560/762/1006 557/762/1039 476/762/909
f 557/762/1039 518/762/1040 476/762/909
f 573/762/1013 531/762/957 479/762/923
f 803/762/961 555/762/1032 537/762/962
f 1053/762/1041 472/762/929 1055/762/1038
f 582/762/1042 534/762/987 541/762/1019
f 545/762/1005 603/762/1043 529/762/1007
f 571/762/1014 581/762/1044 539/762/888
f 581/762/1044 561/762/1009 539/762/888
f 552/762/984 551/762/1008 519/762/905
f 500/762/940 591/762/1015 563/762/1022
f 591/762/1015 500/762/940 532/762/959
f 526/762/992 554/762/1045 549/762/1030
f 1239/762/1046 1230/762/1017 578/762/1016
f 542/762/965 554/762/1045 526/762/992
f 1227/762/1047 595/762/1048 540/762/955 1226/762/958
f 563/762/1022 543/762/913 527/762/908
f 517/762/972 589/762/1049 530/762/997
f 542/762/965 566/762/1050 554/762/1045
f 1467/762/1051 1466/762/1052 556/762/1053
f 1569/762/1029 525/762/973 518/762/1040 1570/762/1054
f 518/762/1040 557/762/1039 1577/762/1055 1570/762/1054
f 572/762/1056 516/762/931 549/762/1030
f 572/762/1056 552/762/984 516/762/931
f 564/762/1057 550/762/934 543/762/913
f 546/762/966 1052/762/968 1051/762/1058
f 554/762/1045 572/762/1056 549/762/1030
f 524/762/921 559/762/1028 556/762/1053
f 553/762/933 540/762/955 601/762/1059
f 548/762/995 511/762/979 828/762/1001
f 577/762/1033 560/762/1006 510/762/948
f 803/762/961 592/762/1060 555/762/1032
f 467/762/899 567/762/1027 803/762/961
f 580/762/1025 529/762/1007 574/762/1061
f 564/762/1057 610/762/1062 550/762/934
f 517/762/972 512/762/998 576/762/1063
f 569/762/1064 576/762/1063 512/762/998
f 575/762/1036 555/762/1032 599/762/1065
f 614/762/1066 520/762/990 580/762/1025
f 828/762/1001 553/762/933 601/762/1059
f 570/762/1067 564/762/1057 543/762/913
f 554/762/1045 566/762/1050 572/762/1056
f 1059/762/1037 531/762/957 573/762/1013 1057/762/1068
f 585/762/1069 821/762/896 568/762/994
f 806/762/1070 570/762/1067 563/762/1022
f 556/762/1053 584/762/1071 1468/762/1072 1467/762/1051
f 486/762/911 530/762/997 542/762/965
f 530/762/997 589/762/1049 598/762/1073
f 1079/762/1074 565/762/1003 1071/762/1012
f 608/762/1075 552/762/984 572/762/1056
f 536/762/991 520/762/990 614/762/1066
f 512/762/998 522/762/1076 569/762/1064
f 1340/762/1077 820/762/1078 1341/762/1079
f 547/762/1034 544/762/996 565/762/1003
f 556/762/1053 559/762/1028 579/762/1080
f 556/762/1053 579/762/1080 584/762/1071
f 583/762/1002 534/762/987 582/762/1042
f 589/762/1049 517/762/972 576/762/1063
f 547/762/1034 1074/762/1081 1075/762/1035
f 587/762/1082 582/762/1042 541/762/1019
f 567/762/1027 562/762/1011 588/762/1083
f 1573/762/1084 557/762/1039 560/762/1006 1544/762/1085
f 597/762/1086 545/762/1005 575/762/1036
f 548/762/995 623/762/1087 578/762/1016
f 536/762/991 606/762/1088 562/762/1011
f 1544/762/1085 560/762/1006 577/762/1033 1539/762/1089
f 1060/762/1090 587/762/1082 541/762/1019 1064/762/1024
f 604/762/1091 581/762/1044 571/762/1014
f 551/762/1008 552/762/984 608/762/1075
f 585/762/1069 568/762/994 600/762/1092
f 586/762/1093 590/762/1094 1233/762/1095 1232/762/1096
f 557/762/1039 1574/762/1097 1577/762/1055
f 562/762/1011 606/762/1088 588/762/1083
f 610/762/1062 571/762/1014 550/762/934
f 593/762/1098 610/762/1062 564/762/1057
f 593/762/1098 564/762/1057 570/762/1067
f 547/762/1034 565/762/1003 1073/762/1099 1074/762/1081
f 563/762/1022 591/762/1015 637/762/1100
f 806/762/1070 563/762/1022 637/762/1100
f 587/762/1082 1060/762/1090 1056/762/1101
f 1078/762/1102 546/762/966 1051/762/1058
f 1078/762/1102 1076/762/1103 573/762/1013 546/762/966
f 567/762/1027 613/762/1104 803/762/961
f 567/762/1027 588/762/1083 613/762/1104
f 557/762/1039 1573/762/1084 1574/762/1097
f 551/762/1008 608/762/1075 605/762/1105
f 1236/762/1106 586/762/1093 1232/762/1096
f 603/762/1043 545/762/1005 597/762/1086
f 586/762/1093 1236/762/1106 1237/762/1107
f 839/762/1108 568/762/994 561/762/1009
f 522/762/1076 594/762/1109 569/762/1064
f 566/762/1050 598/762/1073 620/762/1110
f 542/762/965 598/762/1073 566/762/1050
f 610/762/1062 604/762/1091 571/762/1014
f 623/762/1087 548/762/995 828/762/1001
f 599/762/1065 619/762/1111 575/762/1036
f 555/762/1032 592/762/1060 599/762/1065
f 619/762/1111 597/762/1086 575/762/1036
f 551/762/1008 605/762/1105 805/762/1112
f 590/762/1094 602/762/1113 1343/762/1114 1235/762/1115
f 1234/762/1116 590/762/1094 1235/762/1115
f 1240/762/1117 595/762/1048 1227/762/1047
f 591/762/1015 558/762/975 652/762/1118
f 583/762/1002 1541/762/1119 1540/762/1120 577/762/1033
f 573/762/1013 1063/762/1121 1057/762/1068
f 615/762/1122 559/762/1028 596/762/1031
f 653/762/1123 574/762/1061 603/762/1043
f 629/762/1124 581/762/1044 604/762/1091
f 1238/762/1125 1239/762/1046 578/762/1016
f 1541/762/1119 583/762/1002 582/762/1042 1542/762/1126
f 1469/762/1127 1468/762/1072 584/762/1071
f 565/762/1003 1079/762/1074 1073/762/1099
f 833/762/1128 600/762/1092 839/762/1108
f 651/762/1129 586/762/1093 1237/762/1107 1243/762/1130
f 606/762/1088 536/762/991 614/762/1066
f 606/762/1088 614/762/1066 607/762/1131
f 1056/762/1101 1058/762/1132 587/762/1082
f 590/762/1094 627/762/1133 829/762/1134
f 584/762/1071 579/762/1080 611/762/1135
f 611/762/1135 1367/762/1136 1368/762/1137 584/762/1071
f 1346/762/1138 618/762/1139 820/762/1078 1340/762/1077
f 601/762/1059 830/762/1140 828/762/1001
f 637/762/1100 591/762/1015 652/762/1118
f 599/762/1065 592/762/1060 616/762/1141
f 584/762/1071 1368/762/1137 1469/762/1127
f 803/762/961 613/762/1104 592/762/1060
f 600/762/1092 668/762/1142 585/762/1069
f 589/762/1049 609/762/1143 598/762/1073
f 594/762/1109 617/762/1144 569/762/1064
f 594/762/1109 625/762/1145 617/762/1144
f 594/762/1109 622/762/1146 625/762/1145
f 1343/762/1114 602/762/1113 1344/762/1147
f 1241/762/1148 633/762/1149 595/762/1048 1240/762/1117
f 559/762/1028 615/762/1122 579/762/1080
f 601/762/1059 595/762/1048 630/762/1150
f 595/762/1048 633/762/1149 630/762/1150
f 686/762/1151 806/762/1070 637/762/1100
f 613/762/1104 588/762/1083 654/762/1152
f 651/762/1129 627/762/1133 586/762/1093
f 558/762/975 585/762/1069 652/762/1118
f 668/762/1142 600/762/1092 833/762/1128
f 598/762/1073 609/762/1143 620/762/1110
f 1538/762/1153 577/762/1033 1540/762/1120
f 577/762/1033 1538/762/1153 1539/762/1089
f 580/762/1025 574/762/1061 621/762/1154
f 614/762/1066 580/762/1025 621/762/1154
f 619/762/1111 599/762/1065 631/762/1155
f 631/762/1155 599/762/1065 616/762/1141
f 1346/762/1138 1345/762/1156 618/762/1139
f 1063/762/1121 573/762/1013 1076/762/1103
f 596/762/1031 820/762/1078 618/762/1139
f 582/762/1042 1543/762/1157 1542/762/1126
f 587/762/1082 1536/762/1158 1537/762/1159 582/762/1042
f 582/762/1042 1537/762/1159 1543/762/1157
f 522/762/1076 843/762/1160 594/762/1109
f 602/762/1113 612/762/1161 1347/762/1162 1344/762/1147
f 626/762/1163 612/762/1161 602/762/1113
f 624/762/1164 603/762/1043 597/762/1086
f 611/762/1135 579/762/1080 638/762/1165
f 579/762/1080 615/762/1122 638/762/1165
f 578/762/1016 628/762/1166 1242/762/1167 1238/762/1125
f 610/762/1062 593/762/1098 655/762/1168
f 653/762/1123 603/762/1043 624/762/1164
f 578/762/1016 623/762/1087 628/762/1166
f 1058/762/1132 1062/762/1169 1535/762/1170 1536/762/1158 587/762/1082
f 592/762/1060 613/762/1104 657/762/1171
f 616/762/1141 592/762/1060 657/762/1171
f 807/762/1172 596/762/1031 618/762/1139
f 605/762/1105 658/762/1173 805/762/1112
f 643/762/1174 635/762/1175 619/762/1111
f 589/762/1049 639/762/1176 609/762/1143
f 588/762/1083 606/762/1088 607/762/1131
f 609/762/1143 840/762/1177 620/762/1110
f 607/762/1131 614/762/1066 621/762/1154
f 611/762/1135 632/762/1178 1366/762/1179 1367/762/1136
f 588/762/1083 607/762/1131 654/762/1152
f 593/762/1098 650/762/1180 655/762/1168
f 609/762/1143 666/762/1181 840/762/1177
f 639/762/1176 666/762/1181 609/762/1143
f 805/762/1112 679/762/1182 622/762/1146
f 569/762/1064 634/762/1183 576/762/1063
f 597/762/1086 619/762/1111 635/762/1175
f 624/762/1164 597/762/1086 635/762/1175
f 617/762/1144 634/762/1183 569/762/1064
f 574/762/1061 653/762/1123 621/762/1154
f 663/762/1184 634/762/1183 617/762/1144
f 644/762/1185 1080/762/1186 1077/762/1187
f 1081/762/1188 644/762/1185 1077/762/1187
f 623/762/1087 697/762/1189 628/762/1166
f 604/762/1091 610/762/1062 655/762/1168
f 1247/762/1190 633/762/1149 1241/762/1148
f 629/762/1124 604/762/1091 648/762/1191
f 643/762/1174 619/762/1111 631/762/1155
f 608/762/1075 840/762/1177 605/762/1105
f 1370/762/1192 1369/762/1193 641/762/1194
f 807/762/1172 615/762/1122 596/762/1031
f 1244/762/1195 1242/762/1167 628/762/1166
f 576/762/1063 639/762/1176 589/762/1049
f 645/762/1196 668/762/1142 833/762/1128
f 570/762/1067 806/762/1070 593/762/1098
f 645/762/1196 833/762/1128 687/762/1197
f 646/762/1198 626/762/1163 829/762/1134
f 640/762/1199 618/762/1139 1345/762/1156 1351/762/1200
f 807/762/1172 618/762/1139 640/762/1199
f 623/762/1087 830/762/1140 697/762/1189
f 661/762/1201 658/762/1173 605/762/1105
f 641/762/1194 667/762/1202 1371/762/1203 1370/762/1192
f 631/762/1155 616/762/1141 706/762/1204
f 679/762/1182 701/762/1205 622/762/1146
f 636/762/1206 1353/762/1207 1352/762/1208
f 653/762/1123 624/762/1164 680/762/1209
f 698/762/1210 627/762/1133 651/762/1129
f 698/762/1210 646/762/1198 627/762/1133
f 576/762/1063 634/762/1183 639/762/1176
f 611/762/1135 638/762/1165 659/762/1211
f 632/762/1178 611/762/1135 659/762/1211
f 607/762/1131 621/762/1154 822/762/1212
f 683/762/1213 629/762/1124 648/762/1191
f 1062/762/1169 1061/762/1214 1535/762/1170
f 1245/762/1215 651/762/1129 1243/762/1130
f 585/762/1069 668/762/1142 652/762/1118
f 612/762/1161 649/762/1216 642/762/1217
f 637/762/1100 652/762/1118 672/762/1218
f 1452/762/1219 1350/762/1220 1349/762/1221
f 1454/762/1222 640/762/1199 1351/762/1200 1350/762/1220 1452/762/1219
f 633/762/1149 647/762/1223 665/762/1224
f 621/762/1154 653/762/1123 664/762/1225
f 626/762/1163 649/762/1216 612/762/1161
f 643/762/1174 631/762/1155 690/762/1226
f 690/762/1226 631/762/1155 706/762/1204
f 624/762/1164 635/762/1175 682/762/1227
f 1372/762/1228 1371/762/1203 667/762/1202
f 625/762/1145 674/762/1229 617/762/1144
f 605/762/1105 840/762/1177 661/762/1201
f 662/762/1230 638/762/1165 615/762/1122
f 663/762/1184 639/762/1176 634/762/1183
f 622/762/1146 701/762/1205 625/762/1145
f 706/762/1204 616/762/1141 657/762/1171
f 672/762/1218 686/762/1151 637/762/1100
f 1248/762/1231 647/762/1223 633/762/1149 1247/762/1190
f 1087/762/1232 669/762/1233 644/762/1185 1081/762/1188
f 679/762/1182 805/762/1112 658/762/1173
f 664/762/1225 660/762/1234 621/762/1154
f 807/762/1172 640/762/1199 671/762/1235
f 662/762/1230 807/762/1172 675/762/1236
f 685/762/1237 630/762/1150 665/762/1224
f 642/762/1217 649/762/1216 656/762/1238
f 642/762/1217 656/762/1238 678/762/1239
f 663/762/1184 617/762/1144 674/762/1229
f 673/762/1240 649/762/1216 626/762/1163
f 644/762/1185 1082/762/1241 1080/762/1186
f 1082/762/1241 644/762/1185 669/762/1233 1085/762/1242
f 1353/762/1207 636/762/1206 1360/762/1243
f 674/762/1229 625/762/1145 719/762/1244
f 719/762/1244 625/762/1145 701/762/1205
f 655/762/1168 648/762/1191 604/762/1091
f 716/762/1245 656/762/1238 649/762/1216
f 673/762/1240 716/762/1245 649/762/1216
f 655/762/1168 650/762/1180 677/762/1246
f 675/762/1236 807/762/1172 671/762/1235
f 667/762/1202 1373/762/1247 1372/762/1228
f 657/762/1171 613/762/1104 654/762/1152
f 648/762/1191 655/762/1168 677/762/1246
f 635/762/1175 643/762/1174 699/762/1248
f 682/762/1227 680/762/1209 624/762/1164
f 641/762/1194 632/762/1178 689/762/1249
f 632/762/1178 659/762/1211 689/762/1249
f 653/762/1123 680/762/1209 664/762/1225
f 682/762/1227 720/762/1250 680/762/1209
f 654/762/1152 822/762/1212 676/762/1251
f 642/762/1217 678/762/1239 636/762/1206
f 640/762/1199 1454/762/1222 1456/762/1252 671/762/1235
f 704/762/1253 657/762/1171 676/762/1251
f 699/762/1248 682/762/1227 635/762/1175
f 1457/762/1254 671/762/1235 1456/762/1252
f 662/762/1230 675/762/1236 693/762/1255
f 1360/762/1243 636/762/1206 670/762/1256 1359/762/1257
f 641/762/1194 689/762/1249 691/762/1258
f 1254/762/1259 647/762/1223 1248/762/1231
f 727/762/1260 648/762/1191 677/762/1246
f 646/762/1198 698/762/1210 725/762/1261
f 639/762/1176 718/762/1262 666/762/1181
f 646/762/1198 702/762/1263 626/762/1163
f 702/762/1263 673/762/1240 626/762/1163
f 677/762/1246 650/762/1180 696/762/1264
f 650/762/1180 684/762/1265 696/762/1264
f 663/762/1184 715/762/1266 639/762/1176
f 661/762/1201 840/762/1177 666/762/1181
f 718/762/1262 661/762/1201 666/762/1181
f 648/762/1191 727/762/1260 683/762/1213
f 1083/762/1267 669/762/1233 1087/762/1232
f 699/762/1248 643/762/1174 690/762/1226
f 733/762/1268 645/762/1196 687/762/1197
f 712/762/1269 679/762/1182 658/762/1173
f 659/762/1211 638/762/1165 688/762/1270
f 725/762/1261 702/762/1263 646/762/1198
f 667/762/1202 641/762/1194 691/762/1258
f 659/762/1211 713/762/1271 689/762/1249
f 726/762/1272 686/762/1151 672/762/1218
f 744/762/1273 809/762/1274 673/762/1240
f 688/762/1270 662/762/1230 693/762/1255
f 688/762/1270 700/762/1275 659/762/1211
f 712/762/1269 658/762/1173 661/762/1201
f 714/762/1276 628/762/1166 697/762/1189
f 702/762/1263 744/762/1273 673/762/1240
f 664/762/1225 680/762/1209 717/762/1277
f 676/762/1251 660/762/1234 703/762/1278
f 704/762/1253 676/762/1251 703/762/1278
f 671/762/1235 1457/762/1254 1458/762/1279
f 727/762/1260 677/762/1246 696/762/1264
f 692/762/1280 670/762/1256 678/762/1239
f 679/762/1182 724/762/1281 701/762/1205
f 724/762/1281 679/762/1182 712/762/1269
f 667/762/1202 691/762/1258 1374/762/1282 1375/762/1283
f 1458/762/1279 1459/762/1284 675/762/1236 671/762/1235
f 1461/762/1285 693/762/1255 675/762/1236 1459/762/1284
f 739/762/1286 686/762/1151 726/762/1272
f 706/762/1204 657/762/1171 704/762/1253
f 739/762/1286 684/762/1265 686/762/1151
f 696/762/1264 684/762/1265 739/762/1286
f 639/762/1176 715/762/1266 718/762/1262
f 734/762/1287 1576/762/1288 1575/762/1289
f 1581/762/1290 1576/762/1288 734/762/1287
f 683/762/1213 728/762/1291 687/762/1197
f 665/762/1224 647/762/1223 732/762/1292
f 659/762/1211 700/762/1275 713/762/1271
f 1358/762/1293 670/762/1256 694/762/1294 1357/762/1295
f 700/762/1275 688/762/1270 693/762/1255
f 690/762/1226 706/762/1204 730/762/1296
f 682/762/1227 699/762/1248 722/762/1297
f 733/762/1268 687/762/1197 728/762/1291
f 742/762/1298 689/762/1249 713/762/1271
f 699/762/1248 690/762/1226 711/762/1299
f 701/762/1205 764/762/1300 719/762/1244
f 674/762/1229 721/762/1301 748/762/1302
f 663/762/1184 674/762/1229 831/762/1303
f 705/762/1304 664/762/1225 717/762/1277
f 726/762/1272 672/762/1218 708/762/1305
f 670/762/1256 692/762/1280 694/762/1294
f 727/762/1260 696/762/1264 754/762/1306
f 724/762/1281 764/762/1300 701/762/1205
f 669/762/1233 747/762/1307 1086/762/1308 1085/762/1242
f 697/762/1189 685/762/1237 710/762/1309
f 1359/762/1257 670/762/1256 1358/762/1293
f 710/762/1309 685/762/1237 665/762/1224
f 678/762/1239 709/762/1310 692/762/1280
f 694/762/1294 692/762/1280 1465/762/1311 1462/762/1312
f 693/762/1255 1461/762/1285 1460/762/1313 707/762/1314
f 700/762/1275 693/762/1255 707/762/1314
f 767/762/1315 708/762/1305 681/762/1316
f 1357/762/1295 694/762/1294 1356/762/1317
f 1373/762/1247 667/762/1202 1375/762/1283
f 735/762/1318 717/762/1277 680/762/1209
f 723/762/1319 697/762/1189 710/762/1309
f 714/762/1276 697/762/1189 723/762/1319
f 738/762/1320 725/762/1261 698/762/1210
f 1462/762/1312 1463/762/1321 694/762/1294
f 704/762/1253 703/762/1278 759/762/1322
f 1383/762/1323 707/762/1314 1460/762/1313
f 747/762/1307 1084/762/1324 1086/762/1308
f 700/762/1275 707/762/1314 713/762/1271
f 765/762/1325 726/762/1272 708/762/1305
f 738/762/1320 698/762/1210 1249/762/1326 1252/762/1327
f 735/762/1318 680/762/1209 720/762/1250
f 722/762/1297 720/762/1250 682/762/1227
f 706/762/1204 704/762/1253 749/762/1328
f 749/762/1328 704/762/1253 759/762/1322
f 729/762/1329 722/762/1297 699/762/1248
f 706/762/1204 749/762/1328 730/762/1296
f 711/762/1299 690/762/1226 730/762/1296
f 708/762/1305 767/762/1315 765/762/1325
f 719/762/1244 721/762/1301 674/762/1229
f 1356/762/1317 694/762/1294 1463/762/1321 1355/762/1330
f 734/762/1287 1575/762/1289 1582/762/1331
f 710/762/1309 665/762/1224 731/762/1332
f 745/762/1333 710/762/1309 731/762/1332
f 746/762/1334 719/762/1244 764/762/1300
f 741/762/1335 712/762/1269 661/762/1201
f 1256/762/1336 743/762/1337 647/762/1223 1254/762/1259
f 665/762/1224 732/762/1292 736/762/1338
f 691/762/1258 689/762/1249 742/762/1298
f 737/762/1339 747/762/1307 669/762/1233
f 736/762/1338 731/762/1332 665/762/1224
f 1095/762/1340 737/762/1339 669/762/1233 1083/762/1267
f 661/762/1201 718/762/1262 741/762/1335
f 714/762/1276 768/762/1341 1255/762/1342 1253/762/1343
f 683/762/1213 727/762/1260 728/762/1291
f 707/762/1314 1383/762/1323 1384/762/1344 740/762/1345
f 707/762/1314 740/762/1345 713/762/1271
f 754/762/1306 696/762/1264 739/762/1286
f 754/762/1306 739/762/1286 778/762/1346
f 723/762/1319 710/762/1309 745/762/1333
f 715/762/1266 763/762/1347 718/762/1262
f 713/762/1271 740/762/1345 742/762/1298
f 760/762/1348 699/762/1248 711/762/1299
f 719/762/1244 746/762/1334 721/762/1301
f 714/762/1276 723/762/1319 768/762/1341
f 647/762/1223 743/762/1337 732/762/1292
f 720/762/1250 779/762/1349 735/762/1318
f 1252/762/1327 1251/762/1350 738/762/1320
f 779/762/1349 720/762/1250 722/762/1297
f 1274/762/1351 743/762/1337 1256/762/1336
f 725/762/1261 744/762/1273 702/762/1263
f 1385/762/1352 740/762/1345 1384/762/1344
f 717/762/1277 735/762/1318 762/762/1353
f 768/762/1341 723/762/1319 745/762/1333
f 732/762/1292 743/762/1337 784/762/1354
f 750/762/1355 725/762/1261 738/762/1320
f 750/762/1355 744/762/1273 725/762/1261
f 1380/762/1356 740/762/1345 1385/762/1352
f 728/762/1291 727/762/1260 753/762/1357
f 727/762/1260 754/762/1306 753/762/1357
f 1251/762/1350 1273/762/1358 738/762/1320
f 772/762/1359 733/762/1268 728/762/1291
f 769/762/1360 715/762/1266 831/762/1303
f 1263/762/1361 1255/762/1342 768/762/1341
f 1580/762/1362 1581/762/1290 734/762/1287 755/762/1363
f 1578/762/1364 1580/762/1362 755/762/1363
f 731/762/1332 736/762/1338 751/762/1365
f 745/762/1333 731/762/1332 751/762/1365
f 739/762/1286 726/762/1272 777/762/1366
f 732/762/1292 784/762/1354 736/762/1338
f 759/762/1322 703/762/1278 756/762/1367
f 793/762/1368 733/762/1268 772/762/1359
f 755/762/1363 734/762/1287 1582/762/1331 1579/762/1369
f 758/762/1370 735/762/1318 779/762/1349
f 762/762/1353 735/762/1318 758/762/1370
f 711/762/1299 730/762/1296 791/762/1371
f 1141/762/1372 1143/762/1373 823/762/1374 737/762/1339
f 778/762/1346 739/762/1286 777/762/1366
f 786/762/1375 764/762/1300 724/762/1281
f 750/762/1355 738/762/1320 1273/762/1358 1272/762/1376
f 1381/762/1377 742/762/1298 740/762/1345 1380/762/1356
f 748/762/1302 721/762/1301 787/762/1378
f 718/762/1262 763/762/1347 741/762/1335
f 760/762/1348 729/762/1329 699/762/1248
f 703/762/1278 705/762/1304 756/762/1367
f 762/762/1353 705/762/1304 717/762/1277
f 792/762/1379 752/762/1380 753/762/1357
f 716/762/1245 809/762/1274 757/762/1381
f 753/762/1357 754/762/1306 790/762/1382
f 733/762/1268 793/762/1368 695/762/1383
f 712/762/1269 786/762/1375 724/762/1281
f 774/762/1384 809/762/1274 810/762/1385
f 715/762/1266 771/762/1386 763/762/1347
f 769/762/1360 771/762/1386 715/762/1266
f 712/762/1269 766/762/1387 786/762/1375
f 762/762/1353 1201/762/1388 1202/762/1389 705/762/1304
f 754/762/1306 778/762/1346 790/762/1382
f 745/762/1333 1160/762/1390 1162/762/1391 768/762/1341
f 748/762/1302 787/762/1378 769/762/1360
f 722/762/1297 729/762/1329 773/762/1392
f 730/762/1296 749/762/1328 761/762/1393
f 761/762/1393 749/762/1328 759/762/1322
f 728/762/1291 752/762/1380 772/762/1359
f 751/762/1365 1182/762/1394 1181/762/1395 745/762/1333
f 1262/762/1396 1261/762/1397 787/762/1378 721/762/1301
f 777/762/1366 726/762/1272 788/762/1398
f 788/762/1398 726/762/1272 765/762/1325
f 781/762/1399 759/762/1322 756/762/1367
f 753/762/1357 752/762/1380 728/762/1291
f 792/762/1379 753/762/1357 790/762/1382
f 755/762/1363 789/762/1400 1583/762/1401 1578/762/1364
f 1258/762/1402 813/762/1403 1259/762/1404
f 760/762/1348 711/762/1299 791/762/1371
f 730/762/1296 761/762/1393 791/762/1371
f 783/762/1405 811/762/1406 1270/762/1407 1269/762/1408
f 755/762/1363 1107/762/1409 1104/762/1410 789/762/1400
f 1158/762/1411 1146/762/1412 743/762/1337 1274/762/1351
f 736/762/1338 784/762/1354 775/762/1413
f 741/762/1335 766/762/1387 712/762/1269
f 784/762/1354 743/762/1337 1146/762/1412 1147/762/1414
f 1259/762/1404 813/762/1403 1257/762/1415
f 736/762/1338 782/762/1416 751/762/1365
f 756/762/1367 705/762/1304 776/762/1417
f 1084/762/1324 747/762/1307 1091/762/1418
f 736/762/1338 775/762/1413 782/762/1416
f 767/762/1315 1124/762/1419 1126/762/1420 765/762/1325
f 780/762/1421 760/762/1348 791/762/1371
f 1188/762/1422 1187/762/1423 763/762/1347 771/762/1386
f 705/762/1304 1202/762/1389 1203/762/1424 776/762/1417
f 1164/762/1425 757/762/1381 774/762/1384 1166/762/1426
f 1124/762/1419 767/762/1315 770/762/1427 1125/762/1428
f 786/762/1375 1189/762/1429 1190/762/1430
f 750/762/1355 811/762/1406 810/762/1385
f 779/762/1349 722/762/1297 773/762/1392
f 770/762/1427 695/762/1383 793/762/1368
f 1260/762/1431 746/762/1334 1152/762/1432 1153/762/1433 1265/762/1434
f 721/762/1301 746/762/1334 1260/762/1431 1262/762/1396
f 761/762/1393 759/762/1322 781/762/1399
f 780/762/1421 729/762/1329 760/762/1348
f 768/762/1341 1162/762/1391 1169/762/1435 1267/762/1436 1263/762/1361
f 1196/762/1437 761/762/1393 781/762/1399 1197/762/1438
f 1118/762/1439 1117/762/1440 779/762/1349 773/762/1392
f 763/762/1347 1187/762/1423 1186/762/1441 741/762/1335
f 765/762/1325 1126/762/1420 1127/762/1442 788/762/1398
f 781/762/1399 756/762/1367 776/762/1417
f 1137/762/1443 812/762/1444 1088/762/1445 1094/762/1446
f 751/762/1365 782/762/1416 1101/762/1447 1182/762/1394
f 1110/762/1448 729/762/1329 780/762/1421 1198/762/1449
f 791/762/1371 761/762/1393 1196/762/1437 1193/762/1450
f 771/762/1386 1191/762/1451 1188/762/1422
f 752/762/1380 1128/762/1452 1130/762/1453
f 758/762/1370 1116/762/1454 1115/762/1455 762/762/1353
f 737/762/1339 1142/762/1456 1141/762/1372
f 757/762/1381 1164/762/1425 1163/762/1457 785/762/1458
f 741/762/1335 1200/762/1459 1183/762/1460 766/762/1387
f 776/762/1417 1203/762/1424 1204/762/1461
f 776/762/1417 1204/762/1461 1205/762/1462 781/762/1399
f 844/762/1463 1172/762/1464 1173/762/1465
f 773/762/1392 729/762/1329 1110/762/1448 1111/762/1466
f 812/762/1444 1137/762/1443 1136/762/1467
f 745/762/1333 1192/762/1468 1160/762/1390
f 745/762/1333 1181/762/1395 1192/762/1468
f 1139/762/1469 1093/762/1470 1089/762/1471 823/762/1374 1138/762/1472
f 778/762/1346 777/762/1366 1120/762/1473 1123/762/1474
f 777/762/1366 788/762/1398 1121/762/1475 1120/762/1473
f 1377/762/1476 1177/762/1477 1178/762/1478
f 1378/762/1479 785/762/1458 1179/762/1480 1177/762/1477 1377/762/1476
f 1194/762/1481 1199/762/1482 780/762/1421 791/762/1371
f 790/762/1382 778/762/1346 1113/762/1483 1114/762/1484
f 778/762/1346 1123/762/1474 1113/762/1483
f 1172/762/1464 844/762/1463 786/762/1375 1190/762/1430
f 1140/762/1485 770/762/1427 793/762/1368 1134/762/1486
f 1168/762/1487 1161/762/1488 769/762/1360 787/762/1378
f 1266/762/1489 1170/762/1490 1171/762/1491 783/762/1405
f 1269/762/1408 1266/762/1489 783/762/1405
f 779/762/1349 1117/762/1440 1119/762/1492 758/762/1370
f 780/762/1421 1199/762/1482 1198/762/1449
f 762/762/1353 1115/762/1455 1201/762/1388
f 758/762/1370 1119/762/1492 1116/762/1454
f 741/762/1335 1186/762/1441 1200/762/1459
f 1102/762/1493 1101/762/1447 782/762/1416
f 782/762/1416 1100/762/1494 1102/762/1493
f 790/762/1382 1114/762/1484 1145/762/1495
f 792/762/1379 1132/762/1496 1129/762/1497
f 1264/762/1498 1155/762/1499 1174/762/1500 787/762/1378 1261/762/1397
f 773/762/1392 1111/762/1466 1112/762/1501
f 1149/762/1502 1167/762/1503 813/762/1403
f 1268/762/1504 1175/762/1505 1157/762/1506
f 1131/762/1507 1132/762/1496 792/762/1379 790/762/1382
f 1096/762/1508 1097/762/1509 775/762/1413 784/762/1354
f 789/762/1400 1098/762/1510 1099/762/1511 1583/762/1401
f 772/762/1359 1144/762/1512 1133/762/1513 793/762/1368
f 813/762/1403 1167/762/1503 1148/762/1514
f 784/762/1354 1147/762/1414 1176/762/1515
f 784/762/1354 1176/762/1515 1096/762/1508
f 1151/762/1516 1149/762/1502 813/762/1403 1258/762/1402
f 788/762/1398 1127/762/1442 1122/762/1517
f 775/762/1413 1103/762/1518 1100/762/1494 782/762/1416
f 770/762/1427 1140/762/1485 1125/762/1428
f 787/762/1378 1174/762/1500 1168/762/1487
f 1175/762/1505 1268/762/1504 1267/762/1436 1169/762/1435
f 1129/762/1497 1128/762/1452 752/762/1380 792/762/1379
f 1130/762/1453 1144/762/1512 772/762/1359 752/762/1380
f 789/762/1400 1106/762/1519 1098/762/1510
f 773/762/1392 1112/762/1501 1118/762/1439
f 790/762/1382 1145/762/1495 1131/762/1507
f 791/762/1371 1195/762/1520 1194/762/1481
f 791/762/1371 1193/762/1450 1195/762/1520
f 1265/762/1434 1153/762/1433 1154/762/1521
f 766/762/1387 1183/762/1460 1185/762/1522
f 793/762/1368 1135/762/1523 1134/762/1486
f 1189/762/1429 786/762/1375 766/762/1387 1184/762/1524
f 766/762/1387 1185/762/1522 1184/762/1524
f 1163/762/1457 1180/762/1525 785/762/1458
f 781/762/1399 1206/762/1526 1197/762/1438
f 793/762/1368 1133/762/1513 1135/762/1523
f 785/762/1458 1180/762/1525 1179/762/1480
f 1264/762/1498 1156/762/1527 1155/762/1499
f 788/762/1398 1122/762/1517 1121/762/1475
f 789/762/1400 1104/762/1410 1105/762/1528
f 775/762/1413 1097/762/1509 1103/762/1518
f 875/762/1529 14/762/82 876/762/81
f 14/762/82 875/762/1529 885/762/172
f 865/762/37 794/762/36 864/762/1530
f 794/762/36 64/762/266 863/762/267 864/762/1530
f 849/762/1531 850/762/127 1280/762/126
f 796/762/229 3/762/129 23/762/179
f 25/762/180 92/762/290 59/762/215
f 6/762/14 51/762/13 70/762/312
f 796/762/229 23/762/179 29/762/230
f 797/762/272 38/762/191 135/762/405
f 99/762/335 58/762/295 1291/762/294 1314/762/336
f 28/762/116 62/762/223 119/762/333
f 155/762/415 113/762/347 99/762/335
f 79/762/309 86/762/324 798/762/369
f 66/762/235 797/762/272 181/762/363
f 86/762/324 117/762/389 798/762/369
f 75/762/197 53/762/231 133/762/397
f 114/762/270 799/762/400 172/762/388
f 126/762/306 799/762/400 114/762/270
f 168/762/409 154/762/396 798/762/369
f 797/762/272 232/762/475 181/762/363
f 800/762/516 184/762/422 164/762/348
f 184/762/422 800/762/516 288/762/568
f 225/762/490 192/762/435 824/762/473
f 799/762/400 139/762/399 258/762/546
f 225/762/490 824/762/473 285/762/560
f 288/762/568 800/762/516 272/762/570
f 800/762/516 173/762/401 260/762/515
f 231/762/464 332/762/577 190/762/463
f 139/762/399 1499/762/503 1498/762/603
f 285/762/560 824/762/473 344/762/646
f 275/762/522 178/762/445 295/762/654
f 241/762/531 290/762/615 1320/762/666 1324/762/638
f 297/762/545 801/762/1532 248/762/541
f 267/762/584 826/762/641 330/762/645
f 801/762/1532 297/762/545 351/762/652
f 301/762/607 282/762/613 317/762/664
f 429/762/731 327/762/634 344/762/646
f 1220/762/874 382/762/743 339/762/653 1218/762/1533
f 369/762/650 802/762/802 359/762/669
f 802/762/802 428/762/741 435/762/826
f 466/762/930 1044/762/1534 1047/762/745 1521/762/744 1518/762/1535
f 802/762/802 393/762/784 359/762/669
f 438/762/1536 415/762/771 402/762/855
f 1043/762/1537 1044/762/1534 466/762/930
f 439/762/848 466/762/930 1518/762/1535 1519/762/849
f 461/762/872 436/762/770 407/762/789
f 1231/762/918 443/762/870 1221/762/873
f 401/762/809 460/762/894 490/762/1026
f 431/762/815 1072/762/865 1069/762/915
f 438/762/1536 402/762/855 476/762/909
f 518/762/1040 438/762/1536 476/762/909
f 440/762/858 457/762/883 508/762/944
f 803/762/961 475/762/866 467/762/899
f 529/762/1007 490/762/1026 460/762/894
f 487/762/942 529/762/1007 460/762/894
f 804/762/1010 538/762/993 506/762/902
f 524/762/921 556/762/1053 1466/762/1052 1455/762/1538
f 469/762/895 435/762/826 561/762/1009
f 533/762/977 804/762/1010 547/762/1034
f 547/762/1034 804/762/1010 544/762/996
f 1045/762/947 466/762/930 472/762/929 1053/762/1041
f 540/762/955 595/762/1048 601/762/1059
f 1341/762/1079 820/762/1078 1342/762/1539
f 530/762/997 598/762/1073 542/762/965
f 574/762/1061 529/762/1007 603/762/1043
f 601/762/1059 630/762/1150 830/762/1140
f 684/762/1265 806/762/1070 686/762/1151
f 806/762/1070 650/762/1180 593/762/1098
f 650/762/1180 806/762/1070 684/762/1265
f 807/762/1172 662/762/1230 615/762/1122
f 657/762/1171 654/762/1152 676/762/1251
f 678/762/1239 670/762/1256 636/762/1206
f 638/762/1165 662/762/1230 688/762/1270
f 808/762/1540 668/762/1142 645/762/1196
f 681/762/1316 808/762/1540 695/762/1383
f 809/762/1274 716/762/1245 673/762/1240
f 660/762/1234 664/762/1225 705/762/1304
f 703/762/1278 660/762/1234 705/762/1304
f 716/762/1245 709/762/1310 656/762/1238
f 757/762/1381 709/762/1310 716/762/1245
f 1374/762/1282 691/762/1258 1376/762/1541
f 1376/762/1541 691/762/1258 742/762/1298 1382/762/1542
f 757/762/1381 809/762/1274 774/762/1384
f 809/762/1274 744/762/1273 810/762/1385
f 750/762/1355 810/762/1385 744/762/1273
f 811/762/1406 750/762/1355 1272/762/1376 1271/762/1543
f 1271/762/1543 1270/762/1407 811/762/1406
f 1584/762/1544 1108/762/1545 1107/762/1409 755/762/1363 1579/762/1369
f 810/762/1385 783/762/1405 774/762/1384
f 810/762/1385 811/762/1406 783/762/1405
f 737/762/1339 1095/762/1340 1090/762/1546 812/762/1444
f 1584/762/1544 1109/762/1547 1108/762/1545
f 812/762/1444 1090/762/1546 1088/762/1445
f 1136/762/1467 1142/762/1456 737/762/1339 812/762/1444
f 1148/762/1514 1150/762/1548 1257/762/1415 813/762/1403
f 789/762/1400 1105/762/1528 1106/762/1519
f 781/762/1399 1205/762/1462 1206/762/1526
f 964/762/15 6/762/14 963/762/44
f 814/762/286 42/762/40 899/762/53 900/762/1549
f 36/762/136 814/762/286 900/762/1549 922/762/137
f 856/762/1550 816/762/192 854/762/1551
f 795/762/108 12/762/140 981/762/139 962/762/1552
f 815/762/279 9/762/163 1276/762/190 1278/762/280
f 815/762/279 48/762/188 9/762/163
f 855/762/165 854/762/1551 816/762/192 16/762/164
f 66/762/235 816/762/192 38/762/191
f 58/762/295 815/762/279 1281/762/278 1290/762/296
f 71/762/281 815/762/279 58/762/295
f 814/762/286 137/762/329 111/762/285
f 29/762/230 108/762/236 95/762/303
f 814/762/286 36/762/136 134/762/314
f 95/762/303 108/762/236 158/762/361
f 129/762/258 817/762/412 123/762/262
f 817/762/412 190/762/463 160/762/413
f 141/762/360 82/762/298 95/762/303
f 118/762/308 817/762/412 129/762/258
f 817/762/412 118/762/308 231/762/464
f 119/762/333 818/762/469 174/762/441
f 245/762/525 834/762/527 835/762/477
f 415/762/771 837/762/688 402/762/855
f 386/762/729 388/762/783 819/762/856
f 532/762/959 819/762/856 821/762/896
f 455/762/887 415/762/771 438/762/1536
f 819/762/856 388/762/783 393/762/784
f 819/762/856 393/762/784 469/762/895
f 466/762/930 1046/762/946 1043/762/1537
f 1455/762/1538 1453/762/1553 524/762/921
f 596/762/1031 528/762/960 820/762/1078
f 558/762/975 821/762/896 585/762/1069
f 570/762/1067 543/762/913 563/762/1022
f 627/762/1133 590/762/1094 586/762/1093
f 1369/762/1193 1366/762/1179 632/762/1178 641/762/1194
f 822/762/1212 621/762/1154 660/762/1234
f 822/762/1212 654/762/1152 607/762/1131
f 822/762/1212 660/762/1234 676/762/1251
f 692/762/1280 832/762/1554 1464/762/1555 1465/762/1311
f 709/762/1310 757/762/1381 832/762/1554
f 823/762/1374 747/762/1307 737/762/1339
f 1382/762/1542 742/762/1298 1381/762/1377
f 1091/762/1418 747/762/1307 823/762/1374 1089/762/1471
f 823/762/1374 1143/762/1373 1138/762/1472
f 962/762/1552 961/762/106 795/762/108
f 49/762/228 29/762/230 95/762/303
f 162/762/365 254/762/450 1407/762/1556 1408/762/1557
f 1408/762/1557 1406/762/428 162/762/365
f 1022/762/1558 1023/762/1559 245/762/525 1495/762/1560 1496/762/1561
f 1422/762/618 1407/762/1556 254/762/450
f 190/762/463 332/762/577 291/762/626
f 561/762/1009 435/762/826 539/762/888
f 830/762/1140 630/762/1150 685/762/1237
f 683/762/1213 687/762/1197 833/762/1128
f 709/762/1310 678/762/1239 656/762/1238
f 1093/762/1470 1139/762/1469 1092/762/1562
f 856/762/1550 852/762/189 48/762/188 816/762/192
f 12/762/140 90/762/219 984/762/218 979/762/138
f 825/762/526 264/762/587 834/762/527
f 834/762/527 264/762/587 214/762/523
f 1415/762/642 1424/762/1563 826/762/641
f 264/762/587 825/762/526 304/762/656
f 825/762/526 280/762/620 304/762/656
f 1423/762/677 826/762/641 1424/762/1563
f 236/762/465 838/762/1564 227/762/480
f 379/762/754 323/762/695 360/762/728
f 320/762/637 311/762/633 827/762/772
f 837/762/688 827/762/772 311/762/633
f 379/762/754 360/762/728 426/762/836
f 464/762/920 1448/762/1565 1442/762/1566
f 623/762/1087 828/762/1001 830/762/1140
f 590/762/1094 829/762/1134 602/762/1113
f 602/762/1113 829/762/1134 626/762/1163
f 646/762/1198 829/762/1134 627/762/1133
f 830/762/1140 685/762/1237 697/762/1189
f 633/762/1149 665/762/1224 630/762/1150
f 715/762/1266 663/762/1184 831/762/1303
f 831/762/1303 674/762/1229 748/762/1302
f 769/762/1360 831/762/1303 748/762/1302
f 801/762/1532 391/762/749 294/762/542
f 362/762/733 312/762/690 315/762/689
f 832/762/1554 692/762/1280 709/762/1310
f 1464/762/1555 832/762/1554 1379/762/1567
f 785/762/1458 832/762/1554 757/762/1381
f 832/762/1554 785/762/1458 1378/762/1479 1379/762/1567
f 783/762/1405 1171/762/1491 1165/762/1568
f 801/762/1532 294/762/542 248/762/541
f 683/762/1213 833/762/1128 629/762/1124
f 1294/762/386 91/762/297 144/762/358 1304/762/458
f 835/762/477 196/762/493 1486/762/1569 1510/762/478
f 834/762/527 196/762/493 835/762/477
f 294/762/542 375/762/750 836/762/673
f 836/762/673 289/762/624 838/762/1564
f 836/762/673 838/762/1564 236/762/465
f 350/762/722 836/762/673 375/762/750
f 837/762/688 295/762/654 1516/762/1570 1515/762/1571
f 385/762/762 837/762/688 1515/762/1571 1522/762/763
f 837/762/688 385/762/762 402/762/855
f 600/762/1092 568/762/994 839/762/1108
f 1233/762/1095 590/762/1094 1234/762/1116
f 1495/762/1560 245/762/525 835/762/477 1497/762/1572
f 464/762/920 524/762/921 1453/762/1553 1448/762/1565
f 362/762/733 315/762/689 340/762/709
f 1166/762/1426 774/762/1384 783/762/1405 1165/762/1568
f 838/762/1564 249/762/553 227/762/480
f 1440/762/1573 1446/762/796 392/762/739 464/762/920
f 505/762/928 522/762/1076 463/762/901
f 522/762/1076 512/762/998 463/762/901
f 833/762/1128 839/762/1108 629/762/1124
f 620/762/1110 840/762/1177 608/762/1075
f 839/762/1108 561/762/1009 581/762/1044
f 838/762/1564 289/762/624 249/762/553
f 629/762/1124 839/762/1108 581/762/1044
f 30/762/58 10/762/43 991/762/62 988/762/56
f 841/762/367 120/762/364 227/762/480
f 594/762/1109 805/762/1112 622/762/1146
f 708/762/1305 672/762/1218 652/762/1118
f 681/762/1316 708/762/1305 652/762/1118
f 294/762/542 836/762/673 236/762/465
f 423/762/797 412/762/758 447/762/869
f 333/762/683 222/762/395 296/762/524
f 464/762/920 392/762/739 474/762/881
f 1441/762/1574 1440/762/1573 464/762/920
f 464/762/920 1442/762/1566 1441/762/1574
f 1027/762/647 280/762/620 245/762/525 1028/762/1575
f 1509/762/479 1497/762/1572 835/762/477
f 213/762/443 301/762/607 300/762/585
f 457/762/883 842/762/819 423/762/797
f 391/762/749 423/762/797 842/762/819
f 842/762/819 457/762/883 399/762/798
f 509/762/950 538/762/993 804/762/1010
f 551/762/1008 843/762/1160 505/762/928
f 286/762/609 336/762/685 296/762/524
f 295/762/654 178/762/445 1505/762/1576 1514/762/1577
f 10/762/43 30/762/58 35/762/226
f 245/762/525 1023/762/1559 1028/762/1575
f 977/762/206 32/762/199 909/762/210
f 295/762/654 1514/762/1577 1516/762/1570
f 551/762/1008 805/762/1112 843/762/1160
f 843/762/1160 805/762/1112 594/762/1109
f 844/762/1463 764/762/1300 786/762/1375
f 764/762/1300 844/762/1463 746/762/1334
f 1152/762/1432 746/762/1334 844/762/1463 1173/762/1465
f 1412/762/472 1400/762/1578 150/762/383
f 255/762/567 845/762/511 237/762/530
f 845/762/511 182/762/343 237/762/530
f 423/762/797 447/762/869 515/762/917
f 302/762/556 222/762/395 333/762/683
f 681/762/1316 695/762/1383 770/762/1427
f 843/762/1160 522/762/1076 505/762/928
f 455/762/887 427/762/799 827/762/772
f 391/762/749 801/762/1532 412/762/758
f 205/762/492 177/762/376 277/762/606
f 808/762/1540 652/762/1118 668/762/1142
f 339/762/653 1217/762/684 1216/762/1579
f 430/762/854 449/762/878 476/762/909
f 1338/762/1580 528/762/960 478/762/890 1339/762/954
f 620/762/1110 608/762/1075 566/762/1050
f 612/762/1161 642/762/1217 1354/762/1581 1347/762/1162
f 645/762/1196 695/762/1383 808/762/1540
f 92/762/290 203/762/385 183/762/439
f 178/762/445 1503/762/533 1505/762/1576
f 1022/762/1558 1496/762/1561 1501/762/1582 1024/762/1583
f 336/762/685 333/762/683 296/762/524
f 770/762/1427 767/762/1315 681/762/1316
f 50/762/203 150/762/383 1400/762/1578 1397/762/204
f 353/762/712 398/762/824 352/762/696
f 525/762/973 455/762/887 438/762/1536
f 455/762/887 827/762/772 415/762/771
f 1501/762/1582 1029/762/1584 1024/762/1583
f 353/762/712 352/762/696 304/762/656
f 525/762/973 438/762/1536 518/762/1040
f 196/762/493 1479/762/494 1486/762/1569
f 1488/762/423 187/762/359 1500/762/1585
f 1500/762/1585 187/762/359 302/762/556 1551/762/657
f 412/762/758 801/762/1532 351/762/652
f 1253/762/1343 1246/762/1586 714/762/1276
f 1250/762/1587 1249/762/1326 698/762/1210 651/762/1129
f 628/762/1166 714/762/1276 1246/762/1586 1244/762/1195
f 1245/762/1215 1250/762/1587 651/762/1129
f 177/762/376 292/762/561 277/762/606
f 461/762/872 445/762/863 496/762/906
f 501/762/963 461/762/872 496/762/906
f 681/762/1316 652/762/1118 808/762/1540
f 771/762/1386 1159/762/1588 1191/762/1451
f 888/762/168 4/762/30 887/762/29
f 31/762/110 110/762/318 107/762/342
f 31/762/110 107/762/342 1283/762/341 1284/762/289
f 339/762/653 1216/762/1579 1218/762/1533
f 460/762/894 400/762/769 444/762/818
f 465/762/886 401/762/809 490/762/1026
f 460/762/894 444/762/818 483/762/943
f 444/762/818 475/762/866 537/762/962
f 449/762/878 510/762/948 476/762/909
f 444/762/818 537/762/962 483/762/943
f 520/762/990 465/762/886 490/762/1026
f 1342/762/1539 820/762/1078 528/762/960 1338/762/1580
f 566/762/1050 608/762/1075 572/762/1056
f 642/762/1217 636/762/1206 1352/762/1208 1354/762/1581
f 733/762/1268 695/762/1383 645/762/1196
f 771/762/1386 769/762/1360 1161/762/1488 1159/762/1588
