# Blender 5.1.1
# www.blender.org
mtllib REV_1.mtl
o REV_cube_1
v -6.508000 -5.503700 -2.996100
v -5.508000 -6.503700 -3.996100
v -6.495533 -5.704072 -3.170851
v -6.497092 -6.448609 -3.714839
v -6.488430 -5.764224 -3.102896
v -6.506683 -5.776355 -3.470386
v -6.491326 -6.407702 -3.880959
v -6.506476 -5.934163 -3.397799
v -6.492124 -6.385239 -3.175939
v -6.499515 -5.779696 -3.533929
v -6.500839 -6.025982 -3.663083
v -6.499272 -6.162146 -3.347558
v -6.497778 -5.667971 -3.263499
v -6.477520 -5.525058 -3.293090
v -6.506357 -5.833985 -3.777707
v -6.487702 -5.748013 -3.236480
v -6.495037 -6.105110 -3.372385
v -6.499694 -5.617679 -3.899770
v -6.486351 -6.031999 -3.100945
v -6.504011 -6.384431 -3.233468
v -6.504386 -6.121996 -3.954390
v -6.487331 -6.254912 -3.544842
v -6.487608 -5.865623 -3.485666
v -6.493890 -6.109852 -3.621193
v -6.473801 -5.559934 -3.304759
v -6.498649 -6.252427 -3.012327
v -6.461408 -6.326818 -3.900430
v -6.480791 -6.165915 -3.595523
v -6.480476 -5.945064 -3.443583
v -6.478047 -6.408771 -3.110665
v -6.438129 -6.069094 -3.342052
v -6.485517 -5.566916 -3.679960
v -6.492626 -6.451259 -3.196343
v -6.482236 -6.367135 -3.027400
v -6.467870 -6.254588 -3.256400
v -6.476472 -6.341241 -3.506917
v -6.460431 -5.901357 -3.732321
v -6.453519 -5.983304 -3.387797
v -6.451073 -6.361524 -3.976648
v -6.466723 -5.797600 -3.206753
v -6.479359 -5.808865 -3.012744
v -6.457755 -5.552606 -3.716361
v -6.462931 -5.511815 -3.882762
v -6.442476 -6.029927 -3.399877
v -6.497515 -5.632998 -3.223825
v -6.453907 -6.242165 -3.296214
v -6.442328 -6.452697 -3.920779
v -6.459589 -5.624907 -3.525844
v -6.441281 -6.316480 -3.180787
v -6.440515 -6.344391 -3.828202
v -6.453165 -6.353391 -3.781769
v -6.443943 -6.174797 -3.293005
v -6.455480 -6.416644 -3.474432
v -6.458323 -5.638463 -3.636974
v -6.454813 -5.928360 -3.147563
v -6.468614 -5.543424 -3.540738
v -6.443576 -6.263442 -3.051786
v -6.470813 -5.683343 -3.850560
v -6.453383 -6.478817 -3.172436
v -6.443982 -6.351054 -3.709259
v -6.395345 -6.457098 -3.002213
v -6.442431 -5.818079 -3.459388
v -6.446421 -5.713216 -3.497124
v -6.441432 -5.894677 -3.427362
v -6.440032 -5.597692 -3.691822
v -6.434750 -6.110633 -3.083231
v -6.433290 -5.726142 -3.585402
v -6.437341 -5.653542 -3.274410
v -6.432962 -6.322975 -3.110564
v -6.436771 -5.552784 -3.786097
v -6.435528 -6.500697 -3.983871
v -6.454188 -6.174078 -3.888195
v -6.446256 -5.764565 -3.799113
v -6.417500 -6.282779 -3.016258
v -6.430890 -5.512433 -3.360340
v -6.446275 -5.599676 -3.848543
v -6.430196 -5.885223 -3.175054
v -6.423445 -6.038146 -3.657948
v -6.424708 -5.900686 -3.474118
v -6.418009 -5.610207 -3.755943
v -6.419669 -5.825775 -3.528628
v -6.422038 -6.087087 -3.371231
v -6.421298 -6.117873 -3.315521
v -6.420084 -6.123705 -3.616573
v -6.427827 -5.843017 -3.752491
v -6.415514 -5.972508 -3.684752
v -6.398781 -5.592361 -3.336397
v -6.427412 -5.716451 -3.128808
v -6.407497 -6.278552 -3.769601
v -6.396498 -5.742324 -3.253873
v -6.419679 -6.401026 -3.220705
v -6.422200 -5.677081 -3.799844
v -6.415358 -6.452044 -3.667104
v -6.410051 -6.208383 -3.572227
v -6.399864 -6.240835 -3.181231
v -6.395139 -5.954038 -3.457860
v -6.406082 -6.315462 -3.265054
v -6.415370 -6.167193 -3.338043
v -6.403756 -5.664741 -3.185575
v -6.398248 -5.679108 -3.711545
v -6.402387 -6.282525 -3.530988
v -6.408309 -5.594534 -3.491121
v -6.412666 -5.740494 -3.057975
v -6.400151 -6.024518 -3.133471
v -6.408228 -6.288581 -3.688462
v -6.377071 -6.350039 -3.914948
v -6.393844 -5.606660 -3.242301
v -6.385680 -6.397305 -3.892321
v -6.403237 -6.197385 -3.237762
v -6.396609 -6.185935 -3.111991
v -6.392665 -5.964972 -3.157125
v -6.381014 -5.779147 -3.622332
v -6.390236 -5.715752 -3.685846
v -6.407355 -6.246803 -3.137942
v -6.414093 -6.254022 -3.874553
v -6.386981 -6.127663 -3.120734
v -6.380279 -6.136428 -3.260422
v -6.390191 -6.352201 -3.490778
v -6.384672 -5.774739 -3.709440
v -6.388801 -6.391621 -3.647795
v -6.365877 -5.691562 -3.320642
v -6.373341 -6.207537 -3.730494
v -6.384937 -5.723329 -3.456948
v -6.408063 -6.135747 -3.966918
v -6.387805 -5.566200 -3.424592
v -6.394607 -6.380233 -3.028786
v -6.375357 -6.177483 -3.348536
v -6.371554 -6.039968 -3.425628
v -6.375294 -5.997272 -3.343174
v -6.372604 -5.835662 -3.232430
v -6.376285 -6.242147 -3.319220
v -6.372464 -6.165446 -3.189285
v -6.367398 -6.106932 -3.391669
v -6.376073 -6.489035 -3.235878
v -6.371394 -5.512092 -3.677288
v -6.366795 -5.863414 -3.569525
v -6.390306 -6.478831 -3.412141
v -6.347442 -6.479678 -3.897547
v -6.362164 -6.021678 -3.617252
v -6.360860 -6.166748 -3.556926
v -6.360694 -5.860511 -3.640692
v -6.360459 -6.089769 -3.589111
v -6.355223 -6.056003 -3.276806
v -6.356582 -5.552421 -3.592381
v -6.384695 -5.533463 -3.307933
v -6.361479 -5.659743 -3.404705
v -6.359723 -6.415755 -3.421432
v -6.375360 -6.177008 -3.904177
v -6.350422 -6.464394 -3.338768
v -6.351647 -5.922692 -3.609097
v -6.332702 -6.244592 -3.880404
v -6.356310 -6.382401 -3.283839
v -6.354273 -6.300881 -3.312253
v -6.353615 -5.950769 -3.521212
v -6.353411 -5.578187 -3.663393
v -6.355450 -6.085835 -3.198488
v -6.362424 -6.209971 -3.648757
v -6.365083 -5.684992 -3.037753
v -6.350160 -5.727265 -3.393821
v -6.350029 -6.160305 -3.717232
v -6.333976 -5.886889 -3.299300
v -6.343839 -6.004117 -3.567826
v -6.347244 -6.002478 -3.207945
v -6.347239 -5.940725 -3.216213
v -6.349373 -6.137972 -3.069134
v -6.365001 -6.379458 -3.968225
v -6.364186 -5.674965 -3.104321
v -6.343252 -5.828224 -3.375144
v -6.343226 -5.880920 -3.359546
v -6.329726 -6.290660 -3.375065
v -6.376116 -6.297873 -3.891802
v -6.335006 -5.941595 -3.289977
v -6.343876 -6.023843 -3.499810
v -6.337183 -6.357635 -3.426453
v -6.351577 -6.288241 -3.619066
v -6.341018 -6.067338 -3.000803
v -6.341708 -5.794855 -3.312165
v -6.339368 -5.639043 -3.588682
v -6.353955 -6.306541 -3.067914
v -6.323763 -6.443816 -3.659979
v -6.333880 -6.370243 -3.362818
v -6.335067 -6.302942 -3.849560
v -6.332211 -6.111961 -3.484365
v -6.336274 -5.647452 -3.656029
v -6.331898 -6.284801 -3.458580
v -6.331847 -6.222732 -3.489203
v -6.328549 -6.145477 -3.439605
v -6.327766 -6.213109 -3.401457
v -6.326840 -6.489666 -3.684891
v -6.318066 -6.092759 -3.717278
v -6.324063 -6.042088 -3.651762
v -6.318589 -5.716772 -3.566685
v -6.340132 -6.213785 -3.784461
v -6.317968 -5.964917 -3.626315
v -6.322153 -5.735700 -3.643363
v -6.316365 -6.437668 -3.024153
v -6.313876 -5.847115 -3.634188
v -6.305113 -6.479215 -3.987610
v -6.310934 -5.780137 -3.593980
v -6.308493 -5.827895 -3.569092
v -6.313764 -6.087107 -3.587770
v -6.328639 -5.619720 -3.161041
v -6.306752 -6.226912 -3.586967
v -6.306105 -5.760520 -3.551140
v -6.292190 -6.141959 -3.769784
v -6.316909 -6.043901 -3.068882
v -6.304150 -6.005002 -3.573261
v -6.316451 -5.568081 -3.240314
v -6.302062 -6.438738 -3.872237
v -6.309768 -5.610675 -3.713304
v -6.318794 -6.151810 -3.991765
v -6.296231 -5.900239 -3.553752
v -6.295919 -5.962934 -3.698421
v -6.301185 -5.533260 -3.017689
v -6.295231 -6.031672 -3.720997
v -6.310270 -5.604771 -3.064162
v -6.287464 -5.872766 -3.694345
v -6.279231 -6.005763 -3.132962
v -6.294591 -6.364820 -3.066226
v -6.269047 -5.781609 -3.706845
v -6.283305 -5.679273 -3.714999
v -6.282113 -6.219814 -3.816368
v -6.278814 -5.959646 -3.048548
v -6.297091 -6.365839 -3.618946
v -6.273497 -5.676188 -3.513024
v -6.277129 -6.486802 -3.732443
v -6.301671 -6.319128 -3.888191
v -6.295253 -6.185585 -3.924048
v -6.292110 -5.544232 -3.734927
v -6.281669 -6.378156 -3.855495
v -6.272129 -6.171001 -3.558873
v -6.281960 -6.101306 -3.142745
v -6.263444 -6.103199 -3.543705
v -6.262225 -6.428803 -3.667603
v -6.269166 -5.551249 -3.161077
v -6.259682 -5.748140 -3.505950
v -6.257626 -6.446295 -3.761910
v -6.294777 -5.569942 -3.526585
v -6.255089 -6.455943 -3.813922
v -6.246349 -5.838850 -3.505630
v -6.260040 -6.291954 -3.588224
v -6.275830 -6.280499 -3.106509
v -6.275262 -6.191980 -3.134577
v -6.292963 -6.372470 -3.932007
v -6.247942 -6.050178 -3.760735
v -6.220356 -6.371817 -3.798907
v -6.244733 -5.888228 -3.727637
v -6.201162 -6.328399 -3.080154
v -6.260155 -5.934587 -3.528543
v -6.255968 -5.508862 -3.088820
v -6.234525 -5.972003 -3.194909
v -6.236592 -6.411098 -3.962757
v -6.233141 -5.953373 -3.740844
v -6.247960 -5.515249 -3.232676
v -6.232740 -5.797378 -3.729878
v -6.232592 -5.743844 -3.730194
v -6.232847 -6.305096 -3.823344
v -6.215963 -5.605034 -3.735608
v -6.210500 -6.049695 -3.210473
v -6.245313 -6.252520 -3.896136
v -6.240057 -6.349179 -3.633657
v -6.214856 -5.921755 -3.502294
v -6.214792 -6.151705 -3.792306
v -6.229959 -5.577924 -3.508807
v -6.217247 -5.895041 -3.224607
v -6.205195 -5.693604 -3.731573
v -6.207770 -6.407638 -3.751213
v -6.228295 -5.883959 -3.035244
v -6.185863 -6.409310 -3.938682
v -6.198563 -5.766153 -3.191209
v -6.199648 -6.101415 -3.777451
v -6.196453 -6.362352 -3.669406
v -6.201718 -6.152256 -3.183186
v -6.189745 -5.632864 -3.501771
v -6.182759 -6.003788 -3.747839
v -6.176697 -6.241885 -3.135360
v -6.180882 -6.355857 -3.739193
v -6.191117 -6.312685 -3.628145
v -6.219576 -6.403618 -3.026185
v -6.186575 -5.753127 -3.491740
v -6.190084 -6.474779 -3.117074
v -6.179041 -6.253280 -3.915072
v -6.198174 -5.902287 -3.732475
v -6.202198 -6.337327 -3.899868
v -6.167373 -5.912018 -3.952668
v -6.174378 -5.964712 -3.263176
v -6.174760 -5.688708 -3.501347
v -6.173497 -5.532911 -3.526866
v -6.183150 -5.819411 -3.278754
v -6.164948 -5.815436 -3.496345
v -6.170935 -5.979980 -3.964962
v -6.194983 -6.203643 -3.955559
v -6.176642 -5.817591 -3.029294
v -6.173227 -6.500619 -3.227160
v -6.160825 -5.684780 -3.185229
v -6.157473 -6.425447 -3.238773
v -6.201206 -6.112046 -3.536262
v -6.158430 -6.210951 -3.981704
v -6.122429 -5.972196 -3.535665
v -6.181790 -6.180172 -3.563222
v -6.162041 -5.861506 -3.729450
v -6.149385 -5.700489 -3.367177
v -6.154670 -5.764435 -3.064204
v -6.151352 -6.500882 -3.043056
v -6.164949 -5.743400 -3.121073
v -6.152858 -5.765665 -3.346816
v -6.140055 -5.997873 -3.899660
v -6.142032 -6.099225 -3.218482
v -6.143864 -5.900967 -3.509357
v -6.155875 -5.893929 -3.296258
v -6.157351 -5.619451 -3.335410
v -6.143605 -5.924956 -3.729688
v -6.142621 -6.081186 -3.751431
v -6.140840 -5.736217 -3.080770
v -6.143836 -6.272812 -3.674757
v -6.128987 -5.925255 -3.883327
v -6.148582 -6.404317 -3.168633
v -6.135227 -5.703173 -3.709450
v -6.141990 -5.553166 -3.399668
v -6.141019 -6.032052 -3.989655
v -6.129257 -6.015660 -3.735687
v -6.130915 -6.182440 -3.605516
v -6.112591 -6.444717 -3.957222
v -6.125048 -5.652321 -3.422094
v -6.129241 -6.340167 -3.910969
v -6.128536 -5.642889 -3.698489
v -6.119597 -5.638721 -3.548669
v -6.122180 -5.538066 -3.597964
v -6.125709 -6.502690 -3.286706
v -6.128385 -5.783381 -3.710943
v -6.134210 -5.537447 -3.686113
v -6.116949 -6.435423 -3.089287
v -6.124238 -6.283608 -3.081125
v -6.110141 -5.511175 -3.554016
v -6.119526 -6.351513 -3.209090
v -6.126751 -6.352250 -3.285475
v -6.116539 -6.165204 -3.652796
v -6.128873 -6.129910 -3.577526
v -6.099528 -6.357049 -3.367717
v -6.112346 -5.880907 -3.936657
v -6.121329 -5.537345 -3.286489
v -6.112981 -5.681985 -3.111207
v -6.106970 -6.030775 -3.262254
v -6.102036 -5.590993 -3.499696
v -6.117752 -5.765235 -3.527802
v -6.109507 -5.599428 -3.634416
v -6.099954 -5.671659 -3.640307
v -6.100976 -6.293017 -3.332653
v -6.098377 -6.076970 -3.686517
v -6.126752 -6.338901 -3.016670
v -6.078219 -5.899354 -3.850497
v -6.106951 -6.007375 -3.810652
v -6.088493 -5.936841 -3.805820
v -6.124305 -6.053947 -3.550792
v -6.093236 -5.718510 -3.569077
v -6.094702 -6.080142 -3.599926
v -6.074114 -6.290042 -3.437944
v -6.091328 -5.750182 -3.644009
v -6.087579 -5.987622 -3.674778
v -6.088662 -5.852060 -3.555634
v -6.088559 -5.917709 -3.562637
v -6.057747 -5.555397 -3.578706
v -6.087195 -5.579595 -3.194384
v -6.086394 -5.928842 -3.674948
v -6.105159 -5.845098 -3.359217
v -6.103437 -6.165086 -3.176899
v -6.083980 -5.843565 -3.651249
v -6.108472 -6.422578 -3.331084
v -6.080751 -5.774270 -3.585753
v -6.087910 -6.008814 -3.755678
v -6.080996 -5.783768 -3.015455
v -6.081313 -6.015733 -3.611867
v -6.076749 -5.830803 -3.976470
v -6.079056 -5.964706 -3.606915
v -6.072334 -6.030880 -3.687375
v -6.076722 -6.080369 -3.739694
v -6.072423 -6.403072 -3.929879
v -6.066054 -5.856905 -3.903414
v -6.073988 -6.486084 -3.045955
v -6.075441 -6.363568 -3.142349
v -6.067275 -6.257554 -3.033992
v -6.073874 -6.219893 -3.400521
v -6.067072 -6.104387 -3.694227
v -6.089673 -5.753397 -3.417078
v -6.083981 -6.267811 -3.950508
v -6.072894 -6.221419 -3.110178
v -6.060726 -6.214643 -3.513387
v -6.055030 -6.077561 -3.576267
v -6.052572 -5.953852 -3.726612
v -6.060002 -6.439041 -3.074759
v -6.058919 -6.280015 -3.238595
v -6.059226 -6.153233 -3.598403
v -6.054804 -6.132555 -3.526984
v -6.055680 -6.310615 -3.190291
v -6.082683 -6.072838 -3.874406
v -6.076312 -5.942878 -3.314632
v -6.050797 -6.235049 -3.293168
v -6.041645 -6.144490 -3.452048
v -6.088096 -6.066642 -3.943918
v -6.039267 -5.511488 -3.223958
v -6.053795 -6.388168 -3.410196
v -5.996995 -6.000513 -3.262470
v -6.032708 -5.882680 -3.824460
v -6.039370 -5.921210 -3.770149
v -6.040880 -5.686865 -3.490046
v -6.032687 -6.139812 -3.764640
v -6.025308 -6.164373 -3.369039
v -6.028119 -6.120747 -3.832606
v -6.042932 -6.470531 -3.352917
v -6.027062 -6.167803 -3.698559
v -6.022262 -5.980633 -3.645000
v -6.044603 -6.309836 -3.465099
v -5.960690 -6.345461 -3.959249
v -6.050129 -6.085972 -3.217665
v -6.015413 -6.075699 -3.495634
v -6.017385 -6.094648 -3.931799
v -6.031958 -5.718655 -3.059909
v -6.016400 -6.219213 -3.621318
v -5.978555 -5.931156 -3.311783
v -6.021436 -5.818444 -3.405750
v -6.006148 -6.129986 -3.134311
v -5.996321 -5.850945 -3.920936
v -6.007846 -6.278679 -3.550206
v -6.004094 -5.945885 -3.695135
v -5.988028 -5.909582 -3.747508
v -6.010901 -6.182313 -3.044475
v -5.997164 -6.403782 -3.117280
v -6.014596 -5.615024 -3.556725
v -5.991786 -5.583100 -3.156956
v -5.991798 -6.341444 -3.487567
v -5.992309 -6.334926 -3.163429
v -5.983335 -5.531076 -3.951334
v -6.001573 -5.877905 -3.358083
v -5.987872 -6.492145 -3.095834
v -6.009826 -6.486353 -3.972188
v -5.984396 -5.813136 -3.019094
v -5.978303 -6.268398 -3.220771
v -5.972359 -6.164296 -3.769005
v -5.957959 -5.877750 -3.852940
v -5.982008 -6.412270 -3.412626
v -5.968310 -6.099807 -3.042781
v -5.949115 -5.876381 -3.963916
v -5.949824 -5.947454 -3.664876
v -5.954516 -6.283134 -3.571368
v -5.953911 -6.251506 -3.618086
v -5.976766 -5.768289 -3.445385
v -5.950186 -6.207808 -3.689683
v -5.922148 -5.920777 -3.269880
v -5.946303 -6.119615 -3.856054
v -5.969142 -6.049232 -3.189595
v -5.941110 -6.039789 -3.108169
v -5.960069 -5.654799 -3.525546
v -5.940181 -6.041836 -3.505786
v -5.963980 -6.418100 -3.944403
v -5.943854 -5.554996 -3.868748
v -5.949380 -5.989698 -3.591321
v -5.974879 -5.544704 -3.628737
v -5.953810 -6.207764 -3.286057
v -5.945454 -6.440623 -3.149384
v -5.935078 -6.082982 -3.914779
v -5.956060 -5.907801 -3.010416
v -5.885645 -5.631294 -3.507699
v -5.929884 -5.704381 -3.478812
v -5.916461 -5.582640 -3.781258
v -5.919319 -5.911983 -3.782880
v -5.929379 -6.423452 -3.382816
v -5.929286 -6.362370 -3.186219
v -5.922291 -6.378074 -3.440053
v -5.924329 -6.474208 -3.222811
v -5.962598 -6.044960 -3.988199
v -5.919322 -5.592849 -3.572289
v -5.912856 -5.945316 -3.083667
v -5.909202 -5.912753 -3.899127
v -5.955952 -5.664199 -3.108659
v -5.932817 -5.516930 -3.217458
v -5.912677 -6.321023 -3.511878
v -5.953995 -6.103067 -3.422971
v -5.908893 -6.172378 -3.721847
v -5.914153 -5.970191 -3.186923
v -5.930621 -5.756242 -3.076874
v -5.910911 -6.434693 -3.319927
v -5.932317 -5.819596 -3.384959
v -5.910323 -6.301621 -3.235680
v -5.903579 -6.449720 -3.960144
v -5.886947 -6.376820 -3.273430
v -5.921768 -6.161987 -3.349701
v -5.911719 -5.853908 -3.071029
v -5.909344 -5.596825 -3.940228
v -5.901596 -5.975517 -3.946413
v -5.882169 -5.628586 -3.701448
v -5.905441 -5.609964 -3.170253
v -5.880785 -5.880807 -3.146403
v -5.870765 -5.838543 -3.272044
v -5.877442 -5.793444 -3.129838
v -5.877710 -6.028625 -3.557770
v -5.885355 -6.015367 -3.901401
v -5.878591 -6.195032 -3.670805
v -5.920034 -5.865425 -3.325263
v -5.883547 -5.703802 -3.143124
v -5.881511 -6.234297 -3.613634
v -5.880459 -5.954507 -3.852185
v -5.883051 -5.889452 -3.217856
v -5.889395 -6.473297 -3.656508
v -5.898499 -5.518353 -3.696747
v -5.875916 -6.142978 -3.401629
v -5.880031 -5.991314 -3.989617
v -5.861825 -6.210220 -3.365210
v -5.881437 -6.239932 -3.310139
v -5.861785 -6.465517 -3.751297
v -5.876637 -5.629992 -3.860609
v -5.876657 -6.393137 -3.697415
v -5.863619 -6.305092 -3.698704
v -5.876498 -6.051466 -3.850832
v -5.852418 -5.665639 -3.786511
v -5.877742 -5.743829 -3.409239
v -5.864528 -6.310738 -3.454480
v -5.866282 -6.229887 -3.774570
v -5.863917 -6.155582 -3.712914
v -5.864820 -6.126637 -3.928805
v -5.862368 -6.377622 -3.783509
v -5.862553 -6.397398 -3.983016
v -5.866060 -5.588163 -3.616427
v -5.847208 -6.016531 -3.771116
v -5.856166 -6.311455 -3.338570
v -5.868657 -6.473372 -3.554827
v -5.859754 -6.401822 -3.599561
v -5.852637 -5.904777 -3.952126
v -5.849517 -6.138854 -3.791687
v -5.843608 -6.274398 -3.875248
v -5.863845 -5.788426 -3.332901
v -5.854670 -5.558900 -3.238998
v -5.857659 -6.087843 -3.847328
v -5.863956 -6.176149 -3.863364
v -5.880129 -6.117981 -3.780493
v -5.852810 -6.467012 -3.969321
v -5.850050 -6.341750 -3.628186
v -5.852070 -5.505485 -3.273266
v -5.870076 -6.268025 -3.534720
v -5.864351 -6.039496 -3.907897
v -5.826173 -5.704944 -3.712023
v -5.857268 -5.814665 -3.201112
v -5.853691 -5.743454 -3.187202
v -5.862030 -6.008748 -3.639287
v -5.843485 -6.274179 -3.389290
v -5.843196 -5.664022 -3.226150
v -5.843562 -5.645421 -3.555484
v -5.833639 -6.068452 -3.595701
v -5.837108 -6.190922 -3.432873
v -5.847094 -5.679667 -3.624721
v -5.834544 -6.226562 -3.481864
v -5.809072 -6.292384 -3.608212
v -5.831698 -6.200258 -3.554909
v -5.826711 -5.703701 -3.323077
v -5.831079 -6.162055 -3.612538
v -5.840817 -5.754264 -3.257328
v -5.834465 -5.954739 -3.895634
v -5.814823 -6.150765 -3.717973
v -5.830492 -6.096807 -3.678220
v -5.828505 -6.131475 -3.519725
v -5.821456 -5.732234 -3.537992
v -5.771943 -5.713014 -3.783840
v -5.815503 -5.642529 -3.480258
v -5.814315 -6.446939 -3.825123
v -5.828563 -6.209579 -3.957530
v -5.825686 -5.827170 -3.975564
v -5.817781 -5.617349 -3.308475
v -5.818833 -6.226481 -3.671438
v -5.820262 -5.555758 -3.536890
v -5.821727 -5.547543 -3.315789
v -5.812929 -6.497285 -3.979351
v -5.791811 -5.868443 -3.911926
v -5.821846 -5.591506 -3.464035
v -5.803682 -5.569177 -3.386698
v -5.789109 -5.800824 -3.490612
v -5.818710 -6.486993 -3.477865
v -5.774644 -5.972843 -3.821077
v -5.802874 -5.727553 -3.425659
v -5.781214 -5.828061 -3.422126
v -5.821229 -5.637645 -3.930674
v -5.796128 -5.752069 -3.638149
v -5.774883 -5.633749 -3.410657
v -5.774950 -5.764073 -3.337198
v -5.798069 -6.358842 -3.552907
v -5.750665 -6.420823 -3.488898
v -5.769030 -5.868211 -3.353256
v -5.749689 -5.912275 -3.856730
v -5.812126 -6.365503 -3.870414
v -5.775499 -6.301989 -3.939558
v -5.756187 -5.610823 -3.980071
v -5.762069 -5.810143 -3.570799
v -5.717600 -5.854404 -3.898613
v -5.744698 -6.092298 -3.707963
v -5.754196 -5.920461 -3.286288
v -5.759910 -5.567519 -3.452831
v -5.791990 -5.675876 -3.854813
v -5.748322 -5.753139 -3.716259
v -5.750297 -5.810077 -3.256172
v -5.741764 -5.967896 -3.208554
v -5.748028 -5.672011 -3.345532
v -5.740629 -5.801776 -3.951577
v -5.743163 -5.882296 -3.204566
v -5.751811 -6.167358 -3.658648
v -5.729790 -6.005282 -3.123425
v -5.726367 -6.382710 -3.911458
v -5.739070 -6.496138 -3.834022
v -5.741121 -5.896435 -3.426333
v -5.720431 -6.439160 -3.877005
v -5.701667 -6.007493 -3.307101
v -5.721303 -5.909155 -3.130878
v -5.714633 -6.156341 -3.043824
v -5.714413 -5.800112 -3.650341
v -5.731109 -5.870963 -3.498143
v -5.691755 -5.752471 -3.210191
v -5.712467 -6.101418 -3.129539
v -5.715780 -6.050729 -3.041667
v -5.711991 -6.053536 -3.213408
v -5.648063 -5.763313 -3.710771
v -5.715421 -5.713066 -3.271662
v -5.731215 -5.649232 -3.905206
v -5.722196 -5.944728 -3.374099
v -5.677406 -6.208741 -3.617862
v -5.650082 -5.846478 -3.084650
v -5.707647 -5.692095 -3.828440
v -5.683238 -5.943503 -3.036551
v -5.694255 -5.733544 -3.765830
v -5.679623 -5.938282 -3.447472
v -5.734535 -6.335971 -3.536829
v -5.678779 -5.854857 -3.577781
v -5.706726 -5.819993 -3.168612
v -5.682691 -6.123210 -3.673854
v -5.674344 -6.304791 -3.966314
v -5.679316 -6.461328 -3.470139
v -5.702673 -5.596647 -3.377301
v -5.659147 -5.644589 -3.301987
v -5.659252 -6.133979 -3.205235
v -5.664927 -6.376670 -3.517849
v -5.677276 -6.051650 -3.731085
v -5.665578 -6.370150 -3.913505
v -5.656017 -5.641281 -3.866867
v -5.665903 -6.187811 -3.136006
v -5.663942 -6.252957 -3.074536
v -5.648970 -5.894858 -3.878186
v -5.636624 -6.085775 -3.280762
v -5.620285 -6.405735 -3.868871
v -5.661922 -6.330848 -3.010348
v -5.650194 -5.833828 -3.942621
v -5.657262 -5.588545 -3.927351
v -5.662699 -5.535392 -3.440167
v -5.625081 -5.815642 -3.634314
v -5.620629 -5.688384 -3.782394
v -5.609942 -6.035571 -3.354939
v -5.585105 -6.317699 -3.080770
v -5.636106 -6.295516 -3.576955
v -5.608234 -6.097293 -3.721997
v -5.634659 -5.913093 -3.507056
v -5.649186 -6.489687 -3.831479
v -5.659270 -5.988420 -3.389995
v -5.603858 -6.488036 -3.983165
v -5.616952 -6.174637 -3.662822
v -5.585179 -5.972154 -3.431782
v -5.603826 -5.893732 -3.020267
v -5.599401 -5.524549 -3.867070
v -5.614133 -5.699739 -3.223854
v -5.594899 -5.594140 -3.373768
v -5.579838 -6.421637 -3.952796
v -5.588411 -6.248737 -3.959269
v -5.604003 -6.440293 -3.523212
v -5.574427 -5.902429 -3.949317
v -5.593576 -5.597426 -3.828939
v -5.587031 -5.962130 -3.865880
v -5.566383 -5.520463 -3.775608
v -5.604784 -6.022335 -3.792272
v -5.576821 -5.767686 -3.661089
v -5.561954 -6.144317 -3.242018
v -5.556501 -6.461578 -3.592811
v -5.556307 -5.805207 -3.103766
v -5.579177 -5.547431 -3.458358
v -5.596933 -6.191370 -3.188548
v -5.579693 -6.376837 -3.574899
v -5.563744 -5.855588 -3.049494
v -5.587847 -5.865633 -3.559309
v -5.573887 -6.383889 -3.026906
v -5.587440 -6.247768 -3.138891
v -5.546356 -6.312212 -3.994823
v -5.597921 -6.326312 -3.915615
v -5.535343 -5.560116 -3.691692
v -5.538686 -5.754822 -3.168216
v -5.558736 -6.174508 -3.719455
v -5.540253 -6.421532 -3.656359
v -5.549995 -5.808518 -3.595371
v -5.563368 -5.709956 -3.705739
v -5.552756 -6.466423 -3.725761
v -5.554518 -6.355447 -3.836378
v -5.546328 -6.109249 -3.798959
v -5.553208 -5.657365 -3.294888
v -5.545507 -5.987899 -3.929222
v -5.562392 -5.527135 -3.535769
v -5.552441 -5.618837 -3.743469
v -5.532080 -6.372648 -3.740292
v -5.540306 -6.051940 -3.870115
v -5.521738 -5.850162 -3.527584
v -5.517054 -5.634965 -3.657135
v -5.530988 -6.084799 -3.959687
v -5.527543 -6.294387 -3.798796
v -5.533947 -6.269615 -3.727247
v -5.538788 -5.904740 -3.484571
v -5.528875 -5.738330 -3.985568
v -5.526276 -6.153728 -3.879576
v -5.525423 -6.209336 -3.803267
v -5.511147 -5.733155 -3.870821
v -5.526727 -5.556705 -3.607428
v -5.523653 -5.904870 -3.007425
v -5.533278 -6.456356 -3.907756
v -5.513217 -5.729048 -3.611848
v -5.513743 -5.586701 -3.511425
v -5.534634 -6.077796 -3.304044
v -5.523593 -5.603622 -3.433945
v -5.509540 -6.011648 -3.361140
v -6.395866 -5.659085 -3.475193
v -6.248055 -5.911701 -3.127084
v -6.202103 -5.526270 -3.741596
v -6.210689 -5.818632 -3.103761
v -6.219167 -6.016243 -3.519349
v -6.143916 -5.615283 -3.239464
v -6.084892 -6.063221 -3.802495
v -6.062340 -6.055026 -3.632419
v -6.022580 -6.307057 -3.955209
v -6.040848 -6.347795 -3.939749
v -6.005694 -6.020217 -3.563148
v -5.963977 -6.455880 -3.361936
v -5.949412 -5.999104 -3.015000
v -5.879068 -5.960385 -3.717490
v -5.875679 -6.081192 -3.478167
v -5.874193 -6.361571 -3.371494
v -5.837243 -6.056849 -3.725152
v -5.631375 -5.768975 -3.154464
v -5.574483 -6.450037 -3.799654
v -5.551923 -6.324725 -3.645910
v -6.474762 -6.318266 -3.259965
v -6.354303 -6.228581 -3.072299
v -6.388364 -5.877902 -3.693341
v -6.334401 -6.149817 -3.618750
v -6.144261 -6.230430 -3.729649
v -6.133331 -5.515257 -3.477576
v -6.046107 -5.637575 -3.122009
v -5.801458 -6.065153 -3.766838
v -5.585951 -6.242959 -3.645328
v -5.538888 -6.261170 -3.877716
v -5.519046 -5.671199 -3.928314
v -6.403397 -5.725903 -3.754651
v -5.822484 -5.660042 -3.395401
v -5.860351 -5.671216 -3.452474
v -5.830391 -5.541362 -3.538846
v -5.666479 -5.950426 -3.819717
v -6.225400 -5.841086 -3.183810
v -6.177341 -5.706918 -3.278769
v -6.139062 -6.153783 -3.738851
v -6.490031 -6.188650 -3.038831
v -5.869425 -6.071394 -3.978405
v -5.713695 -6.015362 -3.761585
v -6.114140 -5.634704 -3.166536
v -6.208211 -6.249074 -3.582627
v -5.826818 -6.015469 -3.841061
v -6.449340 -5.578568 -3.265543
v -5.861913 -6.313287 -3.805362
v -5.812782 -6.425645 -3.516341
v -5.544262 -6.184557 -3.938662
v -6.160716 -6.291105 -3.746237
v -6.183813 -6.233042 -3.783360
v -5.736701 -6.246718 -3.596683
v -5.877864 -5.517273 -3.618211
v -6.508000 -6.459442 -3.195282
v -6.508000 -6.469397 -3.186770
v -6.508000 -6.503700 -3.408938
v -6.508000 -6.500216 -3.166598
v -6.508000 -6.503700 -3.164315
v -6.508000 -6.420271 -3.889146
v -6.508000 -6.415381 -3.871883
v -6.508000 -6.456701 -3.917549
v -6.508000 -6.406517 -3.819427
v -6.508000 -6.447315 -3.043313
v -6.508000 -6.448678 -3.112099
v -6.508000 -6.422049 -3.133203
v -6.508000 -6.503700 -3.943060
v -6.508000 -6.503700 -3.710785
v -6.508000 -6.426549 -3.749201
v -6.508000 -6.467773 -3.715828
v -6.508000 -6.453396 -3.720419
v -6.508000 -6.414890 -3.453309
v -6.508000 -6.452335 -3.435608
v -6.508000 -6.500480 -3.409880
v -6.508000 -6.440283 -3.032271
v -6.508000 -6.378315 -3.240523
v -6.508000 -6.347594 -3.211636
v -6.508000 -6.386911 -3.235909
v -6.508000 -6.393728 -3.229461
v -6.508000 -6.385053 -3.183419
v -6.508000 -6.399975 -3.173745
v -6.508000 -6.327131 -3.224516
v -6.508000 -6.320473 -3.281286
v -6.508000 -6.316041 -3.234273
v -6.508000 -6.217842 -3.277284
v -6.508000 -6.243736 -3.264793
v -6.508000 -6.248693 -3.317074
v -6.508000 -6.273568 -3.302102
v -6.508000 -6.311726 -3.492165
v -6.508000 -6.347058 -3.482775
v -6.508000 -6.376952 -3.464464
v -6.508000 -6.253434 -3.010846
v -6.508000 -6.277324 -3.004373
v -6.508000 -6.362706 -3.004972
v -6.508000 -6.397524 -3.781577
v -6.508000 -6.398223 -3.771552
v -6.508000 -6.259896 -3.521431
v -6.508000 -6.386000 -3.006486
v -6.508000 -6.151083 -3.307683
v -6.508000 -6.153889 -3.306257
v -6.508000 -6.165216 -3.355999
v -6.508000 -6.156485 -3.305160
v -6.508000 -6.192232 -3.339429
v -6.508000 -6.204151 -3.030560
v -6.508000 -6.188523 -3.041763
v -6.508000 -6.146452 -3.051839
v -6.508000 -6.012667 -3.424878
v -6.508000 -6.043259 -3.412941
v -6.508000 -6.076253 -3.393514
v -6.508000 -6.108957 -3.385509
v -6.508000 -6.051624 -3.409589
v -6.508000 -6.070044 -3.341031
v -6.508000 -6.070849 -3.340601
v -6.508000 -6.122723 -3.378124
v -6.508000 -6.130077 -3.598092
v -6.508000 -6.160385 -3.579011
v -6.508000 -6.203070 -3.556937
v -6.508000 -6.034057 -3.110523
v -6.508000 -6.103665 -3.068607
v -6.508000 -5.938093 -3.395102
v -6.508000 -5.934679 -3.395872
v -6.508000 -5.983723 -3.369619
v -6.508000 -5.932956 -3.396478
v -6.508000 -5.926145 -3.400426
v -6.508000 -5.901166 -3.181408
v -6.508000 -5.887778 -3.191777
v -6.508000 -5.854606 -3.200683
v -6.508000 -5.944728 -3.159248
v -6.508000 -5.831686 -2.996100
v -6.508000 -5.822784 -3.019917
v -6.508000 -5.807447 -3.044139
v -6.508000 -5.698911 -3.171635
v -6.508000 -5.710491 -3.165757
v -6.508000 -5.759902 -3.110889
v -6.508000 -5.778198 -3.236642
v -6.508000 -5.814867 -3.223225
v -6.508000 -5.778421 -3.096821
v -6.508000 -5.997358 -3.129246
v -6.508000 -6.127006 -3.059737
v -6.508000 -6.238040 -3.528340
v -6.508000 -6.351840 -3.976336
v -6.508000 -6.351381 -3.996100
v -6.508000 -6.330289 -3.925870
v -6.508000 -6.316664 -3.894431
v -6.508000 -6.132954 -3.996100
v -6.508000 -6.224159 -3.869849
v -6.508000 -6.267070 -3.874168
v -6.508000 -6.244227 -3.865175
v -6.508000 -6.121194 -3.956146
v -6.508000 -6.121859 -3.953562
v -6.508000 -6.126336 -3.970374
v -6.508000 -6.127862 -3.945239
v -6.508000 -6.099381 -3.615973
v -6.508000 -6.171572 -3.881984
v -6.508000 -5.981281 -3.684579
v -6.508000 -6.023171 -3.658982
v -6.508000 -6.032152 -3.653948
v -6.508000 -5.930990 -3.467722
v -6.508000 -5.963156 -3.458991
v -6.508000 -5.880291 -3.491688
v -6.508000 -5.872597 -3.420754
v -6.508000 -5.881627 -3.416950
v -6.508000 -5.893538 -3.730504
v -6.508000 -5.853976 -3.502598
v -6.508000 -5.951416 -3.699679
v -6.508000 -5.956435 -3.696356
v -6.508000 -5.833938 -3.776944
v -6.508000 -5.837540 -3.774631
v -6.508000 -5.829327 -3.780544
v -6.508000 -5.833120 -3.777199
v -6.508000 -5.788696 -3.534259
v -6.508000 -5.779583 -3.540073
v -6.508000 -5.768747 -3.473514
v -6.508000 -5.775208 -3.469994
v -6.508000 -5.778580 -3.468274
v -6.508000 -5.776271 -3.469376
v -6.508000 -5.822817 -3.434714
v -6.508000 -5.756716 -3.249458
v -6.508000 -5.739088 -3.251786
v -6.508000 -5.696311 -3.584843
v -6.508000 -5.685870 -3.507746
v -6.508000 -5.731443 -3.562455
v -6.508000 -5.627651 -3.221140
v -6.508000 -5.636401 -3.218659
v -6.508000 -5.640873 -3.276819
v -6.508000 -5.665110 -3.271182
v -6.508000 -5.675927 -3.268009
v -6.508000 -5.756838 -3.818380
v -6.508000 -5.724147 -3.836696
v -6.508000 -5.620871 -3.636659
v -6.508000 -5.687147 -3.590949
v -6.508000 -5.665829 -3.514174
v -6.508000 -5.561824 -3.261961
v -6.508000 -5.573553 -3.254410
v -6.508000 -5.581522 -3.301897
v -6.508000 -5.605286 -3.295091
v -6.508000 -5.600725 -3.239292
v -6.508000 -5.528990 -3.929708
v -6.508000 -5.503700 -3.937608
v -6.508000 -5.503700 -3.725652
v -6.508000 -5.503700 -3.559744
v -6.508000 -5.503700 -3.328676
v -6.508000 -5.532082 -3.558001
v -6.508000 -5.503700 -3.275546
v -6.508000 -5.538808 -3.314223
v -6.508000 -5.523383 -3.271062
v -6.508000 -5.594394 -3.914551
v -6.508000 -5.556751 -3.682323
v -6.508000 -5.586172 -3.660846
v -6.508000 -5.576800 -3.542803
v -6.508000 -5.609753 -3.537471
v -6.508000 -5.615009 -3.903329
v -6.508000 -5.627413 -3.896815
v -6.508000 -5.678523 -3.866261
v -6.501117 -5.503700 -3.727471
v -6.488249 -5.503700 -3.290067
v -6.489839 -5.503700 -3.328269
v -6.465091 -5.503700 -3.308255
v -6.467729 -5.503700 -3.890866
v -6.465548 -5.503700 -3.880989
v -6.460451 -5.503700 -3.850461
v -6.457721 -5.503700 -3.799596
v -6.496830 -5.503700 -3.730984
v -6.428979 -5.503700 -3.491454
v -6.428159 -5.503700 -3.489428
v -6.431267 -5.503700 -3.493778
v -6.418801 -5.503700 -3.423265
v -6.431510 -5.503700 -3.374419
v -6.446298 -5.503700 -3.355818
v -6.406272 -5.503700 -3.320781
v -6.360902 -5.503700 -3.691710
v -6.324135 -5.503700 -3.556433
v -6.371399 -5.503700 -3.663068
v -6.364338 -5.503700 -3.589915
v -6.373458 -5.503700 -3.682085
v -6.374660 -5.503700 -3.674470
v -6.302580 -5.503700 -3.533339
v -6.370412 -5.503700 -3.334365
v -6.302372 -5.503700 -3.747009
v -6.454484 -5.503700 -3.810399
v -6.474506 -5.503700 -3.545655
v -6.280173 -5.503700 -3.311159
v -6.276589 -5.503700 -3.305072
v -6.283513 -5.503700 -3.312283
v -6.251171 -5.503700 -3.097844
v -6.254926 -5.503700 -3.088675
v -6.259232 -5.503700 -3.081260
v -6.183210 -5.503700 -3.531972
v -6.230237 -5.503700 -3.521805
v -6.157867 -5.503700 -3.568758
v -6.239078 -5.503700 -3.521498
v -6.236142 -5.503700 -3.520743
v -6.136549 -5.503700 -3.414660
v -6.240330 -5.503700 -3.218362
v -6.239553 -5.503700 -3.237400
v -6.239147 -5.503700 -3.165019
v -6.111247 -5.503700 -3.558190
v -6.112928 -5.503700 -3.548350
v -6.131834 -5.503700 -3.616114
v -6.099584 -5.503700 -3.290896
v -6.121698 -5.503700 -3.328398
v -6.127486 -5.503700 -3.365311
v -6.032564 -5.503700 -3.229026
v -6.043412 -5.503700 -3.234237
v -5.941272 -5.503700 -3.226595
v -5.844612 -5.503700 -3.290043
v -5.851957 -5.503700 -3.274854
v -5.853774 -5.503700 -3.273388
v -5.925738 -5.503700 -3.230189
v -6.133115 -5.503700 -3.465463
v -6.133574 -5.503700 -3.481902
v -6.293582 -5.503700 -3.020728
v -6.319850 -5.503700 -2.996100
v -6.254330 -5.503700 -3.753845
v -6.150314 -5.503700 -3.703214
v -6.137436 -5.503700 -3.657612
v -6.194384 -5.503700 -3.738308
v -6.219442 -5.503700 -3.753029
v -6.087833 -5.503700 -3.590562
v -6.060973 -5.503700 -3.625658
v -6.046190 -5.503700 -3.632793
v -6.012272 -5.503700 -3.996100
v -5.996513 -5.503700 -3.949752
v -5.944549 -5.503700 -3.792567
v -5.923960 -5.503700 -3.745316
v -5.991856 -5.503700 -3.668294
v -5.936583 -5.503700 -3.662373
v -5.907107 -5.503700 -3.688789
v -5.898534 -5.503700 -3.704473
v -5.895964 -5.503700 -3.699183
v -5.831454 -5.503700 -3.595755
v -5.853175 -5.503700 -3.605929
v -5.894599 -5.503700 -3.642951
v -5.987715 -5.503700 -3.922773
v -5.972816 -5.503700 -3.877831
v -5.948501 -5.503700 -3.811369
v -5.826664 -5.503700 -3.576552
v -5.824025 -5.503700 -3.579398
v -5.795788 -5.503700 -3.561797
v -5.818082 -5.503700 -3.536584
v -5.718580 -5.503700 -3.500013
v -5.731621 -5.503700 -3.506228
v -5.738305 -5.503700 -3.513795
v -5.794784 -5.503700 -3.451658
v -5.794472 -5.503700 -3.449606
v -5.795915 -5.503700 -3.455518
v -5.810122 -5.503700 -3.368136
v -5.623113 -5.503700 -3.505843
v -5.639092 -5.503700 -3.498849
v -5.612688 -5.503700 -3.521371
v -5.559318 -5.503700 -3.669387
v -5.561286 -5.503700 -3.685598
v -5.574000 -5.503700 -3.772064
v -5.576677 -5.503700 -3.793571
v -5.566804 -5.503700 -3.723609
v -5.573691 -5.503700 -3.602153
v -5.616851 -5.503700 -3.903656
v -5.643518 -5.503700 -3.944960
v -5.602070 -5.503700 -3.862073
v -5.578279 -5.503700 -3.568839
v -5.659355 -5.503700 -3.971695
v -5.673477 -5.503700 -3.996100
v -5.812596 -5.503700 -3.358070
v -5.508000 -6.435559 -2.996100
v -5.508000 -6.417414 -3.006267
v -5.508000 -6.348977 -3.054961
v -5.508000 -6.352935 -3.051743
v -5.508000 -6.410412 -3.011031
v -5.508000 -6.207452 -3.172082
v -5.508000 -6.280744 -3.113667
v -5.508000 -6.189685 -3.190234
v -5.508000 -6.199553 -3.179002
v -5.508000 -6.282371 -3.112313
v -5.508000 -6.061970 -3.300602
v -5.508000 -6.090016 -3.276850
v -5.508000 -6.011911 -3.359553
v -5.508000 -6.006714 -3.364491
v -5.508000 -6.011056 -3.360189
v -5.508000 -5.923676 -2.996100
v -5.508000 -5.909356 -3.014158
v -5.508000 -5.887124 -3.032001
v -5.508000 -5.947257 -3.414117
v -5.508000 -5.926208 -3.439562
v -5.508000 -5.858470 -3.063763
v -5.508000 -6.124843 -3.237238
v -5.508000 -5.723300 -3.241414
v -5.508000 -5.715724 -3.249676
v -5.508000 -5.730494 -3.228631
v -5.508000 -5.644815 -3.380852
v -5.508000 -5.635592 -3.396473
v -5.508000 -5.649566 -3.370806
v -5.508000 -5.598495 -3.504667
v -5.508000 -5.605603 -3.585996
v -5.508000 -5.602685 -3.525391
v -5.508000 -5.622314 -3.447562
v -5.508000 -5.640149 -3.625609
v -5.508000 -5.710406 -3.601198
v -5.508000 -5.688220 -3.312634
v -5.508000 -5.825521 -3.529653
v -5.508000 -5.849739 -3.509033
v -5.508000 -5.797948 -3.551169
v -5.508000 -5.743592 -3.593893
v -5.508000 -5.728175 -3.599777
v -5.508000 -5.766694 -3.182388
v -5.508000 -5.784445 -3.156149
v -5.508000 -5.812745 -3.126177
v -5.508000 -5.841540 -3.081228
v -5.508000 -5.880516 -3.471433
v -5.508000 -6.452176 -3.903057
v -5.508000 -6.477121 -3.883727
v -5.508000 -6.503700 -3.877898
v -5.508000 -6.389333 -3.935134
v -5.508000 -6.379385 -3.941139
v -5.508000 -6.374506 -3.943337
v -5.508000 -6.369364 -3.946438
v -5.508000 -6.321063 -3.996100
v -5.508000 -5.737026 -3.844906
v -5.508000 -5.753120 -3.882549
v -5.508000 -5.728871 -3.863832
v -5.508000 -5.784405 -3.846469
v -5.508000 -5.625823 -3.972365
v -5.508000 -5.616243 -3.996100
v -5.508000 -5.649856 -3.931095
v -5.508000 -5.663711 -3.912875
v -5.508000 -5.781368 -3.996100
v -5.508000 -5.781308 -3.994713
v -5.508000 -5.725898 -3.869958
v -5.508000 -5.793888 -3.945204
v -6.208979 -6.503700 -3.098406
v -6.199548 -6.503700 -3.151595
v -6.174473 -6.503700 -3.226341
v -6.183719 -6.503700 -3.201149
v -6.198641 -6.503700 -3.158269
v -6.125782 -6.503700 -3.286325
v -6.124551 -6.503700 -3.286702
v -6.171715 -6.503700 -3.228191
v -6.153232 -6.503700 -3.041432
v -6.156866 -6.503700 -3.045002
v -6.149537 -6.503700 -3.041619
v -5.937889 -6.503700 -3.203128
v -5.944609 -6.503700 -3.185514
v -5.947015 -6.503700 -3.235800
v -5.968379 -6.503700 -3.139713
v -5.975634 -6.503700 -3.308806
v -5.971242 -6.503700 -3.302798
v -5.988715 -6.503700 -3.310066
v -5.967206 -6.503700 -3.286119
v -6.053353 -6.503700 -3.326037
v -5.985856 -6.503700 -3.099142
v -5.993004 -6.503700 -3.089904
v -6.063806 -6.503700 -3.047658
v -6.077490 -6.503700 -3.037766
v -5.819759 -6.503700 -3.467564
v -5.834811 -6.503700 -3.484628
v -5.773078 -6.503700 -3.448988
v -5.872021 -6.503700 -3.533284
v -5.882100 -6.503700 -3.573206
v -5.656982 -6.503700 -3.824602
v -5.635861 -6.503700 -3.811571
v -5.621232 -6.503700 -3.484826
v -5.677753 -6.503700 -3.450501
v -5.743340 -6.503700 -3.441594
v -5.753677 -6.503700 -3.440929
v -5.553116 -6.503700 -3.641542
v -5.551981 -6.503700 -3.684593
v -5.549454 -6.503700 -3.662212
v -5.547817 -6.503700 -3.908575
v -5.588194 -6.503700 -3.774187
v -5.574860 -6.503700 -3.740167
v -5.557858 -6.503700 -3.579953
v -5.615352 -6.503700 -3.490711
v -5.617856 -6.503700 -3.486783
v -6.488935 -6.503700 -3.944629
v -6.496282 -6.503700 -3.414353
v -6.479358 -6.503700 -3.423298
v -6.475060 -6.503700 -3.425095
v -6.460740 -6.503700 -3.420202
v -6.457723 -6.503700 -3.693828
v -6.445121 -6.503700 -3.686448
v -6.446826 -6.503700 -3.996100
v -6.441820 -6.503700 -3.171015
v -6.464355 -6.503700 -3.157777
v -6.439938 -6.503700 -3.987942
v -6.436172 -6.503700 -3.984368
v -6.434923 -6.503700 -3.981924
v -6.421414 -6.503700 -3.974774
v -6.422833 -6.503700 -3.923892
v -6.340439 -6.503700 -3.953308
v -6.354589 -6.503700 -3.892853
v -6.365595 -6.503700 -3.947967
v -6.380977 -6.503700 -3.911579
v -6.373283 -6.503700 -3.251750
v -6.373957 -6.503700 -3.350578
v -6.356772 -6.503700 -3.322259
v -6.392363 -6.503700 -3.391253
v -6.398597 -6.503700 -3.689572
v -6.342634 -6.503700 -3.690616
v -6.377311 -6.503700 -3.233528
v -6.383557 -6.503700 -3.222424
v -6.298174 -6.503700 -3.832725
v -6.296335 -6.503700 -3.828304
v -6.302691 -6.503700 -3.837467
v -6.294423 -6.503700 -3.962332
v -6.295884 -6.503700 -3.830340
v -6.295326 -6.503700 -3.818449
v -6.292201 -6.503700 -3.738312
v -6.328421 -6.503700 -3.701024
v -6.280939 -6.503700 -3.983713
v -6.274886 -6.503700 -3.996100
v -6.003961 -6.503700 -3.996100
v -5.894350 -6.503700 -3.633201
v -5.883273 -6.503700 -3.673187
v -5.917073 -6.503700 -3.978562
v -5.929348 -6.503700 -3.977832
v -5.961039 -6.503700 -3.977847
v -5.816880 -6.503700 -3.981236
v -5.847000 -6.503700 -3.980654
v -5.772966 -6.503700 -3.996100
v -5.803421 -6.503700 -3.981871
v -5.747597 -6.503700 -3.826499
v -5.805917 -6.503700 -3.800691
v -5.833281 -6.503700 -3.764820
v -5.577624 -6.503700 -3.944121
v -5.588480 -6.503700 -3.957677
v -5.582726 -6.503700 -3.948747
v -5.599203 -6.503700 -3.991785
v -5.599957 -6.503700 -3.996100
v -5.733902 -6.503700 -3.829691
v -5.866185 -6.503700 -3.731202
v -6.116811 -5.836833 -3.996100
v -6.154182 -5.856768 -3.996100
v -6.030194 -5.840996 -3.996100
v -6.030806 -5.841025 -3.996100
v -6.028706 -5.841692 -3.996100
v -6.032197 -5.840534 -3.996100
v -6.082818 -5.824821 -3.996100
v -5.967013 -6.043503 -3.996100
v -5.960992 -6.036619 -3.996100
v -5.951236 -5.892700 -3.996100
v -6.006192 -5.515834 -3.996100
v -5.959867 -5.556691 -3.996100
v -5.969995 -5.863788 -3.996100
v -5.946302 -5.568946 -3.996100
v -5.880323 -5.989443 -3.996100
v -5.879363 -5.970329 -3.996100
v -5.926679 -5.980552 -3.996100
v -5.928660 -5.945292 -3.996100
v -5.877810 -5.996287 -3.996100
v -5.868499 -5.898075 -3.996100
v -5.848438 -6.127048 -3.996100
v -5.842333 -6.144317 -3.996100
v -5.808768 -6.193545 -3.996100
v -5.837816 -5.819494 -3.996100
v -5.849633 -5.858624 -3.996100
v -5.803609 -5.789742 -3.996100
v -5.851214 -5.608666 -3.996100
v -5.763712 -5.764865 -3.996100
v -5.802435 -5.605917 -3.996100
v -5.873367 -5.598987 -3.996100
v -5.854526 -6.106776 -3.996100
v -5.866048 -6.068470 -3.996100
v -5.715046 -5.569732 -3.996100
v -5.760814 -5.602498 -3.996100
v -5.682945 -5.771325 -3.996100
v -5.670615 -5.774457 -3.996100
v -5.687315 -5.551094 -3.996100
v -5.682569 -5.534437 -3.996100
v -5.607410 -6.351691 -3.996100
v -5.593349 -6.338358 -3.996100
v -5.658263 -6.260169 -3.996100
v -5.621248 -6.232694 -3.996100
v -5.564251 -5.903621 -3.996100
v -5.586197 -5.846762 -3.996100
v -5.609940 -5.823290 -3.996100
v -5.715910 -6.260694 -3.996100
v -5.745589 -6.251605 -3.996100
v -5.543037 -6.311843 -3.996100
v -5.545324 -6.311381 -3.996100
v -5.552096 -6.313547 -3.996100
v -5.547401 -6.310524 -3.996100
v -5.537426 -6.012032 -3.996100
v -5.540645 -5.986521 -3.996100
v -5.547211 -5.968138 -3.996100
v -5.522579 -5.638032 -3.996100
v -5.524296 -5.661907 -3.996100
v -5.520852 -5.634949 -3.996100
v -5.531132 -5.732408 -3.996100
v -5.526929 -5.742751 -3.996100
v -5.543210 -6.080729 -3.996100
v -5.561583 -6.143711 -3.996100
v -5.577083 -6.187874 -3.996100
v -5.567472 -6.169175 -3.996100
v -5.763462 -6.229784 -3.996100
v -6.442232 -6.489531 -3.996100
v -6.463144 -6.359017 -3.996100
v -6.491747 -6.131926 -3.996100
v -6.429822 -6.139133 -3.996100
v -6.434713 -6.361216 -3.996100
v -6.397312 -6.142519 -3.996100
v -6.368598 -6.373849 -3.996100
v -6.388106 -6.455360 -3.996100
v -6.363018 -6.460227 -3.996100
v -6.327219 -6.393369 -3.996100
v -6.401078 -6.463429 -3.996100
v -6.322291 -6.152161 -3.996100
v -6.303226 -6.395566 -3.996100
v -6.303372 -6.476925 -3.996100
v -6.283493 -6.404434 -3.996100
v -6.237710 -6.414948 -3.996100
v -6.200860 -6.439026 -3.996100
v -6.194488 -6.440556 -3.996100
v -6.185492 -6.443551 -3.996100
v -6.295906 -6.483964 -3.996100
v -6.200290 -6.193488 -3.996100
v -6.228717 -6.183634 -3.996100
v -6.248919 -6.178266 -3.996100
v -6.317611 -6.153090 -3.996100
v -6.299877 -6.157836 -3.996100
v -6.182540 -5.984471 -3.996100
v -6.188533 -5.941559 -3.996100
v -6.189899 -5.908026 -3.996100
v -6.135772 -6.216226 -3.996100
v -6.114631 -6.040254 -3.996100
v -6.163842 -6.209934 -3.996100
v -6.139482 -6.033138 -3.996100
v -6.146591 -6.029051 -3.996100
v -6.005786 -6.503190 -3.996100
v -6.030318 -6.498965 -3.996100
v -6.044259 -6.066845 -3.996100
v -6.094697 -6.238929 -3.996100
v -6.038036 -6.264116 -3.996100
v -6.022176 -6.275208 -3.996100
v -6.123211 -6.459385 -3.996100
v -6.059364 -6.061607 -3.996100
v -5.963306 -6.311131 -3.996100
v -5.981027 -6.299112 -3.996100
v -5.813999 -6.425810 -3.996100
v -5.854630 -6.391786 -3.996100
v -5.808601 -6.434664 -3.996100
v -5.917177 -6.344055 -3.996100
v -5.879495 -6.372472 -3.996100
v -5.805447 -6.440398 -3.996100
v -5.781411 -6.490536 -3.996100
v -5.614207 -6.427888 -3.996100
v -5.607340 -6.484931 -3.996100
v -5.614155 -6.466540 -3.996100
v -6.066051 -6.488535 -3.996100
v -5.992249 -6.050052 -3.996100
v -6.171316 -5.871496 -3.996100
v -6.489481 -5.820953 -2.996100
v -6.477670 -5.806011 -2.996100
v -6.438306 -6.352822 -2.996100
v -6.448878 -6.419258 -2.996100
v -6.441612 -6.306035 -2.996100
v -6.444355 -5.773416 -2.996100
v -6.402935 -6.195082 -2.996100
v -6.402696 -6.194396 -2.996100
v -6.402679 -6.194181 -2.996100
v -6.426481 -6.273052 -2.996100
v -6.365545 -6.127502 -2.996100
v -6.344623 -6.073304 -2.996100
v -6.409894 -5.738340 -2.996100
v -6.396513 -5.722629 -2.996100
v -6.366449 -5.666550 -2.996100
v -6.354381 -5.645988 -2.996100
v -6.320166 -5.551997 -2.996100
v -6.322260 -5.520031 -2.996100
v -6.336735 -5.589105 -2.996100
v -6.254622 -5.949631 -2.996100
v -6.297821 -5.996830 -2.996100
v -6.304023 -6.010292 -2.996100
v -6.129369 -5.836249 -2.996100
v -6.124913 -5.834165 -2.996100
v -6.115009 -5.828382 -2.996100
v -6.178183 -5.857432 -2.996100
v -6.200177 -5.888566 -2.996100
v -6.012210 -5.840113 -2.996100
v -6.062384 -5.821807 -2.996100
v -5.988232 -5.892279 -2.996100
v -5.967609 -5.921630 -2.996100
v -6.329688 -6.049236 -2.996100
v -6.339403 -6.066835 -2.996100
v -6.236838 -5.920321 -2.996100
v -6.423190 -6.445986 -2.996100
v -6.404615 -6.469680 -2.996100
v -6.379161 -6.471739 -2.996100
v -6.279174 -6.457260 -2.996100
v -6.335795 -6.482216 -2.996100
v -6.238930 -6.444059 -2.996100
v -6.199183 -6.408333 -2.996100
v -6.070949 -6.272984 -2.996100
v -6.051026 -6.234519 -2.996100
v -6.105168 -6.316969 -2.996100
v -6.007243 -6.154473 -2.996100
v -5.990411 -6.122155 -2.996100
v -5.977884 -6.071657 -2.996100
v -5.962464 -6.019025 -2.996100
v -5.965570 -5.987803 -2.996100
v -6.028012 -6.203661 -2.996100
v -6.140060 -6.363013 -2.996100
v -6.123367 -6.339475 -2.996100
v -5.711629 -6.149964 -2.996100
v -5.711185 -6.225554 -2.996100
v -5.707501 -6.235382 -2.996100
v -5.670075 -6.323399 -2.996100
v -5.667489 -6.336174 -2.996100
v -5.654958 -6.359290 -2.996100
v -5.696511 -6.262305 -2.996100
v -5.707283 -6.072233 -2.996100
v -5.706850 -6.102082 -2.996100
v -5.686916 -6.022366 -2.996100
v -5.546473 -5.916714 -2.996100
v -5.600487 -5.917881 -2.996100
v -5.630023 -5.943161 -2.996100
v -5.529434 -6.431321 -2.996100
v -5.518535 -5.917064 -2.996100
v -5.562694 -6.429711 -2.996100
v -5.605642 -6.403459 -2.996100
v -5.675273 -5.981024 -2.996100
vn -1.0000 -0.0000 -0.0000
vn -0.0000 1.0000 -0.0000
vn 1.0000 -0.0000 -0.0000
vn -0.0000 -1.0000 -0.0000
vn -0.0000 -0.0000 -1.0000
vn -0.0000 -0.0000 1.0000
vn -0.4909 0.8522 -0.1808
vn -0.3466 0.7679 -0.5387
vn -0.2245 0.7232 -0.6531
vn -0.1707 -0.5377 -0.8257
vn 0.0629 -0.6540 -0.7539
vn 0.0331 -0.6600 -0.7506
vn -0.4159 -0.4073 -0.8131
vn -0.1535 -0.5517 -0.8198
vn -0.2592 -0.4767 -0.8400
vn -0.2282 -0.4801 -0.8470
vn -0.3943 -0.3725 -0.8401
vn -0.5824 -0.1841 -0.7918
vn -0.5826 -0.1805 -0.7924
vn -0.5910 -0.1858 -0.7850
vn -0.5540 0.4349 0.7099
vn -0.3597 0.1572 0.9197
vn -0.5585 0.2943 0.7755
vn 0.1095 0.8166 0.5668
vn 0.1682 0.9650 0.2014
vn 0.1344 0.8879 0.4399
vn -0.5646 -0.4018 -0.7209
vn -0.3111 -0.4369 -0.8440
vn -0.5788 -0.3763 -0.7235
vn -0.5169 0.4803 0.7086
vn -0.6526 0.4487 0.6106
vn -0.3576 0.4683 0.8080
vn 0.2696 0.9557 -0.1186
vn 0.5719 -0.7888 -0.2251
vn 0.4771 -0.8232 -0.3077
vn 0.4797 -0.7856 -0.3907
vn 0.6085 -0.7628 -0.2188
vn -0.4631 -0.3527 -0.8131
vn -0.7493 -0.1734 -0.6391
vn -0.7469 -0.2861 -0.6003
vn 0.1388 -0.6883 -0.7120
vn 0.3384 -0.7505 -0.5677
vn 0.3690 -0.7459 -0.5545
vn -0.5429 0.1743 0.8215
vn -0.5990 0.2765 0.7515
vn -0.2406 0.3673 0.8985
vn -0.4988 0.3311 0.8010
vn 0.4485 -0.7756 -0.4442
vn -0.3043 -0.5547 -0.7744
vn -0.4217 -0.4135 -0.8070
vn -0.4054 -0.2567 -0.8773
vn -0.4164 -0.3490 -0.8395
vn -0.5694 -0.4157 -0.7092
vn -0.2871 -0.4408 -0.8505
vn -0.5669 -0.4046 -0.7176
vn 0.1161 0.3097 0.9437
vn 0.6074 0.0255 0.7940
vn 0.3885 0.2138 0.8963
vn -0.7154 0.3250 0.6185
vn -0.7125 0.3441 0.6116
vn -0.4337 0.4047 0.8051
vn -0.4077 0.4040 0.8189
vn -0.4735 -0.4564 -0.7533
vn -0.0951 -0.5162 -0.8512
vn -0.3957 -0.3998 -0.8268
vn 0.1411 -0.4781 -0.8669
vn -0.5262 0.3212 0.7873
vn -0.6218 0.3486 0.7014
vn -0.2153 0.4289 0.8773
vn -0.0439 -0.3864 -0.9213
vn -0.3658 -0.4048 -0.8381
vn -0.3807 -0.4108 -0.8284
vn -0.1362 0.5176 0.8447
vn -0.2611 0.4743 0.8407
vn -0.2472 0.5664 0.7862
vn -0.1583 0.5625 0.8115
vn 0.2198 -0.4618 -0.8593
vn 0.4982 -0.3345 -0.7999
vn 0.2704 -0.4835 -0.8325
vn 0.7011 -0.1868 -0.6882
vn -0.2604 -0.3449 -0.9018
vn -0.3554 -0.4312 -0.8293
vn 0.3534 -0.5406 -0.7634
vn 0.6047 -0.5749 -0.5512
vn 0.5409 -0.6603 -0.5210
vn 0.5205 -0.4617 -0.7183
vn 0.0911 0.3837 -0.9189
vn -0.0743 0.5453 -0.8350
vn 0.1644 0.3538 0.9207
vn -0.1446 0.4033 0.9036
vn 0.2756 0.3086 0.9104
vn 0.0470 0.4273 0.9029
vn -0.3154 0.3702 0.8738
vn -0.4187 0.3481 0.8388
vn 0.0511 -0.3682 0.9283
vn -0.0458 -0.6557 0.7537
vn -0.0623 -0.6895 0.7216
vn -0.0314 0.9664 -0.2553
vn -0.4503 -0.3947 -0.8009
vn -0.0006 -0.4622 -0.8868
vn -0.3610 -0.3364 -0.8698
vn -0.5347 0.3973 0.7458
vn -0.4671 0.4117 0.7825
vn -0.1446 0.4906 0.8593
vn 0.1754 0.5237 0.8336
vn -0.4750 0.3770 0.7951
vn -0.2764 0.2974 0.9139
vn -0.0538 0.4066 0.9120
vn 0.6313 -0.6089 -0.4803
vn 0.8405 -0.5272 -0.1248
vn 0.7830 -0.5796 -0.2259
vn 0.0055 -0.4327 -0.9015
vn -0.1387 -0.9895 -0.0414
vn -0.1623 -0.9750 0.1520
vn -0.1636 -0.9678 0.1915
vn -0.1678 -0.9856 -0.0229
vn -0.0207 0.3806 0.9245
vn -0.0437 0.3486 0.9362
vn 0.2094 0.3852 0.8988
vn 0.2152 0.4283 0.8776
vn -0.7248 0.2439 0.6444
vn -0.2455 0.4985 0.8314
vn 0.2028 0.5583 0.8045
vn 0.2178 0.5439 0.8104
vn 0.5180 0.5219 0.6777
vn -0.0787 -0.4781 -0.8748
vn -0.2134 0.3186 0.9236
vn -0.5321 0.2201 0.8176
vn -0.3141 -0.4447 -0.8388
vn -0.5676 -0.4086 -0.7148
vn -0.4562 0.3747 0.8072
vn -0.4920 0.3582 0.7935
vn -0.1590 0.4702 0.8681
vn 0.6539 -0.0251 0.7562
vn 0.7028 -0.2043 0.6814
vn 0.8035 -0.2212 0.5526
vn 0.8945 -0.3348 0.2963
vn -0.3879 -0.4327 -0.8138
vn -0.6773 -0.3149 -0.6650
vn -0.7394 -0.3343 -0.5843
vn -0.3368 0.4605 0.8213
vn -0.3976 0.4433 0.8034
vn -0.0532 0.4281 0.9022
vn 0.0243 0.4051 -0.9139
vn -0.0721 0.4758 -0.8766
vn -0.4544 0.0150 0.8907
vn -0.3168 0.1318 0.9393
vn 0.7376 -0.6740 0.0407
vn 0.0423 0.9748 -0.2193
vn -0.0611 0.9667 -0.2487
vn 0.2742 -0.2879 -0.9175
vn 0.0147 -0.3330 -0.9428
vn 0.1929 -0.4886 -0.8509
vn -0.1217 -0.5480 -0.8276
vn -0.1595 -0.6029 -0.7817
vn -0.0933 0.2747 0.9570
vn 0.0773 -0.4152 -0.9064
vn 0.3948 -0.4892 -0.7777
vn 0.4451 -0.5462 -0.7097
vn -0.5352 -0.4460 -0.7174
vn 0.3352 0.3771 0.8634
vn -0.0503 0.3303 0.9425
vn -0.0240 0.4337 0.9007
vn -0.2903 -0.3785 -0.8789
vn 0.1098 -0.3983 -0.9106
vn -0.0562 -0.4462 -0.8931
vn -0.6303 -0.3196 -0.7075
vn -0.2687 -0.4135 -0.8700
vn -0.5227 -0.3648 -0.7705
vn 0.5203 -0.0614 -0.8518
vn 0.3586 -0.1558 -0.9204
vn 0.3871 -0.0565 -0.9203
vn 0.5715 -0.0168 -0.8204
vn -0.5770 -0.3966 -0.7140
vn 0.9065 0.0886 -0.4129
vn 0.7414 -0.1749 -0.6478
vn 0.7423 -0.1998 -0.6396
vn 0.8245 -0.0730 -0.5612
vn 0.1560 0.5731 0.8045
vn 0.1209 0.5529 0.8245
vn 0.1206 0.2247 0.9669
vn 0.1804 0.4673 0.8655
vn -0.2180 0.4230 0.8795
vn 0.2207 -0.2014 -0.9543
vn -0.3110 -0.4232 -0.8510
vn -0.2550 -0.4590 -0.8510
vn -0.5318 -0.4184 -0.7363
vn 0.2051 -0.3890 -0.8981
vn -0.2965 -0.4038 -0.8655
vn -0.2444 -0.3476 -0.9052
vn 0.2865 -0.4163 -0.8629
vn -0.0081 -0.4251 -0.9051
vn 0.8986 -0.4054 0.1677
vn 0.3512 -0.2050 -0.9136
vn 0.1528 -0.2461 -0.9571
vn 0.0709 -0.4364 -0.8970
vn -0.7532 0.6567 -0.0381
vn -0.6042 0.7765 -0.1787
vn -0.6257 0.7771 -0.0678
vn 0.2004 0.6197 0.7588
vn 0.1924 0.6051 0.7725
vn 0.3617 0.5909 0.7211
vn 0.3692 0.6149 0.6969
vn 0.1978 0.5645 0.8014
vn 0.2565 0.4420 0.8596
vn -0.1243 0.5436 0.8301
vn 0.0936 0.4744 0.8753
vn -0.1243 0.5438 0.8300
vn 0.4389 -0.3953 -0.8069
vn 0.0742 -0.4123 -0.9080
vn -0.3314 -0.1575 0.9303
vn -0.2971 -0.1554 0.9421
vn -0.3959 0.4566 0.7967
vn -0.5108 0.4142 0.7534
vn -0.2207 0.4542 0.8631
vn 0.2795 -0.5046 -0.8169
vn 0.5162 -0.3582 -0.7780
vn 0.2224 -0.4892 -0.8433
vn 0.0880 -0.0519 0.9948
vn 0.0938 -0.0525 0.9942
vn 0.0502 0.4340 0.8995
vn -0.2519 0.3562 0.8998
vn -0.2273 0.5531 0.8015
vn -0.3217 0.4512 0.8324
vn 0.0165 0.4543 0.8907
vn 0.2413 0.4247 0.8726
vn -0.2033 0.4284 0.8804
vn 0.0484 -0.3265 -0.9440
vn 0.4609 0.2194 0.8599
vn 0.2111 0.3596 0.9089
vn 0.5268 -0.3459 -0.7764
vn 0.2096 -0.4673 -0.8589
vn 0.4455 -0.7522 -0.4855
vn 0.5530 -0.3576 -0.7525
vn 0.6536 -0.7277 -0.2080
vn 0.5137 0.4817 0.7100
vn 0.1722 0.9710 0.1657
vn 0.1098 0.9746 -0.1950
vn 0.9248 0.3369 -0.1769
vn -0.5967 0.0057 -0.8025
vn -0.4250 -0.1976 -0.8834
vn -0.4220 -0.1605 -0.8923
vn 0.7057 0.5497 0.4470
vn 0.5835 0.6222 0.5219
vn 0.7653 -0.5080 -0.3952
vn 0.5254 -0.5172 -0.6756
vn -0.0613 0.4583 0.8867
vn -0.3709 0.4093 0.8336
vn 0.0598 -0.3984 -0.9153
vn 0.3440 -0.4629 -0.8170
vn 0.0658 -0.4272 -0.9017
vn 0.7712 -0.0265 0.6360
vn 0.3130 -0.4510 -0.8358
vn 0.2849 0.1665 -0.9440
vn 0.3745 -0.7141 -0.5915
vn 0.7168 0.1348 -0.6841
vn 0.4499 -0.3437 -0.8243
vn 0.0219 -0.4995 -0.8660
vn -0.0170 -0.5348 -0.8448
vn 0.7119 -0.7023 -0.0015
vn 0.7386 -0.6741 -0.0096
vn 0.1666 0.4279 0.8883
vn 0.5321 0.3623 0.7653
vn 0.9201 -0.3769 0.1070
vn 0.5434 0.5165 0.6617
vn 0.2195 0.5343 0.8163
vn 0.2191 -0.3868 -0.8957
vn -0.2128 -0.3612 -0.9079
vn -0.7309 0.1299 -0.6701
vn -0.6686 0.0501 -0.7419
vn -0.8110 0.2965 -0.5044
vn 0.8242 0.4881 0.2871
vn 0.3527 0.3600 0.8637
vn 0.8655 -0.0332 -0.4998
vn -0.7875 0.3867 0.4799
vn -0.7200 0.6476 0.2496
vn -0.5764 0.6889 -0.4396
vn 0.1616 0.3649 0.9169
vn -0.3154 -0.2941 -0.9022
vn -0.1910 -0.3545 -0.9153
vn -0.1816 -0.3183 -0.9304
vn 0.9498 0.2783 -0.1428
vn 0.6556 -0.3337 -0.6773
vn 0.3563 0.3875 0.8502
vn 0.5796 0.3577 0.7322
vn -0.2205 -0.9541 0.2028
vn -0.1171 -0.7130 0.6914
vn -0.7364 0.2097 0.6432
vn -0.5829 0.3748 0.7209
vn -0.5351 0.4569 0.7106
vn -0.7417 0.2405 0.6262
vn 0.7600 0.4714 0.4474
vn 0.9585 0.2839 -0.0252
vn 0.8064 0.5178 0.2857
vn 0.4993 0.5234 0.6904
vn 0.6841 0.5319 0.4992
vn 0.2820 -0.3995 -0.8723
vn 0.2703 -0.4084 -0.8719
vn 0.7639 0.4005 0.5061
vn -0.4606 -0.1067 0.8812
vn 0.0113 -0.6481 -0.7614
vn -0.2225 -0.5179 -0.8260
vn 0.2316 -0.7003 -0.6752
vn 0.8756 -0.0536 -0.4801
vn 0.9502 0.3113 0.0144
vn 0.9390 0.3437 0.0098
vn -0.7634 0.2625 -0.5902
vn 0.3966 0.4878 0.7777
vn -0.7674 0.5728 -0.2881
vn -0.0148 -0.3215 0.9468
vn -0.7823 0.0654 0.6194
vn -0.6053 0.3437 0.7180
vn 0.2803 -0.5356 -0.7966
vn 0.5741 -0.4962 -0.6512
vn 0.1931 0.6600 0.7260
vn 0.7724 -0.2241 -0.5943
vn 0.7876 0.0690 -0.6124
vn 0.8130 0.1830 -0.5528
vn 0.3705 -0.4060 -0.8354
vn 0.5513 0.4583 0.6972
vn 0.7149 -0.6644 -0.2178
vn -0.8688 0.3179 0.3796
vn 0.8903 -0.2869 -0.3537
vn 0.7118 -0.1474 -0.6867
vn 0.5723 0.3093 0.7594
vn 0.8778 -0.4420 -0.1849
vn 0.0352 -0.3890 0.9206
vn 0.6942 0.3047 0.6521
vn 0.9276 -0.3285 0.1776
vn 0.4577 -0.4228 -0.7822
vn 0.6062 0.2289 0.7617
vn 0.0578 0.4145 -0.9082
vn 0.6630 0.3548 0.6592
vn -0.4756 -0.1663 -0.8638
vn 0.0039 -0.6651 -0.7468
vn 0.5790 0.2866 0.7633
vn 0.5097 -0.0823 -0.8564
vn -0.1050 -0.5765 -0.8103
vn 0.9607 0.2678 0.0735
vn 0.7511 -0.0452 -0.6587
vn 0.8270 0.0189 0.5619
vn 0.7380 -0.4732 -0.4810
vn 0.5857 0.3573 0.7275
vn 0.1163 0.9761 -0.1837
vn -0.1007 -0.4761 -0.8736
vn -0.5748 -0.0269 0.8179
vn 0.9441 0.3231 -0.0649
vn 0.9123 0.2658 -0.3115
vn 0.8949 0.4426 0.0565
vn 0.8526 -0.1050 0.5119
vn 0.7562 -0.4008 -0.5171
vn 0.9100 -0.0338 -0.4132
vn 0.8617 0.3118 0.4003
vn 0.7606 -0.2686 -0.5911
vn -0.6596 0.0117 -0.7515
vn 0.8123 -0.3874 -0.4360
vn 0.8214 -0.5662 0.0685
vn 0.6796 0.3831 0.6256
vn 0.8619 0.0829 0.5002
vn 0.9468 0.3008 0.1142
vn 0.8998 0.3514 0.2586
vn 0.8969 -0.1257 -0.4241
vn -0.8466 0.5008 -0.1801
vn 0.8496 -0.1732 -0.4982
vn 0.1173 0.1717 0.9781
vn 0.3404 0.0724 -0.9375
vn 0.0180 -0.5194 -0.8543
vn 0.0101 -0.5360 -0.8442
vn -0.8758 -0.3691 -0.3110
vn -0.9177 -0.3871 0.0892
vn -0.7299 -0.4656 -0.5005
vn -0.0872 -0.4578 -0.8848
vn 0.8974 0.2877 0.3346
vn 0.8808 0.3275 0.3419
vn -0.3598 0.5629 0.7441
vn -0.0364 0.6966 0.7166
vn -0.1464 0.6629 0.7342
vn -0.3566 0.5720 0.7387
vn 0.4830 -0.7478 -0.4554
vn 0.9118 -0.1905 -0.3638
vn 0.9461 0.0138 -0.3236
vn 0.7907 -0.6106 0.0448
vn 0.9415 -0.0215 0.3364
vn 0.6995 0.2553 0.6674
vn 0.8545 0.1024 0.5093
vn -0.8694 0.2660 0.4164
vn 0.6179 -0.3239 -0.7165
vn 0.9611 -0.2760 -0.0065
vn 0.8058 -0.1755 -0.5656
vn 0.8180 -0.2159 -0.5332
vn 0.8446 -0.4787 0.2397
vn 0.9279 -0.0187 0.3724
vn 0.8664 0.1776 0.4668
vn -0.1079 0.4494 -0.8868
vn 0.2462 0.9660 0.0786
vn 0.9716 0.1990 -0.1278
vn 0.9691 0.1619 0.1859
vn 0.9732 0.0932 -0.2101
vn 0.1443 0.9701 -0.1950
vn 0.8044 0.2316 0.5471
vn 0.9807 0.0747 -0.1810
vn 0.1258 -0.5099 0.8509
vn 0.1390 0.7327 0.6662
vn 0.3839 0.7973 0.4659
vn 0.1478 0.7427 0.6532
vn -0.8608 0.4608 -0.2162
vn 0.1987 -0.7649 -0.6127
vn -0.5563 0.5152 -0.6520
vn 0.9783 -0.1108 0.1752
vn 0.9727 -0.0582 0.2248
vn -0.1563 -0.9520 0.2633
vn -0.2926 -0.9440 -0.1522
vn -0.2308 -0.9030 0.3624
vn -0.1120 -0.7758 0.6210
vn 0.9065 -0.1649 -0.3887
vn 0.9743 0.0252 -0.2237
vn 0.6693 -0.6888 -0.2785
vn 0.2726 0.7458 0.6079
vn 0.9679 -0.2369 -0.0842
vn 0.9936 0.0787 0.0809
vn 0.9863 -0.1269 -0.1059
vn 0.9596 0.1663 0.2270
vn 0.9732 0.0551 0.2231
vn 0.9524 0.1250 0.2781
vn 0.9635 0.1706 0.2064
vn 0.9808 -0.1847 -0.0625
vn 0.0224 -0.3860 0.9222
vn 0.2275 0.9490 -0.2182
vn 0.9911 0.1215 -0.0534
vn 0.6789 -0.3499 -0.6455
vn -0.9060 -0.1561 0.3934
vn -0.9161 -0.2426 -0.3192
vn -0.9694 -0.2116 0.1246
vn 0.8291 -0.3707 -0.4186
vn 0.3858 -0.7725 -0.5044
vn 0.0135 -0.3354 0.9420
vn 0.9073 -0.2615 -0.3294
vn 0.9927 -0.0271 -0.1176
vn 0.4961 -0.6786 0.5417
vn 0.3665 -0.5349 0.7613
vn 0.1533 -0.5162 0.8426
vn -0.9310 -0.1733 0.3212
vn -0.8800 0.4733 -0.0396
vn -0.8289 0.1974 -0.5235
vn -0.8767 0.4092 -0.2528
vn -0.8967 0.4099 -0.1674
vn -0.8168 0.5318 0.2237
vn -0.2381 -0.3410 -0.9094
vn -0.6219 -0.3897 -0.6792
vn -0.8949 0.1281 0.4274
vn 0.9908 -0.1143 0.0726
vn -0.9232 -0.2479 -0.2938
vn 0.8531 -0.4899 0.1793
vn 0.8542 -0.4289 0.2939
vn -0.8497 0.3033 -0.4312
vn -0.3786 -0.2701 -0.8853
vn -0.4194 -0.3552 -0.8354
vn 0.8075 -0.2153 0.5492
vn 0.7008 -0.0455 0.7119
vn 0.8246 -0.2517 0.5066
vn 0.7910 -0.1423 0.5951
vn 0.6805 -0.1004 0.7258
vn -0.8895 0.3479 -0.2962
vn -0.4719 -0.0994 0.8760
vn 0.4973 0.0701 -0.8647
vn -0.7084 -0.0478 0.7042
vn -0.8754 -0.1624 0.4553
vn -0.5219 0.0132 0.8529
vn -0.5074 0.0280 0.8612
vn 0.8540 -0.3244 0.4067
vn 0.5759 -0.0693 -0.8146
vn -0.5954 -0.1748 -0.7842
vn -0.8352 0.5439 -0.0813
vn -0.8830 0.4657 -0.0587
vn 0.6758 -0.3531 -0.6470
vn -0.4756 0.4074 -0.7797
vn -0.9185 -0.1013 0.3822
vn -0.4753 0.0019 0.8798
vn -0.7065 -0.0140 -0.7075
vn 0.6749 -0.6915 0.2577
vn 0.7668 -0.5894 0.2542
vn 0.8625 -0.4989 -0.0845
vn 0.2345 0.3057 0.9228
vn 0.6011 -0.7174 -0.3522
vn 0.7234 -0.6628 -0.1936
vn -0.9558 -0.1521 -0.2515
vn -0.4747 -0.2210 -0.8519
vn 0.3493 0.8935 0.2822
vn 0.2281 -0.6300 -0.7423
vn 0.3629 0.7413 0.5646
vn -0.8437 0.0195 0.5364
vn -0.9900 0.1264 -0.0619
vn -0.0380 0.3683 -0.9289
vn -0.9891 -0.0713 0.1289
vn -0.9863 -0.0140 -0.1646
vn -0.6705 -0.0242 -0.7415
vn -0.8684 0.4956 0.0151
vn -0.8670 0.4969 0.0381
vn -0.8270 -0.0233 0.5618
vn -0.5215 -0.1556 -0.8389
vn 0.3682 -0.6398 -0.6746
vn 0.3067 -0.6582 -0.6875
vn -0.8482 -0.1177 0.5164
vn -0.9980 0.0634 0.0049
vn -0.9225 -0.0633 0.3807
vn -0.7474 0.2213 -0.6265
vn 0.6494 0.6910 0.3177
vn 0.4715 0.8223 0.3185
vn -0.8351 -0.0388 0.5488
vn -0.8141 0.1514 -0.5606
vn 0.2246 -0.5854 -0.7790
vn -0.8687 0.2042 -0.4513
vn 0.7949 -0.6048 -0.0474
vn 0.0218 -0.3288 0.9442
vn -0.4411 -0.0190 0.8973
vn -0.4321 -0.0576 0.9000
vn -0.4285 -0.1157 0.8961
vn -0.7945 0.0642 -0.6039
vn 0.5399 0.0553 -0.8399
vn 0.2846 0.9180 0.2763
vn -0.0201 -0.4074 -0.9130
vn -0.5526 -0.1284 0.8235
vn 0.7438 -0.6594 0.1097
vn 0.7692 -0.6315 0.0976
vn 0.1319 -0.0634 -0.9892
vn 0.8829 -0.3368 0.3271
vn -0.9383 0.3168 -0.1384
vn 0.6384 0.6859 0.3492
vn -0.3130 0.2703 -0.9105
vn 0.0740 -0.2599 0.9628
vn 0.4875 -0.6406 0.5932
vn -0.2627 0.1739 -0.9491
vn -0.3602 -0.2078 0.9094
vn -0.7872 0.5611 0.2559
vn 0.3669 0.7993 0.4759
vn -0.3524 -0.8795 0.3199
vn -0.2919 -0.8240 0.4857
vn -0.3902 -0.9131 0.1185
vn 0.8557 -0.1732 0.4876
vn -0.5669 -0.2044 -0.7980
vn -0.8340 0.0173 -0.5516
vn -0.2291 0.1184 0.9662
vn 0.0816 -0.0591 -0.9949
vn 0.8080 -0.4915 -0.3248
vn 0.7664 -0.5298 -0.3633
vn 0.7524 -0.6284 -0.1973
vn 0.7923 -0.1701 -0.5860
vn 0.3736 -0.5098 0.7749
vn 0.2678 0.9336 0.2379
vn 0.3804 -0.1729 -0.9085
vn 0.1608 -0.3449 -0.9248
vn 0.1343 -0.2430 0.9607
vn 0.0656 -0.5376 -0.8406
vn -0.7923 0.5287 0.3045
vn -0.3741 0.0647 -0.9251
vn 0.5994 -0.4515 0.6610
vn -0.2820 -0.3826 -0.8798
vn 0.3257 -0.3803 0.8656
vn 0.6491 0.6914 0.3172
vn -0.7559 0.5537 0.3493
vn -0.8746 0.0127 -0.4847
vn 0.8463 -0.5293 0.0600
vn 0.8609 -0.4731 0.1871
vn -0.0688 0.1333 0.9887
vn -0.2064 0.0391 -0.9777
vn 0.8143 -0.5755 -0.0761
vn -0.3661 0.1818 -0.9126
vn -0.2811 -0.8624 0.4211
vn -0.1391 -0.1540 0.9782
vn -0.0486 0.1546 0.9868
vn 0.8820 -0.1902 0.4312
vn 0.3112 0.4531 0.8354
vn 0.8376 -0.5462 -0.0058
vn -0.8622 0.4631 0.2055
vn 0.0147 0.0935 -0.9955
vn 0.2204 0.2008 -0.9545
vn 0.5538 -0.6791 -0.4818
vn -0.1359 -0.1406 0.9807
vn 0.1476 0.1819 -0.9722
vn -0.1673 -0.6298 0.7586
vn 0.2441 0.1767 -0.9535
vn -0.6430 0.5554 0.5273
vn 0.5837 0.0390 -0.8110
vn 0.3465 0.0732 -0.9352
vn -0.9544 0.2473 -0.1671
vn 0.7032 -0.5607 0.4371
vn 0.3349 -0.3524 0.8739
vn -0.1254 -0.4497 -0.8843
vn 0.3315 0.9292 0.1633
vn 0.3813 0.8808 0.2806
vn -0.5665 -0.2415 -0.7879
vn 0.2416 0.1212 0.9628
vn -0.7123 0.6446 0.2777
vn -0.7656 0.6087 0.2081
vn -0.8863 0.4446 -0.1295
vn 0.1122 0.0595 0.9919
vn 0.5682 0.2040 0.7972
vn 0.1792 0.1805 0.9671
vn 0.2803 -0.0257 0.9596
vn 0.2935 0.0983 0.9509
vn 0.4943 0.3065 0.8134
vn 0.6510 -0.6474 -0.3962
vn 0.1995 -0.0518 0.9785
vn 0.4678 -0.6399 -0.6097
vn -0.5524 0.5461 0.6298
vn -0.5574 0.5948 0.5792
vn -0.7861 0.5244 0.3271
vn -0.9388 0.3443 0.0046
vn -0.5270 0.6732 0.5187
vn -0.2867 0.6098 0.7389
vn -0.9777 0.1666 -0.1279
vn -0.8759 -0.0215 -0.4821
vn 0.3380 0.9392 -0.0607
vn 0.2409 -0.5769 -0.7805
vn -0.2395 -0.8372 0.4916
vn 0.8987 -0.3825 -0.2146
vn -0.5730 0.5978 0.5606
vn -0.3249 0.6255 0.7094
vn -0.8657 0.3994 -0.3019
vn -0.8552 0.1454 -0.4974
vn -0.8186 0.1866 -0.5432
vn 0.7150 0.0837 -0.6941
vn -0.6287 -0.2336 -0.7418
vn 0.9177 -0.3555 0.1775
vn -0.8768 -0.2912 0.3825
vn -0.7881 0.3092 0.5322
vn -0.8650 0.1864 0.4658
vn -0.8976 -0.0569 0.4371
vn 0.6880 -0.3359 0.6433
vn 0.5892 -0.1867 0.7861
vn 0.4160 -0.1245 0.9008
vn -0.7853 0.5781 0.2215
vn -0.8832 0.4240 -0.2003
vn 0.5771 -0.0790 -0.8128
vn -0.2793 0.6106 0.7410
vn 0.8548 0.1324 -0.5018
vn 0.6037 -0.6834 -0.4105
vn 0.5921 0.0594 -0.8036
vn -0.8251 -0.1700 -0.5388
vn -0.6179 0.5461 0.5657
vn 0.5782 -0.1816 0.7954
vn -0.3564 0.6612 0.6601
vn -0.3099 0.5933 0.7429
vn -0.1118 -0.4805 -0.8698
vn 0.4102 0.8484 0.3347
vn 0.4582 0.1393 -0.8779
vn -0.7967 0.4046 0.4491
vn 0.7757 0.3727 0.5093
vn 0.9224 0.2731 0.2733
vn -0.8454 0.4500 0.2878
vn -0.4874 0.6030 0.6315
vn -0.2669 -0.8383 0.4754
vn -0.1962 -0.6810 0.7055
vn -0.7111 -0.1168 -0.6933
vn -0.0171 0.4455 0.8951
vn -0.8828 -0.0914 -0.4608
vn 0.7606 0.0344 -0.6484
vn 0.9574 0.2341 -0.1688
vn -0.5383 0.6189 0.5720
vn -0.4789 -0.4203 -0.7707
vn 0.5961 0.0237 -0.8026
vn -0.8572 0.4274 0.2874
vn -0.9805 0.1730 -0.0937
vn 0.7936 0.2154 0.5691
vn 0.6005 0.0908 -0.7945
vn 0.8097 -0.3530 0.4688
vn -0.8432 -0.2030 -0.4978
vn -0.8988 -0.3095 0.3103
vn -0.5459 0.6974 0.4643
vn 0.6757 0.0924 0.7313
vn -0.1445 -0.4998 -0.8540
vn -0.0946 0.5574 0.8248
vn -0.7444 0.6180 0.2528
vn -0.9538 0.2088 -0.2161
vn 0.7875 -0.5986 -0.1463
vn -0.6507 -0.2349 -0.7221
vn -0.5881 -0.2482 -0.7698
vn 0.9458 0.3124 0.0885
vn -0.9334 0.3387 -0.1185
vn -0.7839 -0.2085 -0.5848
vn -0.9953 0.0443 -0.0856
vn -0.8178 0.4472 0.3623
vn 0.3106 -0.5996 -0.7376
vn -0.3146 -0.8565 0.4091
vn 0.3918 0.5898 0.7061
vn 0.4147 0.8096 0.4154
vn -0.5902 -0.7949 0.1407
vn 0.5449 -0.6363 -0.5461
vn -0.5374 -0.3877 -0.7489
vn 0.0394 -0.2655 0.9633
vn -0.2724 0.5501 0.7894
vn -0.7780 -0.3893 -0.4931
vn 0.9678 -0.2517 -0.0039
vn -0.9717 0.1737 0.1602
vn -0.9341 0.2744 0.2285
vn -0.5735 0.6967 0.4308
vn -0.3267 0.8775 0.3510
vn -0.2792 0.6888 0.6690
vn 0.8858 -0.0176 0.4637
vn -0.9923 0.1194 0.0339
vn -0.9728 -0.1413 -0.1837
vn -0.8914 -0.0875 -0.4447
vn -0.9432 -0.1281 0.3065
vn -0.4662 0.6554 0.5942
vn 0.9155 0.1745 0.3624
vn -0.8385 -0.3551 -0.4133
vn -0.9529 -0.1600 -0.2577
vn -0.8415 -0.3530 -0.4091
vn -0.9815 -0.0848 -0.1715
vn 0.9729 0.1371 -0.1864
vn 0.9443 0.0222 -0.3284
vn 0.8983 0.0615 -0.4350
vn 0.7606 -0.6016 -0.2442
vn -0.7002 -0.7140 -0.0056
vn 0.9849 0.1477 -0.0899
vn -0.3718 -0.5382 -0.7564
vn 0.2412 0.1732 0.9549
vn -0.5146 -0.8539 -0.0779
vn -0.6844 -0.5092 -0.5219
vn -0.6723 0.5054 0.5409
vn 0.2145 0.4281 0.8779
vn 0.2118 0.3770 0.9017
vn 0.9455 0.1224 -0.3018
vn -0.5290 0.7262 0.4392
vn -0.9323 0.3617 0.0055
vn 0.9224 -0.2366 0.3053
vn 0.9364 -0.1445 -0.3197
vn -0.7439 0.4908 0.4536
vn 0.7762 -0.6083 -0.1658
vn 0.6950 -0.5863 -0.4163
vn -0.5404 -0.4888 -0.6849
vn -0.3692 -0.9268 0.0682
vn -0.3427 -0.9053 -0.2510
vn -0.1069 -0.5765 -0.8101
vn 0.9029 -0.0747 0.4232
vn -0.5297 -0.5650 -0.6326
vn -0.8773 -0.4766 0.0563
vn -0.3226 0.6230 0.7126
vn -0.5444 0.5482 0.6349
vn 0.0345 0.5541 0.8317
vn -0.2718 -0.6197 -0.7362
vn -0.3271 -0.9063 -0.2676
vn 0.9247 -0.0084 -0.3807
vn 0.9797 0.0925 0.1777
vn 0.9754 -0.1080 0.1920
vn -0.9070 -0.1390 -0.3976
vn -0.3770 0.7540 0.5378
vn -0.0507 0.9276 0.3700
vn -0.0677 0.9483 0.3099
vn 0.1133 -0.5992 -0.7926
vn 0.8216 -0.5513 -0.1448
vn 0.9852 -0.0154 0.1709
vn -0.9499 0.0890 0.2996
vn 0.1028 0.4906 0.8653
vn -0.2226 -0.6126 -0.7584
vn -0.3886 -0.4483 -0.8050
vn -0.5766 0.6767 0.4578
vn -0.1000 -0.6305 0.7697
vn -0.9314 0.3614 0.0440
vn 0.1424 0.5205 0.8419
vn -0.4677 -0.6101 -0.6396
vn 0.3162 0.9106 0.2663
vn -0.2636 -0.7816 0.5653
vn -0.1975 -0.7871 0.5844
vn -0.9377 -0.3469 0.0191
vn -0.1823 0.6211 0.7622
vn -0.5152 0.5961 0.6158
vn 0.0205 0.6043 0.7965
vn 0.5246 0.2238 0.8214
vn 0.0794 -0.5921 -0.8019
vn -0.3233 0.7218 0.6119
vn 0.4001 -0.5897 -0.7016
vn -0.2480 0.8780 0.4093
vn -0.1807 -0.5844 -0.7911
vn -0.6609 0.6086 0.4391
vn 0.4497 0.7316 0.5124
vn 0.4240 0.3667 0.8281
vn -0.4642 0.7615 0.4524
vn -0.9391 0.1905 0.2860
vn -0.9507 -0.3098 -0.0168
vn 0.1019 0.9733 0.2055
vn -0.6446 -0.7246 -0.2438
vn 0.3586 0.4967 0.7904
vn 0.4559 0.7000 0.5497
vn 0.3402 0.3818 0.8594
vn 0.2517 0.9582 0.1359
vn 0.1286 0.9890 0.0729
vn -0.0471 -0.6974 -0.7152
vn -0.5081 0.7367 0.4461
vn 0.8294 -0.5584 -0.0162
vn -0.9113 0.3191 0.2601
vn -0.9336 0.2554 0.2513
vn -0.9719 -0.2173 -0.0909
vn -0.6520 -0.6977 -0.2969
vn -0.9696 -0.1347 -0.2045
vn 0.3408 -0.5979 -0.7255
vn -0.6945 -0.4315 -0.5757
vn -0.8094 0.5223 0.2685
vn -0.4525 -0.8556 -0.2513
vn -0.9595 0.2125 0.1851
vn 0.1214 0.7316 0.6708
vn 0.1135 0.6897 0.7152
vn 0.1126 -0.6527 -0.7492
vn -0.0084 -0.7206 -0.6933
vn -0.3445 -0.6648 -0.6629
vn -0.5880 0.6377 0.4975
vn -0.0744 -0.9308 -0.3578
vn -0.5468 0.7000 0.4594
vn 0.6048 0.1343 0.7850
vn 0.7058 0.1114 0.6996
vn 0.8429 -0.5303 -0.0908
vn 0.8457 -0.5296 0.0655
vn 0.3777 0.4392 0.8152
vn 0.6841 -0.5731 -0.4512
vn -0.0883 -0.9272 -0.3640
vn -0.3276 0.8223 0.4653
vn -0.1766 -0.7203 -0.6708
vn 0.3900 0.9015 0.1877
vn -0.6361 -0.6498 -0.4162
vn -0.0604 0.9033 0.4247
vn 0.0874 -0.7312 -0.6765
vn -0.1287 0.6163 0.7769
vn 0.5648 0.3110 0.7644
vn 0.8845 -0.4301 0.1806
vn 0.2946 -0.5879 -0.7534
vn -0.4867 0.7331 0.4750
vn 0.2413 0.5593 0.7931
vn 0.4197 0.4487 0.7890
vn -0.5711 -0.6311 -0.5249
vn 0.4926 0.2529 0.8327
vn 0.7121 0.1454 0.6868
vn -0.1036 0.7982 0.5935
vn 0.1756 -0.0967 0.9797
vn 0.5114 -0.7170 -0.4737
vn 0.3174 -0.7527 -0.5767
vn 0.8742 0.0136 0.4853
vn -0.2679 -0.7159 -0.6447
vn 0.0203 -0.3201 0.9472
vn 0.1659 -0.0990 0.9812
vn -0.0428 -0.4165 0.9081
vn 0.5899 -0.5785 -0.5634
vn 0.6881 0.1583 0.7081
vn 0.4251 -0.6196 -0.6598
vn 0.2446 0.5671 0.7865
vn 0.0557 0.8793 0.4731
vn 0.3180 0.4842 0.8151
vn 0.2681 -0.8460 -0.4609
vn 0.5570 -0.6885 -0.4645
vn -0.7764 -0.6013 0.1887
vn -0.8569 -0.4290 0.2857
vn -0.8554 -0.4286 0.2909
vn -0.8065 -0.5465 0.2257
vn -0.1916 -0.8174 0.5432
vn 0.7718 0.0425 0.6344
vn 0.8906 -0.1131 0.4405
vn 0.0513 0.5895 0.8061
vn 0.2515 0.7283 0.6374
vn 0.9181 -0.3850 0.0939
vn -0.8565 -0.4319 0.2827
vn 0.4278 -0.8157 -0.3895
vn 0.4413 0.6837 0.5813
vn 0.1182 0.8905 0.4393
vn 0.0100 0.8251 0.5649
vn 0.5211 0.8535 -0.0041
vn 0.4151 0.9085 -0.0473
vn 0.7091 0.6948 -0.1197
vn -0.6659 -0.7422 0.0756
vn 0.8929 -0.3808 0.2404
vn 0.3175 -0.6572 -0.6836
vn -0.0456 -0.9013 -0.4307
vn 0.9071 -0.2513 0.3376
vn 0.4803 0.6473 0.5918
vn 0.4599 0.6658 0.5876
vn 0.5339 0.4186 0.7346
vn -0.0230 -0.8622 -0.5061
vn 0.8551 -0.4724 -0.2134
vn 0.3070 -0.8558 -0.4163
vn -0.8175 -0.5530 0.1610
vn -0.8535 -0.4297 0.2947
vn -0.0612 -0.8273 -0.5584
vn 0.6886 -0.5564 -0.4651
vn 0.9054 -0.4241 -0.0194
vn 0.8267 0.0454 0.5608
vn -0.2274 -0.8139 0.5347
vn 0.5395 -0.6873 -0.4864
vn 0.8569 0.4348 -0.2769
vn 0.0099 -0.8115 -0.5843
vn 0.8078 0.0560 0.5868
vn 0.2094 -0.7296 -0.6510
vn 0.3674 0.5353 0.7606
vn 0.8677 -0.2231 0.4442
vn 0.5336 0.8171 0.2183
vn 0.9331 -0.3215 0.1611
vn 0.8158 -0.4982 -0.2937
vn 0.9281 -0.3620 0.0869
vn 0.7355 -0.6486 -0.1960
vn 0.5341 -0.5642 -0.6296
vn -0.9142 -0.3361 0.2265
vn 0.7193 0.2183 0.6595
vn -0.5489 -0.8319 -0.0814
vn -0.5957 -0.8032 -0.0067
vn 0.8993 -0.2082 0.3846
vn 0.8864 -0.1738 0.4290
vn 0.7635 -0.5155 -0.3890
vn 0.4128 -0.7348 -0.5382
vn 0.3278 -0.7782 -0.5356
vn 0.3595 -0.7447 -0.5623
vn 0.6531 -0.5338 -0.5371
vn 0.6960 0.3408 0.6320
vn 0.8158 0.5724 -0.0832
vn 0.5336 -0.7201 -0.4435
vn 0.7369 0.6392 0.2201
vn -0.3849 -0.8980 -0.2131
vn -0.8843 -0.4368 0.1649
vn -0.9169 -0.2864 0.2781
vn 0.7953 -0.5772 -0.1852
vn 0.6711 -0.6670 -0.3236
vn 0.3882 -0.7257 -0.5680
vn 0.5316 0.7469 0.3995
vn 0.7309 0.3931 0.5579
vn 0.6911 -0.5743 -0.4388
vn 0.9044 0.2793 -0.3227
vn 0.9289 -0.0007 -0.3704
vn 0.8724 -0.2595 -0.4141
vn 0.9318 -0.1996 0.3033
vn -0.6118 -0.7810 -0.1254
vn 0.7424 0.2579 0.6183
vn 0.8610 -0.4878 -0.1442
vn 0.9030 -0.4039 -0.1468
vn 0.8773 0.0293 0.4790
vn 0.8208 -0.4611 -0.3372
vn 0.9453 -0.1864 0.2678
vn 0.6971 -0.5629 -0.4440
vn 0.8069 0.3449 0.4795
vn 0.5215 -0.7258 -0.4486
vn 0.4314 0.4384 0.7885
vn 0.7327 0.3054 0.6082
vn 0.8717 -0.4268 -0.2409
vn -0.9076 -0.3959 0.1397
vn -0.9631 -0.1708 0.2081
vn 0.8115 -0.5196 -0.2674
vn -0.8408 0.2508 0.4797
vn -0.8900 -0.2169 0.4011
vn 0.5883 0.6069 0.5344
vn 0.5542 0.6685 0.4959
vn 0.6988 0.3912 0.5988
vn 0.4864 0.6418 0.5929
vn 0.9053 0.4051 -0.1279
vn 0.9029 -0.1599 -0.3991
vn 0.9508 -0.2317 0.2056
vn 0.6930 0.6979 0.1805
vn 0.8751 -0.3242 -0.3594
vn 0.6731 -0.6276 -0.3913
vn -0.6531 -0.7415 -0.1536
vn 0.9124 0.0917 0.3989
vn 0.9640 -0.1127 0.2410
vn -0.9818 0.1506 -0.1155
vn -0.1935 -0.9164 -0.3503
vn -0.7978 0.4055 0.4463
vn -0.8530 0.3582 0.3795
vn -0.9348 0.2901 0.2050
vn -0.9918 0.1137 -0.0579
vn -0.9773 0.2038 0.0581
vn -0.9599 -0.0413 -0.2771
vn 0.9412 0.0115 0.3377
vn 0.0230 -0.2917 0.9562
vn 0.2099 -0.0182 0.9776
vn 0.0512 -0.3274 0.9435
vn 0.5121 0.6324 0.5813
vn 0.9711 -0.2099 0.1140
vn -0.9919 -0.0194 0.1252
vn -0.9356 0.1310 0.3277
vn -0.9933 -0.1146 0.0117
vn -0.8781 -0.1703 -0.4471
vn -0.8904 -0.1273 -0.4369
vn -0.8637 0.3366 0.3751
vn -0.9247 -0.0625 0.3756
vn -0.2896 -0.9536 -0.0823
vn -0.9933 0.1139 -0.0207
vn -0.9092 -0.4100 0.0721
vn 0.9852 -0.1169 0.1256
vn -0.2370 -0.9238 -0.3006
vn 0.4763 0.5037 0.7207
vn 0.9450 0.1948 0.2627
vn -0.7659 0.3606 0.5323
vn -0.9608 0.1310 0.2442
vn -0.8249 0.3067 0.4748
vn -0.8899 0.2762 0.3631
vn 0.9752 0.1736 -0.1373
vn 0.9489 -0.2671 -0.1680
vn -0.6886 0.4445 0.5729
vn -0.8358 0.3739 0.4019
vn -0.6114 0.5160 0.6000
vn -0.8467 0.3446 0.4054
vn -0.9524 0.2149 0.2160
vn -0.6795 -0.7161 -0.1595
vn -0.9390 -0.1010 -0.3289
vn -0.9846 0.1189 0.1281
vn -0.9657 -0.0940 -0.2419
vn -0.9827 -0.1637 -0.0865
vn -0.9812 -0.1699 -0.0911
vn 0.9651 -0.2573 -0.0486
vn 0.9158 -0.3356 -0.2204
vn 0.9796 -0.1950 0.0484
vn 0.9363 -0.3109 -0.1633
vn -0.9957 -0.0671 -0.0640
vn -0.8837 -0.2538 -0.3932
vn -0.7794 -0.4253 -0.4601
vn 0.9699 -0.2367 -0.0577
vn -0.9537 -0.0647 0.2938
vn -0.9080 0.2527 0.3341
vn -0.6257 -0.3679 -0.6879
vn -0.6770 -0.3593 -0.6423
vn 0.3814 0.2217 0.8974
vn 0.3952 0.2711 0.8777
vn -0.2350 -0.8928 -0.3844
vn -0.9392 0.1904 0.2858
vn 0.9302 0.3407 0.1367
vn -0.5375 0.4769 0.6955
vn -0.6992 0.4484 0.5569
vn 0.7653 0.4000 0.5044
vn -0.7660 0.3793 0.5191
vn -0.7622 0.1587 0.6275
vn -0.7594 0.3777 0.5298
vn -0.5725 0.4795 0.6651
vn -0.4705 0.5472 0.6922
vn -0.7201 0.4102 0.5597
vn -0.4788 0.4823 0.7335
vn -0.7114 0.4024 0.5762
vn -0.5423 0.4864 0.6850
vn 0.0273 -0.2973 0.9544
vn 0.2279 -0.0453 0.9726
vn 0.3952 0.2112 0.8940
vn -0.2969 -0.8682 -0.3975
vn -0.6220 0.4756 0.6221
vn 0.0535 -0.9011 -0.4303
vn 0.2624 -0.8214 -0.5064
vn 0.2847 -0.8146 -0.5053
vn -0.7282 -0.3311 -0.6001
vn 0.8616 -0.3681 -0.3494
vn 0.7811 -0.4644 -0.4173
vn 0.6683 -0.4863 -0.5629
vn 0.9863 -0.0345 -0.1611
vn 0.9865 0.0442 -0.1579
vn 0.8825 0.2201 0.4157
vn -0.4094 0.6125 0.6762
vn -0.6897 -0.6944 -0.2054
vn 0.9753 -0.0229 0.2195
vn -0.9040 0.1546 0.3987
vn 0.9305 0.1289 0.3428
vn 0.9550 0.0772 0.2863
vn -0.5869 -0.3918 -0.7085
vn -0.4910 0.5529 0.6732
vn -0.4912 -0.4958 -0.7162
vn -0.9300 -0.3623 0.0613
vn -0.4255 0.5819 0.6931
vn -0.7668 0.3944 0.5065
vn -0.6226 0.4852 0.6140
vn 0.9586 0.2281 0.1704
vn -0.2268 0.5402 0.8104
vn -0.2561 0.5915 0.7645
vn -0.5651 0.5934 0.5732
vn 0.3509 0.1575 0.9231
vn -0.3343 0.4844 0.8085
vn -0.3925 -0.5737 -0.7189
vn -0.5511 -0.4987 -0.6690
vn 0.9937 -0.0995 0.0507
vn -0.1822 -0.5200 -0.8345
vn -0.3279 -0.4543 -0.8283
vn -0.6521 -0.6983 -0.2951
vn -0.0970 0.7122 0.6952
vn -0.5562 0.6411 0.5287
vn 0.4156 0.2377 0.8779
vn -0.3157 -0.8576 -0.4060
vn -0.1985 0.7015 0.6845
vn -0.3622 0.5226 0.7718
vn -0.1949 -0.5245 -0.8288
vn -0.0907 -0.5476 -0.8318
vn -0.9592 -0.0218 0.2819
vn -0.4495 0.6820 0.5769
vn 0.9753 0.0341 0.2182
vn 0.4085 0.2621 0.8743
vn -0.8782 -0.4727 -0.0728
vn -0.7545 0.3928 0.5258
vn -0.1456 0.5425 0.8273
vn -0.3178 0.5751 0.7538
vn 0.7165 -0.5277 -0.4563
vn 0.9293 -0.2900 -0.2289
vn -0.1726 0.5087 0.8435
vn -0.9364 -0.3499 -0.0254
vn -0.2781 -0.8316 -0.4807
vn 0.1138 -0.5865 -0.8019
vn -0.1502 -0.6467 -0.7478
vn -0.3331 0.7022 0.6293
vn -0.9326 0.1066 0.3449
vn 0.0018 0.6714 0.7411
vn -0.7083 0.4419 0.5506
vn 0.2090 -0.8268 -0.5223
vn -0.0274 -0.5109 -0.8592
vn -0.6123 -0.7034 -0.3610
vn -0.9609 -0.2758 0.0240
vn -0.9122 0.1902 0.3629
vn -0.6273 0.5208 0.5791
vn -0.9635 -0.2674 -0.0108
vn -0.7639 -0.5850 -0.2726
vn 0.1534 -0.8294 -0.5372
vn 0.1463 0.7179 0.6806
vn 0.2930 0.4109 0.8633
vn 0.2643 0.4357 0.8604
vn 0.0687 0.4839 0.8724
vn 0.0833 -0.8349 -0.5440
vn -0.7423 -0.5972 -0.3038
vn 0.2999 -0.6020 -0.7400
vn -0.2267 -0.8226 -0.5215
vn 0.4058 0.6735 0.6179
vn 0.4623 -0.6833 -0.5651
vn -0.9542 0.1010 0.2817
vn -0.0326 0.8116 0.5834
vn -0.2402 0.7470 0.6199
vn -0.9812 -0.1916 0.0248
vn -0.7199 -0.5922 -0.3621
vn 0.2029 -0.7827 -0.5884
vn 0.2777 0.4677 0.8391
vn -0.7239 0.4360 0.5346
vn -0.5719 0.5692 0.5907
vn -0.8852 0.2338 0.4022
vn -0.9881 -0.0272 0.1516
vn -0.2214 0.7474 0.6264
vn 0.1326 0.5262 0.8400
vn 0.6597 -0.4989 -0.5621
vn 0.6926 -0.4617 -0.5543
vn 0.3515 0.6509 0.6729
vn 0.1859 0.6440 0.7421
vn -0.8591 -0.4316 -0.2750
vn 0.0658 0.5795 0.8123
vn -0.4202 -0.7592 -0.4970
vn -0.7364 0.4151 0.5343
vn -0.9361 -0.2996 -0.1845
vn 0.5088 -0.6549 -0.5587
vn -0.9711 0.1103 0.2119
vn 0.3322 -0.5215 -0.7859
vn 0.2151 -0.5241 -0.8240
vn -0.9785 -0.1622 -0.1273
vn 0.1493 0.8437 0.5157
vn 0.1346 0.6566 0.7422
vn -0.5981 -0.5993 -0.5322
vn -0.9889 0.0118 0.1479
vn -0.9619 0.1299 0.2407
vn -0.4031 -0.6978 -0.5921
vn -0.4653 0.6031 0.6479
vn -0.8802 0.2806 0.3828
vn -0.7707 0.3844 0.5083
vn 0.2884 0.6937 0.6600
vn -0.9971 0.0513 0.0559
vn -0.9090 -0.2664 -0.3206
vn 0.1739 -0.7796 -0.6016
vn -0.0893 -0.8019 -0.5907
vn -0.8853 -0.3155 -0.3417
vn -0.8524 -0.3493 -0.3891
vn -0.7051 -0.4488 -0.5491
vn -0.4016 -0.7498 -0.5259
vn -0.6988 -0.5263 -0.4845
vn -0.8359 -0.3198 -0.4461
vn 0.2290 -0.5808 -0.7812
vn 0.6709 0.2712 0.6902
vn 0.3880 0.4792 0.7873
vn -0.7065 -0.4714 -0.5278
vn -0.8544 -0.3312 -0.4003
vn 0.4574 0.4766 0.7507
vn 0.6599 0.3724 0.6526
vn 0.5349 -0.6119 -0.5827
vn 0.5218 -0.4930 -0.6962
vn -0.1711 -0.7666 -0.6189
vn 0.2373 0.8056 0.5429
vn 0.4701 0.3661 0.8031
vn -0.2698 0.6941 0.6674
vn 0.0910 -0.7550 -0.6493
vn -0.0723 0.7672 0.6374
vn 0.4603 -0.5103 -0.7265
vn 0.2552 -0.7450 -0.6163
vn 0.5173 0.5398 0.6641
vn 0.6272 -0.4731 -0.6188
vn 0.5629 -0.4843 -0.6698
vn 0.8363 -0.2402 -0.4929
vn 0.8385 -0.2480 -0.4852
vn 0.8364 -0.2405 -0.4926
vn 0.6124 0.2889 0.7358
vn -0.5039 -0.4823 -0.7165
vn -0.2589 -0.6756 -0.6903
vn -0.2718 -0.6266 -0.7304
vn -0.2624 0.6447 0.7180
vn -0.2852 0.6580 0.6969
vn -0.4946 0.5817 0.6457
vn 0.8225 -0.2986 -0.4842
vn 0.4777 -0.5656 -0.6722
vn 0.5501 0.5562 0.6229
vn 0.6755 0.5119 0.5307
vn 0.8262 -0.2397 -0.5099
vn 0.5256 -0.6138 -0.5891
vn 0.6899 -0.4614 -0.5578
vn 0.4522 0.7865 0.4207
vn 0.7594 -0.3964 -0.5159
vn 0.7434 -0.4322 -0.5105
vn -0.2530 -0.6398 -0.7257
vn -0.0138 -0.6969 -0.7170
vn 0.7456 0.2908 0.5996
vn 0.0952 0.7489 0.6558
vn 0.3500 0.7809 0.5174
vn 0.8085 0.3303 0.4871
vn 0.9042 -0.0280 -0.4261
vn 0.8456 -0.1763 -0.5038
vn -0.0026 0.7149 0.6993
vn -0.2345 -0.5884 -0.7738
vn -0.4035 -0.5250 -0.7494
vn 0.8364 0.1251 0.5337
vn 0.9296 0.0799 0.3597
vn 0.9353 0.0633 0.3481
vn 0.3554 0.8280 0.4337
vn 0.9211 0.1982 -0.3352
vn 0.4377 -0.6578 -0.6130
vn 0.5626 -0.5707 -0.5981
vn -0.9003 -0.2086 0.3821
vn -0.8273 -0.0602 0.5586
vn -0.9222 -0.3502 0.1642
vn 0.1988 -0.7042 -0.6816
vn 0.7453 -0.4412 -0.4999
vn -0.6248 0.2160 0.7503
vn -0.4912 0.3102 0.8139
vn -0.7851 0.0313 0.6186
vn 0.2641 0.7621 0.5911
vn -0.9024 -0.3800 0.2032
vn -0.9185 -0.3613 0.1605
vn -0.1405 -0.5758 -0.8054
vn 0.8734 -0.1780 -0.4533
vn -0.7606 0.0587 0.6466
vn -0.8620 -0.0223 0.5063
vn 0.6709 0.7177 0.1863
vn 0.4742 0.8183 0.3247
vn 0.6358 0.7338 0.2393
vn 0.9692 -0.1731 -0.1750
vn 0.8602 -0.3775 -0.3429
vn 0.9325 -0.2700 -0.2399
vn 0.8286 -0.3556 -0.4323
vn 0.9405 0.2121 -0.2654
vn 0.9223 0.2573 -0.2885
vn -0.0991 0.5606 0.8221
vn -0.2962 0.4884 0.8208
vn -0.0440 0.6210 0.7825
vn 0.8772 0.3244 0.3539
vn 0.4849 0.7747 0.4059
vn 0.5196 0.7614 0.3876
vn 0.3814 -0.6560 -0.6513
vn 0.2668 0.7801 0.5659
vn 0.3059 0.8191 0.4852
vn 0.8197 0.5595 0.1227
vn 0.6640 0.6775 0.3164
vn 0.3499 0.7279 0.5897
vn 0.2028 0.6894 0.6954
vn 0.8935 0.4320 -0.1228
vn 0.8950 0.4266 -0.1303
vn -0.0105 0.7016 0.7125
vn 0.2928 0.7138 0.6362
vn 0.9058 -0.2446 -0.3459
vn 0.8966 -0.2554 -0.3619
vn 0.4303 -0.6643 -0.6112
vn 0.3636 -0.6624 -0.6550
vn 0.5402 0.7378 0.4047
vn 0.2029 0.7376 0.6440
vn -0.0176 -0.6339 -0.7732
vn -0.0180 -0.6437 -0.7651
vn 0.8860 0.4634 -0.0166
vn 0.7486 0.6505 0.1281
vn 0.3800 -0.5979 -0.7057
vn 0.9228 0.2778 0.2669
vn -0.6905 0.0961 0.7169
vn -0.4950 0.3325 0.8028
vn 0.6061 -0.5592 -0.5657
vn 0.8427 -0.2724 -0.4645
vn 0.0618 -0.7179 -0.6934
vn 0.0118 -0.7024 -0.7117
vn 0.8695 0.4927 -0.0359
vn 0.9483 0.2345 -0.2138
vn 0.9353 0.2893 0.2040
vn 0.0105 -0.6478 -0.7617
vn -0.6891 0.1996 0.6967
vn -0.0092 -0.6138 -0.7894
vn -0.0013 -0.6384 -0.7697
vn 0.9870 -0.0174 0.1597
vn 0.8763 0.2147 0.4313
vn 0.8971 0.4254 -0.1193
vn 0.9894 -0.1332 -0.0573
vn 0.9284 -0.1698 -0.3306
vn 0.9859 -0.0459 -0.1607
vn 0.8909 -0.2154 -0.4000
vn 0.2082 0.7133 0.6693
vn 0.2545 0.7311 0.6331
vn 0.8522 -0.3040 -0.4258
vn 0.9339 0.2994 0.1955
vn 0.7984 0.4691 0.3773
vn 0.9423 0.3199 0.0989
vn 0.9566 0.1182 0.2662
vn -0.0304 -0.5679 -0.8226
vn 0.9933 0.0713 0.0913
vn 0.9837 -0.0963 0.1516
vn 0.1808 0.7142 0.6761
vn 0.6185 0.6896 0.3767
vn 0.9884 -0.1167 -0.0970
vn 0.9933 -0.1130 0.0251
vn 0.2499 0.7025 0.6664
vn 0.5050 0.6963 0.5101
vn -0.3867 0.4700 0.7935
vn -0.3795 0.4174 0.8257
vn 0.7071 -0.4407 -0.5530
vn 0.7014 -0.4393 -0.5613
vn 0.7447 -0.3961 -0.5372
vn 0.9452 -0.0097 -0.3263
vn -0.6013 0.1712 0.7805
vn -0.5311 0.2792 0.8000
vn -0.9770 -0.1954 0.0850
vn -0.9929 0.0725 0.0946
vn -0.9826 -0.0659 0.1735
vn 0.3459 -0.6814 -0.6450
vn 0.2972 -0.6521 -0.6974
vn 0.4283 0.6841 0.5904
vn 0.3812 0.7204 0.5794
vn -0.9088 -0.4172 0.0072
vn 0.9954 0.0944 0.0127
vn 0.9699 0.2317 0.0753
vn 0.5117 -0.6161 -0.5988
vn 0.4586 -0.6369 -0.6197
vn -0.0470 -0.5413 -0.8395
vn -0.0450 -0.5434 -0.8382
vn -0.0962 -0.4866 -0.8683
vn -0.2267 0.5362 0.8131
vn 0.1854 0.7044 0.6851
vn -0.9312 0.2522 0.2633
vn -0.9193 0.3325 0.2106
vn 0.9994 0.0037 -0.0347
vn -0.9799 -0.1901 0.0607
vn -0.9814 0.0902 0.1696
vn -0.9504 -0.3016 0.0764
vn -0.9021 -0.4296 -0.0400
vn -0.8978 -0.4401 0.0189
vn 0.9315 0.3624 -0.0317
vn 0.9436 0.3083 -0.1211
vn 0.9611 0.0889 -0.2614
vn -0.9985 -0.0505 0.0227
vn 0.6822 -0.5401 -0.4929
vn 0.6488 -0.5267 -0.5493
vn 0.9163 -0.0938 -0.3893
vn 0.9457 -0.0856 -0.3134
vn 0.4523 0.6286 0.6327
vn -0.2384 0.5185 0.8211
vn -0.9903 0.0535 0.1283
vn -0.9068 0.3848 0.1724
vn 0.8175 0.5438 0.1896
vn 0.8651 0.4879 0.1164
vn -0.8303 0.3754 0.4119
vn -0.8315 0.4691 0.2976
vn -0.8714 0.3353 0.3581
vn 0.5839 -0.5268 -0.6177
vn 0.4413 0.7031 0.5576
vn -0.5502 0.2069 0.8090
vn -0.7544 0.4169 0.5071
vn -0.2025 -0.5029 -0.8403
vn 0.6684 -0.5100 -0.5414
vn -0.8530 -0.3671 0.3709
vn -0.6840 -0.6748 0.2771
vn -0.9629 -0.2109 -0.1682
vn 0.9438 -0.2625 -0.2010
vn 0.9789 -0.1952 -0.0598
vn -0.8299 0.4939 0.2595
vn -0.8035 0.5521 0.2228
vn -0.8284 0.4975 0.2573
vn -0.8028 0.1499 -0.5771
vn -0.8549 0.1772 -0.4876
vn -0.6052 0.5812 0.5440
vn -0.9969 0.0649 -0.0442
vn -0.8817 -0.4591 -0.1083
vn -0.6104 -0.5698 -0.5502
vn 0.9290 -0.2532 -0.2699
vn 0.6814 0.5499 0.4830
vn -0.9522 -0.2150 -0.2172
vn -0.9331 -0.2803 -0.2253
vn -0.0926 0.6554 0.7495
vn 0.5644 0.6185 0.5467
vn -0.9261 -0.3038 -0.2236
vn -0.8868 -0.3591 -0.2910
vn -0.2915 -0.4658 -0.8355
vn 0.8030 -0.0874 -0.5895
vn 0.9153 -0.1467 -0.3752
vn 0.8739 -0.2269 -0.4299
vn 0.6200 0.0144 -0.7845
vn -0.1363 0.5000 0.8553
vn -0.1485 -0.9079 0.3920
vn -0.3424 0.4190 0.8409
vn -0.3405 0.4223 0.8401
vn -0.3659 -0.8978 -0.2451
vn 0.1934 -0.8280 0.5263
vn -0.1550 -0.9771 -0.1458
vt 0.436725 0.019288
vt 0.431137 0.026369
vt 0.428631 0.026544
vt 0.419168 0.024296
vt 0.406054 0.022080
vt 0.401738 0.020857
vt 0.394638 0.011750
vt 0.388260 0.000000
vt 0.446329 0.000000
vt 0.445068 0.008982
vt 0.443920 0.012576
vt 0.524905 0.142686
vt 0.525057 0.142255
vt 0.525249 0.141402
vt 0.531620 0.129994
vt 0.538767 0.108414
vt 0.538875 0.108213
vt 0.547104 0.088154
vt 0.547461 0.087453
vt 0.547735 0.086804
vt 0.554704 0.071464
vt 0.557827 0.064991
vt 0.565457 0.046915
vt 0.567896 0.044142
vt 0.571116 0.039026
vt 0.578170 0.029662
vt 0.580589 0.025931
vt 0.590724 0.020413
vt 0.596000 0.013755
vt 0.613197 0.014096
vt 0.615957 0.015854
vt 0.622404 0.029425
vt 0.622782 0.035248
vt 0.622932 0.056594
vt 0.621313 0.062566
vt 0.616385 0.074887
vt 0.613584 0.078794
vt 0.611065 0.089312
vt 0.609091 0.094173
vt 0.606873 0.100009
vt 0.596394 0.117411
vt 0.591714 0.126585
vt 0.584213 0.139743
vt 0.578673 0.150633
vt 0.576081 0.153980
vt 0.573854 0.162273
vt 0.568219 0.172208
vt 0.564864 0.181376
vt 0.561661 0.186746
vt 0.561078 0.191153
vt 0.557023 0.206943
vt 0.556230 0.209648
vt 0.554820 0.215707
vt 0.550252 0.224604
vt 0.548551 0.230545
vt 0.545469 0.241223
vt 0.541856 0.250000
vt 0.484089 0.250000
vt 0.484525 0.242905
vt 0.488324 0.231725
vt 0.489657 0.223487
vt 0.495482 0.209468
vt 0.497088 0.204457
vt 0.505647 0.183738
vt 0.506527 0.182123
vt 0.506681 0.181857
vt 0.506956 0.181280
vt 0.515346 0.170221
vt 0.518836 0.157776
vt 0.519787 0.155518
vt 0.523918 0.144389
vt 0.387715 0.093959
vt 0.385635 0.095460
vt 0.384988 0.095626
vt 0.381432 0.094341
vt 0.375000 0.092686
vt 0.375000 0.038080
vt 0.379941 0.037965
vt 0.392557 0.043353
vt 0.400417 0.046759
vt 0.405483 0.059158
vt 0.407731 0.064868
vt 0.406563 0.069885
vt 0.403529 0.083032
vt 0.430367 0.166540
vt 0.441399 0.152540
vt 0.449105 0.138071
vt 0.449936 0.136816
vt 0.452880 0.130605
vt 0.459280 0.120132
vt 0.460538 0.117887
vt 0.470032 0.101080
vt 0.474502 0.093406
vt 0.479272 0.085829
vt 0.484791 0.075157
vt 0.491940 0.066415
vt 0.493667 0.060951
vt 0.500984 0.047993
vt 0.503331 0.039160
vt 0.507909 0.031687
vt 0.510698 0.022203
vt 0.515123 0.012841
vt 0.521555 0.000805
vt 0.521791 0.000000
vt 0.582946 0.000000
vt 0.582376 0.000871
vt 0.577332 0.008576
vt 0.575204 0.011064
vt 0.566660 0.027493
vt 0.565048 0.029197
vt 0.563894 0.031346
vt 0.553704 0.045807
vt 0.548500 0.057533
vt 0.544756 0.063752
vt 0.539168 0.077867
vt 0.535025 0.084621
vt 0.529494 0.095244
vt 0.527648 0.098686
vt 0.525647 0.106862
vt 0.521628 0.113019
vt 0.520790 0.115110
vt 0.517805 0.122758
vt 0.509277 0.135136
vt 0.507094 0.143177
vt 0.501103 0.155852
vt 0.498376 0.162431
vt 0.490460 0.178751
vt 0.489007 0.181029
vt 0.483411 0.193064
vt 0.477814 0.201847
vt 0.476288 0.204138
vt 0.464860 0.220707
vt 0.458814 0.229382
vt 0.453444 0.236737
vt 0.442612 0.250000
vt 0.389623 0.250000
vt 0.391598 0.243677
vt 0.395387 0.227326
vt 0.398193 0.222173
vt 0.399821 0.219072
vt 0.407460 0.206294
vt 0.414851 0.194888
vt 0.419430 0.186715
vt 0.428889 0.168593
vt 0.429725 0.167645
vt 0.429789 0.167441
vt 0.560422 0.232537
vt 0.564202 0.225744
vt 0.568740 0.219012
vt 0.569360 0.216825
vt 0.581116 0.201197
vt 0.582586 0.198302
vt 0.596303 0.185949
vt 0.599820 0.181320
vt 0.612990 0.174063
vt 0.619046 0.170229
vt 0.625000 0.168003
vt 0.625000 0.250000
vt 0.555139 0.250000
vt 0.556259 0.245079
vt 0.558535 0.235469
vt 0.501668 0.269960
vt 0.501162 0.269755
vt 0.500581 0.269183
vt 0.487611 0.258373
vt 0.541958 0.254540
vt 0.535070 0.265425
vt 0.530420 0.269123
vt 0.518209 0.272300
vt 0.424126 0.262570
vt 0.421425 0.263379
vt 0.411410 0.261887
vt 0.403778 0.260613
vt 0.401308 0.260068
vt 0.442157 0.251721
vt 0.441279 0.252793
vt 0.599564 0.314207
vt 0.582770 0.317213
vt 0.569435 0.316917
vt 0.564675 0.317112
vt 0.547757 0.307853
vt 0.546235 0.306957
vt 0.545954 0.306122
vt 0.540434 0.284397
vt 0.543830 0.275432
vt 0.546961 0.260727
vt 0.551508 0.254938
vt 0.625000 0.297037
vt 0.618843 0.303604
vt 0.603710 0.312192
vt 0.601856 0.313269
vt 0.493839 0.317964
vt 0.493574 0.319441
vt 0.491032 0.331197
vt 0.481836 0.337533
vt 0.469997 0.344041
vt 0.459622 0.342641
vt 0.448221 0.339421
vt 0.439448 0.328404
vt 0.435768 0.322139
vt 0.435564 0.313418
vt 0.437273 0.301407
vt 0.451097 0.286775
vt 0.453504 0.283636
vt 0.455408 0.283335
vt 0.458258 0.284150
vt 0.476546 0.285915
vt 0.484917 0.295966
vt 0.490690 0.301355
vt 0.493650 0.317231
vt 0.555312 0.414011
vt 0.551514 0.415847
vt 0.534508 0.423851
vt 0.531991 0.424469
vt 0.511624 0.428382
vt 0.511110 0.428304
vt 0.510145 0.428021
vt 0.489879 0.422479
vt 0.479887 0.420334
vt 0.472543 0.413706
vt 0.475086 0.419136
vt 0.479176 0.420994
vt 0.483576 0.428053
vt 0.495576 0.442424
vt 0.497468 0.444095
vt 0.499022 0.447355
vt 0.499313 0.467227
vt 0.497564 0.471222
vt 0.493682 0.473828
vt 0.481815 0.482430
vt 0.473487 0.483577
vt 0.456678 0.487171
vt 0.452625 0.486679
vt 0.443123 0.485299
vt 0.431009 0.483500
vt 0.425632 0.482831
vt 0.408507 0.476482
vt 0.398111 0.472787
vt 0.387785 0.466120
vt 0.381101 0.462161
vt 0.375000 0.458631
vt 0.375000 0.373932
vt 0.386587 0.377872
vt 0.393332 0.380071
vt 0.404567 0.383796
vt 0.421183 0.389875
vt 0.425883 0.390863
vt 0.437696 0.396010
vt 0.447907 0.402366
vt 0.449229 0.403009
vt 0.451828 0.400223
vt 0.463287 0.403350
vt 0.458432 0.392854
vt 0.456951 0.379036
vt 0.465827 0.365453
vt 0.467611 0.361757
vt 0.476385 0.355042
vt 0.484477 0.349188
vt 0.486937 0.348768
vt 0.503550 0.343607
vt 0.507659 0.343721
vt 0.520360 0.342863
vt 0.532697 0.345129
vt 0.541925 0.346575
vt 0.551301 0.352104
vt 0.565466 0.366147
vt 0.566768 0.368859
vt 0.567376 0.391682
vt 0.566478 0.395566
vt 0.555678 0.413556
vt 0.475552 0.559973
vt 0.474081 0.556119
vt 0.473726 0.551677
vt 0.467623 0.534112
vt 0.477526 0.525476
vt 0.492677 0.524746
vt 0.497858 0.523699
vt 0.512134 0.529654
vt 0.524907 0.532973
vt 0.528812 0.535279
vt 0.531323 0.536467
vt 0.545867 0.546130
vt 0.561606 0.553006
vt 0.563671 0.554900
vt 0.566867 0.556699
vt 0.578428 0.565748
vt 0.584988 0.570186
vt 0.592481 0.577261
vt 0.603718 0.584460
vt 0.608084 0.588693
vt 0.616025 0.595856
vt 0.620486 0.601414
vt 0.625000 0.604994
vt 0.625000 0.732965
vt 0.622458 0.728428
vt 0.621267 0.726678
vt 0.611089 0.712309
vt 0.610285 0.711319
vt 0.595947 0.694668
vt 0.595608 0.694261
vt 0.581005 0.675938
vt 0.579275 0.673963
vt 0.576467 0.671496
vt 0.564716 0.655286
vt 0.554813 0.646579
vt 0.548875 0.639567
vt 0.534137 0.627053
vt 0.533978 0.626839
vt 0.532902 0.625754
vt 0.520496 0.610889
vt 0.514134 0.605627
vt 0.506167 0.594204
vt 0.496767 0.586510
vt 0.491612 0.580455
vt 0.486233 0.573562
vt 0.388191 0.717702
vt 0.388740 0.718921
vt 0.390242 0.721408
vt 0.398261 0.737119
vt 0.403093 0.743355
vt 0.404550 0.750000
vt 0.375000 0.750000
vt 0.375000 0.704341
vt 0.387415 0.716416
vt 0.412798 0.558331
vt 0.412408 0.570176
vt 0.403388 0.562355
vt 0.387724 0.572547
vt 0.375347 0.569402
vt 0.375000 0.569417
vt 0.375000 0.528136
vt 0.380934 0.530531
vt 0.391251 0.536539
vt 0.395806 0.540003
vt 0.406536 0.555550
vt 0.408067 0.556293
vt 0.613667 0.911308
vt 0.612775 0.912217
vt 0.599423 0.925245
vt 0.586126 0.922887
vt 0.584458 0.922660
vt 0.573738 0.918930
vt 0.567440 0.916618
vt 0.566977 0.915929
vt 0.552444 0.904445
vt 0.552349 0.904138
vt 0.542516 0.886338
vt 0.546508 0.870179
vt 0.546823 0.866908
vt 0.548326 0.865811
vt 0.552495 0.864801
vt 0.565075 0.859754
vt 0.573243 0.857472
vt 0.577647 0.859152
vt 0.589097 0.865095
vt 0.599239 0.869464
vt 0.601549 0.871251
vt 0.612111 0.888951
vt 0.614583 0.892373
vt 0.613620 0.910384
vt 0.501347 0.776838
vt 0.502329 0.777464
vt 0.502819 0.778308
vt 0.511400 0.792438
vt 0.513626 0.808835
vt 0.513793 0.811419
vt 0.511778 0.816270
vt 0.507134 0.827940
vt 0.502868 0.831703
vt 0.490704 0.841005
vt 0.480723 0.843525
vt 0.465725 0.846587
vt 0.455728 0.843818
vt 0.441225 0.839546
vt 0.432820 0.831320
vt 0.423852 0.824479
vt 0.417400 0.809899
vt 0.416602 0.806475
vt 0.417875 0.787246
vt 0.421132 0.781965
vt 0.430478 0.770049
vt 0.438983 0.766715
vt 0.452877 0.760996
vt 0.458472 0.760364
vt 0.463639 0.761279
vt 0.479037 0.762465
vt 0.581271 0.983455
vt 0.584581 0.989089
vt 0.582946 1.000000
vt 0.521791 1.000000
vt 0.520437 0.997071
vt 0.518200 0.992839
vt 0.517751 0.991765
vt 0.518975 0.988185
vt 0.526212 0.971091
vt 0.536380 0.966489
vt 0.543460 0.962193
vt 0.561087 0.966321
vt 0.565643 0.967328
vt 0.568419 0.968889
vt 0.378544 0.981731
vt 0.377933 0.982043
vt 0.377040 0.982985
vt 0.375000 0.984707
vt 0.375000 0.941721
vt 0.378097 0.943235
vt 0.383442 0.946606
vt 0.385698 0.958110
vt 0.387033 0.964399
vt 0.380331 0.978354
vt 0.415844 0.947544
vt 0.416440 0.946971
vt 0.416949 0.947084
vt 0.419413 0.946832
vt 0.439447 0.946050
vt 0.448769 0.955105
vt 0.451371 0.958659
vt 0.451632 0.972649
vt 0.452413 0.984280
vt 0.450568 0.987431
vt 0.446329 1.000000
vt 0.388260 1.000000
vt 0.387868 0.995234
vt 0.393052 0.978708
vt 0.396130 0.968244
vt 0.400812 0.961647
vt 0.414658 0.948673
vt 0.375000 0.816242
vt 0.378557 0.823855
vt 0.378716 0.827220
vt 0.378861 0.834750
vt 0.379384 0.852268
vt 0.379567 0.855337
vt 0.379563 0.863260
vt 0.375000 0.873990
vt 0.376079 0.772801
vt 0.375000 0.772989
vt 0.396881 0.759954
vt 0.387995 0.767406
vt 0.386838 0.768681
vt 0.384606 0.770120
vt 0.222797 0.583283
vt 0.231296 0.580280
vt 0.243951 0.584209
vt 0.244298 0.584331
vt 0.244451 0.584324
vt 0.244823 0.584498
vt 0.259501 0.590022
vt 0.264191 0.597250
vt 0.269835 0.610398
vt 0.270330 0.619213
vt 0.261752 0.633230
vt 0.260247 0.634951
vt 0.253938 0.636588
vt 0.240935 0.640786
vt 0.237159 0.639477
vt 0.223342 0.634139
vt 0.217129 0.632360
vt 0.215352 0.631338
vt 0.206365 0.620193
vt 0.204867 0.609465
vt 0.204525 0.601082
vt 0.209171 0.591949
vt 0.213454 0.588267
vt 0.282159 0.616657
vt 0.284875 0.598594
vt 0.289592 0.588731
vt 0.292546 0.578948
vt 0.301098 0.571510
vt 0.311072 0.565291
vt 0.331264 0.566906
vt 0.334346 0.567689
vt 0.349515 0.579898
vt 0.355451 0.585765
vt 0.360937 0.599980
vt 0.365197 0.616110
vt 0.366839 0.620705
vt 0.367643 0.627083
vt 0.366197 0.644257
vt 0.361604 0.660003
vt 0.360132 0.666369
vt 0.357729 0.671044
vt 0.346688 0.682249
vt 0.337434 0.689117
vt 0.323022 0.689249
vt 0.315603 0.686976
vt 0.311135 0.681521
vt 0.299808 0.672461
vt 0.291417 0.660154
vt 0.289890 0.655837
vt 0.288369 0.650769
vt 0.285488 0.641193
vt 0.282548 0.623147
vt 0.281919 0.621436
vt 0.330171 0.511849
vt 0.323239 0.516508
vt 0.311797 0.524700
vt 0.301391 0.525554
vt 0.289197 0.526242
vt 0.283658 0.523822
vt 0.265425 0.516312
vt 0.262033 0.513248
vt 0.250452 0.503034
vt 0.248932 0.500000
vt 0.333631 0.500000
vt 0.331358 0.507684
vt 0.365150 0.701706
vt 0.365669 0.701920
vt 0.366241 0.702036
vt 0.352011 0.750000
vt 0.350165 0.745308
vt 0.348461 0.740710
vt 0.348448 0.731047
vt 0.350147 0.711998
vt 0.353663 0.708665
vt 0.363976 0.702462
vt 0.371787 0.532812
vt 0.370268 0.559763
vt 0.369217 0.557177
vt 0.370926 0.539552
vt 0.371355 0.533583
vt 0.161246 0.739132
vt 0.176157 0.743306
vt 0.178024 0.745066
vt 0.183279 0.750000
vt 0.140293 0.750000
vt 0.141442 0.746458
vt 0.151730 0.739932
vt 0.154973 0.737915
vt 0.192572 0.727812
vt 0.181127 0.725183
vt 0.176193 0.722966
vt 0.170195 0.722417
vt 0.159850 0.717537
vt 0.143322 0.714379
vt 0.136214 0.713830
vt 0.125000 0.711920
vt 0.125000 0.657314
vt 0.129063 0.657057
vt 0.144545 0.658858
vt 0.152672 0.659705
vt 0.171427 0.662115
vt 0.172597 0.662348
vt 0.177031 0.663534
vt 0.189770 0.668642
vt 0.194821 0.669984
vt 0.201927 0.672447
vt 0.211040 0.676559
vt 0.218057 0.678131
vt 0.228326 0.683807
vt 0.242491 0.690104
vt 0.246456 0.692877
vt 0.256743 0.698853
vt 0.261173 0.701858
vt 0.272706 0.710089
vt 0.282126 0.717193
vt 0.288343 0.722022
vt 0.298500 0.730528
vt 0.299850 0.732741
vt 0.300638 0.734175
vt 0.306647 0.746709
vt 0.308758 0.750000
vt 0.251010 0.750000
vt 0.250553 0.749872
vt 0.244420 0.748816
vt 0.235487 0.746209
vt 0.221197 0.738921
vt 0.205627 0.734963
vt 0.203378 0.734214
vt 0.201785 0.733832
vt 0.828041 0.512074
vt 0.828565 0.504083
vt 0.827963 0.500000
vt 0.875000 0.500000
vt 0.875000 0.581997
vt 0.870370 0.579313
vt 0.867418 0.575578
vt 0.859089 0.567429
vt 0.850474 0.558660
vt 0.847128 0.554732
vt 0.839612 0.540713
vt 0.836595 0.535572
vt 0.832184 0.521351
vt 0.776752 0.581170
vt 0.779228 0.582616
vt 0.780342 0.583137
vt 0.792546 0.588433
vt 0.798044 0.596217
vt 0.807210 0.604155
vt 0.811656 0.611483
vt 0.822455 0.623283
vt 0.824006 0.626648
vt 0.830422 0.636384
vt 0.832851 0.640784
vt 0.834156 0.642401
vt 0.839386 0.655951
vt 0.848670 0.672620
vt 0.848674 0.672674
vt 0.848734 0.672846
vt 0.854620 0.692338
vt 0.858403 0.700584
vt 0.857577 0.712281
vt 0.860220 0.728890
vt 0.853797 0.735572
vt 0.849154 0.741495
vt 0.842790 0.742010
vt 0.831949 0.744629
vt 0.817794 0.738390
vt 0.807732 0.735090
vt 0.797796 0.726158
vt 0.783015 0.714828
vt 0.778842 0.708944
vt 0.774292 0.703317
vt 0.765737 0.692321
vt 0.760757 0.682705
vt 0.755003 0.674990
vt 0.749811 0.662693
vt 0.745603 0.654614
vt 0.742471 0.641989
vt 0.738616 0.628831
vt 0.739393 0.621026
vt 0.739902 0.604483
vt 0.745058 0.597145
vt 0.751053 0.584103
vt 0.763596 0.579527
vt 0.649410 0.724940
vt 0.638674 0.731503
vt 0.630358 0.731905
vt 0.627634 0.603341
vt 0.634618 0.603253
vt 0.648122 0.603545
vt 0.655506 0.609865
vt 0.666818 0.619331
vt 0.669729 0.629667
vt 0.674821 0.642133
vt 0.674713 0.649595
vt 0.675907 0.661566
vt 0.675796 0.680464
vt 0.674875 0.682921
vt 0.672128 0.689651
vt 0.665519 0.704925
vt 0.664872 0.708118
vt 0.661740 0.713898
vt 0.000000 0.000000
s 0
f 786/1/1 813/2/1 812/3/1 780/4/1 778/5/1 777/6/1 779/7/1 784/8/1 785/9/1 787/10/1 788/11/1
f 840/12/1 838/13/1 837/14/1 839/15/1 829/16/1 830/17/1 816/18/1 817/19/1 819/20/1 802/21/1 803/22/1 801/23/1 799/24/1 794/25/1 797/26/1 798/27/1 783/28/1 782/29/1 781/30/1 792/31/1 815/32/1 811/33/1 810/34/1 809/35/1 821/36/1 822/37/1 823/38/1 856/39/1 836/40/1 835/41/1 855/42/1 845/43/1 842/44/1 843/45/1 844/46/1 853/47/1 852/48/1 895/49/1 896/50/1 904/51/1 903/52/1 902/53/1 913/54/1 912/55/1 922/56/1 919/57/1 918/58/1 920/59/1 927/60/1 928/61/1 909/62/1 898/63/1 890/64/1 891/65/1 893/66/1 892/67/1 894/68/1 878/69/1 879/70/1 841/71/1
f 869/72/1 867/73/1 866/74/1 868/75/1 862/76/1 859/77/1 858/78/1 860/79/1 861/80/1 864/81/1 865/82/1 863/83/1 871/84/1
f 885/85/1 880/86/1 882/87/1 883/88/1 872/89/1 873/90/1 874/91/1 870/92/1 832/93/1 833/94/1 834/95/1 857/96/1 814/97/1 806/98/1 807/99/1 808/100/1 789/101/1 790/102/1 791/103/1 774/104/1 776/105/1 775/106/1 773/107/1 772/108/1 796/109/1 795/110/1 793/111/1 800/112/1 805/113/1 804/114/1 820/115/1 818/116/1 831/117/1 827/118/1 826/119/1 828/120/1 825/121/1 824/122/1 876/123/1 875/124/1 877/125/1 881/126/1 888/127/1 889/128/1 899/129/1 897/130/1 908/131/1 907/132/1 926/133/1 925/134/1 917/135/1 916/136/1 915/137/1 924/138/1 929/139/1 930/140/1 931/141/1 906/142/1 905/143/1 886/144/1 887/145/1 884/146/1
f 911/147/1 914/148/1 900/149/1 901/150/1 849/151/1 850/152/1 851/153/1 854/154/1 848/155/1 847/156/1 846/157/1 1/158/1 921/159/1 923/160/1 910/161/1
f 942/162/2 941/163/2 943/164/2 958/165/2 918/58/2 919/57/2 934/166/2 946/167/2 945/168/2 944/169/2
f 939/170/2 957/171/2 938/172/2 937/173/2 936/174/2 916/136/2 917/135/2 932/175/2 940/176/2
f 962/177/2 973/178/2 971/179/2 972/180/2 960/181/2 959/182/2 961/183/2 955/184/2 947/185/2 935/186/2 933/187/2 921/159/2 1/158/2 990/188/2 989/189/2 964/190/2 963/191/2
f 969/192/2 966/193/2 965/194/2 967/195/2 976/196/2 993/197/2 992/198/2 994/199/2 995/200/2 991/201/2 956/202/2 948/203/2 952/204/2 953/205/2 950/206/2 951/207/2 949/208/2 954/209/2 968/210/2
f 984/211/2 983/212/2 1040/213/2 1024/214/2 1022/215/2 1021/216/2 1023/217/2 1017/218/2 1014/219/2 1009/220/2 1008/221/2 1015/222/2 1016/223/2 1020/224/2 1019/225/2 1018/226/2 1026/227/2 1025/228/2 1027/229/2 1037/230/2 1033/231/2 1028/232/2 1029/233/2 1032/234/2 1030/235/2 1031/236/2 1036/237/2 1034/238/2 1035/239/2 1038/240/2 1039/241/2 999/242/2 1000/243/2 1011/244/2 1012/245/2 1013/246/2 1001/247/2 1002/248/2 1006/249/2 1007/250/2 1005/251/2 1010/252/2 1004/253/2 1003/254/2 998/255/2 997/256/2 996/257/2 974/258/2 975/259/2 988/260/2 987/261/2 970/262/2 979/263/2 978/264/2 977/265/2 981/266/2 980/267/2 982/268/2 986/269/2 985/270/2
f 1079/271/3 1080/272/3 1074/273/3 1073/274/3 1070/275/3 1071/276/3 1069/277/3 1072/278/3 1067/279/3 1066/280/3 1068/281/3 1075/282/3 1064/283/3 1063/284/3 1065/285/3 1081/286/3 1082/287/3 1083/288/3 1084/289/3 1061/290/3 1058/291/3 1057/292/3 1056/293/3 1041/294/3 1042/295/3 1045/296/3 1044/297/3 1043/298/3 1050/299/3 1047/300/3 1046/301/3 1049/302/3 1048/303/3 1062/304/3 1052/305/3 1051/306/3 1053/307/3 1055/308/3 1054/309/3 1059/310/3 1060/311/3 1085/312/3 1077/313/3 1076/314/3 1078/315/3
f 1091/316/3 1090/317/3 1089/318/3 1086/319/3 1087/320/3 1088/321/3 2/322/3 1093/323/3 1092/324/3
f 1094/325/3 1097/326/3 1095/327/3 1105/328/3 1103/329/3 1102/330/3 1099/331/3 1098/332/3 1100/333/3 1101/334/3 1104/335/3 1096/336/3
f 1114/337/4 1115/338/4 1106/339/4 1107/340/4 1110/341/4 1109/342/4 1108/343/4 1113/344/4 1111/345/4 1112/346/4 1125/347/4 1123/348/4 1121/349/4 1122/350/4 1124/351/4 1119/352/4 1117/353/4 1118/354/4 1120/355/4 1126/356/4 1127/357/4 1128/358/4 1129/359/4 1116/360/4
f 1148/361/4 1149/362/4 1137/363/4 1138/364/4 1139/365/4 1140/366/4 1132/367/4 1130/368/4 1131/369/4 1133/370/4 1134/371/4 1188/372/4 1189/373/4 1206/374/4 1199/375/4 1198/376/4 1197/377/4 1205/378/4 1135/379/4 1136/380/4 1145/381/4 1146/382/4 1142/383/4 1143/384/4 1141/385/4 1147/386/4
f 1158/387/4 1159/388/4 776/389/4 774/390/4 1151/391/4 1152/392/4 1153/393/4 1154/394/4 1172/395/4 1170/396/4 1171/397/4 1169/398/4 1175/399/4 1176/400/4
f 1162/401/4 1161/402/4 1160/403/4 1157/404/4 1186/405/4 1185/406/4 1180/407/4 1165/408/4 1167/409/4 1163/410/4
f 1177/411/4 1181/412/4 1178/413/4 1182/414/4 1183/415/4 1184/416/4 1174/417/4 1173/418/4 1156/419/4 1155/420/4 785/421/4 784/422/4 1150/423/4 1164/424/4 1168/425/4 1166/426/4 1179/427/4
f 1195/428/4 1196/429/4 1193/430/4 1194/431/4 1190/432/4 1191/433/4 1192/434/4 1187/435/4
f 1203/436/4 1204/437/4 2/322/4 1088/321/4 1144/438/4 1200/439/4 1202/440/4 1201/441/4
f 1207/442/5 1213/443/5 1212/444/5 1210/445/5 1209/446/5 1211/447/5 1219/448/5 1216/449/5 1224/450/5 1223/451/5 1215/452/5 1214/453/5 1325/454/5 1306/455/5 1311/456/5 1300/457/5 1302/458/5 1303/459/5 1296/460/5 1297/461/5 1298/462/5 1326/463/5 1208/464/5
f 1222/465/5 1226/466/5 1231/467/5 1230/468/5 1232/469/5 1234/470/5 1241/471/5 1242/472/5 1251/473/5 1250/474/5 1249/475/5 1260/476/5 1259/477/5 1258/478/5 1266/479/5 1267/480/5 1269/481/5 1268/482/5 1248/483/5 1247/484/5 1252/485/5 1253/486/5 1270/487/5 1229/488/5 1228/489/5 1227/490/5 1237/491/5 1238/492/5 1225/493/5 1221/494/5
f 1243/495/5 1239/496/5 1240/497/5 1235/498/5 1233/499/5 1236/500/5 1220/501/5 1218/502/5 1217/503/5 999/504/5 1039/505/5 1244/506/5
f 1257/507/5 1255/508/5 1254/509/5 1093/323/5 2/322/5 1204/510/5 1322/511/5 1323/512/5 1321/513/5 1245/514/5 1246/515/5 1256/516/5
f 1263/517/5 1099/331/5 1102/330/5 1265/518/5 1264/519/5 1262/520/5 1261/521/5
f 1279/522/5 1284/523/5 1290/524/5 1186/525/5 1157/526/5 1271/527/5 1281/528/5 1278/529/5
f 1286/530/5 1285/531/5 1283/532/5 1280/533/5 1277/534/5 1275/535/5 1272/536/5 859/537/5 862/538/5 1273/539/5 1274/540/5 1276/541/5 1282/542/5 1294/543/5 1295/544/5 1293/545/5 1292/546/5 1291/547/5 1301/548/5 1299/549/5 1307/550/5 1308/551/5 1309/552/5 1313/553/5 1312/554/5 1317/555/5 1318/556/5 1315/557/5 1314/558/5 1316/559/5 1319/560/5 1320/561/5 1195/562/5 1187/563/5 1304/564/5 1305/565/5 1324/566/5 1310/567/5 1289/568/5 1288/569/5 1287/570/5
f 1343/571/6 1344/572/6 990/573/6 1/574/6 846/575/6 1327/576/6 1328/577/6 1332/578/6 1339/579/6 1340/580/6 1341/581/6 1342/582/6 1345/583/6
f 1351/584/6 1350/585/6 1349/586/6 1352/587/6 1353/588/6 1360/589/6 1346/590/6 1347/591/6 1348/592/6 1358/593/6 1359/594/6 1338/595/6 1337/596/6 1335/597/6 1334/598/6 1333/599/6 1336/600/6 1331/601/6 1329/602/6 1330/603/6 1361/604/6 1362/605/6 1363/606/6 1365/607/6 1364/608/6 1366/609/6 1367/610/6 1377/611/6 1378/612/6 1370/613/6 1368/614/6 1369/615/6 1376/616/6 1371/617/6 1372/618/6 1373/619/6 1374/620/6 1375/621/6 1357/622/6 1356/623/6 1354/624/6 1355/625/6
f 1395/626/6 1394/627/6 1392/628/6 1041/294/6 1056/293/6 1393/629/6 1389/630/6 1390/631/6 1391/632/6 1396/633/6 1388/634/6 1386/635/6 1387/636/6 1379/637/6 1380/638/6 1381/639/6 1385/640/6 1382/641/6 1383/642/6 1384/643/6
s 1
f 778/644/7 7/644/8 777/644/9
f 849/644/10 3/644/11 850/644/12
f 900/644/13 45/644/14 901/644/15
f 914/644/16 45/644/14 900/644/13
f 14/644/17 923/644/18 921/644/19 933/644/20
f 788/644/21 787/644/22 4/644/23
f 869/644/24 21/644/25 867/644/26
f 45/644/14 3/644/11 849/644/10 901/644/15
f 891/644/27 6/644/28 893/644/29
f 793/644/30 795/644/31 20/644/32
f 867/644/26 21/644/25 866/644/33
f 1327/644/34 846/644/35 847/644/36 41/644/37
f 8/644/38 838/644/39 840/644/40
f 851/644/41 5/644/42 854/644/43
f 3/644/11 5/644/42 851/644/41 850/644/12
f 896/644/44 895/644/45 16/644/46
f 16/644/46 895/644/45 852/644/47
f 847/644/36 848/644/48 41/644/37
f 893/644/29 6/644/28 892/644/49
f 1151/644/50 774/644/51 791/644/52
f 873/644/53 11/644/54 874/644/55
f 809/644/56 810/644/57 26/644/58
f 831/644/59 818/644/60 12/644/61 17/644/62
f 887/644/63 15/644/64 884/644/65
f 886/644/66 15/644/64 887/644/63
f 875/644/67 876/644/68 29/644/69
f 890/644/70 6/644/28 891/644/27
f 1151/644/50 791/644/52 790/644/71 1152/644/72
f 33/644/73 20/644/32 796/644/74 772/644/75
f 772/644/75 773/644/76 33/644/73
f 929/644/77 18/644/78 930/644/79
f 924/644/80 18/644/78 929/644/77
f 840/644/40 841/644/81 8/644/38
f 838/644/39 8/644/38 837/644/82
f 797/644/83 9/644/84 798/644/85
f 794/644/86 9/644/84 797/644/83
f 7/644/8 47/644/87 779/644/88 777/644/9
f 823/644/89 822/644/90 758/644/91
f 822/644/90 821/644/92 758/644/91
f 824/644/93 29/644/69 876/644/68
f 818/644/60 820/644/94 12/644/61
f 864/644/95 861/644/96 27/644/97
f 866/644/33 21/644/25 868/644/98
f 808/644/99 53/644/100 789/644/101
f 889/644/102 888/644/103 10/644/104
f 899/644/105 889/644/102 10/644/104
f 853/644/106 844/644/107 40/644/108
f 783/644/109 30/644/110 782/644/111
f 9/644/84 30/644/110 783/644/109 798/644/85
f 872/644/112 11/644/54 873/644/53
f 1272/644/113 39/644/114 858/644/115 859/644/116
f 919/644/117 922/644/118 25/644/119 934/644/120
f 831/644/59 17/644/62 827/644/121
f 826/644/122 827/644/121 17/644/62
f 907/644/123 908/644/124 54/644/125
f 1152/644/72 790/644/71 789/644/101 53/644/100 1153/644/126
f 5/644/42 41/644/37 848/644/48 854/644/43
f 16/644/46 13/644/127 904/644/128 896/644/44
f 11/644/54 24/644/129 870/644/130 874/644/55
f 881/644/131 877/644/132 23/644/133
f 23/644/133 10/644/104 888/644/103 881/644/131
f 811/644/134 815/644/135 34/644/136
f 34/644/136 815/644/135 792/644/137
f 22/644/138 814/644/139 857/644/140
f 855/644/141 835/644/142 19/644/143
f 1150/644/144 784/644/145 779/644/88 47/644/87
f 1155/644/146 4/644/23 787/644/22 785/644/147
f 41/644/37 1328/644/148 1327/644/34
f 868/644/98 21/644/25 1273/644/149 862/644/150
f 26/644/58 758/644/91 821/644/92 809/644/56
f 29/644/69 23/644/133 877/644/132 875/644/67
f 63/644/151 6/644/28 890/644/70 898/644/152
f 15/644/64 37/644/153 880/644/154 885/644/155
f 922/644/118 912/644/156 25/644/119
f 803/644/157 35/644/158 801/644/159
f 870/644/130 24/644/129 832/644/160
f 13/644/127 68/644/161 913/644/162 902/644/163
f 839/644/164 38/644/165 829/644/166
f 806/644/167 36/644/168 807/644/169
f 56/644/170 920/644/171 918/644/172 958/644/173
f 857/644/140 834/644/174 22/644/138
f 43/644/175 915/644/176 916/644/177 936/644/178
f 915/644/176 43/644/175 18/644/78 924/644/80
f 8/644/38 38/644/165 839/644/164 837/644/82
f 72/644/179 21/644/25 869/644/24 871/644/180
f 871/644/180 863/644/181 72/644/179
f 17/644/62 82/644/182 828/644/183 826/644/122
f 920/644/171 56/644/170 927/644/184
f 14/644/17 933/644/20 935/644/185
f 24/644/129 28/644/186 833/644/187 832/644/160
f 6/644/28 62/644/188 894/644/189 892/644/49
f 894/644/189 62/644/188 878/644/190
f 38/644/165 31/644/191 830/644/192 829/644/166
f 781/644/193 782/644/111 30/644/110
f 56/644/170 48/644/194 928/644/195 927/644/184
f 830/644/192 31/644/191 816/644/196
f 36/644/168 53/644/100 808/644/99 807/644/169
f 51/644/197 7/644/8 780/644/198 812/644/199
f 917/644/200 925/644/201 32/644/202 932/644/203
f 925/644/201 926/644/204 32/644/202
f 34/644/136 26/644/58 810/644/57 811/644/134
f 59/644/205 33/644/73 773/644/76 775/644/206
f 1159/644/207 59/644/205 775/644/206 776/644/208
f 31/644/191 83/644/209 817/644/210 816/644/196
f 28/644/186 22/644/138 834/644/174 833/644/187
f 1156/644/211 93/644/212 4/644/23 1155/644/146
f 22/644/138 36/644/168 806/644/167 814/644/139
f 805/644/213 800/644/214 739/644/215
f 20/644/32 739/644/215 800/644/214 793/644/30
f 931/644/216 58/644/217 906/644/218
f 18/644/78 58/644/217 931/644/216 930/644/79
f 27/644/97 115/644/219 865/644/220 864/644/95
f 44/644/221 29/644/69 824/644/93 825/644/222
f 842/644/223 845/644/224 55/644/225
f 19/644/143 55/644/225 845/644/224 855/644/141
f 77/644/226 40/644/108 844/644/107 843/644/227
f 928/644/195 48/644/194 909/644/228
f 40/644/108 16/644/46 852/644/47 853/644/106
f 758/644/91 66/644/229 856/644/230 823/644/89
f 58/644/217 73/644/231 905/644/232 906/644/218
f 5/644/42 3/644/11 88/644/233
f 85/644/234 37/644/153 15/644/64
f 68/644/161 25/644/119 912/644/156 913/644/162
f 5/644/42 103/644/235 41/644/37
f 10/644/104 23/644/133 81/644/236
f 30/644/110 34/644/136 792/644/137 781/644/193
f 21/644/25 124/644/237 1274/644/238 1273/644/149
f 43/644/175 936/644/178 937/644/239
f 1329/644/240 126/644/241 1330/644/242
f 32/644/202 42/644/243 940/644/244 932/644/203
f 49/644/245 9/644/84 794/644/86 799/644/246
f 35/644/158 49/644/245 799/644/246 801/644/159
f 46/644/247 12/644/61 820/644/94 804/644/248
f 819/644/249 52/644/250 802/644/251
f 802/644/251 52/644/250 35/644/158 803/644/157
f 26/644/58 34/644/136 57/644/252
f 54/644/125 32/644/202 926/644/204 907/644/123
f 115/644/219 72/644/179 863/644/181 865/644/220
f 48/644/194 63/644/151 898/644/152 909/644/228
f 82/644/182 44/644/221 825/644/222 828/644/183
f 73/644/231 15/644/64 886/644/66 905/644/232
f 94/644/253 22/644/138 28/644/186
f 1164/644/254 1150/644/144 47/644/87
f 45/644/14 99/644/255 3/644/11
f 56/644/170 958/644/173 943/644/256
f 37/644/153 86/644/257 883/644/258 882/644/259
f 86/644/257 11/644/54 872/644/112 883/644/258
f 1332/644/260 41/644/37 103/644/235 1339/644/261
f 12/644/61 46/644/247 98/644/262
f 16/644/46 40/644/108 90/644/263
f 69/644/264 30/644/110 9/644/84
f 67/644/265 54/644/125 908/644/124 897/644/266
f 49/644/245 69/644/264 9/644/84
f 64/644/267 8/644/38 841/644/81 879/644/268
f 62/644/188 64/644/267 879/644/268 878/644/190
f 74/644/269 1331/644/270 1336/644/271
f 30/644/110 69/644/264 34/644/136
f 42/644/243 939/644/272 940/644/244
f 64/644/267 38/644/165 8/644/38
f 817/644/210 83/644/209 52/644/250 819/644/249
f 33/644/73 91/644/273 20/644/32
f 33/644/73 59/644/205 91/644/273
f 76/644/274 18/644/78 43/644/175
f 93/644/212 60/644/275 4/644/23
f 813/644/276 60/644/275 51/644/197 812/644/199
f 58/644/217 18/644/78 76/644/274
f 7/644/8 51/644/197 50/644/277
f 66/644/229 19/644/143 836/644/278 856/644/230
f 63/644/151 62/644/188 6/644/28
f 88/644/233 103/644/235 5/644/42
f 1361/644/279 61/644/280 1362/644/281
f 43/644/175 937/644/239 938/644/282
f 12/644/61 98/644/262 82/644/182
f 31/644/191 38/644/165 129/644/283
f 10/644/104 67/644/265 897/644/266 899/644/105
f 97/644/284 131/644/285 46/644/247
f 39/644/114 166/644/286 106/644/287
f 3/644/11 99/644/255 88/644/233
f 1328/644/148 41/644/37 1332/644/260
f 17/644/62 12/644/61 82/644/182
f 1160/644/288 71/644/289 1271/644/290 1157/644/291
f 42/644/243 65/644/292 80/644/293
f 945/644/294 946/644/295 75/644/296
f 124/644/237 21/644/25 72/644/179
f 42/644/243 32/644/202 65/644/292
f 32/644/202 54/644/125 65/644/292
f 10/644/104 81/644/236 67/644/265
f 78/644/297 24/644/129 11/644/54
f 1329/644/240 1331/644/270 74/644/269 126/644/241
f 78/644/297 84/644/298 24/644/129
f 68/644/161 87/644/299 25/644/119
f 93/644/212 120/644/300 60/644/275
f 20/644/32 91/644/273 739/644/215
f 145/644/301 14/644/17 935/644/185 947/644/302
f 69/644/264 57/644/252 34/644/136
f 45/644/14 107/644/303 99/644/255
f 46/644/247 131/644/285 98/644/262
f 58/644/217 92/644/304 73/644/231
f 73/644/231 85/644/234 15/644/64
f 84/644/298 28/644/186 24/644/129
f 42/644/243 70/644/305 957/644/306 939/644/272
f 1336/644/271 1333/644/307 74/644/269
f 86/644/257 78/644/297 11/644/54
f 70/644/305 76/644/274 43/644/175
f 75/644/296 25/644/119 87/644/299
f 79/644/308 23/644/133 29/644/69
f 23/644/133 79/644/308 81/644/236
f 51/644/197 89/644/309 50/644/277
f 115/644/219 27/644/97 171/644/310
f 1160/644/288 1161/644/311 71/644/289
f 94/644/253 28/644/186 84/644/298
f 1162/644/312 71/644/289 1161/644/311
f 938/644/282 957/644/306 70/644/305 43/644/175
f 1154/644/313 1153/644/126 53/644/100 137/644/314
f 72/644/179 115/644/219 148/644/315
f 741/644/316 86/644/257 37/644/153
f 85/644/234 741/644/316 37/644/153
f 48/644/194 56/644/170 102/644/317
f 943/644/256 941/644/318 102/644/317 56/644/170
f 94/644/253 101/644/319 22/644/138
f 79/644/308 29/644/69 96/644/320
f 76/644/274 92/644/304 58/644/217
f 88/644/233 167/644/321 103/644/235
f 42/644/243 80/644/293 70/644/305
f 120/644/300 105/644/322 60/644/275
f 83/644/209 31/644/191 143/644/323
f 123/644/324 62/644/188 63/644/151
f 80/644/293 76/644/274 70/644/305
f 1158/644/325 59/644/205 1159/644/207
f 101/644/319 36/644/168 22/644/138
f 27/644/97 39/644/114 106/644/287
f 171/644/310 27/644/97 106/644/287
f 95/644/326 49/644/245 35/644/158
f 1173/644/327 93/644/212 1156/644/211
f 40/644/108 130/644/328 90/644/263
f 40/644/108 77/644/226 130/644/328
f 69/644/264 49/644/245 114/644/329
f 53/644/100 36/644/168 118/644/330
f 118/644/330 36/644/168 101/644/319
f 1330/644/242 126/644/241 61/644/280 1361/644/279
f 148/644/315 124/644/237 72/644/179
f 55/644/225 19/644/143 104/644/331
f 19/644/143 66/644/229 104/644/331
f 7/644/8 108/644/332 47/644/87
f 7/644/8 50/644/277 108/644/332
f 29/644/69 44/644/221 96/644/320
f 44/644/221 82/644/182 133/644/333
f 74/644/269 179/644/334 126/644/241
f 145/644/301 947/644/302 955/644/335
f 111/644/336 55/644/225 104/644/331
f 143/644/323 31/644/191 129/644/283
f 82/644/182 98/644/262 133/644/333
f 114/644/329 49/644/245 95/644/326
f 57/644/252 69/644/264 114/644/329
f 108/644/332 138/644/337 47/644/87
f 14/644/17 145/644/301 764/644/338
f 65/644/292 54/644/125 100/644/339
f 65/644/292 100/644/339 80/644/293
f 102/644/317 719/644/340 48/644/194
f 66/644/229 116/644/341 104/644/331
f 109/644/342 35/644/158 52/644/250
f 131/644/285 127/644/343 98/644/262
f 1276/644/344 1274/644/238 124/644/237
f 1363/644/345 1362/644/281 61/644/280
f 175/644/346 105/644/322 120/644/300
f 125/644/347 942/644/348 944/644/349
f 75/644/296 125/644/347 944/644/349 945/644/294
f 55/644/225 111/644/336 77/644/226
f 110/644/350 57/644/252 114/644/329
f 147/644/351 137/644/314 53/644/100
f 118/644/330 147/644/351 53/644/100
f 92/644/304 750/644/352 73/644/231
f 68/644/161 121/644/353 87/644/299
f 140/644/354 94/644/253 84/644/298
f 179/644/334 74/644/269 740/644/355
f 117/644/356 52/644/250 83/644/209
f 117/644/356 109/644/342 52/644/250
f 167/644/321 158/644/357 103/644/235
f 125/644/347 102/644/317 941/644/318 942/644/348
f 44/644/221 128/644/358 96/644/320
f 100/644/339 92/644/304 80/644/293
f 66/644/229 110/644/350 116/644/341
f 75/644/296 87/644/299 125/644/347
f 99/644/255 167/644/321 88/644/233
f 91/644/273 59/644/205 134/644/359
f 67/644/265 113/644/360 54/644/125
f 67/644/265 112/644/361 113/644/360
f 123/644/324 168/644/362 62/644/188
f 95/644/326 35/644/158 109/644/342
f 62/644/188 168/644/362 64/644/267
f 105/644/322 122/644/363 89/644/309
f 168/644/362 169/644/364 64/644/267
f 148/644/315 115/644/219 151/644/365
f 81/644/236 112/644/361 67/644/265
f 64/644/267 169/644/364 38/644/165
f 54/644/125 113/644/360 100/644/339
f 47/644/87 138/644/337 1168/644/366 1164/644/254
f 61/644/280 196/644/367 1365/644/368 1363/644/345
f 135/644/369 953/644/370 952/644/371
f 219/644/372 126/644/241 179/644/334
f 96/644/320 154/644/373 79/644/308
f 136/644/374 79/644/308 154/644/373
f 44/644/221 133/644/333 128/644/358
f 113/644/360 750/644/352 100/644/339
f 133/644/333 98/644/262 127/644/343
f 71/644/289 1162/644/312 1163/644/375
f 71/644/289 1163/644/375 1167/644/376 1278/644/377 1281/644/378
f 117/644/356 83/644/209 143/644/323
f 145/644/301 208/644/379 107/644/303
f 185/644/380 118/644/330 101/644/319
f 119/644/381 741/644/316 85/644/234
f 68/644/161 90/644/263 121/644/353
f 1339/644/261 103/644/235 158/644/357 1340/644/382
f 104/644/331 163/644/383 111/644/336
f 1176/644/384 134/644/359 59/644/205 1158/644/325
f 91/644/273 134/644/359 152/644/385
f 105/644/322 157/644/386 122/644/363
f 1166/644/387 1168/644/366 138/644/337
f 81/644/236 136/644/374 112/644/361
f 132/644/388 95/644/326 109/644/342
f 110/644/350 114/644/329 132/644/388
f 116/644/341 110/644/350 132/644/388
f 196/644/367 61/644/280 126/644/241
f 86/644/257 139/644/389 78/644/297
f 95/644/326 132/644/388 114/644/329
f 142/644/390 84/644/298 78/644/297
f 139/644/389 142/644/390 78/644/297
f 158/644/357 1341/644/391 1340/644/382
f 79/644/308 136/644/374 81/644/236
f 1176/644/384 1175/644/392 134/644/359
f 140/644/354 84/644/298 142/644/390
f 111/644/336 164/644/393 77/644/226
f 89/644/309 182/644/394 50/644/277
f 112/644/361 119/644/381 113/644/360
f 151/644/365 115/644/219 171/644/310
f 148/644/315 211/644/395 124/644/237
f 87/644/299 146/644/396 125/644/347
f 128/644/358 173/644/397 96/644/320
f 96/644/320 173/644/397 154/644/373
f 125/644/347 146/644/396 102/644/317
f 159/644/398 719/644/340 146/644/396
f 109/644/342 117/644/356 132/644/388
f 97/644/284 91/644/273 152/644/385
f 124/644/237 211/644/395 1282/644/399 1276/644/344
f 97/644/284 152/644/385 153/644/400
f 87/644/299 121/644/353 146/644/396
f 112/644/361 141/644/401 119/644/381
f 180/644/402 120/644/300 93/644/212
f 1167/644/376 1165/644/403 198/644/404 1279/644/405 1278/644/377
f 160/644/406 122/644/363 157/644/386
f 145/644/301 955/644/335 961/644/407
f 122/644/363 193/644/408 89/644/309
f 89/644/309 193/644/408 182/644/394
f 163/644/383 104/644/331 156/644/409
f 1175/644/392 1169/644/410 134/644/359
f 196/644/367 126/644/241 219/644/372
f 182/644/394 108/644/332 50/644/277
f 1280/644/411 166/644/286 1277/644/412
f 131/644/285 97/644/284 153/644/400
f 1283/644/413 244/644/414 166/644/286 1280/644/411
f 101/644/319 94/644/253 186/644/415
f 112/644/361 136/644/374 141/644/401
f 77/644/226 164/644/393 130/644/328
f 150/644/416 86/644/257 741/644/316
f 156/644/409 116/644/341 132/644/388
f 208/644/379 202/644/417 107/644/303
f 132/644/388 117/644/356 156/644/409
f 148/644/315 151/644/365 228/644/418
f 152/644/385 134/644/359 149/644/419
f 99/644/255 202/644/417 167/644/321
f 121/644/353 159/644/398 146/644/396
f 161/644/420 172/644/421 169/644/364
f 150/644/416 139/644/389 86/644/257
f 130/644/328 177/644/422 90/644/263
f 131/644/285 170/644/423 188/644/424
f 131/644/285 153/644/400 170/644/423
f 111/644/336 163/644/383 164/644/393
f 133/644/333 127/644/343 187/644/425
f 128/644/358 133/644/333 187/644/425
f 159/644/398 123/644/324 719/644/340
f 149/644/419 134/644/359 1169/644/410 1171/644/426
f 224/644/427 175/644/346 120/644/300
f 180/644/402 224/644/427 120/644/300
f 1294/644/428 1282/644/399 211/644/395
f 128/644/358 187/644/425 183/644/429
f 1179/644/430 1166/644/387 138/644/337
f 144/644/431 135/644/369 155/644/432
f 150/644/416 741/644/316 141/644/401
f 172/644/421 143/644/323 129/644/283
f 135/644/369 950/644/433 953/644/370
f 1171/644/426 1170/644/434 149/644/419
f 149/644/419 137/644/314 147/644/351
f 961/644/407 959/644/435 208/644/379 145/644/301
f 227/644/436 171/644/310 106/644/287
f 185/644/380 174/644/437 118/644/330
f 136/644/374 150/644/416 141/644/401
f 162/644/438 142/644/390 139/644/389
f 142/644/390 183/644/429 140/644/354
f 118/644/330 174/644/437 147/644/351
f 156/644/409 117/644/356 143/644/323
f 127/644/343 131/644/285 188/644/424
f 1184/644/439 189/644/440 1174/644/441
f 144/644/431 155/644/432 178/644/442
f 176/644/443 165/644/444 1337/644/445 1338/644/446
f 176/644/443 1338/644/446 1359/644/447
f 179/644/334 740/644/355 242/644/448
f 135/644/369 952/644/371 948/644/449
f 1174/644/441 189/644/440 93/644/212 1173/644/327
f 189/644/440 180/644/402 93/644/212
f 136/644/374 154/644/373 150/644/416
f 130/644/328 164/644/393 161/644/420
f 177/644/422 130/644/328 161/644/420
f 157/644/386 742/644/450 160/644/406
f 181/644/451 147/644/351 174/644/437
f 139/644/389 150/644/416 162/644/438
f 177/644/422 121/644/353 90/644/263
f 121/644/353 177/644/422 159/644/398
f 181/644/451 149/644/419 147/644/351
f 148/644/315 228/644/418 211/644/395
f 129/644/283 169/644/364 172/644/421
f 156/644/409 143/644/323 163/644/383
f 178/644/442 155/644/432 184/644/452
f 185/644/380 101/644/319 186/644/415
f 154/644/373 162/644/438 150/644/416
f 158/644/357 167/644/321 216/644/453
f 1341/644/391 158/644/357 216/644/453 1342/644/454
f 154/644/373 173/644/397 162/644/438
f 181/644/451 152/644/385 149/644/419
f 160/644/406 742/644/450 190/644/455
f 229/644/456 135/644/369 948/644/449 956/644/457
f 127/644/343 188/644/424 187/644/425
f 214/644/458 1344/644/459 1343/644/460
f 214/644/458 989/644/461 990/644/462 1344/644/459
f 164/644/393 163/644/383 172/644/421
f 163/644/383 143/644/323 172/644/421
f 161/644/420 164/644/393 172/644/421
f 165/644/444 176/644/443 206/644/463
f 152/644/385 181/644/451 153/644/400
f 106/644/287 166/644/286 244/644/414
f 202/644/417 216/644/453 167/644/321
f 159/644/398 177/644/422 168/644/362
f 203/644/464 157/644/386 175/644/346
f 108/644/332 182/644/394 230/644/465
f 155/644/432 135/644/369 229/644/456
f 144/644/431 949/644/466 951/644/467
f 238/644/468 954/644/469 949/644/466 144/644/431
f 227/644/436 151/644/365 171/644/310
f 216/644/453 1345/644/470 1342/644/454
f 108/644/332 209/644/471 138/644/337
f 108/644/332 230/644/465 209/644/471
f 184/644/452 155/644/432 210/644/472
f 155/644/432 229/644/456 210/644/472
f 169/644/364 168/644/362 177/644/422
f 177/644/422 161/644/420 169/644/364
f 173/644/397 142/644/390 162/644/438
f 173/644/397 183/644/429 142/644/390
f 206/644/463 176/644/443 1358/644/473 1348/644/474
f 138/644/337 209/644/471 1177/644/475 1179/644/430
f 160/644/406 205/644/476 193/644/408
f 122/644/363 160/644/406 193/644/408
f 178/644/442 184/644/452 192/644/477
f 1359/644/447 1358/644/473 176/644/443
f 140/644/354 183/644/429 186/644/415
f 174/644/437 170/644/423 181/644/451
f 174/644/437 185/644/380 170/644/423
f 192/644/477 225/644/478 178/644/442
f 219/644/372 179/644/334 242/644/448
f 165/644/444 206/644/463 232/644/479
f 181/644/451 170/644/423 153/644/400
f 1183/644/480 226/644/481 189/644/440 1184/644/439
f 1183/644/480 1182/644/482 226/644/481
f 260/644/483 228/644/418 151/644/365
f 960/644/484 254/644/485 208/644/379 959/644/435
f 192/644/477 184/644/452 195/644/486
f 185/644/380 186/644/415 188/644/424
f 185/644/380 188/644/424 170/644/423
f 186/644/415 187/644/425 188/644/424
f 238/644/468 144/644/431 178/644/442
f 243/644/487 740/644/355 165/644/444
f 243/644/487 165/644/444 232/644/479
f 190/644/455 205/644/476 160/644/406
f 1345/644/470 216/644/453 214/644/458 1343/644/460
f 211/644/395 1295/644/488 1294/644/428
f 1364/644/489 1365/644/368 196/644/367
f 198/644/404 1165/644/403 1180/644/490
f 201/644/491 191/644/492 742/644/450
f 190/644/455 742/644/450 191/644/492
f 227/644/436 106/644/287 244/644/414
f 238/644/468 178/644/442 225/644/478
f 193/644/408 222/644/493 182/644/394
f 242/644/448 740/644/355 243/644/487
f 199/644/494 195/644/486 197/644/495
f 197/644/495 195/644/486 220/644/496
f 192/644/477 195/644/486 199/644/494
f 223/644/497 206/644/463 1348/644/474 1347/644/498
f 201/644/491 207/644/499 191/644/492
f 195/644/486 184/644/452 221/644/500
f 184/644/452 210/644/472 221/644/500
f 196/644/367 279/644/501 1366/644/502 1364/644/489
f 204/644/503 192/644/477 199/644/494
f 225/644/478 192/644/477 204/644/503
f 207/644/499 194/644/504 191/644/492
f 200/644/505 199/644/494 197/644/495
f 204/644/503 199/644/494 200/644/505
f 191/644/492 215/644/506 190/644/455
f 198/644/404 1290/644/507 1284/644/508
f 193/644/408 205/644/476 222/644/493
f 260/644/483 151/644/365 227/644/436
f 212/644/509 200/644/505 197/644/495
f 194/644/504 213/644/510 191/644/492
f 191/644/492 213/644/510 215/644/506
f 248/644/511 219/644/372 242/644/448
f 212/644/509 197/644/495 194/644/504
f 207/644/499 212/644/509 194/644/504
f 232/644/479 206/644/463 218/644/512
f 208/644/379 235/644/513 202/644/417
f 241/644/514 203/644/464 175/644/346
f 224/644/427 241/644/514 175/644/346
f 236/644/515 204/644/503 200/644/505
f 240/644/516 200/644/505 212/644/509
f 233/644/517 207/644/499 201/644/491
f 194/644/504 197/644/495 217/644/518
f 182/644/394 222/644/493 257/644/519
f 235/644/513 216/644/453 202/644/417
f 211/644/395 228/644/418 1293/644/520 1295/644/488
f 195/644/486 221/644/500 220/644/496
f 194/644/504 217/644/518 213/644/510
f 991/644/521 229/644/456 956/644/457
f 206/644/463 223/644/497 218/644/512
f 249/644/522 212/644/509 207/644/499
f 208/644/379 254/644/485 235/644/513
f 237/644/523 226/644/481 1182/644/482 1178/644/524
f 226/644/481 180/644/402 189/644/440
f 210/644/472 258/644/525 221/644/500
f 250/644/526 214/644/458 216/644/453
f 197/644/495 220/644/496 217/644/518
f 279/644/501 196/644/367 219/644/372
f 218/644/512 223/644/497 720/644/527
f 1180/644/490 1185/644/528 198/644/404
f 190/644/455 245/644/529 205/644/476
f 284/644/530 260/644/483 227/644/436
f 180/644/402 234/644/531 224/644/427
f 226/644/481 234/644/531 180/644/402
f 157/644/386 203/644/464 742/644/450
f 213/644/510 253/644/532 215/644/506
f 190/644/455 215/644/506 245/644/529
f 231/644/533 233/644/517 201/644/491
f 223/644/497 1347/644/498 1346/644/534
f 250/644/526 216/644/453 235/644/513
f 228/644/418 260/644/483 292/644/535
f 244/644/414 1283/644/413 1285/644/536 252/644/537
f 1286/644/538 252/644/537 1285/644/536
f 964/644/539 989/644/461 214/644/458 250/644/526
f 232/644/479 218/644/512 259/644/540
f 259/644/540 218/644/512 251/644/541
f 210/644/472 229/644/456 258/644/525
f 238/644/468 968/644/542 954/644/469
f 220/644/496 221/644/500 266/644/543
f 236/644/515 200/644/505 240/644/516
f 204/644/503 236/644/515 225/644/478
f 279/644/501 219/644/372 248/644/511
f 209/644/471 239/644/544 1181/644/545 1177/644/475
f 239/644/544 237/644/523 1178/644/524 1181/644/545
f 221/644/500 258/644/525 266/644/543
f 254/644/485 960/644/484 972/644/546
f 251/644/541 218/644/512 720/644/527
f 257/644/519 246/644/547 230/644/465
f 230/644/465 239/644/544 209/644/471
f 224/644/427 261/644/548 241/644/514
f 284/644/530 227/644/436 244/644/414
f 228/644/418 292/644/535 1292/644/549 1293/644/520
f 721/644/550 229/644/456 991/644/521 995/644/551
f 249/644/522 240/644/516 212/644/509
f 230/644/465 246/644/547 239/644/544
f 234/644/531 226/644/481 237/644/523
f 231/644/533 297/644/552 233/644/517
f 276/644/553 242/644/448 243/644/487
f 268/644/554 720/644/527 223/644/497
f 217/644/518 247/644/555 213/644/510
f 213/644/510 247/644/555 253/644/532
f 261/644/548 278/644/556 241/644/514
f 273/644/557 232/644/479 259/644/540
f 243/644/487 232/644/479 273/644/557
f 203/644/464 762/644/558 231/644/533
f 198/644/404 1185/644/528 1186/644/559 1290/644/507
f 220/644/496 247/644/555 217/644/518
f 268/644/554 223/644/497 1346/644/534 1360/644/560
f 215/644/506 253/644/532 245/644/529
f 720/644/527 265/644/561 251/644/541
f 250/644/526 235/644/513 973/644/562 962/644/563
f 264/644/564 238/644/468 225/644/478
f 220/644/496 255/644/565 247/644/555
f 239/644/544 267/644/566 237/644/523
f 244/644/414 252/644/537 284/644/530
f 220/644/496 266/644/543 256/644/567
f 220/644/496 256/644/567 255/644/565
f 1287/644/568 252/644/537 1286/644/538
f 249/644/522 262/644/569 240/644/516
f 234/644/531 261/644/548 224/644/427
f 968/644/542 238/644/468 264/644/564 969/644/570
f 250/644/526 963/644/571 964/644/539
f 282/644/572 292/644/535 260/644/483
f 971/644/573 973/644/562 235/644/513 254/644/485
f 722/644/574 720/644/527 268/644/554
f 247/644/555 283/644/575 253/644/532
f 245/644/529 263/644/576 205/644/476
f 279/644/501 1367/644/577 1366/644/502
f 207/644/499 233/644/517 723/644/578
f 250/644/526 962/644/563 963/644/571
f 247/644/555 255/644/565 283/644/575
f 245/644/529 253/644/532 275/644/579
f 284/644/530 252/644/537 269/644/580
f 276/644/553 248/644/511 242/644/448
f 237/644/523 267/644/566 234/644/531
f 245/644/529 271/644/581 263/644/576
f 268/644/554 1360/644/560 1353/644/582
f 254/644/485 972/644/546 971/644/573
f 273/644/557 276/644/553 243/644/487
f 255/644/565 330/644/583 301/644/584
f 720/644/527 722/644/574 755/644/585
f 255/644/565 256/644/567 330/644/583
f 234/644/531 272/644/586 261/644/548
f 278/644/556 261/644/548 272/644/586
f 231/644/533 300/644/587 297/644/552
f 273/644/557 259/644/540 308/644/588
f 267/644/566 272/644/586 234/644/531
f 239/644/544 246/644/547 267/644/566
f 245/644/529 275/644/579 271/644/581
f 1291/644/589 1292/644/549 292/644/535 298/644/590
f 278/644/556 762/644/558 241/644/514
f 259/644/540 251/644/541 286/644/591
f 274/644/592 264/644/564 225/644/478
f 1106/644/593 281/644/594 1107/644/595
f 282/644/572 260/644/483 284/644/530
f 280/644/596 236/644/515 240/644/516
f 264/644/564 288/644/597 966/644/598 969/644/570
f 274/644/592 288/644/597 264/644/564
f 251/644/541 265/644/561 286/644/591
f 290/644/599 280/644/596 240/644/516
f 236/644/515 287/644/600 225/644/478
f 280/644/596 287/644/600 236/644/515
f 288/644/597 965/644/601 966/644/598
f 225/644/478 287/644/600 274/644/592
f 350/644/602 279/644/501 248/644/511
f 325/644/603 284/644/530 269/644/580
f 333/644/604 248/644/511 276/644/553
f 1352/644/605 293/644/606 268/644/554 1353/644/582
f 722/644/574 305/644/607 270/644/608
f 1115/644/609 304/644/610 281/644/594 1106/644/593
f 270/644/608 756/644/611 289/644/612
f 265/644/561 755/644/585 289/644/612
f 1301/644/613 1291/644/589 298/644/590
f 366/644/614 276/644/553 273/644/557
f 1288/644/615 269/644/580 252/644/537 1287/644/568
f 277/644/616 267/644/566 246/644/547
f 268/644/554 293/644/606 722/644/574
f 290/644/599 240/644/516 262/644/569
f 722/644/574 293/644/606 303/644/617
f 255/644/565 301/644/584 283/644/575
f 1114/644/618 304/644/610 1115/644/609
f 1109/644/619 294/644/620 1108/644/621
f 282/644/572 284/644/530 325/644/603
f 275/644/579 253/644/532 283/644/575
f 258/644/525 326/644/622 266/644/543
f 310/644/623 286/644/591 265/644/561
f 310/644/623 265/644/561 289/644/612
f 272/644/586 315/644/624 278/644/556
f 267/644/566 277/644/616 272/644/586
f 291/644/625 285/644/626 1298/644/627 1297/644/628
f 338/644/629 297/644/552 300/644/587
f 297/644/552 354/644/630 723/644/578
f 262/644/569 309/644/631 290/644/599
f 350/644/602 248/644/511 333/644/604
f 281/644/594 317/644/632 1110/644/633 1107/644/595
f 315/644/624 762/644/558 278/644/556
f 721/644/550 995/644/551 994/644/634
f 1349/644/635 293/644/606 1352/644/605
f 331/644/636 326/644/622 258/644/525
f 1367/644/577 279/644/501 350/644/602 1377/644/637
f 256/644/567 266/644/543 318/644/638
f 256/644/567 318/644/638 330/644/583
f 289/644/612 756/644/611 306/644/639
f 305/644/607 722/644/574 303/644/617
f 277/644/616 315/644/624 272/644/586
f 285/644/626 1326/644/640 1298/644/627
f 299/644/641 309/644/631 262/644/569
f 332/644/642 317/644/632 281/644/594
f 303/644/617 293/644/606 1349/644/635 1350/644/643
f 343/644/644 308/644/588 259/644/540
f 343/644/644 259/644/540 286/644/591
f 1299/644/645 1301/644/613 298/644/590
f 312/644/646 275/644/579 283/644/575
f 283/644/575 301/644/584 312/644/646
f 285/644/626 291/644/625 316/644/647
f 298/644/590 292/644/535 282/644/572
f 967/644/648 965/644/601 288/644/597 328/644/649
f 295/644/650 305/644/607 342/644/651
f 269/644/580 1288/644/615 1289/644/652 323/644/653
f 325/644/603 269/644/580 323/644/653
f 1113/644/654 1108/644/621 294/644/620
f 1116/644/655 304/644/610 1114/644/618
f 306/644/639 756/644/611 302/644/656
f 331/644/636 992/644/657 993/644/658
f 305/644/607 303/644/617 314/644/659
f 289/644/612 306/644/639 365/644/660
f 310/644/623 289/644/612 365/644/660
f 275/644/579 313/644/661 271/644/581
f 304/644/610 332/644/642 281/644/594
f 756/644/611 724/644/662 311/644/663
f 274/644/592 287/644/600 327/644/664
f 275/644/579 321/644/665 313/644/661
f 354/644/630 297/644/552 338/644/629
f 275/644/579 312/644/646 321/644/665
f 322/644/666 338/644/629 300/644/587
f 302/644/656 756/644/611 311/644/663
f 273/644/557 308/644/588 366/644/614
f 322/644/666 300/644/587 762/644/558
f 315/644/624 322/644/666 762/644/558
f 311/644/663 324/644/667 302/644/656
f 316/644/647 291/644/625 307/644/668
f 340/644/669 285/644/626 316/644/647
f 345/644/670 287/644/600 280/644/596
f 290/644/599 345/644/670 280/644/596
f 396/644/671 286/644/591 310/644/623
f 343/644/644 286/644/591 396/644/671
f 303/644/617 371/644/672 314/644/659
f 335/644/673 296/644/674 317/644/632
f 350/644/602 1378/644/675 1377/644/637
f 296/644/674 329/644/676 294/644/620
f 294/644/620 329/644/676 1111/644/677 1113/644/654
f 328/644/649 976/644/678 967/644/648
f 335/644/673 336/644/679 296/644/674
f 336/644/679 368/644/680 296/644/674
f 324/644/667 311/644/663 319/644/681
f 305/644/607 314/644/659 342/644/651
f 724/644/662 341/644/682 311/644/663
f 368/644/680 329/644/676 296/644/674
f 366/644/614 308/644/588 414/644/683
f 1310/644/684 323/644/653 1289/644/652
f 298/644/590 385/644/685 1307/644/686 1299/644/645
f 311/644/663 341/644/682 319/644/681
f 307/644/668 291/644/625 320/644/687
f 386/644/688 276/644/553 366/644/614
f 333/644/604 276/644/553 386/644/688
f 385/644/685 298/644/590 282/644/572
f 325/644/603 385/644/685 282/644/572
f 365/644/660 396/644/671 310/644/623
f 384/644/689 306/644/639 302/644/656
f 384/644/689 302/644/656 324/644/667
f 325/644/603 323/644/653 377/644/690
f 1351/644/691 371/644/672 303/644/617 1350/644/643
f 344/644/692 324/644/667 319/644/681
f 337/644/693 322/644/666 315/644/624
f 979/644/694 319/644/681 341/644/682 978/644/695
f 351/644/696 378/644/697 340/644/669
f 380/644/698 317/644/632 332/644/642
f 309/644/631 360/644/699 290/644/599
f 290/644/599 360/644/699 345/644/670
f 319/644/681 979/644/694 970/644/700
f 344/644/692 319/644/681 744/644/701
f 339/644/702 368/644/680 336/644/679
f 307/644/668 352/644/703 316/644/647
f 384/644/689 365/644/660 306/644/639
f 1326/644/640 285/644/626 340/644/669 1208/644/704
f 355/644/705 327/644/664 287/644/600
f 355/644/705 287/644/600 345/644/670
f 334/644/706 975/644/707 974/644/708
f 744/644/701 988/644/709 975/644/707 334/644/706
f 318/644/638 326/644/622 347/644/710
f 367/644/711 364/644/712 301/644/584
f 301/644/584 330/644/583 367/644/711
f 350/644/602 333/644/604 381/644/713
f 337/644/693 338/644/629 322/644/666
f 352/644/703 307/644/668 395/644/714
f 331/644/636 328/644/649 346/644/715
f 976/644/678 328/644/649 331/644/636 993/644/658
f 405/644/716 384/644/689 324/644/667
f 325/644/603 377/644/690 728/644/717
f 308/644/588 343/644/644 414/644/683
f 307/644/668 320/644/687 399/644/718
f 307/644/668 399/644/718 395/644/714
f 346/644/715 326/644/622 331/644/636
f 334/644/706 974/644/708 996/644/719
f 347/644/710 326/644/622 346/644/715
f 341/644/682 977/644/720 978/644/695
f 328/644/649 327/644/664 346/644/715
f 379/644/721 332/644/642 304/644/610
f 1129/644/722 379/644/721 304/644/610 1116/644/655
f 380/644/698 335/644/673 317/644/632
f 385/644/685 325/644/603 728/644/717
f 318/644/638 347/644/710 358/644/723
f 330/644/583 318/644/638 358/644/723
f 391/644/724 336/644/679 335/644/673
f 348/644/725 339/644/702 336/644/679
f 391/644/724 348/644/725 336/644/679
f 356/644/726 338/644/629 337/644/693
f 349/644/727 356/644/726 337/644/693
f 316/644/647 352/644/703 353/644/728
f 351/644/696 316/644/647 353/644/728
f 405/644/716 324/644/667 344/644/692
f 350/644/602 1370/644/729 1378/644/675
f 421/644/730 366/644/614 414/644/683
f 356/644/726 354/644/630 338/644/629
f 339/644/702 401/644/731 368/644/680
f 320/644/687 1302/644/732 1300/644/733
f 420/644/734 365/644/660 384/644/689
f 360/644/699 309/644/631 361/644/735
f 344/644/692 334/644/706 362/644/736
f 313/644/661 321/644/665 349/644/727
f 381/644/713 333/644/604 386/644/688
f 352/644/703 395/644/714 725/644/737
f 977/644/720 341/644/682 400/644/738 981/644/739
f 327/644/664 347/644/710 346/644/715
f 371/644/672 417/644/740 314/644/659
f 301/644/584 364/644/712 312/644/646
f 428/644/741 405/644/716 344/644/692
f 361/644/735 309/644/631 299/644/641
f 1311/644/742 399/644/718 320/644/687 1300/644/733
f 312/644/646 359/644/743 321/644/665
f 321/644/665 359/644/743 349/644/727
f 312/644/646 364/644/712 359/644/743
f 345/644/670 360/644/699 369/644/744
f 372/644/745 354/644/630 356/644/726
f 348/644/725 357/644/746 339/644/702
f 1207/644/747 1208/644/704 340/644/669 373/644/748
f 1213/644/749 1207/644/747 373/644/748
f 433/644/750 396/644/671 365/644/660
f 1370/644/729 350/644/602 381/644/713 1368/644/751
f 354/644/630 372/644/745 299/644/641
f 299/644/641 374/644/752 361/644/735
f 330/644/583 358/644/723 367/644/711
f 351/644/696 340/644/669 316/644/647
f 314/644/659 417/644/740 342/644/651
f 369/644/744 355/644/705 345/644/670
f 352/644/703 370/644/753 353/644/728
f 428/644/741 344/644/692 362/644/736
f 355/644/705 347/644/710 327/644/664
f 1355/644/754 371/644/672 1351/644/691
f 299/644/641 372/644/745 374/644/752
f 355/644/705 358/644/723 347/644/710
f 401/644/731 409/644/755 368/644/680
f 1112/644/756 1111/644/677 329/644/676
f 386/644/688 366/644/614 421/644/730
f 348/644/725 391/644/724 397/644/757
f 377/644/690 323/644/653 435/644/758
f 348/644/725 382/644/759 357/644/746
f 349/644/727 372/644/745 356/644/726
f 378/644/697 373/644/748 340/644/669
f 390/644/760 380/644/698 332/644/642
f 379/644/721 390/644/760 332/644/642
f 997/644/761 362/644/736 334/644/706 996/644/719
f 359/644/743 372/644/745 349/644/727
f 1212/644/762 1213/644/749 373/644/748
f 1324/644/763 323/644/653 1310/644/684
f 1305/644/764 435/644/758 323/644/653 1324/644/763
f 376/644/765 370/644/753 725/644/737
f 367/644/711 369/644/744 360/644/699
f 342/644/651 417/644/740 745/644/766
f 400/644/738 363/644/767 429/644/768
f 363/644/767 745/644/766 429/644/768
f 358/644/723 355/644/705 369/644/744
f 433/644/750 365/644/660 420/644/734
f 1128/644/769 379/644/721 1129/644/722
f 446/644/770 384/644/689 405/644/716
f 358/644/723 369/644/744 367/644/711
f 380/644/698 394/644/771 335/644/673
f 391/644/724 335/644/673 394/644/771
f 368/644/680 409/644/755 329/644/676
f 402/644/772 343/644/644 396/644/671
f 364/644/712 374/644/752 359/644/743
f 359/644/743 374/644/752 372/644/745
f 403/644/773 378/644/697 351/644/696
f 329/644/676 409/644/755 1125/644/774 1112/644/756
f 353/644/728 370/644/753 389/644/775
f 1308/644/776 1307/644/686 385/644/685
f 364/644/712 361/644/735 374/644/752
f 417/644/740 371/644/672 436/644/777
f 404/644/778 353/644/728 389/644/775
f 351/644/696 353/644/728 404/644/778
f 375/644/779 370/644/753 376/644/765
f 375/644/779 376/644/765 383/644/780
f 348/644/725 397/644/757 382/644/759
f 378/644/697 1210/644/781 1212/644/762 373/644/748
f 402/644/772 414/644/683 343/644/644
f 383/644/780 376/644/765 406/644/782
f 385/644/685 727/644/783 1309/644/784 1308/644/776
f 1354/644/785 436/644/777 371/644/672 1355/644/754
f 378/644/697 422/644/786 1209/644/787 1210/644/781
f 457/644/788 428/644/741 362/644/736
f 370/644/753 375/644/779 389/644/775
f 382/644/759 397/644/757 407/644/789
f 381/644/713 1369/644/790 1368/644/751
f 388/644/791 726/644/792 392/644/793
f 383/644/780 410/644/794 392/644/793
f 420/644/734 384/644/689 446/644/770
f 382/644/759 387/644/795 357/644/746
f 419/644/796 396/644/671 433/644/750
f 357/644/746 387/644/795 412/644/797
f 422/644/786 378/644/697 403/644/773
f 398/644/798 387/644/795 382/644/759
f 376/644/765 408/644/799 406/644/782
f 410/644/794 383/644/780 406/644/782
f 393/644/800 388/644/791 392/644/793
f 387/644/795 398/644/798 393/644/800
f 458/644/801 397/644/757 437/644/802
f 403/644/773 351/644/696 404/644/778
f 393/644/800 392/644/793 387/644/795
f 452/644/803 405/644/716 428/644/741
f 394/644/771 437/644/802 391/644/724
f 409/644/755 401/644/731 440/644/804
f 998/644/805 457/644/788 362/644/736 997/644/761
f 415/644/806 393/644/800 398/644/798
f 415/644/806 388/644/791 393/644/800
f 408/644/799 395/644/714 416/644/807
f 399/644/718 416/644/807 395/644/714
f 389/644/775 375/644/779 411/644/808
f 1127/644/809 434/644/810 379/644/721 1128/644/769
f 426/644/811 381/644/713 386/644/688
f 1369/644/790 381/644/713 426/644/811 1376/644/812
f 402/644/772 396/644/671 419/644/796
f 458/644/801 407/644/789 397/644/757
f 413/644/813 727/644/783 728/644/717
f 450/644/814 414/644/683 402/644/772
f 407/644/789 398/644/798 382/644/759
f 1306/644/815 416/644/807 399/644/718 1311/644/742
f 424/644/816 389/644/775 411/644/808
f 404/644/778 389/644/775 424/644/816
f 1003/644/817 457/644/788 998/644/805
f 422/644/786 403/644/773 439/644/818
f 392/644/793 410/644/794 418/644/819
f 379/644/721 434/644/810 390/644/760
f 404/644/778 425/644/820 403/644/773
f 386/644/688 421/644/730 426/644/811
f 1123/644/821 1125/644/774 409/644/755
f 980/644/822 981/644/739 400/644/738
f 417/644/740 436/644/777 480/644/823
f 426/644/811 1371/644/824 1376/644/812
f 452/644/803 463/644/825 405/644/716
f 463/644/825 446/644/770 405/644/716
f 392/644/793 418/644/819 387/644/795
f 729/644/826 411/644/808 726/644/792
f 394/644/771 380/644/698 431/644/827
f 427/644/828 431/644/827 380/644/698
f 427/644/828 380/644/698 390/644/760
f 434/644/810 427/644/828 390/644/760
f 387/644/795 418/644/819 423/644/829
f 450/644/814 421/644/730 414/644/683
f 436/644/777 1354/644/785 1356/644/830 461/644/831
f 729/644/826 388/644/791 415/644/806
f 477/644/832 398/644/798 407/644/789
f 415/644/806 398/644/798 477/644/832
f 437/644/802 397/644/757 391/644/724
f 454/644/833 377/644/690 435/644/758
f 413/644/813 728/644/717 454/644/833
f 440/644/804 466/644/834 730/644/835
f 437/644/802 394/644/771 431/644/827
f 1127/644/809 1126/644/836 434/644/810
f 387/644/795 423/644/829 412/644/797
f 412/644/797 430/644/837 401/644/731
f 1191/644/838 484/644/839 435/644/758 1192/644/840
f 425/644/820 439/644/818 403/644/773
f 498/644/841 419/644/796 433/644/750
f 1356/644/830 1357/644/842 461/644/831
f 412/644/797 423/644/829 430/644/837
f 425/644/820 404/644/778 424/644/816
f 401/644/731 430/644/837 440/644/804
f 482/644/843 433/644/750 420/644/734
f 400/644/738 429/644/768 475/644/844
f 456/644/845 411/644/808 729/644/826
f 417/644/740 474/644/846 745/644/766
f 417/644/740 480/644/823 474/644/846
f 416/644/807 1306/644/815 1325/644/847 470/644/848
f 432/644/849 1000/644/850 999/644/851 1217/644/852
f 1304/644/853 435/644/758 1305/644/764
f 1375/644/854 731/644/855 461/644/831 1357/644/842
f 980/644/822 400/644/738 475/644/844 982/644/856
f 458/644/801 486/644/857 407/644/789
f 441/644/858 426/644/811 421/644/730
f 432/644/849 1011/644/859 1000/644/850
f 1214/644/860 470/644/848 1325/644/847
f 727/644/783 1313/644/861 1309/644/784
f 443/644/862 425/644/820 424/644/816
f 456/644/845 729/644/826 453/644/863
f 1219/644/864 1211/644/865 442/644/866
f 1211/644/865 1209/644/787 422/644/786 442/644/866
f 1218/644/867 432/644/849 1217/644/852
f 1371/644/824 426/644/811 441/644/858 1372/644/868
f 428/644/741 457/644/788 471/644/869
f 452/644/803 428/644/741 471/644/869
f 406/644/782 408/644/799 438/644/870
f 441/644/858 1373/644/871 1372/644/868
f 1317/644/872 1312/644/873 413/644/813
f 429/644/768 491/644/874 475/644/844
f 446/644/770 482/644/843 420/644/734
f 447/644/875 410/644/794 438/644/870
f 450/644/814 402/644/772 479/644/876
f 416/644/807 449/644/877 408/644/799
f 455/644/878 1012/644/879 1011/644/859 432/644/849
f 498/644/841 433/644/750 482/644/843
f 418/644/819 445/644/880 423/644/829
f 410/644/794 447/644/875 418/644/819
f 418/644/819 447/644/875 445/644/880
f 448/644/881 402/644/772 419/644/796
f 451/644/882 421/644/730 450/644/814
f 441/644/858 421/644/730 451/644/882
f 479/644/876 402/644/772 448/644/881
f 408/644/799 449/644/877 438/644/870
f 427/644/828 434/644/810 459/644/883
f 435/644/758 1304/644/853 1187/644/884 1192/644/840
f 416/644/807 460/644/885 449/644/877
f 477/644/832 453/644/863 415/644/806
f 1219/644/864 442/644/866 1216/644/886
f 430/644/837 423/644/829 444/644/887
f 423/644/829 445/644/880 444/644/887
f 436/644/777 487/644/888 480/644/823
f 457/644/788 1003/644/817 1004/644/889
f 475/644/844 986/644/890 982/644/856
f 1126/644/836 1120/644/891 434/644/810
f 486/644/857 477/644/832 407/644/789
f 470/644/848 460/644/885 416/644/807
f 425/644/820 465/644/892 439/644/818
f 1117/644/893 1119/644/894 469/644/895
f 1119/644/894 1124/644/896 469/644/895
f 462/644/897 452/644/803 471/644/869
f 455/644/878 1013/644/898 1012/644/879
f 436/644/777 461/644/831 487/644/888
f 459/644/883 431/644/827 427/644/828
f 467/644/899 431/644/827 459/644/883
f 455/644/878 432/644/849 488/644/900
f 1220/644/901 488/644/900 432/644/849 1218/644/867
f 459/644/883 434/644/810 1120/644/891 1118/644/902
f 1373/644/871 441/644/858 731/644/855 1374/644/903
f 470/644/848 1214/644/860 1215/644/904
f 440/644/804 468/644/905 466/644/834
f 731/644/855 441/644/858 451/644/882
f 438/644/870 478/644/906 447/644/875
f 431/644/827 467/644/899 437/644/802
f 430/644/837 468/644/905 440/644/804
f 430/644/837 476/644/907 468/644/905
f 515/644/908 446/644/770 463/644/825
f 482/644/843 446/644/770 515/644/908
f 467/644/899 483/644/909 437/644/802
f 442/644/866 422/644/786 473/644/910
f 422/644/786 439/644/818 473/644/910
f 478/644/906 497/644/911 447/644/875
f 456/644/845 543/644/912 443/644/862
f 448/644/881 419/644/796 498/644/841
f 1236/644/913 488/644/900 1220/644/901
f 464/644/914 1001/644/915 1013/644/898 455/644/878
f 451/644/882 450/644/814 479/644/876
f 444/644/887 476/644/907 430/644/837
f 463/644/825 452/644/803 462/644/897
f 730/644/835 481/644/916 1122/644/917 1121/644/918
f 483/644/909 458/644/801 437/644/802
f 484/644/839 454/644/833 435/644/758
f 481/644/916 469/644/895 1124/644/896 1122/644/917
f 495/644/919 543/644/912 456/644/845
f 486/644/857 458/644/801 508/644/920
f 438/644/870 534/644/921 478/644/906
f 469/644/895 459/644/883 1118/644/902 1117/644/893
f 1224/644/922 489/644/923 1223/644/924
f 461/644/831 731/644/855 472/644/925
f 1223/644/924 489/644/923 470/644/848 1215/644/904
f 731/644/855 451/644/882 472/644/925
f 472/644/925 451/644/882 479/644/876
f 495/644/919 456/644/845 453/644/863
f 461/644/831 472/644/925 487/644/888
f 483/644/909 508/644/920 458/644/801
f 469/644/895 467/644/899 459/644/883
f 488/644/900 510/644/926 455/644/878
f 455/644/878 510/644/926 464/644/914
f 474/644/846 480/644/823 499/644/927
f 466/644/834 468/644/905 734/644/928
f 479/644/876 448/644/881 502/644/929
f 480/644/823 487/644/888 494/644/930
f 530/644/931 482/644/843 515/644/908
f 483/644/909 467/644/899 485/644/932
f 478/644/906 534/644/921 518/644/933
f 466/644/834 734/644/928 481/644/916
f 507/644/934 486/644/857 508/644/920
f 445/644/880 500/644/935 444/644/887
f 473/644/910 489/644/923 442/644/866
f 454/644/833 484/644/839 521/644/936
f 454/644/833 521/644/936 413/644/813
f 491/644/874 531/644/937 475/644/844
f 448/644/881 498/644/841 493/644/938
f 502/644/929 448/644/881 493/644/938
f 460/644/885 470/644/848 489/644/923
f 464/644/914 490/644/939 504/644/940
f 468/644/905 476/644/907 516/644/941
f 504/644/940 1006/644/942 1002/644/943
f 469/644/895 485/644/932 467/644/899
f 445/644/880 497/644/911 500/644/935
f 445/644/880 447/644/875 497/644/911
f 474/644/846 499/644/927 491/644/874
f 486/644/857 505/644/944 477/644/832
f 453/644/863 477/644/832 733/644/945
f 475/644/844 531/644/937 537/644/946
f 498/644/841 482/644/843 530/644/931
f 413/644/813 521/644/936 1318/644/947 1317/644/872
f 481/644/916 485/644/932 469/644/895
f 465/644/892 501/644/948 439/644/818
f 501/644/948 473/644/910 439/644/818
f 496/644/949 460/644/885 489/644/923
f 477/644/832 505/644/944 733/644/945
f 472/644/925 479/644/876 492/644/950
f 480/644/823 494/644/930 499/644/927
f 732/644/951 443/644/862 543/644/912
f 472/644/925 492/644/950 487/644/888
f 460/644/885 513/644/952 449/644/877
f 460/644/885 496/644/949 513/644/952
f 476/644/907 444/644/887 538/644/953
f 449/644/877 513/644/952 534/644/921
f 464/644/914 510/644/926 514/644/954
f 514/644/954 490/644/939 464/644/914
f 492/644/950 479/644/876 502/644/929
f 491/644/874 499/644/927 545/644/955
f 478/644/906 518/644/933 497/644/911
f 473/644/910 496/644/949 489/644/923
f 483/644/909 485/644/932 524/644/956
f 507/644/934 505/644/944 486/644/857
f 504/644/940 1007/644/957 1006/644/942
f 734/644/928 468/644/905 516/644/941
f 501/644/948 496/644/949 473/644/910
f 444/644/887 500/644/935 538/644/953
f 487/644/888 492/644/950 494/644/930
f 508/644/920 483/644/909 524/644/956
f 488/644/900 579/644/958 510/644/926
f 491/644/874 545/644/955 531/644/937
f 1133/644/959 525/644/960 1134/644/961
f 525/644/960 503/644/962 1188/644/963 1134/644/961
f 1188/644/963 503/644/962 1189/644/964
f 499/644/927 494/644/930 542/644/965
f 1194/644/966 535/644/967 1190/644/968
f 1315/644/969 1318/644/947 521/644/936
f 538/644/953 516/644/941 476/644/907
f 494/644/930 492/644/950 541/644/970
f 506/644/971 1222/644/972 1221/644/973
f 494/644/930 541/644/970 542/644/965
f 503/644/962 509/644/974 1206/644/975 1189/644/964
f 521/644/936 484/644/839 535/644/967
f 525/644/960 526/644/976 503/644/962
f 481/644/916 734/644/928 485/644/932
f 734/644/928 524/644/956 485/644/932
f 490/644/939 522/644/977 504/644/940
f 504/644/940 522/644/977 771/644/978
f 526/644/976 511/644/979 503/644/962
f 493/644/938 498/644/841 530/644/931
f 542/644/965 545/644/955 499/644/927
f 522/644/977 490/644/939 549/644/980
f 492/644/950 502/644/929 541/644/970
f 516/644/941 544/644/981 734/644/928
f 1233/644/982 579/644/958 488/644/900 1236/644/913
f 511/644/979 509/644/974 503/644/962
f 986/644/890 475/644/844 537/644/946 985/644/983
f 505/644/944 507/644/934 548/644/984
f 556/644/985 506/644/971 539/644/986
f 506/644/971 527/644/987 1226/644/988 1222/644/972
f 513/644/952 523/644/989 534/644/921
f 523/644/989 513/644/952 501/644/948
f 497/644/911 518/644/933 554/644/990
f 484/644/839 1191/644/838 1190/644/968 535/644/967
f 1230/644/991 1231/644/992 565/644/993
f 541/644/970 502/644/929 493/644/938
f 536/644/994 512/644/995 511/644/979
f 536/644/994 511/644/979 526/644/976
f 527/644/987 506/644/971 556/644/985
f 540/644/996 490/644/939 514/644/954
f 540/644/996 549/644/980 490/644/939
f 511/644/979 512/644/995 520/644/997
f 527/644/987 565/644/993 1231/644/992 1226/644/988
f 517/644/998 765/644/999 512/644/995
f 519/644/1000 539/644/986 759/644/1001
f 553/644/1002 515/644/908 751/644/1003
f 530/644/931 515/644/908 553/644/1002
f 541/644/970 493/644/938 555/644/1004
f 500/644/935 552/644/1005 538/644/953
f 517/644/998 533/644/1006 529/644/1007
f 533/644/1006 519/644/1000 564/644/1008
f 538/644/953 550/644/1009 516/644/941
f 522/644/977 549/644/980 546/644/1010
f 528/644/1011 533/644/1006 517/644/998
f 563/644/1012 520/644/997 587/644/1013
f 521/644/936 535/644/967 1316/644/1014 1314/644/1015
f 521/644/936 1314/644/1015 1315/644/969
f 595/644/1016 510/644/926 579/644/958
f 532/644/1017 519/644/1000 533/644/1006
f 543/644/912 495/644/919 547/644/1018
f 575/644/1019 525/644/960 1133/644/959 1131/644/1020
f 537/644/946 984/644/1021 985/644/983
f 546/644/1010 568/644/1022 522/644/977
f 1008/644/1023 522/644/977 568/644/1022 1015/644/1024
f 520/644/997 765/644/999 587/644/1013
f 766/644/1025 525/644/960 575/644/1019
f 571/644/1026 527/644/987 556/644/985
f 567/644/1027 517/644/998 512/644/995
f 550/644/1009 544/644/981 516/644/941
f 555/644/1004 493/644/938 530/644/931
f 766/644/1025 526/644/976 525/644/960
f 1130/644/1028 575/644/1019 1131/644/1020
f 528/644/1011 517/644/998 557/644/1029
f 557/644/1029 517/644/998 567/644/1027
f 536/644/994 526/644/976 583/644/1030
f 571/644/1026 565/644/993 527/644/987
f 524/644/956 507/644/934 508/644/920
f 524/644/956 544/644/981 507/644/934
f 500/644/935 497/644/911 554/644/990
f 583/644/1030 526/644/976 766/644/1025
f 1193/644/1031 570/644/1032 535/644/967 1194/644/966
f 544/644/981 548/644/984 507/644/934
f 555/644/1004 530/644/931 553/644/1002
f 1319/644/1033 1316/644/1014 535/644/967 570/644/1032
f 533/644/1006 564/644/1008 529/644/1007
f 552/644/1005 500/644/935 554/644/990
f 561/644/1034 540/644/996 514/644/954
f 512/644/995 536/644/994 551/644/1035
f 552/644/1005 550/644/1009 538/644/953
f 595/644/1016 514/644/954 510/644/926
f 579/644/958 1233/644/982 1235/644/1036 589/644/1037
f 1240/644/1038 589/644/1037 1235/644/1036
f 1206/644/975 509/644/974 1199/644/1039
f 542/644/965 541/644/970 555/644/1004
f 542/644/965 555/644/1004 545/644/955
f 572/644/1040 462/644/897 753/644/1041
f 572/644/1040 751/644/1003 752/644/1042
f 518/644/933 558/644/1043 554/644/990
f 567/644/1027 512/644/995 551/644/1035
f 518/644/933 534/644/921 735/644/1044
f 537/644/946 983/644/1045 984/644/1021
f 1232/644/1046 1230/644/991 565/644/993
f 558/644/1043 735/644/1044 543/644/912
f 547/644/1018 558/644/1043 543/644/912
f 580/644/1047 549/644/980 540/644/996
f 558/644/1043 518/644/933 735/644/1044
f 545/644/955 566/644/1048 531/644/937
f 546/644/1010 562/644/1049 568/644/1022
f 548/644/984 544/644/981 550/644/1009
f 531/644/937 569/644/1050 537/644/946
f 531/644/937 566/644/1048 569/644/1050
f 537/644/946 569/644/1050 1040/644/1051 983/644/1045
f 509/644/974 563/644/1012 1198/644/1052 1199/644/1039
f 568/644/1022 1016/644/1053 1015/644/1024
f 561/644/1034 514/644/954 595/644/1016
f 551/644/1035 536/644/994 583/644/1030
f 529/644/1007 564/644/1008 588/644/1054
f 546/644/1010 560/644/1055 562/644/1049
f 560/644/1055 546/644/1010 549/644/980
f 576/644/1056 763/644/1057 746/644/1058
f 580/644/1047 560/644/1055 549/644/980
f 547/644/1018 554/644/990 558/644/1043
f 552/644/1005 559/644/1059 550/644/1009
f 770/644/1060 567/644/1027 551/644/1035
f 545/644/955 555/644/1004 553/644/1002
f 586/644/1061 556/644/985 576/644/1056
f 586/644/1061 571/644/1026 556/644/985
f 562/644/1049 594/644/1062 568/644/1022
f 529/644/1007 588/644/1054 587/644/1013
f 1196/644/1063 570/644/1032 1193/644/1031
f 566/644/1048 545/644/955 553/644/1002
f 1132/644/1064 575/644/1019 1130/644/1028
f 1253/644/1065 588/644/1054 564/644/1008 1270/644/1066
f 573/644/1067 751/644/1003 572/644/1040
f 563/644/1012 605/644/1068 1197/644/1069 1198/644/1052
f 580/644/1047 590/644/1070 560/644/1055
f 600/644/1071 565/644/993 571/644/1026
f 566/644/1048 553/644/1002 751/644/1003
f 1016/644/1053 568/644/1022 1020/644/1072
f 1319/644/1033 570/644/1032 1320/644/1073
f 596/644/1074 540/644/996 561/644/1034
f 596/644/1074 580/644/1047 540/644/996
f 1232/644/1046 565/644/993 600/644/1071 1234/644/1075
f 566/644/1048 573/644/1067 569/644/1050
f 602/644/1076 557/644/1029 567/644/1027
f 770/644/1060 602/644/1076 567/644/1027
f 563/644/1012 604/644/1077 607/644/1078
f 607/644/1078 605/644/1068 563/644/1012
f 560/644/1055 577/644/1079 562/644/1049
f 594/644/1062 1019/644/1080 1020/644/1072 568/644/1022
f 569/644/1050 573/644/1067 1024/644/1081 1040/644/1051
f 570/644/1032 1196/644/1063 1195/644/1082 1320/644/1073
f 560/644/1055 574/644/1083 577/644/1079
f 562/644/1049 581/644/1084 594/644/1062
f 583/644/1030 627/644/1085 551/644/1035
f 627/644/1085 770/644/1060 551/644/1035
f 590/644/1070 574/644/1083 560/644/1055
f 592/644/1086 557/644/1029 602/644/1076
f 753/644/1041 1014/644/1087 1017/644/1088
f 584/644/1089 583/644/1030 766/644/1025
f 577/644/1079 581/644/1084 562/644/1049
f 574/644/1083 578/644/1090 577/644/1079
f 596/644/1074 611/644/1091 580/644/1047
f 631/644/1092 588/644/1054 1253/644/1065 1252/644/1093
f 581/644/1084 633/644/1094 594/644/1062
f 578/644/1090 582/644/1095 577/644/1079
f 591/644/1096 600/644/1071 571/644/1026
f 582/644/1095 599/644/1097 577/644/1079
f 577/644/1079 599/644/1097 581/644/1084
f 579/644/958 619/644/1098 595/644/1016
f 589/644/1037 619/644/1098 579/644/958
f 611/644/1091 590/644/1070 580/644/1047
f 588/644/1054 604/644/1077 587/644/1013
f 1205/644/1099 1197/644/1069 605/644/1068
f 612/644/1100 578/644/1090 574/644/1083
f 585/644/1101 582/644/1095 578/644/1090
f 599/644/1097 633/644/1094 581/644/1084
f 612/644/1100 574/644/1083 590/644/1070
f 585/644/1101 597/644/1102 582/644/1095
f 599/644/1097 582/644/1095 618/644/1103
f 585/644/1101 593/644/1104 597/644/1102
f 606/644/1105 578/644/1090 612/644/1100
f 585/644/1101 578/644/1090 606/644/1105
f 571/644/1026 586/644/1061 591/644/1096
f 595/644/1016 623/644/1106 561/644/1034
f 1241/644/1107 1234/644/1075 600/644/1071
f 1138/644/1108 632/644/1109 1139/644/1110
f 604/644/1077 588/644/1054 631/644/1092
f 625/644/1111 596/644/1074 561/644/1034
f 597/644/1102 618/644/1103 582/644/1095
f 620/644/1112 585/644/1101 606/644/1105
f 620/644/1112 593/644/1104 585/644/1101
f 631/644/1092 1252/644/1093 1247/644/1113
f 628/644/1114 612/644/1100 590/644/1070
f 600/644/1071 591/644/1096 646/644/1115
f 1239/644/1116 589/644/1037 1240/644/1038
f 593/644/1104 601/644/1117 597/644/1102
f 594/644/1062 648/644/1118 1018/644/1119 1019/644/1080
f 598/644/1120 601/644/1117 593/644/1104
f 608/644/1121 598/644/1120 593/644/1104
f 595/644/1016 619/644/1098 623/644/1106
f 617/644/1122 611/644/1091 596/644/1074
f 617/644/1122 596/644/1074 625/644/1111
f 636/644/1123 584/644/1089 632/644/1109
f 597/644/1102 601/644/1117 629/644/1124
f 608/644/1121 593/644/1104 620/644/1112
f 597/644/1102 613/644/1125 618/644/1103
f 597/644/1102 629/644/1124 613/644/1125
f 598/644/1120 609/644/1126 601/644/1117
f 628/644/1114 590/644/1070 611/644/1091
f 603/644/1127 609/644/1126 598/644/1120
f 618/644/1103 634/644/1128 599/644/1097
f 599/644/1097 634/644/1128 633/644/1094
f 633/644/1094 648/644/1118 594/644/1062
f 602/644/1076 770/644/1060 621/644/1129
f 647/644/1130 619/644/1098 589/644/1037
f 1243/644/1131 647/644/1130 589/644/1037 1239/644/1116
f 642/644/1132 591/644/1096 586/644/1061
f 642/644/1132 586/644/1061 754/644/1133
f 616/644/1134 603/644/1127 598/644/1120
f 625/644/1111 561/644/1034 623/644/1106
f 630/644/1135 602/644/1076 621/644/1129
f 612/644/1100 626/644/1136 606/644/1105
f 603/644/1127 624/644/1137 609/644/1126
f 614/644/1138 603/644/1127 616/644/1134
f 609/644/1126 629/644/1124 601/644/1117
f 616/644/1134 598/644/1120 608/644/1121
f 592/644/1086 602/644/1076 630/644/1135
f 639/644/1139 623/644/1106 619/644/1098
f 615/644/1140 603/644/1127 614/644/1138
f 603/644/1127 615/644/1140 624/644/1137
f 605/644/1068 656/644/1141 1135/644/1142 1205/644/1099
f 605/644/1068 607/644/1078 656/644/1141
f 610/644/1143 615/644/1140 614/644/1138
f 620/644/1112 606/644/1105 626/644/1136
f 1026/644/1144 1018/644/1119 648/644/1118
f 630/644/1135 637/644/1145 592/644/1086
f 614/644/1138 616/644/1134 635/644/1146
f 615/644/1140 610/644/1143 1387/644/1147 1386/644/1148
f 643/644/1149 616/644/1134 608/644/1121
f 609/644/1126 622/644/1150 629/644/1124
f 624/644/1137 615/644/1140 1388/644/1151 1396/644/1152
f 1241/644/1107 600/644/1071 646/644/1115 1242/644/1153
f 609/644/1126 624/644/1137 622/644/1150
f 1379/644/1154 1387/644/1147 610/644/1143
f 610/644/1143 1380/644/1155 1379/644/1154
f 649/644/1156 628/644/1114 611/644/1091
f 655/644/1157 626/644/1136 612/644/1100
f 655/644/1157 612/644/1100 628/644/1114
f 1382/644/1158 1385/644/1159 645/644/1160
f 657/644/1161 620/644/1112 626/644/1136
f 640/644/1162 610/644/1143 614/644/1138
f 640/644/1162 614/644/1138 635/644/1146
f 645/644/1160 1383/644/1163 1382/644/1158
f 615/644/1140 1386/644/1148 1388/644/1151
f 616/644/1134 643/644/1149 635/644/1146
f 631/644/1092 638/644/1164 604/644/1077
f 647/644/1130 639/644/1139 619/644/1098
f 667/644/1165 636/644/1123 632/644/1109
f 657/644/1161 608/644/1121 620/644/1112
f 653/644/1166 621/644/1129 770/644/1060
f 610/644/1143 641/644/1167 1381/644/1168 1380/644/1155
f 641/644/1167 610/644/1143 640/644/1162
f 659/644/1169 630/644/1135 621/644/1129
f 653/644/1166 747/644/1170 621/644/1129
f 650/644/1171 623/644/1106 639/644/1139
f 623/644/1106 650/644/1171 625/644/1111
f 641/644/1167 645/644/1160 1385/644/1159 1381/644/1168
f 1136/644/1172 1135/644/1142 656/644/1141
f 651/644/1173 643/644/1149 608/644/1121
f 657/644/1161 651/644/1173 608/644/1121
f 633/644/1094 664/644/1174 648/644/1118
f 607/644/1078 604/644/1077 638/644/1164
f 632/644/1109 1138/644/1108 1137/644/1175
f 629/644/1124 736/644/1176 613/644/1125
f 649/644/1156 611/644/1091 617/644/1122
f 660/644/1177 657/644/1161 626/644/1136
f 613/644/1125 663/644/1178 618/644/1103
f 607/644/1078 644/644/1179 656/644/1141
f 681/644/1180 655/644/1157 628/644/1114
f 654/644/1181 630/644/1135 659/644/1169
f 622/644/1150 736/644/1176 629/644/1124
f 618/644/1103 663/644/1178 634/644/1128
f 654/644/1181 637/644/1145 630/644/1135
f 631/644/1092 666/644/1182 685/644/1183
f 1244/644/1184 1039/644/1185 1038/644/1186
f 1149/644/1187 667/644/1165 632/644/1109 1137/644/1175
f 607/644/1078 638/644/1164 644/644/1179
f 634/644/1128 664/644/1174 633/644/1094
f 1383/644/1163 645/644/1160 1384/644/1188
f 678/644/1189 640/644/1162 635/644/1146
f 652/644/1190 645/644/1160 641/644/1167
f 624/644/1137 661/644/1191 622/644/1150
f 1390/644/1192 661/644/1191 624/644/1137 1391/644/1193
f 669/644/1194 650/644/1171 639/644/1139
f 666/644/1182 631/644/1092 1247/644/1113 1248/644/1195
f 672/644/1196 670/644/1197 754/644/1133
f 624/644/1137 1396/644/1152 1391/644/1193
f 654/644/1181 672/644/1196 637/644/1145
f 1244/644/1184 1038/644/1186 1035/644/1198 647/644/1130 1243/644/1131
f 673/644/1199 617/644/1122 691/644/1200
f 664/644/1174 677/644/1201 648/644/1118
f 638/644/1164 685/644/1183 644/644/1179
f 681/644/1180 628/644/1114 649/644/1156
f 656/644/1141 737/644/1202 1145/644/1203 1136/644/1172
f 673/644/1199 649/644/1156 617/644/1122
f 660/644/1177 626/644/1136 655/644/1157
f 683/644/1204 641/644/1167 640/644/1162
f 683/644/1204 640/644/1162 678/644/1189
f 683/644/1204 652/644/1190 641/644/1167
f 674/644/1205 635/644/1146 643/644/1149
f 667/644/1165 679/644/1206 636/644/1123
f 622/644/1150 676/644/1207 736/644/1176
f 674/644/1205 678/644/1189 635/644/1146
f 663/644/1178 695/644/1208 634/644/1128
f 669/644/1194 639/644/1139 647/644/1130
f 688/644/1209 654/644/1181 659/644/1169
f 662/644/1210 647/644/1130 1035/644/1198 1034/644/1211
f 661/644/1191 680/644/1212 622/644/1150
f 680/644/1212 676/644/1207 622/644/1150
f 652/644/1190 682/644/1213 645/644/1160
f 645/644/1160 682/644/1213 1395/644/1214 1384/644/1188
f 695/644/1208 664/644/1174 634/644/1128
f 1148/644/1215 1147/644/1216 675/644/1217
f 648/644/1118 677/644/1201 1025/644/1218 1026/644/1144
f 662/644/1210 669/644/1194 647/644/1130
f 662/644/1210 1034/644/1211 1036/644/1219
f 706/644/1220 655/644/1157 681/644/1180
f 690/644/1221 681/644/1180 649/644/1156
f 658/644/1222 1323/644/1223 1322/644/1224
f 644/644/1179 737/644/1202 656/644/1141
f 716/644/1225 643/644/1149 651/644/1173
f 666/644/1182 1248/644/1195 1268/644/1226
f 665/644/1227 1245/644/1228 1321/644/1229
f 674/644/1205 643/644/1149 716/644/1225
f 676/644/1207 687/644/1230 736/644/1176
f 1203/644/1231 658/644/1222 1322/644/1224 1204/644/1232
f 1394/644/1233 1395/644/1214 682/644/1213
f 660/644/1177 655/644/1157 706/644/1220
f 698/644/1234 650/644/1171 669/644/1194
f 660/644/1177 651/644/1173 657/644/1161
f 1202/644/1235 665/644/1227 658/644/1222 1201/644/1236
f 1037/644/1237 1027/644/1238 697/644/1239
f 1027/644/1238 1025/644/1218 677/644/1201 697/644/1239
f 1142/644/1240 1146/644/1241 692/644/1242
f 698/644/1234 691/644/1200 650/644/1171
f 644/644/1179 693/644/1243 737/644/1202
f 671/644/1244 662/644/1210 1036/644/1219 1031/644/1245
f 675/644/1217 679/644/1206 667/644/1165
f 1257/644/1246 1256/644/1247 684/644/1248
f 694/644/1249 672/644/1196 654/644/1181
f 690/644/1221 649/644/1156 673/644/1199
f 1066/644/1250 664/644/1174 695/644/1208 1068/644/1251
f 1201/644/1236 658/644/1222 1203/644/1231
f 658/644/1222 665/644/1227 1321/644/1229 1323/644/1223
f 718/644/1252 716/644/1225 651/644/1173
f 718/644/1252 651/644/1173 660/644/1177
f 1063/644/1253 663/644/1178 687/644/1230 1065/644/1254
f 671/644/1244 669/644/1194 662/644/1210
f 677/644/1201 715/644/1255 697/644/1239
f 664/644/1174 717/644/1256 677/644/1201
f 1064/644/1257 695/644/1208 663/644/1178 1063/644/1253
f 661/644/1191 712/644/1258 680/644/1212
f 671/644/1244 1031/644/1245 1030/644/1259
f 671/644/1244 1030/644/1259 1032/644/1260
f 688/644/1209 659/644/1169 747/644/1170
f 1389/644/1261 712/644/1258 661/644/1191 1390/644/1192
f 694/644/1249 654/644/1181 688/644/1209
f 1393/644/1262 712/644/1258 1389/644/1261
f 666/644/1182 748/644/1263 685/644/1183
f 666/644/1182 767/644/1264 748/644/1263
f 1060/644/1265 1059/644/1266 660/644/1177 706/644/1220
f 664/644/1174 1066/644/1250 1067/644/1267 717/644/1256
f 1255/644/1268 1257/644/1246 684/644/1248
f 675/644/1217 667/644/1165 1149/644/1187 1148/644/1215
f 698/644/1234 669/644/1194 671/644/1244
f 683/644/1204 1047/644/1269 1050/644/1270 652/644/1190
f 697/644/1239 711/644/1271 1033/644/1272 1037/644/1237
f 660/644/1177 1059/644/1266 1054/644/1273 718/644/1252
f 672/644/1196 700/644/1274 670/644/1197
f 694/644/1249 700/644/1274 672/644/1196
f 665/644/1227 1202/644/1235 1200/644/1275 713/644/1276
f 701/644/1277 681/644/1180 690/644/1221
f 691/644/1200 714/644/1278 673/644/1199
f 1048/644/1279 1049/644/1280 678/644/1189 674/644/1205
f 711/644/1271 1028/644/1281 1033/644/1272
f 677/644/1201 717/644/1256 715/644/1255
f 686/644/1282 698/644/1234 671/644/1244
f 696/644/1283 670/644/1197 700/644/1274
f 678/644/1189 1049/644/1280 1046/644/1284 683/644/1204
f 1144/644/1285 713/644/1276 1200/644/1275
f 1044/644/1286 682/644/1213 652/644/1190 1043/644/1287
f 689/644/1288 738/644/1289 679/644/1206
f 689/644/1288 679/644/1206 675/644/1217
f 1032/644/1260 1029/644/1290 686/644/1282 671/644/1244
f 693/644/1243 699/644/1291 737/644/1202
f 1266/644/1292 703/644/1293 1267/644/1294
f 683/644/1204 1046/644/1284 1047/644/1269
f 699/644/1291 692/644/1242 737/644/1202
f 680/644/1212 1061/644/1295 1084/644/1296 676/644/1207
f 1267/644/1294 703/644/1293 767/644/1264 1269/644/1297
f 706/644/1220 681/644/1180 701/644/1277
f 1249/644/1298 668/644/1299 1260/644/1300
f 705/644/1301 688/644/1209 747/644/1170
f 682/644/1213 1044/644/1286 1045/644/1302
f 709/644/1303 694/644/1249 688/644/1209
f 1147/644/1216 1141/644/1304 675/644/1217
f 684/644/1248 1254/644/1305 1255/644/1268
f 695/644/1208 1064/644/1257 1075/644/1306
f 711/644/1271 686/644/1282 1029/644/1290 1028/644/1281
f 652/644/1190 1050/644/1270 1043/644/1287
f 693/644/1243 748/644/1263 704/644/1307
f 692/644/1242 689/644/1288 1143/644/1308 1142/644/1240
f 1061/644/1295 680/644/1212 712/644/1258 1058/644/1309
f 687/644/1230 1081/644/1310 1065/644/1254
f 705/644/1301 747/644/1170 738/644/1289
f 1089/644/1311 1090/644/1312 665/644/1227 713/644/1276
f 1076/644/1313 701/644/1277 690/644/1221 1078/644/1314
f 1078/644/1314 690/644/1221 714/644/1278 1079/644/1315
f 702/644/1316 714/644/1278 691/644/1200
f 691/644/1200 698/644/1234 702/644/1316
f 688/644/1209 705/644/1301 709/644/1303
f 692/644/1242 699/644/1291 689/644/1288
f 689/644/1288 675/644/1217 1141/644/1304 1143/644/1308
f 695/644/1208 1075/644/1306 1068/644/1251
f 702/644/1316 698/644/1234 686/644/1282
f 1088/644/1317 1087/644/1318 713/644/1276 1144/644/1285
f 707/644/1319 1262/644/1320 1264/644/1321
f 1052/644/1322 1062/644/1323 674/644/1205 716/644/1225
f 674/644/1205 1062/644/1323 1048/644/1279
f 1082/644/1324 687/644/1230 676/644/1207 1083/644/1325
f 687/644/1230 1082/644/1324 1081/644/1310
f 699/644/1291 738/644/1289 689/644/1288
f 697/644/1239 715/644/1255 711/644/1271
f 1264/644/1321 1265/644/1326 707/644/1319
f 703/644/1293 1266/644/1292 1258/644/1327
f 1259/644/1328 696/644/1283 703/644/1293 1258/644/1327
f 699/644/1291 705/644/1301 738/644/1289
f 1053/644/1329 1051/644/1330 716/644/1225 718/644/1252
f 682/644/1213 1045/644/1302 1042/644/1331 1392/644/1332 1394/644/1233
f 1041/644/1333 1392/644/1332 1042/644/1331
f 693/644/1243 704/644/1307 699/644/1291
f 684/644/1248 1092/644/1334 1093/644/1335 1254/644/1305
f 703/644/1293 696/644/1283 700/644/1274
f 676/644/1207 1084/644/1296 1083/644/1325
f 749/644/1336 1261/644/1337 1262/644/1320 707/644/1319
f 705/644/1301 699/644/1291 704/644/1307
f 708/644/1338 703/644/1293 700/644/1274
f 709/644/1303 705/644/1301 704/644/1307
f 748/644/1263 709/644/1303 704/644/1307
f 1095/644/1339 710/644/1340 707/644/1319 1105/644/1341
f 711/644/1271 702/644/1316 686/644/1282
f 1103/644/1342 707/644/1319 1265/644/1326 1102/644/1343
f 708/644/1338 709/644/1303 748/644/1263
f 711/644/1271 715/644/1255 1071/644/1344 1070/644/1345
f 1105/644/1341 707/644/1319 1103/644/1342
f 702/644/1316 711/644/1271 1070/644/1345 1073/644/1346
f 1097/644/1347 710/644/1340 1095/644/1339
f 1077/644/1348 701/644/1277 1076/644/1313
f 1085/644/1349 706/644/1220 701/644/1277 1077/644/1348
f 714/644/1278 1080/644/1350 1079/644/1315
f 1074/644/1351 714/644/1278 702/644/1316 1073/644/1346
f 712/644/1258 1057/644/1352 1058/644/1309
f 713/644/1276 1086/644/1353 1089/644/1311
f 713/644/1276 1087/644/1318 1086/644/1353
f 710/644/1340 1097/644/1347 1094/644/1354
f 710/644/1340 1094/644/1354 1096/644/1355
f 717/644/1256 1072/644/1356 1069/644/1357 715/644/1255
f 1101/644/1358 1100/644/1359 749/644/1336
f 1096/644/1355 1104/644/1360 710/644/1340
f 706/644/1220 1085/644/1349 1060/644/1265
f 1080/644/1350 714/644/1278 1074/644/1351
f 1069/644/1357 1071/644/1344 715/644/1255
f 716/644/1225 1051/644/1330 1052/644/1322
f 1067/644/1267 1072/644/1356 717/644/1256
f 718/644/1252 1054/644/1273 1055/644/1361
f 718/644/1252 1055/644/1361 1053/644/1329
f 1393/644/1262 1056/644/1362 1057/644/1352 712/644/1258
f 796/644/74 20/644/32 795/644/31
f 903/644/1363 904/644/128 13/644/127
f 902/644/163 903/644/1363 13/644/127
f 780/644/198 7/644/8 778/644/7
f 788/644/21 4/644/23 786/644/1364
f 880/644/154 37/644/153 882/644/259
f 884/644/65 15/644/64 885/644/155
f 764/644/338 45/644/14 914/644/16 911/644/1365
f 4/644/23 60/644/275 813/644/276 786/644/1364
f 25/644/119 75/644/296 946/644/295 934/644/120
f 123/644/324 63/644/151 719/644/340
f 48/644/194 719/644/340 63/644/151
f 1172/644/1366 1154/644/313 137/644/314
f 175/644/346 157/644/386 105/644/322
f 719/644/340 102/644/317 146/644/396
f 104/644/331 116/644/341 156/644/409
f 94/644/253 140/644/354 186/644/415
f 168/644/362 123/644/324 159/644/398
f 144/644/431 951/644/467 950/644/433 135/644/369
f 186/644/415 183/644/429 187/644/425
f 229/644/456 721/644/550 258/644/525
f 205/644/476 263/644/576 222/644/493
f 249/644/522 723/644/578 262/644/569
f 723/644/578 249/644/522 207/644/499
f 297/644/552 723/644/578 233/644/517
f 258/644/525 721/644/550 331/644/636
f 299/644/641 723/644/578 354/644/630
f 723/644/578 299/644/641 262/644/569
f 331/644/636 721/644/550 994/644/634 992/644/657
f 317/644/632 294/644/620 1109/644/619 1110/644/633
f 266/644/543 326/644/622 318/644/638
f 296/644/674 294/644/620 317/644/632
f 320/644/687 291/644/625 1296/644/1367 1303/644/1368
f 725/644/737 395/644/714 408/644/799
f 370/644/753 352/644/703 725/644/737
f 376/644/765 725/644/737 408/644/799
f 367/644/711 361/644/735 364/644/712
f 375/644/779 383/644/780 726/644/792
f 727/644/783 413/644/813 1312/644/873 1313/644/861
f 726/644/792 383/644/780 392/644/793
f 728/644/717 727/644/783 385/644/685
f 411/644/808 375/644/779 726/644/792
f 729/644/826 726/644/792 388/644/791
f 728/644/717 377/644/690 454/644/833
f 440/644/804 730/644/835 409/644/755
f 1123/644/821 409/644/755 730/644/835 1121/644/918
f 429/644/768 745/644/766 474/644/846
f 491/644/874 429/644/768 474/644/846
f 415/644/806 453/644/863 729/644/826
f 730/644/835 466/644/834 481/644/916
f 449/644/877 534/644/921 438/644/870
f 1001/644/915 464/644/914 504/644/940 1002/644/943
f 733/644/945 495/644/919 453/644/863
f 1221/644/973 1225/644/1369 506/644/971
f 501/644/948 513/644/952 496/644/949
f 734/644/928 544/644/981 524/644/956
f 735/644/1044 732/644/951 543/644/912
f 735/644/1044 523/644/989 732/644/951
f 735/644/1044 534/644/921 523/644/989
f 573/644/1067 572/644/1040 1021/644/1370 1022/644/1371
f 573/644/1067 1022/644/1371 1024/644/1081
f 613/644/1125 736/644/1176 663/644/1178
f 653/644/1166 627/644/1085 636/644/1123
f 679/644/1206 653/644/1166 636/644/1123
f 737/644/1202 692/644/1242 1146/644/1241 1145/644/1203
f 736/644/1176 687/644/1230 663/644/1178
f 738/644/1289 653/644/1166 679/644/1206
f 685/644/1183 693/644/1243 644/644/1179
f 673/644/1199 714/644/1278 690/644/1221
f 1098/644/1372 1099/644/1373 1263/644/1374
f 739/644/215 46/644/247 804/644/248 805/644/213
f 46/644/247 739/644/215 97/644/284
f 739/644/215 91/644/273 97/644/284
f 92/644/304 76/644/274 80/644/293
f 71/644/289 1281/644/378 1271/644/290
f 1334/644/1375 740/644/355 74/644/269 1333/644/307
f 165/644/444 740/644/355 1334/644/1375 1335/644/1376
f 141/644/401 741/644/316 119/644/381
f 128/644/358 183/644/429 173/644/397
f 231/644/533 742/644/450 203/644/464
f 742/644/450 231/644/533 201/644/491
f 1297/644/628 1296/644/1367 291/644/625
f 724/644/662 295/644/650 761/644/1377
f 319/644/681 970/644/700 987/644/1378 744/644/701
f 744/644/701 987/644/1378 988/644/709
f 744/644/701 334/644/706 344/644/692
f 342/644/651 745/644/766 761/644/1377
f 367/644/711 360/644/699 361/644/735
f 438/644/870 410/644/794 406/644/782
f 504/644/940 1005/644/1379 1007/644/957
f 557/644/1029 746/644/1058 528/644/1011
f 746/644/1058 532/644/1017 528/644/1011
f 592/644/1086 746/644/1058 557/644/1029
f 566/644/1048 751/644/1003 573/644/1067
f 564/644/1008 1229/644/1380 1270/644/1066
f 1023/644/1381 1021/644/1370 572/644/1040 753/644/1041
f 753/644/1041 1017/644/1088 1023/644/1381
f 646/644/1115 591/644/1096 642/644/1132
f 747/644/1170 659/644/1169 621/644/1129
f 631/644/1092 685/644/1183 638/644/1164
f 617/644/1122 650/644/1171 691/644/1200
f 650/644/1171 617/644/1122 625/644/1111
f 685/644/1183 748/644/1263 693/644/1243
f 1250/644/1382 668/644/1299 1249/644/1298
f 1260/644/1300 668/644/1299 696/644/1283 1259/644/1328
f 1100/644/1359 1098/644/1372 1263/644/1374 1261/644/1337 749/644/1336
f 710/644/1340 749/644/1336 707/644/1319
f 749/644/1336 710/644/1340 1104/644/1360 1101/644/1358
f 277/644/616 246/644/547 257/644/519
f 1302/644/732 320/644/687 1303/644/1368
f 1238/644/1383 1237/644/1384 759/644/1001
f 738/644/1289 747/644/1170 653/644/1166
f 169/644/364 129/644/283 38/644/165
f 750/644/352 113/644/360 119/644/381
f 750/644/352 92/644/304 100/644/339
f 270/644/608 305/644/607 295/644/650
f 270/644/608 295/644/650 756/644/611
f 751/644/1003 515/644/908 752/644/1042
f 463/644/825 752/644/1042 515/644/908
f 462/644/897 752/644/1042 463/644/825
f 471/644/869 753/644/1041 462/644/897
f 753/644/1041 471/644/869 771/644/978
f 572/644/1040 752/644/1042 462/644/897
f 550/644/1009 559/644/1059 548/644/984
f 754/644/1133 586/644/1061 576/644/1056
f 670/644/1197 642/644/1132 754/644/1133
f 672/644/1196 754/644/1133 760/644/1385
f 1251/644/1386 1242/644/1153 646/644/1115
f 724/644/662 363/644/767 341/644/682
f 646/644/1115 668/644/1299 1250/644/1382 1251/644/1386
f 165/644/444 1335/644/1376 1337/644/445
f 564/644/1008 519/644/1000 1227/644/1387 1228/644/1388
f 668/644/1299 646/644/1115 642/644/1132
f 670/644/1197 668/644/1299 642/644/1132
f 668/644/1299 670/644/1197 696/644/1283
f 923/644/18 14/644/17 910/644/1389
f 26/644/58 57/644/252 758/644/91
f 720/644/527 755/644/585 265/644/561
f 755/644/585 270/644/608 289/644/612
f 532/644/1017 539/644/986 519/644/1000
f 532/644/1017 533/644/1006 528/644/1011
f 760/644/1385 637/644/1145 672/644/1196
f 755/644/585 722/644/574 270/644/608
f 724/644/662 756/644/611 295/644/650
f 263/644/576 271/644/581 757/644/1390
f 313/644/661 757/644/1390 271/644/581
f 743/644/1391 315/644/624 768/644/1392
f 313/644/661 349/644/727 757/644/1390
f 757/644/1390 349/644/727 337/644/693
f 363/644/767 400/644/738 341/644/682
f 564/644/1008 1228/644/1388 1229/644/1380
f 137/644/314 149/644/419 1170/644/434 1172/644/1366
f 506/644/971 759/644/1001 539/644/986
f 1237/644/1384 1227/644/1387 519/644/1000 759/644/1001
f 637/644/1145 760/644/1385 592/644/1086
f 724/644/662 761/644/1377 363/644/767
f 761/644/1377 295/644/650 342/644/651
f 761/644/1377 745/644/766 363/644/767
f 759/644/1001 506/644/971 1225/644/1369 1238/644/1383
f 743/644/1391 769/644/1393 757/644/1390
f 315/644/624 743/644/1391 337/644/693
f 754/644/1133 576/644/1056 760/644/1385
f 760/644/1385 576/644/1056 746/644/1058
f 592/644/1086 760/644/1385 746/644/1058
f 57/644/252 110/644/350 758/644/91
f 66/644/229 758/644/91 110/644/350
f 107/644/303 202/644/417 99/644/255
f 241/644/514 762/644/558 203/644/464
f 520/644/997 563/644/1012 509/644/974
f 532/644/1017 763/644/1057 539/644/986
f 763/644/1057 556/644/985 539/644/986
f 763/644/1057 532/644/1017 746/644/1058
f 708/644/1338 700/644/1274 694/644/1249
f 708/644/1338 694/644/1249 709/644/1303
f 743/644/1391 768/644/1392 769/644/1393
f 520/644/997 509/644/974 511/644/979
f 743/644/1391 757/644/1390 337/644/693
f 55/644/225 77/644/226 843/644/227 842/644/223
f 14/644/17 764/644/338 911/644/1365 910/644/1389
f 764/644/338 145/644/301 107/644/303
f 257/644/519 230/644/465 182/644/394
f 231/644/533 762/644/558 300/644/587
f 731/644/855 1375/644/854 1374/644/903
f 411/644/808 456/644/845 443/644/862
f 765/644/999 520/644/997 512/644/995
f 517/644/998 529/644/1007 765/644/999
f 765/644/999 529/644/1007 587/644/1013
f 1140/644/1394 584/644/1089 575/644/1019 1132/644/1064
f 766/644/1025 575/644/1019 584/644/1089
f 584/644/1089 1140/644/1394 1139/644/1110 632/644/1109
f 1269/644/1297 767/644/1264 666/644/1182 1268/644/1226
f 767/644/1264 708/644/1338 748/644/1263
f 767/644/1264 703/644/1293 708/644/1338
f 764/644/338 107/644/303 45/644/14
f 768/644/1392 315/644/624 277/644/616
f 769/644/1393 263/644/576 757/644/1390
f 222/644/493 263/644/576 769/644/1393
f 222/644/493 769/644/1393 257/644/519
f 277/644/616 257/644/519 768/644/1392
f 769/644/1393 768/644/1392 257/644/519
f 576/644/1056 556/644/985 763/644/1057
f 653/644/1166 770/644/1060 627/644/1085
f 39/644/114 27/644/97 861/644/96 860/644/1395
f 860/644/1395 858/644/115 39/644/114
f 627/644/1085 583/644/1030 584/644/1089
f 51/644/197 105/644/322 89/644/309
f 627/644/1085 584/644/1089 636/644/1123
f 85/644/234 750/644/352 119/644/381
f 443/644/862 732/644/951 425/644/820
f 547/644/1018 552/644/1005 554/644/990
f 13/644/127 16/644/46 90/644/263
f 339/644/702 357/644/746 412/644/797
f 732/644/951 523/644/989 465/644/892
f 1091/644/1396 1092/644/1334 684/644/1248 1256/644/1247 1246/644/1397
f 1010/644/1398 771/644/978 457/644/788 1004/644/889
f 771/644/978 471/644/869 457/644/788
f 771/644/978 522/644/977 1008/644/1023 1009/644/1399
f 1005/644/1379 504/644/940 771/644/978 1010/644/1398
f 587/644/1013 604/644/1077 563/644/1012
f 1014/644/1087 753/644/1041 771/644/978 1009/644/1399
f 411/644/808 443/644/862 424/644/816
f 1275/644/1400 39/644/114 1272/644/113
f 1277/644/412 166/644/286 39/644/114 1275/644/1400
f 60/644/275 105/644/322 51/644/197
f 1216/644/886 442/644/866 489/644/923 1224/644/922
f 548/644/984 559/644/1059 733/644/945
f 73/644/231 750/644/352 85/644/234
f 425/644/820 732/644/951 465/644/892
f 559/644/1059 552/644/1005 547/644/1018
f 835/644/142 836/644/278 19/644/143
f 13/644/127 90/644/263 68/644/161
f 339/644/702 412/644/797 401/644/731
f 495/644/919 733/644/945 559/644/1059
f 547/644/1018 495/644/919 559/644/1059
f 1284/644/508 1279/644/405 198/644/404
f 328/644/649 288/644/597 274/644/592
f 327/644/664 328/644/649 274/644/592
f 523/644/989 501/644/948 465/644/892
f 505/644/944 548/644/984 733/644/945
f 1246/644/1397 1245/644/1228 665/644/1227 1090/644/1312 1091/644/1396
