# Blender 5.1.1
# www.blender.org
mtllib REV_9.mtl
o REV_cube_9
v -8.614900 -7.425300 -4.042400
v -9.614520 -7.324722 -3.807291
v -9.614401 -7.124030 -3.618515
v -9.596169 -7.208889 -3.622518
v -9.573854 -7.161400 -3.553093
v -9.599070 -7.050611 -3.629225
v -9.582531 -7.396000 -3.969882
v -9.535581 -7.062747 -4.024865
v -9.598153 -7.258653 -3.683222
v -9.604745 -7.018063 -3.777686
v -9.592881 -7.367767 -3.885962
v -9.550155 -7.310495 -3.730029
v -9.551531 -6.982094 -3.695442
v -9.530553 -7.002275 -3.864967
v -9.561632 -7.220635 -3.575310
v -9.575392 -7.076997 -3.547056
v -9.552941 -7.002424 -3.588006
v -9.536067 -7.204929 -3.524638
v -9.559097 -7.030678 -3.943583
v -9.510050 -6.961537 -3.646899
v -9.531295 -7.021026 -3.497818
v -9.528855 -7.116003 -3.472563
v -9.505822 -7.363907 -3.912513
v -9.481637 -6.965943 -3.472462
v -9.528726 -7.274923 -3.634207
v -9.523875 -6.979640 -3.768858
v -9.493884 -7.031463 -3.419410
v -9.489478 -6.619389 -4.041808
v -9.482467 -7.177625 -3.447433
v -9.502247 -7.376328 -4.000741
v -9.520816 -7.349352 -3.820158
v -9.431159 -7.032076 -3.874705
v -9.422343 -6.928824 -3.609113
v -9.487082 -6.711286 -4.034458
v -9.460822 -7.308276 -3.690459
v -9.468863 -7.323145 -3.762753
v -9.432227 -7.318055 -3.846375
v -9.491317 -6.954106 -3.551650
v -9.464055 -7.117050 -3.377964
v -9.452715 -7.321515 -4.032827
v -9.445983 -6.954588 -3.704963
v -9.436635 -6.662114 -3.966115
v -9.444240 -7.318467 -3.953856
v -9.445335 -7.228932 -3.484070
v -9.480100 -7.257138 -3.555277
v -9.445182 -7.015549 -3.341695
v -9.443527 -6.950745 -3.408664
v -9.431617 -6.992542 -3.805099
v -9.421448 -7.284074 -3.619384
v -9.407006 -6.937624 -3.342082
v -9.389035 -7.249725 -3.904470
v -9.412511 -7.241474 -4.004936
v -9.411275 -6.741676 -3.909672
v -9.421121 -6.843309 -3.960213
v -9.409524 -6.913717 -3.500119
v -9.381419 -7.258739 -3.538688
v -9.413987 -7.199975 -3.405174
v -9.412927 -7.140006 -3.985791
v -9.399314 -7.295660 -3.752047
v -9.405862 -7.400219 -4.017973
v -9.381762 -6.983409 -3.266321
v -9.387444 -6.791601 -3.859193
v -9.383457 -7.181462 -3.933841
v -9.416345 -6.567863 -4.004868
v -9.384262 -7.283895 -3.682831
v -9.377457 -6.883088 -3.871145
v -9.368297 -6.669089 -3.902410
v -9.347634 -6.960193 -3.660944
v -9.390798 -7.096773 -3.906661
v -9.370426 -6.907405 -4.041018
v -9.358479 -6.823826 -3.817286
v -9.358020 -7.245483 -3.813499
v -9.342782 -7.078444 -3.226243
v -9.367647 -7.057670 -3.832853
v -9.350330 -6.605927 -3.944286
v -9.361265 -6.938406 -3.948209
v -9.331589 -7.160176 -3.287031
v -9.370155 -7.403627 -3.921339
v -9.336373 -7.246699 -3.721764
v -9.343772 -7.417180 -3.851272
v -9.347361 -7.157562 -3.851691
v -9.355277 -7.003697 -3.746587
v -9.346373 -6.894291 -3.313483
v -9.355292 -7.238612 -3.456015
v -9.309723 -7.092561 -3.771878
v -9.366833 -6.895940 -3.402709
v -9.322674 -6.921710 -3.568877
v -9.320080 -6.432209 -3.834104
v -9.335241 -6.907484 -3.797044
v -9.309125 -7.172023 -3.764246
v -9.289886 -6.840187 -3.749557
v -9.305181 -6.503678 -3.784528
v -9.329259 -6.717896 -3.846705
v -9.311486 -6.980474 -3.182413
v -9.317238 -6.542871 -4.007523
v -9.326377 -6.911571 -3.241054
v -9.324851 -7.245609 -3.622917
v -9.291773 -6.438244 -3.933738
v -9.304855 -6.985736 -3.797408
v -9.315210 -7.210649 -3.373969
v -9.302948 -6.887009 -3.477416
v -9.295776 -6.967821 -4.020558
v -9.281266 -6.863890 -3.383609
v -9.296585 -6.505669 -3.852757
v -9.271214 -6.726462 -3.812616
v -9.271063 -7.083898 -3.168447
v -9.285302 -6.562474 -3.743062
v -9.285149 -6.937031 -3.724764
v -9.312065 -7.346790 -3.976805
v -9.272424 -7.221787 -3.452672
v -9.264828 -6.558478 -3.675467
v -9.280360 -7.012832 -3.938201
v -9.284103 -6.653618 -3.885878
v -9.277393 -7.116076 -3.708885
v -9.287263 -7.380164 -3.883507
v -9.280530 -7.179760 -3.675317
v -9.287502 -7.036716 -3.694716
v -9.283836 -6.889647 -3.203856
v -9.286372 -7.230957 -3.526448
v -9.260155 -6.988334 -3.618032
v -9.269300 -7.031592 -3.757536
v -9.256279 -6.442214 -3.706912
v -9.247409 -6.565792 -3.846205
v -9.187296 -7.063250 -3.916838
v -9.223183 -6.794959 -3.733620
v -9.241576 -6.650311 -3.704103
v -9.263565 -7.149204 -3.230333
v -9.240753 -7.011639 -3.115644
v -9.172651 -6.750633 -3.771425
v -9.236424 -7.328334 -4.003706
v -9.239741 -7.000949 -3.670722
v -9.235563 -7.359069 -3.925358
v -9.273790 -7.407928 -3.803219
v -9.243435 -6.912307 -3.128297
v -9.204630 -7.001009 -4.000299
v -9.232762 -6.641788 -3.634815
v -9.226738 -6.464362 -3.955151
v -9.268963 -6.853528 -3.282244
v -9.237030 -6.853836 -3.201775
v -9.230361 -7.080301 -3.737657
v -9.242752 -7.175951 -3.585320
v -9.183655 -7.039876 -3.077354
v -9.191822 -7.094660 -3.127795
v -9.230103 -6.622667 -3.790147
v -9.223298 -6.569366 -4.042259
v -9.247736 -6.594041 -3.961090
v -9.201147 -6.714374 -3.640152
v -9.202436 -7.087879 -3.663234
v -9.180955 -6.832769 -3.154727
v -9.234097 -7.091600 -3.628052
v -9.218315 -6.871336 -3.672640
v -9.214452 -7.200191 -3.420038
v -9.212299 -7.185287 -3.502707
v -9.229798 -6.508188 -3.914834
v -9.183328 -7.012679 -3.592128
v -9.227166 -6.935885 -3.534899
v -9.187676 -6.963992 -3.058234
v -9.191284 -6.432691 -3.678046
v -9.183730 -6.691982 -3.560180
v -9.205207 -6.885740 -3.449358
v -9.243468 -7.192598 -3.310501
v -9.178018 -6.843971 -3.356308
v -9.199311 -6.644896 -3.919761
v -9.164932 -7.170231 -3.255039
v -9.204037 -6.694127 -3.848686
v -9.157070 -6.870231 -3.059828
v -9.217255 -6.492068 -3.648185
v -9.173651 -6.593209 -3.858448
v -9.183284 -7.023565 -3.551590
v -9.164154 -6.539771 -3.895787
v -9.167845 -7.095748 -3.595464
v -9.175884 -6.667626 -3.780006
v -9.160870 -6.926385 -3.598133
v -9.200816 -7.139802 -3.187907
v -9.185519 -6.596788 -3.580585
v -9.162662 -6.760459 -3.594882
v -9.175632 -6.725334 -3.704098
v -9.154165 -6.466795 -3.941170
v -9.121356 -7.158310 -3.332631
v -9.122334 -6.731757 -3.826401
v -9.198277 -7.398697 -3.848006
v -9.178473 -7.109303 -3.536165
v -9.172691 -7.117742 -3.816759
v -9.174168 -7.134718 -3.730000
v -9.148613 -7.377626 -3.999826
v -9.149156 -6.733159 -3.521744
v -9.110987 -6.905550 -3.413510
v -9.134626 -6.554554 -3.570601
v -9.163636 -6.640152 -3.990804
v -9.141808 -6.644763 -3.528521
v -9.147338 -6.959268 -3.484891
v -9.130426 -6.542764 -3.870141
v -9.097109 -7.133639 -3.152431
v -9.125418 -7.058305 -3.520167
v -9.113342 -6.798695 -3.212270
v -9.138874 -7.417454 -3.912805
v -9.152669 -7.138803 -3.457659
v -9.124592 -6.942939 -4.025749
v -9.117292 -6.457959 -3.669662
v -9.118797 -7.047434 -3.468137
v -9.136262 -7.166586 -3.657166
v -9.130000 -6.769366 -3.530267
v -9.137423 -6.803759 -3.701802
v -9.111977 -6.855758 -3.632922
v -9.111553 -7.100112 -3.877450
v -9.123629 -6.777029 -3.663050
v -9.119336 -6.699146 -4.013528
v -9.104672 -6.635989 -3.809221
v -9.102816 -7.092462 -3.081681
v -9.093920 -6.613802 -3.511873
v -9.114411 -7.151142 -3.548065
v -9.114618 -6.714159 -3.749792
v -9.049511 -7.101731 -3.335151
v -9.095292 -6.967360 -3.530621
v -9.094627 -6.476985 -3.870964
v -9.091671 -6.537038 -3.847965
v -9.106135 -6.798029 -3.115603
v -9.078963 -6.524258 -3.609188
v -9.103117 -7.165778 -3.760159
v -9.064745 -6.786162 -3.774179
v -9.082618 -6.875514 -4.021160
v -9.075344 -7.135009 -3.827399
v -9.085634 -6.973072 -3.431051
v -9.113830 -7.007606 -3.971918
v -9.082295 -6.448495 -3.728081
v -9.081817 -7.057173 -3.919907
v -9.081553 -6.755445 -3.708484
v -9.066730 -6.814807 -3.480789
v -9.060688 -6.502625 -3.781573
v -9.112712 -6.818483 -3.295734
v -9.082834 -6.740324 -3.453727
v -9.097778 -7.111279 -3.399096
v -9.075186 -7.144992 -3.261672
v -9.075651 -6.766548 -3.977319
v -9.050545 -6.666454 -3.457407
v -9.066381 -6.863503 -3.345932
v -9.068773 -7.108943 -3.459340
v -9.047173 -6.571340 -3.557796
v -9.042263 -7.215229 -3.697177
v -9.060298 -6.766994 -3.877995
v -9.086434 -6.686246 -3.471908
v -9.053308 -7.417675 -3.920011
v -9.060171 -6.565802 -3.797051
v -9.034874 -6.798638 -3.414264
v -9.052399 -6.674119 -3.754776
v -9.061430 -7.223606 -3.591968
v -9.036283 -6.528824 -3.678992
v -9.050356 -7.031072 -3.389538
v -9.036530 -7.341164 -3.915883
v -9.039278 -6.468578 -3.892045
v -9.038754 -6.825983 -3.694679
v -9.031222 -7.412129 -3.993671
v -9.025694 -6.813464 -3.263242
v -9.034706 -6.461538 -3.954607
v -9.045668 -6.841177 -3.979103
v -9.014168 -7.106292 -3.265013
v -9.026801 -6.947842 -3.360712
v -9.045071 -6.925987 -3.968565
v -9.040512 -6.859093 -3.489073
v -9.052012 -6.903391 -3.569751
v -9.027887 -7.380535 -3.850862
v -9.045287 -7.205576 -3.486310
v -9.033664 -6.819139 -3.634543
v -9.024487 -6.591941 -3.740201
v -9.006424 -6.620901 -3.501605
v -8.997939 -7.034144 -3.883685
v -9.001221 -6.869331 -3.628426
v -9.039859 -7.008593 -3.464087
v -9.011103 -7.325093 -3.974464
v -9.025898 -6.490047 -3.814282
v -9.012425 -6.566456 -3.633590
v -9.039187 -6.994635 -3.932780
v -9.025629 -6.762494 -3.085073
v -9.023774 -6.708376 -3.714787
v -9.024753 -7.123666 -3.176748
v -9.032369 -6.774950 -3.176250
v -8.994726 -7.060939 -3.401567
v -9.029571 -6.822361 -3.914310
v -9.006532 -6.874231 -3.434767
v -9.007784 -6.507701 -3.737576
v -9.000183 -6.610305 -3.700277
v -8.976606 -7.208499 -3.946014
v -8.997282 -6.716733 -3.401549
v -8.991865 -6.945949 -3.504802
v -8.995363 -6.823981 -3.377485
v -9.007798 -6.874377 -3.913368
v -9.004336 -6.588674 -3.582412
v -9.012479 -7.290085 -3.864487
v -8.979218 -6.937498 -3.884552
v -9.010232 -7.157043 -3.398752
v -8.947588 -6.962090 -3.302006
v -8.988646 -6.841191 -3.754462
v -8.996988 -7.103403 -3.084286
v -9.000088 -7.164299 -3.784380
v -8.973279 -6.452682 -3.673374
v -8.979070 -7.254995 -3.437886
v -8.993135 -6.764987 -3.673226
v -8.996194 -6.842736 -3.841511
v -8.948822 -7.089766 -3.819587
v -8.972472 -7.255693 -3.809622
v -8.971946 -6.569724 -3.671010
v -8.985260 -7.269436 -3.541822
v -8.974437 -6.882977 -3.304456
v -8.984987 -6.563966 -3.773714
v -8.984070 -7.037156 -3.311369
v -8.987436 -7.206508 -3.873513
v -8.964903 -6.788977 -3.207850
v -8.976876 -6.547002 -3.862888
v -8.942778 -6.661356 -3.466083
v -8.942972 -6.817575 -3.243387
v -8.973121 -7.251891 -3.639503
v -8.952480 -6.793454 -3.633886
v -8.941580 -6.594193 -3.618068
v -8.958738 -6.697865 -3.423748
v -8.950331 -6.873211 -3.689631
v -8.942608 -7.148149 -3.811060
v -8.971492 -6.509985 -3.953811
v -8.951986 -7.080468 -3.224085
v -8.946787 -7.110452 -3.890187
v -8.934458 -7.245293 -4.000203
v -8.942054 -7.095844 -3.156991
v -8.947083 -6.914319 -3.569963
v -8.969901 -6.623827 -3.628860
v -8.927957 -6.475185 -3.594398
v -8.938513 -6.987746 -3.434525
v -8.939054 -6.903959 -3.788007
v -8.958086 -7.338274 -3.800838
v -8.953548 -6.704851 -3.661022
v -8.942570 -6.602211 -3.780666
v -8.942165 -6.538486 -3.601577
v -8.946957 -7.207242 -3.340478
v -8.973482 -6.456498 -4.035028
v -8.955214 -6.753471 -3.141212
v -8.929533 -6.573368 -3.863208
v -8.902169 -7.006253 -3.247967
v -8.907562 -6.817193 -3.309190
v -8.956752 -6.903306 -3.502017
v -8.908777 -6.906304 -3.638761
v -8.912968 -6.542317 -3.919055
v -8.941621 -7.203513 -3.721095
v -8.939048 -6.650715 -3.562804
v -8.909007 -7.309983 -3.501710
v -8.896600 -7.080244 -3.107253
v -8.935951 -6.729645 -3.366177
v -8.902299 -6.618721 -3.556858
v -8.879351 -7.207497 -3.267395
v -8.914672 -7.301133 -3.401760
v -8.897703 -7.064159 -3.805447
v -8.902406 -6.771379 -3.602468
v -8.933926 -6.898194 -3.365082
v -8.889772 -6.722455 -3.588835
v -8.904683 -7.119949 -3.305067
v -8.918585 -7.254499 -3.783679
v -8.883595 -7.064289 -3.761128
v -8.895789 -6.796847 -3.206609
v -8.906282 -6.635019 -3.690956
v -8.893229 -7.058439 -3.940483
v -8.874376 -6.490672 -3.522818
v -8.881639 -7.225959 -3.673043
v -8.864292 -6.429080 -3.604670
v -8.864536 -7.146247 -3.721764
v -8.885172 -6.963274 -3.728554
v -8.912077 -7.132646 -3.766645
v -8.913092 -6.931664 -3.429528
v -8.877890 -7.289639 -3.314466
v -8.891888 -7.332585 -3.778945
v -8.861980 -7.043902 -3.175940
v -8.890567 -6.910283 -3.256320
v -8.892649 -6.599064 -3.814553
v -8.896141 -6.850019 -3.566339
v -8.910550 -7.159068 -3.977358
v -8.876616 -7.323372 -4.015366
v -8.895283 -6.951639 -3.495251
v -8.865216 -6.588330 -3.476664
v -8.865754 -7.238428 -4.007496
v -8.886480 -6.688027 -3.508737
v -8.875250 -6.902596 -3.303848
v -8.851967 -6.946610 -3.574855
v -8.872786 -6.658034 -3.613614
v -8.860600 -6.968208 -3.859719
v -8.879799 -7.191740 -3.767931
v -8.878195 -6.918901 -3.500466
v -8.858342 -7.116024 -3.764853
v -8.807859 -7.236642 -3.626609
v -8.839826 -6.840437 -3.259881
v -8.857710 -7.258142 -3.767981
v -8.866896 -6.759832 -3.313991
v -8.846555 -7.060807 -3.051896
v -8.842625 -7.151514 -3.995861
v -8.831623 -6.729455 -3.513098
v -8.820120 -6.952693 -3.426094
v -8.833796 -6.983548 -3.652992
v -8.822593 -6.729589 -3.345731
v -8.841440 -6.452444 -3.976248
v -8.877235 -6.701356 -3.421030
v -8.842752 -7.062190 -3.307502
v -8.836527 -6.497643 -3.915585
v -8.845440 -6.629601 -3.747087
v -8.819357 -6.539790 -3.431287
v -8.837864 -7.126433 -3.248213
v -8.823112 -6.443892 -3.558316
v -8.822244 -7.300323 -3.991885
v -8.831421 -6.784915 -3.544286
v -8.829706 -6.539172 -3.855536
v -8.829357 -7.056931 -3.698077
v -8.818449 -6.957389 -3.194014
v -8.813429 -7.058681 -3.986721
v -8.828213 -7.383695 -3.826648
v -8.822606 -6.917775 -3.881724
v -8.802616 -6.934837 -3.468019
v -8.799335 -6.617874 -3.405708
v -8.840398 -6.979104 -3.936940
v -8.803180 -6.585083 -3.775048
v -8.826646 -7.183210 -3.757209
v -8.826180 -7.286212 -3.242481
v -8.844430 -6.955229 -3.356121
v -8.794928 -6.794039 -3.256088
v -8.833623 -7.335415 -3.459440
v -8.803522 -7.372380 -3.952482
v -8.825392 -7.342508 -3.369015
v -8.825874 -6.973051 -3.793350
v -8.772068 -6.439404 -3.600441
v -8.792236 -6.865574 -3.512922
v -8.814860 -7.199958 -3.201989
v -8.800799 -7.022648 -3.132481
v -8.808562 -6.658542 -3.674779
v -8.805101 -7.409173 -3.892191
v -8.806247 -7.305155 -3.806226
v -8.791771 -7.219059 -3.981895
v -8.805292 -7.156440 -3.669789
v -8.792341 -6.733400 -3.454195
v -8.775160 -6.796647 -3.501682
v -8.784464 -7.011078 -3.593657
v -8.776441 -6.766953 -3.472634
v -8.772778 -6.904755 -3.954826
v -8.812381 -7.301694 -3.551394
v -8.787028 -6.482253 -3.461211
v -8.808885 -6.793467 -3.165240
v -8.789371 -6.679237 -3.465853
v -8.779667 -7.304493 -3.934956
v -8.766397 -7.084136 -3.632213
v -8.783160 -6.475735 -3.795169
v -8.783213 -7.338406 -3.875590
v -8.815422 -7.040511 -3.769892
v -8.775876 -6.991962 -3.502690
v -8.781885 -6.684433 -3.598553
v -8.816195 -6.931019 -3.269210
v -8.807158 -7.340446 -3.296355
v -8.784768 -6.729470 -3.099463
v -8.735808 -6.818897 -3.913516
v -8.758733 -6.463518 -3.700025
v -8.764097 -7.141148 -3.981491
v -8.769361 -7.134583 -3.189728
v -8.770453 -7.274803 -3.175426
v -8.781360 -7.073812 -3.749975
v -8.776773 -7.023563 -3.345746
v -8.767273 -6.539427 -3.765230
v -8.745954 -6.755229 -3.300267
v -8.774990 -7.224640 -3.789515
v -8.747618 -6.740955 -3.382245
v -8.769451 -6.606912 -3.720750
v -8.758517 -7.348668 -3.236867
v -8.749808 -7.239158 -3.925571
v -8.752381 -6.840034 -3.840156
v -8.763350 -7.331784 -3.483907
v -8.707857 -6.478762 -3.421906
v -8.762672 -6.542191 -3.379725
v -8.761809 -6.907444 -3.781399
v -8.732353 -6.801254 -3.139313
v -8.746359 -7.090881 -3.982734
v -8.761473 -6.978338 -3.985959
v -8.729881 -7.014456 -3.458719
v -8.743197 -6.982309 -3.365642
v -8.748899 -6.701441 -3.521168
v -8.770995 -7.364153 -4.039589
v -8.721182 -6.633163 -3.336488
v -8.746297 -7.247153 -3.578192
v -8.727947 -6.957466 -3.120935
v -8.714718 -6.877511 -3.174634
v -8.704993 -6.705872 -3.463352
v -8.710155 -6.811971 -3.206362
v -8.743351 -7.236191 -3.845838
v -8.757517 -6.872872 -3.167346
v -8.721383 -7.064199 -3.551903
v -8.757046 -7.070026 -3.251739
v -8.711630 -6.839830 -3.969028
v -8.732256 -7.141481 -3.780251
v -8.723449 -6.485581 -3.642658
v -8.715561 -7.247983 -3.114671
v -8.726162 -7.168455 -3.595006
v -8.709928 -7.332257 -3.156785
v -8.730970 -6.639432 -3.650121
v -8.699663 -6.912888 -3.993872
v -8.745376 -7.371572 -3.318233
v -8.727947 -6.992411 -3.749684
v -8.695105 -6.574620 -3.648531
v -8.727734 -6.951657 -3.423782
v -8.716661 -7.153838 -3.936108
v -8.734004 -6.956564 -3.221628
v -8.752748 -7.359447 -3.406647
v -8.718838 -6.880616 -3.464142
v -8.729438 -6.462576 -3.548624
v -8.688417 -6.781115 -3.838036
v -8.686771 -6.762157 -3.339463
v -8.710115 -7.419188 -3.652344
v -8.693654 -6.772120 -3.263729
v -8.705796 -7.107465 -3.180973
v -8.713070 -7.157167 -3.889446
v -8.702751 -7.152881 -3.846364
v -8.720168 -6.687525 -3.397171
v -8.731833 -7.177326 -3.140440
v -8.713221 -7.298776 -3.516872
v -8.668284 -7.043921 -3.960150
v -8.701088 -6.850111 -3.780628
v -8.681831 -6.662866 -3.571106
v -8.692816 -6.989004 -3.049364
v -8.687030 -7.377542 -3.714828
v -8.675938 -6.751312 -3.094264
v -8.681869 -6.569228 -3.299721
v -8.663958 -6.742589 -3.907336
v -8.698651 -7.029271 -3.403502
v -8.676427 -6.513967 -3.352919
v -8.681129 -7.061462 -3.480680
v -8.682148 -6.937379 -3.163790
v -8.691651 -6.995915 -3.347616
v -8.672112 -7.374352 -3.778790
v -8.685602 -7.347936 -3.437339
v -8.633779 -6.751388 -3.984217
v -8.668372 -7.362505 -3.658916
v -8.688478 -7.040349 -3.311992
v -8.681793 -7.096094 -3.922404
v -8.667798 -7.099703 -3.865762
v -8.665595 -6.540783 -3.600406
v -8.686678 -6.821445 -3.434201
v -8.657879 -7.132423 -3.517621
v -8.659738 -7.233716 -3.522188
v -8.649439 -7.303391 -3.734723
v -8.685002 -6.476449 -3.506799
v -8.674168 -6.918664 -3.755208
v -8.669644 -6.861415 -3.117544
v -8.676966 -7.044578 -3.772654
v -8.658490 -6.883980 -3.140068
v -8.660937 -7.298684 -3.080843
v -8.672436 -7.386052 -3.346685
v -8.648185 -6.885932 -3.416030
v -8.640968 -7.325688 -3.806338
v -8.634359 -6.565771 -3.270437
v -8.663945 -6.974346 -3.981021
v -8.631042 -7.051711 -3.361567
v -8.665752 -7.068542 -3.224181
v -8.667486 -7.076807 -3.826644
v -8.644842 -6.516859 -3.775389
v -8.644880 -6.817553 -3.179373
v -8.660227 -6.635671 -3.292485
v -8.639350 -7.393917 -3.612507
v -8.694678 -7.003533 -3.288095
v -8.626955 -6.510457 -3.302408
v -8.642783 -6.616337 -3.580287
v -8.625908 -6.779164 -3.287173
v -8.637714 -6.580801 -3.716514
v -8.624153 -6.484170 -3.470330
v -8.627109 -6.544446 -3.557652
v -8.620622 -7.008599 -3.306189
v -8.635644 -6.976513 -3.769539
v -8.645828 -7.009927 -3.209924
v -8.674737 -7.393275 -3.233385
v -8.617282 -6.540998 -3.878688
v -8.644517 -7.190613 -3.067569
v -8.648310 -7.368398 -3.135768
v -8.625383 -6.635959 -3.666253
v -8.639480 -6.695705 -3.331271
v -8.639783 -7.108043 -3.141757
v -8.637151 -6.845249 -4.006608
v -8.640717 -6.689149 -3.501595
v -8.618959 -6.587008 -3.822370
v -8.617120 -6.432152 -3.772738
v -8.616073 -6.718534 -3.410828
v -8.628002 -7.085392 -3.437854
v -8.638167 -6.938018 -3.060398
v -8.625955 -7.307898 -3.452178
v -8.633319 -6.958845 -3.383364
v -8.616680 -6.787433 -3.795502
v -8.620790 -6.956927 -3.124075
v -8.623678 -7.058879 -3.279447
v -8.622830 -7.043273 -3.884392
v -9.390742 -7.166027 -3.340503
v -9.404716 -7.085914 -3.296125
v -9.087222 -6.821366 -3.568892
v -9.002213 -6.867506 -3.564332
v -8.992788 -7.267498 -3.958901
v -8.928390 -6.999489 -3.822055
v -8.898745 -7.280996 -3.597423
v -8.905205 -7.038341 -3.875538
v -8.897313 -6.474539 -4.014166
v -8.771919 -6.863783 -3.216792
v -8.806732 -6.435729 -3.874609
v -8.717106 -7.410566 -4.007102
v -8.761143 -7.022182 -3.061708
v -9.462955 -6.774316 -4.000662
v -9.219160 -6.553915 -3.628156
v -9.175935 -6.523348 -3.609426
v -8.960369 -7.110826 -3.351947
v -8.951576 -7.340597 -4.021860
v -8.906459 -7.044991 -3.361300
v -9.460570 -7.056092 -3.948813
v -9.188239 -6.819965 -3.251033
v -8.735844 -6.555107 -3.704000
v -9.469805 -7.098191 -4.029325
v -9.271973 -6.508815 -3.697150
v -8.841966 -6.665560 -3.526710
v -8.903550 -6.536591 -3.539083
v -8.847305 -6.852221 -3.214962
v -8.770354 -6.978366 -3.297436
v -8.627281 -6.488812 -3.927886
v -8.967448 -7.407521 -4.033355
v -8.874717 -7.403506 -4.021156
v -9.334262 -6.970682 -3.860788
v -8.881903 -6.737579 -3.119956
v -8.787859 -6.999290 -3.424829
v -8.865349 -6.714131 -3.063111
v -9.171535 -7.183817 -3.353203
v -9.031345 -7.101171 -3.853266
v -8.638291 -6.451003 -3.856460
v -8.854653 -7.002639 -3.403918
v -9.222506 -6.944081 -3.643538
v -8.834905 -6.970667 -3.479151
v -9.114044 -6.702875 -3.923599
v -9.264394 -7.046977 -3.841856
v -9.614900 -7.402632 -4.001927
v -9.614900 -7.324695 -3.807742
v -9.614900 -7.355326 -3.884752
v -9.614900 -7.324328 -3.807346
v -9.614900 -7.370400 -3.908127
v -9.614900 -7.388371 -3.965653
v -9.614900 -7.258670 -3.707472
v -9.614900 -7.232440 -3.684664
v -9.614900 -7.200102 -3.647638
v -9.614900 -7.273302 -3.740268
v -9.614900 -7.323750 -3.806364
v -9.614900 -7.062277 -3.658503
v -9.614900 -7.123307 -3.620123
v -9.614900 -7.125065 -3.619657
v -9.614900 -7.410692 -4.042400
v -9.614900 -7.061947 -4.022461
v -9.614900 -7.066325 -4.042400
v -9.614900 -7.056878 -4.009631
v -9.614900 -7.027703 -3.784852
v -9.614900 -7.029397 -3.846416
v -9.614900 -7.034330 -3.883274
v -9.614900 -7.047726 -3.943135
v -9.614900 -7.032931 -3.877501
v -9.614900 -7.035344 -3.759669
v -9.321212 -6.425300 -3.841776
v -9.318056 -6.425300 -3.832204
v -9.295423 -6.425300 -3.937266
v -9.300899 -6.425300 -3.920842
v -9.308356 -6.425300 -3.805165
v -9.290885 -6.425300 -3.760397
v -9.215694 -6.425300 -3.984407
v -9.187309 -6.425300 -3.979697
v -9.239945 -6.425300 -3.976353
v -9.182223 -6.425300 -3.686935
v -9.193102 -6.425300 -3.683847
v -9.246778 -6.425300 -3.712814
v -9.282942 -6.425300 -3.949127
v -9.275602 -6.425300 -3.736598
v -9.092166 -6.425300 -3.828648
v -9.085788 -6.425300 -3.759163
v -9.101305 -6.425300 -3.730459
v -9.095645 -6.425300 -3.890230
v -9.122469 -6.425300 -3.920249
v -9.041591 -6.425300 -3.926419
v -9.045271 -6.425300 -3.978770
v -9.024742 -6.425300 -4.004004
v -9.034392 -6.425300 -3.834886
v -9.009690 -6.425300 -3.767279
v -9.081832 -6.425300 -3.796205
v -9.145647 -6.425300 -3.962378
v -9.042504 -6.425300 -3.915908
v -9.039185 -6.425300 -3.867065
v -9.124724 -6.425300 -3.698989
v -8.858446 -6.425300 -4.028553
v -8.841580 -6.425300 -4.009080
v -8.832336 -6.425300 -3.971431
v -8.868383 -6.425300 -4.042400
v -9.003676 -6.425300 -4.042400
v -8.871223 -6.425300 -3.614744
v -8.920897 -6.425300 -3.652487
v -8.861538 -6.425300 -3.614869
v -8.614900 -6.425300 -4.036877
v -8.615250 -6.425300 -4.036186
v -8.628169 -6.425300 -3.959752
v -8.625382 -6.425300 -3.847250
v -8.614900 -6.425300 -3.779482
v -8.615100 -6.425300 -3.779627
v -8.636991 -6.425300 -3.910298
v -8.634146 -6.425300 -3.943457
v -8.630382 -6.425300 -3.862936
v -8.798346 -6.425300 -3.752519
v -8.809271 -6.425300 -3.785488
v -8.809208 -6.425300 -3.690280
v -8.797282 -6.425300 -3.630089
v -8.809952 -6.425300 -3.895535
v -8.810370 -6.425300 -3.872763
v -8.811184 -6.425300 -3.843754
v -8.996737 -6.425300 -3.733214
v -9.006888 -6.425300 -3.756148
v -8.956655 -6.425300 -3.691753
v -8.944119 -6.425300 -3.677752
v -8.614900 -7.288914 -3.042400
v -8.614900 -7.338306 -3.071941
v -8.614900 -7.210934 -3.042400
v -8.614900 -7.110260 -3.119664
v -8.614900 -7.155415 -3.077011
v -8.614900 -7.083851 -3.177829
v -8.614900 -7.185328 -3.047924
v -8.614900 -7.056009 -3.346619
v -8.614900 -7.060486 -3.281881
v -8.614900 -7.065069 -3.365180
v -8.614900 -6.961896 -3.372620
v -8.614900 -7.005602 -3.308627
v -8.614900 -7.010375 -3.301806
v -8.614900 -7.061863 -3.252864
v -8.614900 -7.016722 -3.221681
v -8.614900 -6.967911 -3.130762
v -8.614900 -7.015850 -3.185711
v -8.614900 -7.067802 -3.207588
v -8.614900 -6.934845 -3.042400
v -8.614900 -6.934542 -3.042916
v -8.614900 -6.906816 -3.060694
v -8.614900 -6.947888 -3.121197
v -8.614900 -6.844860 -3.152079
v -8.614900 -6.817924 -3.086972
v -8.614900 -6.879957 -3.119938
v -8.614900 -6.871529 -3.077785
v -8.614900 -6.888150 -3.393299
v -8.614900 -6.831679 -3.365676
v -8.614900 -6.941690 -3.376539
v -8.614900 -6.717818 -3.411526
v -8.614900 -6.718457 -3.409700
v -8.614900 -6.817838 -3.361318
v -8.614900 -6.811396 -3.351014
v -8.614900 -6.806834 -3.200971
v -8.614900 -6.800454 -3.323505
v -8.614900 -6.785287 -3.289324
v -8.614900 -6.782114 -3.274596
v -8.614900 -6.816746 -3.170517
v -8.614900 -6.745176 -3.067310
v -8.614900 -6.802930 -3.083482
v -8.614900 -6.714534 -3.042400
v -8.614900 -6.956228 -3.120303
v -8.614900 -6.689837 -3.309505
v -8.614900 -6.702876 -3.344438
v -8.614900 -6.669663 -3.291761
v -8.614900 -6.639244 -3.762899
v -8.614900 -6.638501 -3.764102
v -8.614900 -6.639408 -3.762375
v -8.614900 -6.684941 -3.489538
v -8.614900 -6.670558 -3.636043
v -8.614900 -6.649724 -3.515382
v -8.614900 -6.611027 -3.556027
v -8.614900 -6.628189 -3.644385
v -8.614900 -6.600952 -3.653180
v -8.614900 -6.543151 -3.544987
v -8.614900 -6.562562 -3.549699
v -8.614900 -6.564260 -3.666467
v -8.614900 -6.563604 -3.260143
v -8.614900 -6.585253 -3.260462
v -8.614900 -6.553151 -3.266799
v -8.614900 -6.622831 -3.542998
v -8.614900 -6.663296 -3.678450
v -8.614900 -6.633468 -3.264885
v -8.614900 -6.501204 -3.933517
v -8.614900 -6.541034 -3.882763
v -8.614900 -6.485975 -3.963175
v -8.614900 -6.480142 -3.362190
v -8.614900 -6.479796 -3.397918
v -8.614900 -6.477728 -3.365579
v -8.614900 -6.426904 -4.035131
v -8.614900 -6.455362 -3.979702
v -8.614900 -6.430150 -3.773566
v -8.614900 -6.431871 -3.771365
v -8.614900 -6.542683 -3.878901
v -8.614900 -6.462798 -3.737768
v -8.614900 -6.493462 -3.475167
v -8.614900 -6.492908 -3.709808
v -8.614900 -6.484360 -3.462179
v -8.614900 -6.486559 -3.346487
v -8.614900 -6.505311 -3.304495
v -8.614900 -6.509197 -3.295824
v -8.614900 -6.590952 -3.822213
v -8.614900 -6.587566 -3.825485
v -8.614900 -6.498681 -3.706222
v -8.614900 -7.407444 -4.020068
v -8.614900 -7.411679 -4.016953
v -8.614900 -7.425300 -4.010139
v -8.614900 -7.378898 -4.042400
v -8.614900 -7.400573 -4.023179
v -8.614900 -7.387765 -3.841080
v -8.614900 -7.425300 -3.826972
v -8.614900 -7.425300 -3.598407
v -8.614900 -7.402223 -3.606831
v -8.614900 -7.399047 -3.295843
v -8.614900 -7.401065 -3.265777
v -8.614900 -7.404549 -3.188514
v -8.614900 -7.392667 -3.157550
v -8.614900 -7.360414 -3.384116
v -8.614900 -7.331062 -3.418794
v -8.614900 -7.367930 -3.367159
v -8.614900 -7.256327 -3.778763
v -8.614900 -7.244207 -3.756982
v -8.614900 -7.287704 -3.694592
v -8.614900 -7.270072 -3.827759
v -8.614900 -7.309921 -3.833412
v -8.614900 -7.349591 -3.834160
v -8.614900 -7.368773 -3.835573
v -8.614900 -7.344829 -3.643267
v -8.614900 -7.294744 -3.680960
v -8.614900 -7.244321 -3.479407
v -8.614900 -7.306984 -3.444351
v -8.614900 -7.292391 -3.451973
v -8.614900 -7.371617 -3.618498
v -8.614900 -7.367966 -3.100854
v -8.614900 -7.190243 -3.481846
v -8.614900 -7.159547 -3.480953
v -8.614900 -7.120404 -3.448707
v -8.614900 -7.026982 -3.901142
v -8.614900 -7.027698 -3.855182
v -8.614900 -7.033269 -3.883965
v -8.614900 -7.090876 -3.427787
v -8.614900 -7.013221 -3.812289
v -8.614900 -7.019098 -3.819900
v -8.614900 -6.997951 -3.802742
v -8.614900 -6.935354 -3.985661
v -8.614900 -6.924647 -3.987594
v -8.614900 -6.985310 -3.950988
v -8.614900 -7.003316 -3.944982
v -8.614900 -6.949099 -3.771641
v -8.614900 -6.852654 -4.001982
v -8.614900 -6.898696 -3.993500
v -8.614900 -6.821330 -4.012451
v -8.614900 -6.787578 -3.795348
v -8.614900 -6.798899 -3.791688
v -8.614900 -6.852083 -3.774524
v -8.614900 -6.704944 -3.883968
v -8.614900 -6.711436 -3.957390
v -8.614900 -6.725372 -3.980359
v -8.614900 -6.765663 -3.998092
v -8.614900 -6.761100 -3.809189
v -8.614900 -6.736498 -3.824903
v -8.614900 -6.737290 -3.822440
v -8.614900 -6.786179 -3.795747
v -8.614900 -6.860418 -3.771639
v -8.614900 -6.921957 -3.769039
v -8.716010 -7.425300 -3.731491
v -8.714862 -7.425300 -3.737247
v -8.715033 -7.425300 -3.697057
v -8.679985 -7.425300 -3.786249
v -8.703312 -7.425300 -3.643946
v -8.714012 -7.425300 -3.652169
v -8.625705 -7.425300 -4.005804
v -8.648965 -7.425300 -3.817191
v -8.647599 -7.425300 -3.601943
v -8.657359 -7.425300 -3.808622
v -9.419078 -7.425300 -4.042400
v -9.414653 -7.425300 -4.026076
v -9.412517 -7.425300 -3.999961
v -9.346315 -7.425300 -3.837226
v -9.305664 -7.425300 -3.798409
v -9.277617 -7.425300 -3.754638
v -9.351889 -7.425300 -3.854120
v -9.379970 -7.425300 -3.906736
v -9.386143 -7.425300 -3.932110
v -9.179808 -7.425300 -3.767555
v -9.192216 -7.425300 -3.765000
v -9.156754 -7.425300 -3.839194
v -9.124279 -7.425300 -3.995272
v -9.114357 -7.425300 -4.042400
v -9.034207 -7.425300 -3.994382
v -9.053084 -7.425300 -3.927353
v -9.050024 -7.425300 -3.909437
v -9.054316 -7.425300 -3.920166
v -9.133567 -7.425300 -3.922287
v -9.134301 -7.425300 -3.909470
v -9.135965 -7.425300 -3.888194
v -8.901785 -7.425300 -3.800397
v -8.901947 -7.425300 -3.800448
v -8.901427 -7.425300 -3.800582
v -9.021412 -7.425300 -4.005702
v -8.972551 -7.425300 -4.037613
v -8.951538 -7.425300 -4.038501
v -8.976292 -7.425300 -3.808359
v -8.974838 -7.425300 -3.807253
v -8.850125 -7.425300 -3.987665
v -8.814680 -7.425300 -3.948824
v -8.810842 -7.425300 -3.912941
v -8.813953 -7.425300 -3.883157
v -8.833513 -7.425300 -3.841075
v -8.695122 -7.425300 -3.998557
v -8.740070 -7.425300 -4.014814
v -8.781734 -7.425300 -4.033556
v -8.717663 -7.425300 -4.001562
v -8.793971 -7.425300 -4.042400
v -8.886808 -7.425300 -4.031084
v -8.869435 -7.425300 -4.019865
v -9.030393 -7.425300 -3.852244
v -9.453088 -6.547315 -4.042400
v -9.367790 -6.507136 -4.042400
v -9.396044 -6.513248 -4.042400
v -9.305021 -6.521935 -4.042400
v -9.121057 -6.718261 -4.042400
v -9.109985 -6.742622 -4.042400
v -9.136092 -6.673837 -4.042400
v -9.160884 -6.639804 -4.042400
v -9.223067 -6.569617 -4.042400
v -9.223529 -6.569119 -4.042400
v -9.223286 -6.569334 -4.042400
v -9.093451 -6.785677 -4.042400
v -9.092326 -6.807182 -4.042400
v -9.090761 -6.792215 -4.042400
v -8.970813 -6.451131 -4.042400
v -8.961236 -6.450668 -4.042400
v -8.981059 -6.445909 -4.042400
v -8.639650 -7.351930 -4.042400
v -8.657921 -7.347367 -4.042400
v -8.894653 -6.451595 -4.042400
v -9.102487 -6.875802 -4.042400
v -9.567375 -7.410326 -4.042400
v -9.489755 -6.619944 -4.042400
v -9.489325 -6.617643 -4.042400
v -9.489802 -6.619215 -4.042400
v -9.546844 -7.403161 -4.042400
v -9.495022 -7.371347 -4.042400
v -9.548403 -7.066554 -4.042400
v -9.529752 -7.072484 -4.042400
v -9.490674 -6.707554 -4.042400
v -9.424284 -7.251024 -4.042400
v -9.429256 -7.202831 -4.042400
v -9.451906 -7.315101 -4.042400
v -9.432469 -7.159434 -4.042400
v -9.462062 -7.119300 -4.042400
v -9.486472 -6.717400 -4.042400
v -9.469892 -6.772659 -4.042400
v -9.442798 -6.815935 -4.042400
v -9.416150 -7.414163 -4.042400
v -9.458211 -7.328668 -4.042400
v -9.476396 -7.099844 -4.042400
v -9.426722 -6.844574 -4.042400
v -9.370099 -6.906930 -4.042400
v -9.368228 -6.907703 -4.042400
v -9.373062 -6.904583 -4.042400
v -9.186413 -7.342105 -4.042400
v -9.201990 -6.964129 -4.042400
v -9.222598 -7.319585 -4.042400
v -9.275827 -7.315155 -4.042400
v -9.286271 -7.316097 -4.042400
v -9.383102 -7.365803 -4.042400
v -9.345910 -7.334442 -4.042400
v -9.291517 -6.954098 -4.042400
v -9.251437 -6.955868 -4.042400
v -9.154805 -6.942609 -4.042400
v -9.127245 -6.920063 -4.042400
v -8.775152 -7.361767 -4.042400
v -8.775968 -7.367625 -4.042400
v -8.772747 -7.357067 -4.042400
v -8.733420 -7.335876 -4.042400
v -8.718871 -7.327519 -4.042400
v -9.125511 -7.404276 -4.042400
v -9.149959 -7.362005 -4.042400
v -9.409217 -7.392882 -4.042400
v -9.167416 -6.959922 -3.042400
v -9.141199 -6.868277 -3.042400
v -9.144875 -6.894898 -3.042400
v -9.107193 -6.834220 -3.042400
v -9.081834 -6.811645 -3.042400
v -8.925323 -6.728511 -3.042400
v -8.941865 -6.734256 -3.042400
v -8.959897 -6.738335 -3.042400
v -9.016454 -6.769308 -3.042400
v -8.948426 -6.735351 -3.042400
v -9.068448 -6.803805 -3.042400
v -9.141780 -7.024719 -3.042400
v -9.148955 -7.006706 -3.042400
v -9.130791 -7.031197 -3.042400
v -9.075458 -7.065434 -3.042400
v -9.023544 -7.069846 -3.042400
v -8.930282 -7.075027 -3.042400
v -8.876897 -7.064876 -3.042400
v -8.851233 -7.059473 -3.042400
v -8.840490 -7.057597 -3.042400
v -8.805853 -6.706098 -3.042400
v -8.843954 -6.705842 -3.042400
v -8.873032 -6.713864 -3.042400
v -8.958822 -7.083096 -3.042400
v -8.695333 -6.991899 -3.042400
v -8.686213 -6.987868 -3.042400
v -8.636755 -6.947772 -3.042400
v -8.623759 -7.278424 -3.042400
v -8.622211 -7.234717 -3.042400
v -8.750113 -7.020729 -3.042400
v -8.771229 -7.025911 -3.042400
v -8.722223 -6.697276 -3.042400
v -8.650324 -6.698853 -3.042400
v -8.735654 -6.694049 -3.042400
vn -1.0000 -0.0000 -0.0000
vn -0.0000 1.0000 -0.0000
vn 1.0000 -0.0000 -0.0000
vn -0.0000 -1.0000 -0.0000
vn -0.0000 -0.0000 -1.0000
vn -0.0000 -0.0000 1.0000
vn -0.4453 -0.7834 0.4337
vn -0.6806 -0.5977 0.4238
vn -0.5195 -0.7591 0.3922
vn -0.5113 -0.6894 0.5131
vn -0.1769 -0.9298 0.3229
vn -0.0371 -0.9705 0.2383
vn 0.0613 -0.9609 0.2700
vn -0.4342 -0.8073 0.3996
vn -0.2467 -0.9028 0.3523
vn -0.1608 -0.9209 0.3552
vn -0.7611 0.6257 0.1711
vn -0.6001 0.7998 0.0153
vn -0.7103 0.7010 0.0635
vn -0.0662 0.9538 -0.2929
vn -0.3136 0.9336 -0.1732
vn -0.3495 0.9314 -0.1020
vn -0.9064 0.2012 0.3715
vn -0.8677 -0.1154 0.4835
vn -0.9047 0.0268 0.4252
vn -0.0434 0.9555 -0.2917
vn -0.2992 0.9283 -0.2207
vn -0.7653 -0.4445 0.4656
vn -0.8042 -0.3582 0.4743
vn 0.0076 -0.9807 0.1953
vn 0.1824 -0.9566 0.2271
vn -0.7662 -0.4651 0.4434
vn -0.5868 -0.7008 0.4057
vn -0.6084 -0.6536 0.4503
vn -0.2708 -0.8823 0.3850
vn -0.4992 -0.7492 0.4353
vn -0.8421 0.4623 0.2778
vn -0.8324 0.4928 0.2537
vn -0.5274 0.8494 0.0216
vn -0.2228 0.9557 -0.1921
vn 0.0008 0.9560 -0.2935
vn 0.2174 0.9108 -0.3509
vn 0.0935 0.9566 -0.2760
vn 0.0034 0.9767 -0.2145
vn -0.0664 0.9454 -0.3190
vn -0.8332 -0.2082 0.5123
vn -0.8733 0.1863 0.4502
vn -0.3546 -0.8419 0.4067
vn 0.3670 -0.9099 0.1933
vn 0.5434 -0.8344 0.0924
vn 0.3721 -0.9156 0.1522
vn -0.7455 0.6289 0.2207
vn -0.6619 -0.5957 0.4550
vn 0.0945 -0.9553 0.2800
vn -0.4264 0.9040 -0.0319
vn 0.3779 0.8570 -0.3503
vn -0.2651 -0.8711 0.4135
vn -0.8229 -0.1146 0.5564
vn -0.6296 -0.5446 0.5541
vn -0.8302 0.3971 0.3912
vn 0.6629 -0.7483 0.0255
vn 0.0726 -0.9650 0.2519
vn -0.5687 0.8155 0.1076
vn 0.0080 0.9604 -0.2786
vn -0.6990 0.6649 0.2634
vn -0.6240 -0.5354 0.5693
vn -0.8562 0.1169 0.5032
vn -0.9026 -0.0093 0.4304
vn -0.7895 0.1707 0.5895
vn -0.6240 0.2994 0.7218
vn -0.8488 0.2214 0.4802
vn 0.8021 -0.5970 -0.0145
vn 0.8487 -0.5199 -0.0967
vn 0.2035 -0.9588 0.1981
vn -0.1208 0.9736 -0.1936
vn -0.7507 -0.2904 0.5933
vn -0.9043 -0.1303 0.4064
vn -0.9248 -0.1282 0.3581
vn -0.9339 -0.3143 0.1703
vn 0.1248 -0.9591 0.2540
vn 0.2867 0.8731 -0.3944
vn -0.7145 0.6468 0.2667
vn -0.4047 0.5302 0.7451
vn -0.5036 0.4483 0.7385
vn -0.7048 0.2671 0.6572
vn 0.7625 -0.6434 -0.0675
vn 0.5870 -0.8095 -0.0102
vn -0.3538 0.9346 -0.0358
vn -0.9059 -0.2603 0.3341
vn -0.9061 -0.4011 0.1347
vn -0.8260 0.1810 0.5339
vn -0.2005 0.6044 0.7710
vn 0.5180 -0.8553 0.0094
vn -0.4136 -0.7553 0.5083
vn -0.3144 -0.8368 0.4483
vn 0.8981 -0.3967 -0.1900
vn -0.7983 0.1308 0.5879
vn 0.9491 -0.1925 -0.2492
vn 0.9432 -0.1902 -0.2723
vn 0.4390 -0.8945 0.0846
vn -0.7127 -0.2539 0.6539
vn -0.4917 -0.6538 0.5752
vn 0.3530 0.8249 -0.4416
vn 0.5355 0.7146 -0.4501
vn -0.2384 0.6545 0.7174
vn -0.7142 0.6024 0.3564
vn 0.8776 -0.4164 -0.2374
vn 0.8707 0.2873 -0.3992
vn 0.8396 0.3404 -0.4234
vn 0.9372 0.0762 -0.3403
vn -0.4815 0.4863 0.7292
vn 0.6056 0.6779 -0.4168
vn 0.4568 0.7822 -0.4238
vn 0.1050 -0.9702 0.2185
vn -0.7743 0.2337 0.5880
vn -0.8139 0.5162 0.2668
vn -0.9336 0.2639 0.2426
vn -0.8026 0.5283 0.2771
vn -0.8786 0.4096 0.2457
vn -0.9445 0.2711 0.1855
vn -0.4461 0.8944 0.0320
vn 0.5636 -0.8252 -0.0377
vn -0.6244 -0.7383 -0.2550
vn -0.8891 -0.3990 0.2244
vn -0.8130 -0.5788 0.0643
vn -0.7328 -0.6804 0.0086
vn 0.8226 -0.5135 -0.2443
vn -0.4654 -0.7974 -0.3842
vn -0.7711 -0.6345 -0.0530
vn 0.9296 0.0036 -0.3685
vn -0.8945 -0.3034 0.3284
vn -0.8142 0.1140 0.5693
vn 0.1259 0.7607 0.6368
vn -0.0583 0.6538 0.7544
vn -0.0409 0.9540 -0.2970
vn -0.6420 0.6966 0.3203
vn -0.8336 0.4738 0.2840
vn -0.5924 0.7705 0.2353
vn -0.4554 0.4752 0.7528
vn 0.7433 -0.6532 -0.1442
vn -0.7655 0.5601 0.3168
vn -0.0599 -0.9349 0.3497
vn -0.0086 -0.9597 0.2809
vn 0.1655 0.9036 -0.3951
vn -0.4827 0.7932 0.3712
vn -0.5315 0.7730 0.3465
vn -0.7226 0.6049 0.3348
vn -0.4044 -0.7188 0.5655
vn 0.7744 0.4311 -0.4630
vn -0.4215 -0.7508 -0.5085
vn -0.7465 0.1223 0.6541
vn -0.6563 -0.3179 0.6843
vn -0.3205 0.8738 0.3656
vn -0.4713 0.7901 0.3919
vn -0.6025 0.6869 0.4064
vn -0.2692 0.6259 0.7320
vn -0.8197 -0.5570 0.1339
vn 0.9023 -0.0068 -0.4310
vn -0.0578 0.7187 0.6930
vn -0.8445 -0.1806 0.5042
vn -0.3737 -0.8106 -0.4509
vn 0.7491 0.4293 -0.5046
vn 0.3098 0.7634 0.5668
vn -0.2416 -0.7998 -0.5496
vn 0.4453 -0.8946 -0.0386
vn -0.7039 0.5565 0.4414
vn -0.7352 0.1017 0.6702
vn 0.8974 -0.2500 -0.3636
vn -0.1549 0.9168 0.3681
vn -0.2190 0.9644 -0.1481
vn 0.8422 0.2334 -0.4859
vn 0.6988 0.5190 -0.4922
vn -0.1960 0.9048 0.3780
vn -0.5069 -0.8107 -0.2929
vn 0.3005 0.7928 0.5302
vn -0.6431 0.3011 0.7041
vn -0.3009 -0.7779 0.5516
vn 0.8501 -0.4386 -0.2917
vn -0.1575 0.9282 0.3370
vn -0.5409 -0.4550 0.7074
vn 0.6116 0.5379 -0.5803
vn -0.4039 0.8409 0.3602
vn -0.1229 0.9375 0.3256
vn -0.4365 0.8973 0.0658
vn -0.8424 -0.4496 0.2970
vn -0.9937 -0.0679 0.0886
vn -0.9286 0.1834 0.3225
vn -0.9563 -0.2730 -0.1048
vn -0.7095 -0.4689 -0.5260
vn -0.8904 -0.3837 -0.2450
vn -0.7823 -0.3593 -0.5089
vn 0.7599 -0.5520 -0.3432
vn 0.3046 -0.9475 0.0977
vn -0.8255 -0.0591 0.5614
vn 0.1773 0.9161 0.3596
vn 0.9061 -0.0286 -0.4221
vn -0.8117 -0.4953 -0.3097
vn -0.9675 -0.2227 0.1197
vn -0.6652 0.6091 0.4320
vn -0.7048 0.3789 0.5998
vn 0.4424 0.6875 -0.5759
vn -0.8807 0.0149 0.4734
vn -0.9302 0.0665 0.3610
vn -0.6678 -0.1741 0.7236
vn 0.2352 0.8395 -0.4897
vn 0.6075 0.7331 0.3058
vn 0.4468 0.7206 0.5302
vn -0.6585 0.3709 0.6548
vn -0.8522 0.1584 0.4986
vn -0.5743 -0.6334 -0.5186
vn -0.9413 -0.3354 0.0393
vn -0.8392 -0.4762 0.2625
vn -0.6580 -0.7470 -0.0955
vn -0.2775 -0.6503 -0.7072
vn 0.7082 0.6721 0.2163
vn -0.8142 0.0792 0.5751
vn -0.1704 -0.6273 -0.7599
vn -0.4965 -0.5027 -0.7077
vn -0.3649 -0.5364 -0.7610
vn -0.6237 -0.6524 -0.4305
vn -0.1092 -0.7618 -0.6386
vn 0.1221 -0.7504 -0.6496
vn -0.0145 -0.7838 -0.6209
vn 0.4219 -0.9062 -0.0280
vn 0.0050 -0.9547 0.2975
vn -0.3214 0.6162 0.7190
vn -0.5306 0.4556 0.7148
vn 0.1926 0.9191 0.3438
vn -0.0415 0.9321 0.3598
vn -0.5398 0.7846 0.3050
vn -0.8381 -0.2194 0.4995
vn -0.7293 0.1600 0.6652
vn -0.2088 -0.8304 0.5166
vn 0.3990 0.7747 0.4906
vn -0.2144 -0.8308 -0.5137
vn 0.1867 0.8082 0.5586
vn -0.4295 -0.8505 -0.3035
vn 0.8532 -0.0332 -0.5205
vn 0.6511 -0.7197 -0.2410
vn 0.2976 0.9154 0.2710
vn 0.0730 0.7996 0.5960
vn 0.0078 0.9250 -0.3798
vn -0.3748 -0.6536 0.6575
vn 0.3293 0.8889 0.3186
vn -0.8487 -0.5209 -0.0918
vn -0.8734 -0.0367 0.4856
vn 0.1229 -0.9634 0.2381
vn 0.0579 0.9496 0.3080
vn -0.4398 0.4404 0.7827
vn -0.8972 -0.1829 0.4020
vn -0.5300 0.7982 0.2864
vn -0.0336 -0.5930 -0.8045
vn -0.7651 -0.6283 0.1413
vn 0.7546 0.1885 -0.6285
vn -0.0184 0.7937 0.6080
vn -0.6718 0.2032 0.7123
vn -0.3128 0.9487 -0.0459
vn -0.8203 -0.4730 0.3214
vn -0.8139 -0.5785 0.0547
vn -0.5299 -0.4349 0.7281
vn 0.1927 0.9440 0.2679
vn -0.6718 0.4733 0.5698
vn -0.4684 0.5139 0.7187
vn -0.1006 0.5700 0.8155
vn -0.1506 0.5872 0.7953
vn -0.6573 -0.0006 0.7536
vn 0.4455 -0.4994 -0.7430
vn -0.4997 0.4275 0.7534
vn -0.7682 0.0061 0.6402
vn 0.6239 0.4048 -0.6685
vn 0.7525 0.6554 0.0648
vn -0.2201 0.9690 -0.1122
vn 0.8153 -0.2987 -0.4961
vn -0.0559 -0.6184 -0.7838
vn 0.1854 -0.5850 -0.7896
vn -0.3411 -0.7118 -0.6141
vn 0.6869 0.7043 0.1792
vn -0.5479 -0.7398 -0.3905
vn -0.6493 0.2485 0.7188
vn -0.8277 -0.1468 0.5416
vn 0.5711 -0.4635 -0.6775
vn -0.6191 -0.7838 -0.0483
vn 0.1645 0.6695 0.7244
vn 0.1769 -0.5965 -0.7828
vn 0.3073 -0.6035 -0.7358
vn -0.8281 -0.3635 0.4268
vn -0.1449 0.7412 0.6554
vn 0.7362 -0.5816 -0.3462
vn 0.4081 -0.9121 -0.0393
vn 0.0260 0.9232 -0.3834
vn -0.7548 -0.6481 0.1010
vn -0.4636 -0.4623 0.7559
vn -0.5734 -0.2281 0.7869
vn 0.6809 0.7138 0.1638
vn -0.6599 -0.7494 0.0543
vn 0.5011 0.8446 0.1886
vn 0.4131 0.8314 0.3716
vn 0.7023 0.6916 0.1688
vn 0.6846 0.6871 0.2432
vn 0.4758 0.6031 -0.6402
vn 0.3522 -0.6710 -0.6524
vn 0.4738 -0.5139 -0.7151
vn 0.7790 0.6254 0.0458
vn -0.2237 -0.7653 0.6036
vn -0.3670 -0.6150 0.6979
vn -0.0193 -0.8102 -0.5859
vn 0.3642 0.6503 -0.6667
vn -0.7454 0.0244 0.6662
vn 0.3469 -0.5132 -0.7850
vn -0.2998 0.5597 0.7725
vn 0.4662 0.8296 0.3073
vn 0.5978 -0.4253 -0.6795
vn 0.7840 -0.1328 -0.6063
vn -0.7271 -0.5696 0.3831
vn -0.6057 0.2531 0.7544
vn 0.2625 -0.6349 -0.7267
vn 0.0145 -0.9359 0.3519
vn -0.6600 0.1876 0.7274
vn -0.6173 0.0128 0.7866
vn 0.6467 0.7225 0.2446
vn 0.5001 -0.4327 -0.7501
vn -0.4775 0.8596 0.1818
vn -0.7946 -0.2548 0.5511
vn -0.4873 0.4804 0.7292
vn -0.0036 -0.7002 -0.7139
vn -0.7824 -0.4781 0.3991
vn -0.1192 0.7555 0.6442
vn -0.2220 0.6195 0.7530
vn -0.4289 -0.8193 -0.3806
vn 0.0309 -0.6934 -0.7199
vn 0.3385 0.6779 0.6526
vn 0.4475 0.6517 0.6124
vn 0.5469 0.8142 0.1949
vn -0.3100 -0.8865 -0.3435
vn -0.6256 0.6950 0.3544
vn -0.5486 0.7702 0.3254
vn -0.0244 -0.8246 -0.5651
vn 0.4107 -0.9098 -0.0604
vn 0.8490 0.5276 -0.0302
vn 0.8634 0.4868 -0.1327
vn 0.8828 0.3657 -0.2947
vn 0.8649 0.4705 0.1748
vn 0.6974 -0.5666 -0.4388
vn 0.4925 -0.8533 -0.1714
vn -0.6915 0.4283 0.5817
vn 0.8752 0.4608 0.1474
vn 0.8685 0.4608 0.1828
vn 0.7046 0.1916 -0.6833
vn 0.8749 0.4744 0.0971
vn -0.2774 0.5782 0.7673
vn -0.5873 0.2666 0.7642
vn 0.2397 0.8676 0.4357
vn 0.4717 0.8360 0.2804
vn 0.3032 0.8751 0.3772
vn 0.7187 -0.2228 -0.6587
vn 0.8513 0.5214 0.0595
vn -0.0507 -0.8230 -0.5657
vn -0.5710 -0.8183 -0.0660
vn -0.6910 -0.0396 0.7218
vn -0.5775 -0.8157 0.0351
vn -0.1990 -0.7371 0.6458
vn -0.7513 -0.0648 0.6568
vn 0.8607 -0.1393 -0.4897
vn 0.6589 -0.6251 -0.4185
vn -0.4966 0.4741 0.7270
vn -0.2764 -0.8956 -0.3485
vn 0.7552 -0.2774 -0.5940
vn 0.8861 -0.1465 -0.4397
vn 0.7099 -0.2196 -0.6692
vn 0.7061 -0.2645 -0.6569
vn 0.7205 -0.1921 -0.6663
vn 0.2963 -0.6425 -0.7067
vn -0.7827 -0.4827 0.3928
vn 0.8032 0.5271 0.2774
vn 0.9106 0.3737 0.1766
vn 0.6715 0.5956 0.4408
vn -0.7338 -0.5643 0.3783
vn 0.8620 0.4545 -0.2245
vn 0.8700 0.3737 -0.3216
vn 0.7741 -0.0850 -0.6273
vn 0.8731 0.3483 -0.3412
vn 0.5809 -0.3468 -0.7364
vn 0.5744 -0.3843 -0.7227
vn 0.5204 -0.3121 -0.7949
vn 0.8087 -0.0812 -0.5826
vn 0.7435 0.6677 0.0359
vn -0.1862 -0.8799 -0.4371
vn -0.2760 0.5583 0.7824
vn -0.1706 0.9525 -0.2524
vn 0.6458 0.1778 -0.7426
vn 0.9622 0.1437 -0.2315
vn 0.9424 0.2265 -0.2463
vn 0.9628 0.2396 -0.1252
vn -0.3917 0.9183 0.0581
vn -0.4920 0.8179 0.2981
vn 0.1457 -0.7539 -0.6406
vn 0.7593 -0.1921 -0.6218
vn 0.1429 0.8342 -0.5326
vn 0.2774 0.7918 0.5442
vn 0.3308 0.7783 0.5337
vn 0.8674 0.2254 -0.4436
vn 0.8655 0.1379 -0.4815
vn -0.5591 0.3838 0.7350
vn 0.5824 -0.3410 -0.7379
vn -0.1392 0.7956 0.5897
vn 0.4069 -0.4662 -0.7855
vn -0.7297 -0.1619 0.6643
vn 0.8305 0.5504 0.0853
vn 0.3069 -0.9513 0.0277
vn 0.4826 0.4078 -0.7751
vn -0.3471 0.4911 0.7990
vn 0.5711 -0.7652 -0.2973
vn 0.8555 0.4515 -0.2536
vn -0.9868 0.1284 0.0988
vn -0.9856 0.1657 0.0349
vn -0.9496 0.2026 -0.2393
vn 0.0880 -0.9324 0.3505
vn -0.1002 -0.8065 0.5826
vn -0.7576 -0.1643 0.6317
vn 0.2116 0.8969 0.3884
vn 0.2557 0.8058 0.5341
vn -0.9412 0.0567 0.3332
vn -0.6595 -0.6851 0.3093
vn 0.8972 0.0933 -0.4316
vn 0.6328 0.7395 0.2297
vn -0.1782 -0.9153 -0.3613
vn 0.8207 0.0749 -0.5664
vn -0.4997 0.8322 0.2403
vn 0.5521 -0.3970 -0.7332
vn -0.6608 -0.7423 0.1116
vn -0.7781 0.2702 -0.5670
vn -0.8333 0.2163 -0.5088
vn -0.6832 -0.6563 0.3203
vn -0.9537 0.2983 -0.0388
vn -0.8241 0.1256 0.5524
vn 0.8077 0.5617 -0.1790
vn -0.8250 0.0287 0.5644
vn 0.8490 0.2811 -0.4475
vn -0.4799 -0.8768 -0.0303
vn 0.8835 0.2120 -0.4178
vn 0.6758 -0.3827 -0.6299
vn -0.8010 -0.5474 -0.2424
vn -0.9869 -0.1558 -0.0407
vn -0.8146 -0.4670 -0.3442
vn -0.6502 -0.5780 -0.4930
vn -0.3172 -0.7695 -0.5543
vn -0.6318 -0.6933 -0.3466
vn -0.5808 -0.7022 -0.4118
vn -0.9180 -0.3934 -0.0505
vn -0.9904 -0.0674 0.1205
vn -0.9951 -0.0928 -0.0338
vn -0.9480 -0.3008 0.1037
vn -0.9726 -0.0558 0.2257
vn 0.6323 0.7744 0.0225
vn 0.7519 0.6562 0.0637
vn 0.6079 0.7914 0.0641
vn 0.1425 -0.9354 0.3236
vn -0.9611 0.0423 0.2731
vn -0.7630 0.3270 -0.5576
vn -0.1908 0.7606 0.6206
vn -0.9490 -0.1575 0.2730
vn -0.9460 0.0810 0.3139
vn -0.5485 0.3032 -0.7792
vn 0.5261 -0.7566 -0.3883
vn 0.1973 -0.7567 -0.6233
vn -0.9141 0.2604 0.3109
vn -0.6728 -0.1562 0.7232
vn -0.6105 -0.7337 -0.2984
vn 0.6981 0.7106 -0.0877
vn -0.2846 -0.9061 -0.3130
vn 0.2768 0.8674 0.4135
vn -0.3776 -0.8123 -0.4446
vn -0.7942 -0.6065 -0.0375
vn -0.2923 0.9522 -0.0888
vn 0.3789 -0.9195 -0.1044
vn 0.0711 0.8649 -0.4968
vn 0.2923 0.6309 -0.7186
vn -0.2973 0.6463 0.7028
vn -0.1058 0.9382 -0.3295
vn -0.3471 0.6556 0.6706
vn -0.8142 0.3744 -0.4437
vn -0.6094 0.0490 0.7914
vn -0.7805 0.3666 0.5064
vn -0.8762 0.2038 0.4368
vn -0.8798 -0.4032 0.2520
vn 0.6202 -0.0508 -0.7828
vn -0.6139 -0.6085 0.5028
vn 0.5644 0.8244 0.0421
vn 0.7489 0.0707 -0.6589
vn -0.2477 0.2220 -0.9431
vn -0.2393 0.2874 -0.9274
vn -0.0114 0.8010 0.5985
vn -0.5879 0.0874 0.8042
vn 0.8484 0.4970 -0.1819
vn -0.4744 -0.0115 0.8802
vn -0.6966 0.1224 0.7069
vn -0.9378 0.3261 0.1189
vn 0.3652 -0.9308 -0.0132
vn 0.2368 -0.9509 0.1994
vn -0.0469 -0.8961 -0.4413
vn -0.1422 -0.7750 -0.6157
vn -0.7416 -0.2684 0.6148
vn -0.6006 0.3104 0.7368
vn -0.6210 0.2334 0.7483
vn -0.8745 -0.0147 0.4848
vn 0.5261 -0.4489 -0.7223
vn 0.4182 -0.4950 -0.7616
vn 0.2990 -0.5549 -0.7763
vn -0.5859 -0.7776 0.2280
vn -0.3646 0.2865 -0.8860
vn -0.5434 0.6697 0.5062
vn -0.7503 0.2927 0.5928
vn 0.8286 0.4754 -0.2957
vn -0.8809 0.4582 -0.1190
vn -0.8095 0.3801 -0.4475
vn -0.3878 -0.9217 -0.0143
vn -0.3681 0.0199 0.9296
vn -0.4582 -0.8641 -0.2085
vn -0.3365 -0.9333 -0.1255
vn 0.6401 -0.3730 -0.6717
vn 0.8009 0.0358 -0.5977
vn -0.6929 0.4503 0.5631
vn -0.5057 0.6839 0.5258
vn -0.5510 0.6669 0.5016
vn -0.1345 -0.8643 -0.4847
vn -0.8321 -0.4676 0.2984
vn -0.4762 0.3693 -0.7980
vn 0.6381 -0.1581 -0.7536
vn 0.0968 -0.8612 -0.4989
vn -0.6745 -0.5929 0.4399
vn 0.2403 0.9381 0.2496
vn -0.6753 0.4250 -0.6027
vn 0.2741 -0.7024 -0.6569
vn 0.5868 0.8063 -0.0743
vn -0.0070 -0.8210 -0.5709
vn 0.8102 0.4387 -0.3888
vn -0.2876 0.6156 0.7337
vn -0.4582 -0.8826 -0.1050
vn 0.5699 -0.6883 -0.4489
vn -0.7992 0.5919 0.1043
vn -0.8539 0.5199 -0.0230
vn -0.7080 0.3926 0.5871
vn -0.0321 0.8904 -0.4541
vn -0.2028 0.9655 -0.1631
vn -0.2097 0.9564 -0.2031
vn -0.7928 -0.4805 0.3748
vn 0.0897 -0.8717 -0.4817
vn 0.2841 -0.7711 -0.5698
vn 0.5852 0.1079 -0.8037
vn 0.0237 -0.1987 0.9798
vn -0.2310 -0.1447 0.9621
vn -0.3961 0.0086 0.9182
vn 0.0634 -0.2314 0.9708
vn -0.6258 -0.4623 0.6282
vn 0.7321 0.3774 -0.5670
vn -0.8166 0.0860 0.5708
vn -0.6017 0.5354 0.5926
vn -0.7986 -0.1685 0.5778
vn -0.7204 -0.0972 0.6867
vn 0.2491 0.6863 -0.6834
vn 0.5106 0.8596 0.0209
vn 0.1335 0.9169 0.3761
vn 0.6434 -0.5629 -0.5189
vn 0.0825 0.1147 -0.9900
vn -0.0007 -0.7838 -0.6210
vn 0.3845 -0.7338 -0.5601
vn -0.1887 0.8710 0.4536
vn -0.3172 0.7953 0.5166
vn -0.1236 -0.9527 -0.2777
vn 0.7444 0.5666 -0.3533
vn 0.1885 -0.9555 0.2271
vn 0.1856 -0.9661 0.1792
vn 0.3236 -0.9450 0.0474
vn 0.5852 -0.3579 -0.7276
vn -0.4643 -0.8856 -0.0117
vn 0.7315 0.1377 -0.6678
vn 0.2500 0.2831 -0.9259
vn 0.4892 0.1158 -0.8645
vn -0.2174 -0.9581 -0.1867
vn -0.4143 -0.9078 0.0654
vn 0.1271 -0.8840 -0.4499
vn 0.0958 -0.9157 -0.3902
vn -0.3740 0.1505 0.9151
vn 0.6424 0.0894 -0.7612
vn 0.4434 -0.3153 -0.8390
vn -0.4203 -0.8948 0.1507
vn 0.0690 -0.1908 0.9792
vn 0.2739 0.0445 -0.9607
vn 0.7556 -0.0421 -0.6537
vn -0.3458 0.7080 0.6158
vn -0.5624 0.4218 0.7112
vn -0.3511 0.0250 0.9360
vn -0.6777 0.4605 -0.5733
vn -0.2385 0.1689 -0.9563
vn -0.5426 0.0802 0.8362
vn -0.0031 0.9290 0.3700
vn -0.0399 0.8721 0.4877
vn -0.0645 0.1487 -0.9868
vn 0.7586 0.1507 -0.6339
vn 0.6201 -0.2466 -0.7448
vn 0.4015 -0.5912 -0.6994
vn -0.3750 0.2469 0.8935
vn -0.5853 0.4435 0.6788
vn 0.6047 -0.2588 -0.7532
vn 0.1045 -0.8498 -0.5166
vn -0.5310 -0.8018 0.2741
vn 0.5997 -0.3737 0.7076
vn 0.5604 -0.6117 -0.5584
vn -0.5578 -0.7902 0.2538
vn -0.0000 -0.9677 -0.2522
vn 0.5576 -0.7076 -0.4340
vn -0.6777 -0.4577 0.5755
vn 0.0627 0.9275 0.3685
vn 0.7431 -0.5213 -0.4196
vn 0.6520 0.6516 -0.3878
vn 0.0891 0.7870 -0.6105
vn -0.1665 0.9480 -0.2713
vn -0.0597 0.9465 -0.3171
vn -0.0590 0.9159 -0.3970
vn 0.0720 -0.1361 0.9881
vn 0.6992 -0.5495 -0.4573
vn 0.7874 -0.4658 -0.4037
vn 0.6103 -0.6243 -0.4876
vn 0.1688 -0.7610 -0.6264
vn -0.5780 -0.5262 0.6237
vn 0.4526 -0.2627 0.8521
vn 0.6600 -0.3278 0.6759
vn 0.7277 -0.3056 0.6140
vn 0.0546 0.9314 0.3599
vn -0.6722 0.0378 0.7394
vn 0.5254 -0.1454 -0.8383
vn 0.7517 -0.1416 -0.6441
vn -0.4913 0.5033 0.7108
vn -0.7660 0.6411 -0.0479
vn -0.0259 0.0023 0.9997
vn -0.0914 0.9161 0.3903
vn 0.4618 -0.5003 -0.7325
vn -0.3020 0.5951 0.7447
vn 0.3427 -0.9344 0.0970
vn 0.5643 -0.3665 0.7398
vn 0.4764 0.2621 -0.8393
vn 0.8623 -0.2057 -0.4628
vn 0.8884 -0.2153 -0.4053
vn 0.5695 -0.1472 -0.8087
vn -0.7057 -0.2918 0.6456
vn -0.6620 0.3285 0.6736
vn 0.3198 0.5477 -0.7732
vn -0.2763 0.8376 0.4712
vn 0.3902 0.9166 0.0876
vn 0.3893 0.9152 0.1043
vn 0.9296 -0.2666 -0.2547
vn 0.0851 0.8121 -0.5773
vn 0.5354 0.8104 -0.2382
vn -0.2496 0.8034 0.5406
vn 0.5940 -0.5491 -0.5879
vn -0.1648 -0.9493 -0.2676
vn -0.4002 -0.8883 0.2252
vn -0.2616 0.2993 0.9176
vn -0.4868 0.1630 0.8582
vn -0.3776 0.2416 0.8939
vn -0.1393 -0.9637 -0.2278
vn 0.9849 0.0540 -0.1645
vn 0.9559 -0.1762 -0.2349
vn 0.9381 -0.3166 0.1405
vn 0.8960 -0.3185 0.3094
vn 0.9622 -0.2658 -0.0596
vn -0.5641 0.1508 0.8118
vn -0.6690 -0.3111 0.6750
vn -0.6326 0.4553 -0.6266
vn -0.2155 0.1122 -0.9700
vn 0.6494 0.5769 -0.4955
vn 0.6129 0.3150 -0.7247
vn 0.5002 0.0149 -0.8658
vn -0.5369 -0.7511 0.3842
vn 0.4503 -0.8615 -0.2347
vn 0.3976 0.9079 -0.1329
vn -0.5230 0.4190 0.7422
vn 0.5705 -0.4782 -0.6677
vn 0.6016 0.7986 -0.0157
vn 0.8092 0.5430 -0.2242
vn 0.7947 0.5807 -0.1769
vn -0.5723 0.4098 0.7103
vn 0.0524 -0.8998 -0.4331
vn 0.9452 0.3258 0.0224
vn 0.8931 0.4493 -0.0230
vn 0.9157 -0.3653 0.1677
vn 0.4105 -0.1316 -0.9023
vn 0.0561 0.9229 0.3810
vn -0.3269 -0.9448 0.0222
vn 0.8781 -0.2823 -0.3864
vn 0.1140 0.9686 0.2209
vn -0.5691 0.3209 0.7570
vn 0.8636 0.4779 -0.1605
vn 0.9294 0.1635 -0.3309
vn -0.7290 0.6294 0.2691
vn -0.0858 -0.9896 -0.1153
vn -0.5223 -0.7862 0.3305
vn 0.3638 0.3628 -0.8579
vn -0.2150 0.3753 0.9016
vn -0.0452 0.0422 0.9981
vn 0.1737 -0.8530 -0.4922
vn 0.3532 -0.6693 -0.6537
vn 0.8644 -0.1701 -0.4732
vn 0.8379 -0.0252 -0.5452
vn 0.5378 0.8411 -0.0571
vn 0.2115 0.9470 0.2418
vn 0.5008 0.8599 -0.0990
vn 0.8658 -0.3517 -0.3560
vn 0.8774 -0.4175 0.2365
vn -0.1859 0.9347 0.3029
vn 0.2201 -0.7110 -0.6678
vn 0.2677 0.4968 -0.8256
vn 0.1317 0.7428 -0.6564
vn -0.1160 -0.9932 -0.0011
vn 0.4002 0.9159 0.0322
vn 0.3294 -0.1541 -0.9315
vn 0.5167 -0.6522 -0.5546
vn 0.5757 -0.3542 0.7369
vn 0.7341 0.4933 -0.4666
vn 0.7218 0.6062 -0.3339
vn 0.7677 0.2125 -0.6046
vn -0.7632 0.6072 -0.2209
vn -0.5751 0.4153 -0.7048
vn 0.5190 -0.2399 -0.8204
vn -0.6675 -0.0886 0.7394
vn -0.5676 0.0867 0.8188
vn -0.5390 0.0432 0.8412
vn -0.5455 -0.5892 0.5960
vn -0.2969 0.6414 0.7074
vn 0.0517 0.9250 0.3765
vn 0.6212 0.4159 -0.6642
vn 0.6887 -0.0781 -0.7208
vn 0.8107 -0.3551 -0.4654
vn -0.3283 0.7006 0.6335
vn -0.2655 -0.9619 0.0653
vn 0.3872 0.9215 -0.0290
vn -0.4405 -0.8092 0.3888
vn -0.6310 -0.3347 0.6998
vn 0.7696 0.5625 -0.3020
vn -0.1776 0.3676 0.9129
vn -0.0347 0.3903 0.9200
vn 0.7730 -0.0423 -0.6330
vn -0.5978 -0.5911 0.5415
vn 0.2840 0.9446 -0.1643
vn -0.2016 0.0307 -0.9790
vn 0.4835 -0.7796 -0.3981
vn -0.5777 0.6995 0.4206
vn 0.6460 0.6693 -0.3670
vn -0.5821 -0.3707 0.7237
vn 0.4969 -0.3791 0.7806
vn 0.0119 0.1234 0.9923
vn 0.4306 -0.7557 -0.4935
vn 0.5098 -0.0824 -0.8563
vn 0.1907 -0.2911 -0.9375
vn -0.0182 -0.9334 -0.3583
vn 0.0429 0.5484 0.8351
vn -0.2983 0.3458 0.8896
vn -0.3413 -0.9280 0.1495
vn -0.5890 0.2440 0.7704
vn -0.3354 0.4700 0.8164
vn -0.0498 -0.9674 -0.2484
vn 0.8753 -0.4654 -0.1317
vn 0.8580 -0.4887 0.1580
vn 0.6222 -0.2467 -0.7430
vn 0.0454 -0.9953 -0.0861
vn 0.3777 0.9130 -0.1541
vn -0.7493 0.5162 0.4148
vn -0.8575 0.5142 -0.0153
vn -0.8384 0.5384 -0.0849
vn -0.8576 0.5137 0.0241
vn -0.7856 0.5109 0.3490
vn -0.1154 0.9183 0.3788
vn 0.1590 0.6538 -0.7398
vn 0.7347 -0.5220 -0.4333
vn 0.5611 -0.0614 -0.8255
vn 0.7223 0.2708 -0.6364
vn -0.6281 -0.3254 0.7068
vn 0.4941 -0.4225 -0.7599
vn 0.6892 -0.3130 -0.6535
vn -0.8290 0.3168 -0.4608
vn -0.8345 0.4809 -0.2689
vn -0.7447 0.2079 -0.6342
vn 0.7585 -0.5452 0.3570
vn -0.6909 0.7208 -0.0558
vn -0.5206 -0.3469 0.7802
vn -0.3319 -0.8230 0.4609
vn 0.3162 -0.8205 -0.4762
vn 0.5273 -0.7621 -0.3756
vn 0.4346 -0.8765 -0.2072
vn -0.4536 0.2167 0.8645
vn -0.4321 0.7198 0.5432
vn 0.3441 -0.5578 -0.7553
vn 0.5472 -0.5566 -0.6252
vn 0.7524 0.4028 -0.5212
vn -0.3985 -0.8742 0.2774
vn -0.3550 0.3807 0.8538
vn -0.3416 0.4571 0.8212
vn -0.5554 0.3905 0.7342
vn -0.4490 0.7005 0.5547
vn -0.5148 -0.3719 0.7724
vn -0.1869 -0.0111 -0.9823
vn -0.5867 0.4580 -0.6678
vn -0.6590 0.5896 0.4669
vn -0.5028 -0.7363 0.4528
vn -0.5797 0.3343 0.7431
vn -0.5163 0.6814 0.5188
vn -0.5685 0.7732 0.2812
vn -0.3576 0.7519 0.5539
vn 0.8247 -0.5646 0.0341
vn 0.4076 0.9005 -0.1514
vn -0.6961 0.2019 -0.6890
vn -0.1738 0.7546 0.6328
vn 0.4680 -0.5759 -0.6703
vn 0.1527 0.9812 0.1181
vn 0.5210 -0.7327 -0.4379
vn 0.6374 0.4409 -0.6319
vn -0.2296 0.9033 0.3624
vn 0.0298 0.9975 -0.0641
vn 0.2824 0.9100 -0.3034
vn -0.3699 0.8015 0.4698
vn -0.8468 0.5286 0.0599
vn -0.5073 0.2173 0.8339
vn 0.6241 0.6446 -0.4416
vn 0.4210 0.1035 -0.9011
vn 0.3504 0.2244 -0.9093
vn -0.2077 0.4140 0.8863
vn 0.0140 0.2583 0.9660
vn -0.0598 0.3168 0.9466
vn 0.7084 0.2128 -0.6730
vn 0.6661 0.0052 -0.7459
vn 0.0264 -0.9388 -0.3435
vn -0.4251 0.4399 0.7910
vn 0.4368 -0.2729 0.8571
vn 0.0451 -0.1976 -0.9793
vn 0.1449 -0.2947 -0.9445
vn -0.8413 0.2360 -0.4863
vn -0.7049 0.1283 -0.6976
vn -0.7119 0.0398 -0.7012
vn 0.3055 0.9519 -0.0225
vn 0.4671 0.7796 -0.4171
vn 0.4908 0.8084 -0.3250
vn 0.2035 -0.8581 -0.4714
vn 0.1432 -0.9056 -0.3991
vn 0.3463 -0.7132 -0.6095
vn -0.5707 -0.5204 0.6352
vn -0.5417 -0.6553 0.5265
vn 0.7565 -0.6468 -0.0968
vn -0.3364 -0.9161 0.2184
vn -0.3978 -0.8523 0.3396
vn -0.4887 -0.2830 0.8252
vn -0.5026 -0.0605 0.8624
vn 0.6334 -0.2610 -0.7285
vn 0.5735 -0.3994 -0.7153
vn 0.5622 0.5868 -0.5827
vn 0.4207 -0.3776 -0.8249
vn 0.5285 -0.2843 -0.7999
vn 0.5197 -0.3947 -0.7577
vn 0.6669 -0.6502 0.3639
vn 0.6304 -0.5241 0.5726
vn 0.6277 -0.4138 0.6593
vn -0.4461 0.0057 0.8950
vn -0.4221 0.3084 0.8525
vn -0.6662 0.5570 -0.4960
vn -0.6961 0.6662 -0.2677
vn -0.0827 -0.9840 -0.1579
vn -0.1600 -0.9854 -0.0586
vn 0.5657 0.0595 -0.8225
vn 0.5173 -0.2272 -0.8251
vn -0.1234 0.9336 0.3364
vn -0.1845 0.8704 0.4565
vn 0.0539 -0.2166 -0.9748
vn -0.0601 0.3066 0.9499
vn -0.3639 -0.7104 0.6024
vn -0.4408 -0.5730 0.6909
vn 0.5551 -0.4746 -0.6831
vn 0.6521 -0.6741 -0.3469
vn 0.6674 0.2437 -0.7037
vn -0.4035 0.8461 0.3484
vn -0.0313 0.9921 0.1217
vn 0.3753 -0.7526 -0.5411
vn 0.3270 -0.8775 -0.3508
vn 0.3385 -0.1854 0.9225
vn 0.2257 -0.0286 0.9738
vn 0.7264 -0.6686 0.1593
vn 0.3175 0.4670 -0.8253
vn 0.2689 0.6076 -0.7473
vn -0.8664 0.4991 -0.0173
vn -0.8886 0.4132 -0.1992
vn 0.7172 0.4367 -0.5430
vn -0.2885 0.5599 0.7767
vn -0.2052 0.7521 0.6263
vn 0.6594 -0.2860 -0.6953
vn 0.6582 0.1171 -0.7436
vn -0.4334 0.2643 -0.8616
vn -0.3477 0.0956 -0.9327
vn -0.8200 -0.4706 -0.3258
vn -0.9932 0.1105 0.0357
vn -0.9123 -0.3320 -0.2396
vn 0.4593 0.7247 -0.5137
vn 0.5757 0.5439 -0.6105
vn -0.6971 0.6218 0.3569
vn -0.6277 0.6397 0.4437
vn -0.4000 0.5860 0.7047
vn -0.6877 0.0649 0.7231
vn -0.5657 0.1739 0.8061
vn -0.5577 0.3775 0.7392
vn -0.4665 -0.7872 0.4034
vn -0.5248 -0.6299 0.5725
vn -0.3272 0.5627 0.7591
vn -0.9354 -0.2412 -0.2587
vn -0.9323 -0.2221 -0.2855
vn -0.8574 -0.3999 -0.3239
vn -0.9277 -0.3241 -0.1852
vn -0.8046 -0.4523 -0.3848
vn -0.9916 -0.0460 0.1206
vn -0.9975 0.0357 0.0603
vn -0.9210 0.3340 0.2005
vn -0.9967 -0.0616 -0.0535
vn -0.0178 -0.9961 0.0867
vn -0.1341 -0.9537 0.2691
vn -0.5071 0.5942 0.6243
vn -0.4449 0.6905 0.5704
vn -0.4748 0.2355 0.8480
vn -0.9129 0.2426 0.3282
vn -0.9155 0.2114 0.3423
vn -0.7369 0.0625 -0.6731
vn -0.9048 0.3128 -0.2889
vn -0.7439 0.5325 0.4038
vn -0.9021 0.2945 0.3154
vn -0.9519 -0.2594 -0.1630
vn -0.9541 -0.2702 -0.1288
vn -0.9495 -0.2997 -0.0928
vn -0.9803 -0.1075 0.1655
vn -0.9108 0.1047 0.3994
vn -0.9162 0.1333 0.3778
vn 0.5155 -0.6514 -0.5566
vn -0.0990 0.3463 0.9329
vn 0.1955 0.9789 0.0588
vn 0.3161 0.9462 -0.0693
vn -0.2281 -0.9729 -0.0377
vn -0.1254 -0.9656 -0.2277
vn -0.9029 0.3845 0.1924
vn -0.9167 0.1700 0.3617
vn 0.6181 0.6406 -0.4555
vn -0.9749 -0.1593 0.1558
vn 0.5555 -0.5741 -0.6015
vn -0.5741 -0.6125 -0.5433
vn -0.1111 0.9430 0.3138
vn 0.0326 0.9790 0.2011
vn -0.9419 -0.3271 -0.0764
vn 0.1542 0.5497 0.8210
vn 0.3377 0.4211 0.8418
vn 0.1318 0.5631 0.8158
vn -0.7738 0.5479 0.3180
vn -0.4104 0.6647 0.6243
vn -0.3039 0.8697 0.3889
vn 0.5552 0.7614 -0.3347
vn 0.2082 0.9543 -0.2142
vn 0.4542 -0.7679 -0.4518
vn -0.8006 -0.4411 -0.4054
vn 0.4184 0.8574 -0.2997
vn -0.0587 0.2915 0.9548
vn 0.5154 -0.5406 -0.6649
vn 0.3246 -0.6040 -0.7279
vn 0.1865 -0.8093 -0.5570
vn 0.7836 -0.6189 -0.0534
vn -0.1634 0.4074 0.8985
vn -0.9020 -0.2685 -0.3381
vn -0.7359 -0.5675 -0.3692
vn -0.5081 -0.2169 0.8335
vn -0.5256 -0.6294 -0.5723
vn 0.1232 -0.2326 -0.9647
vn -0.4470 0.6770 0.5847
vn -0.9355 0.2459 0.2536
vn 0.6308 -0.6302 -0.4527
vn 0.3572 -0.9340 0.0062
vn 0.3860 -0.9099 -0.1520
vn -0.4203 0.1907 0.8871
vn -0.6244 0.0716 -0.7778
vn -0.6221 0.0681 -0.7800
vn -0.6511 0.7376 0.1787
vn -0.4227 0.7046 0.5699
vn -0.4185 0.7024 0.5758
vn -0.8637 -0.4977 0.0791
vn 0.4402 0.7719 -0.4587
vn -0.1011 0.3412 0.9346
vn 0.1114 0.4030 0.9084
vn 0.0942 0.4979 0.8621
vn 0.1897 0.4428 0.8763
vn 0.1848 0.4411 0.8782
vn 0.5859 0.5377 0.6063
vn 0.5687 0.7301 -0.3789
vn 0.7252 0.5347 -0.4338
vn -0.2892 0.9423 -0.1688
vn -0.9597 -0.1603 -0.2308
vn -0.6987 -0.5910 -0.4031
vn -0.5401 -0.7060 -0.4581
vn -0.3175 0.3061 -0.8975
vn 0.0659 0.3314 -0.9412
vn -0.3104 0.9130 -0.2648
vn -0.2666 0.9574 -0.1112
vn -0.6504 -0.1980 0.7333
vn -0.5193 -0.4386 0.7334
vn 0.2653 0.9248 0.2727
vn -0.2596 -0.3398 -0.9040
vn 0.5862 -0.5910 -0.5541
vn -0.4986 0.1714 0.8497
vn -0.5762 0.1799 0.7972
vn -0.4547 0.4861 0.7463
vt 0.464434 0.048215
vt 0.473690 0.056300
vt 0.480686 0.075059
vt 0.480569 0.075498
vt 0.470974 0.090756
vt 0.445683 0.097489
vt 0.439387 0.099399
vt 0.423996 0.098976
vt 0.416225 0.098092
vt 0.414781 0.097742
vt 0.399816 0.094393
vt 0.383192 0.092106
vt 0.379985 0.090838
vt 0.375000 0.089744
vt 0.375000 0.003652
vt 0.385118 0.005667
vt 0.394187 0.009232
vt 0.408568 0.013725
vt 0.414412 0.017494
vt 0.433665 0.025151
vt 0.433764 0.025243
vt 0.434009 0.025387
vt 0.450533 0.038000
vt 0.458732 0.041657
vt 0.405390 0.328500
vt 0.425156 0.323422
vt 0.427549 0.324211
vt 0.434309 0.326636
vt 0.445501 0.331004
vt 0.451451 0.334824
vt 0.457397 0.342031
vt 0.464638 0.355449
vt 0.463866 0.358169
vt 0.460853 0.372544
vt 0.452985 0.378399
vt 0.445809 0.382278
vt 0.436549 0.383267
vt 0.428438 0.380683
vt 0.413043 0.379814
vt 0.405538 0.373108
vt 0.395006 0.367313
vt 0.390676 0.356898
vt 0.389498 0.349801
vt 0.391512 0.343739
vt 0.398318 0.332989
vt 0.401283 0.329869
vt 0.378462 0.439113
vt 0.375000 0.436629
vt 0.375000 0.402806
vt 0.384599 0.397539
vt 0.390907 0.392407
vt 0.403995 0.393327
vt 0.406623 0.393099
vt 0.418834 0.393929
vt 0.426878 0.395127
vt 0.443780 0.401302
vt 0.446563 0.402003
vt 0.452297 0.404541
vt 0.462662 0.414561
vt 0.466162 0.417695
vt 0.472478 0.423501
vt 0.481914 0.435919
vt 0.481883 0.438340
vt 0.478078 0.454404
vt 0.463030 0.451423
vt 0.447470 0.454139
vt 0.439228 0.451407
vt 0.424662 0.450929
vt 0.417409 0.451132
vt 0.411716 0.451237
vt 0.392742 0.445641
vt 0.383330 0.443330
vt 0.376381 0.500000
vt 0.376554 0.499913
vt 0.395662 0.496683
vt 0.399736 0.495188
vt 0.408025 0.494477
vt 0.419866 0.496130
vt 0.423787 0.497379
vt 0.440693 0.499950
vt 0.440730 0.500000
vt 0.625000 0.627386
vt 0.624871 0.627310
vt 0.620427 0.620379
vt 0.616154 0.611557
vt 0.613857 0.598156
vt 0.614730 0.594407
vt 0.618772 0.579969
vt 0.625000 0.572309
vt 0.605524 0.632732
vt 0.602910 0.635653
vt 0.589172 0.647637
vt 0.580180 0.647855
vt 0.560149 0.646269
vt 0.558443 0.645075
vt 0.542445 0.634149
vt 0.541465 0.629098
vt 0.537275 0.615713
vt 0.544181 0.601595
vt 0.545270 0.598135
vt 0.547846 0.596524
vt 0.554724 0.593788
vt 0.563269 0.589997
vt 0.566951 0.589203
vt 0.585357 0.595383
vt 0.592971 0.597861
vt 0.597580 0.604890
vt 0.605616 0.613664
vt 0.605301 0.630647
vt 0.444875 0.553486
vt 0.444575 0.553300
vt 0.430047 0.541413
vt 0.429229 0.540566
vt 0.415875 0.529346
vt 0.414909 0.528934
vt 0.402221 0.518976
vt 0.394806 0.515169
vt 0.390674 0.507516
vt 0.376817 0.500401
vt 0.442208 0.501212
vt 0.442759 0.501643
vt 0.451158 0.509374
vt 0.458148 0.516902
vt 0.459044 0.518345
vt 0.468983 0.534740
vt 0.472305 0.543913
vt 0.474504 0.550722
vt 0.476589 0.561314
vt 0.465987 0.559499
vt 0.445006 0.553527
vt 0.570564 0.534576
vt 0.570485 0.539988
vt 0.569379 0.552042
vt 0.562660 0.561091
vt 0.558224 0.566134
vt 0.549491 0.569394
vt 0.533175 0.573289
vt 0.532718 0.573129
vt 0.513215 0.564910
vt 0.506754 0.556106
vt 0.499850 0.549383
vt 0.496593 0.546432
vt 0.498175 0.534315
vt 0.499353 0.529463
vt 0.516808 0.517040
vt 0.520055 0.514765
vt 0.536120 0.513624
vt 0.544205 0.513107
vt 0.545052 0.513710
vt 0.548978 0.515315
vt 0.559476 0.520003
vt 0.561644 0.520974
vt 0.568900 0.531963
vt 0.383065 0.750000
vt 0.375000 0.750000
vt 0.375000 0.738400
vt 0.379805 0.743818
vt 0.380583 0.745536
vt 0.381362 0.746595
vt 0.539571 0.733778
vt 0.530902 0.726441
vt 0.524512 0.720421
vt 0.522607 0.716773
vt 0.515748 0.704755
vt 0.515138 0.691236
vt 0.515362 0.683562
vt 0.523423 0.673776
vt 0.528653 0.666394
vt 0.544305 0.659942
vt 0.548945 0.657677
vt 0.565130 0.658796
vt 0.572384 0.659141
vt 0.583703 0.660626
vt 0.591143 0.664638
vt 0.605684 0.671240
vt 0.616347 0.682529
vt 0.623619 0.690007
vt 0.625000 0.696408
vt 0.625000 0.715903
vt 0.617615 0.728252
vt 0.610386 0.735666
vt 0.596213 0.741842
vt 0.588472 0.744812
vt 0.569156 0.743941
vt 0.561639 0.743437
vt 0.543810 0.735658
vt 0.480976 0.736579
vt 0.483892 0.744231
vt 0.485998 0.750000
vt 0.428857 0.750000
vt 0.425330 0.740616
vt 0.426707 0.735868
vt 0.427060 0.731073
vt 0.427247 0.721155
vt 0.428660 0.711193
vt 0.440909 0.707757
vt 0.446354 0.704727
vt 0.461952 0.715601
vt 0.465360 0.717361
vt 0.474783 0.729882
vt 0.432528 0.646980
vt 0.430625 0.648450
vt 0.421804 0.650599
vt 0.414609 0.651992
vt 0.410315 0.650421
vt 0.399354 0.644504
vt 0.397853 0.640002
vt 0.389185 0.627513
vt 0.388701 0.624837
vt 0.387225 0.618349
vt 0.385104 0.606838
vt 0.382487 0.599008
vt 0.386077 0.585091
vt 0.390510 0.575018
vt 0.396252 0.571534
vt 0.414608 0.569911
vt 0.429374 0.577800
vt 0.429990 0.577997
vt 0.433303 0.583950
vt 0.436663 0.590220
vt 0.436763 0.590569
vt 0.437678 0.593400
vt 0.441969 0.606696
vt 0.442690 0.608780
vt 0.443340 0.624164
vt 0.442690 0.630950
vt 0.434915 0.643163
vt 0.431302 0.758516
vt 0.485114 0.758175
vt 0.474614 0.772103
vt 0.472558 0.774778
vt 0.461336 0.775033
vt 0.452727 0.775278
vt 0.451288 0.774991
vt 0.439038 0.766271
vt 0.433444 0.760615
vt 0.443711 0.891227
vt 0.444350 0.894329
vt 0.446940 0.915679
vt 0.435998 0.922691
vt 0.426293 0.932854
vt 0.422070 0.934247
vt 0.408916 0.941268
vt 0.402573 0.942811
vt 0.385610 0.949404
vt 0.379081 0.949938
vt 0.375000 0.951045
vt 0.375000 0.874864
vt 0.386782 0.877345
vt 0.405028 0.879667
vt 0.408232 0.879850
vt 0.413552 0.880267
vt 0.425802 0.885464
vt 0.435501 0.821721
vt 0.435488 0.821762
vt 0.433787 0.839985
vt 0.433510 0.840348
vt 0.422539 0.853873
vt 0.408241 0.858781
vt 0.405558 0.859854
vt 0.403762 0.859546
vt 0.387004 0.854827
vt 0.384175 0.851628
vt 0.376197 0.839413
vt 0.375975 0.834160
vt 0.377829 0.817977
vt 0.380634 0.813634
vt 0.388684 0.808806
vt 0.398394 0.799945
vt 0.407365 0.798985
vt 0.414811 0.799764
vt 0.425331 0.804653
vt 0.435454 0.821632
vt 0.384149 0.752701
vt 0.385961 0.770056
vt 0.385209 0.775691
vt 0.381896 0.781293
vt 0.377211 0.791709
vt 0.375000 0.794768
vt 0.222958 0.536079
vt 0.238504 0.553626
vt 0.244702 0.562134
vt 0.248461 0.573240
vt 0.251228 0.579330
vt 0.255362 0.590094
vt 0.256034 0.591729
vt 0.255644 0.595471
vt 0.253103 0.612626
vt 0.246914 0.623691
vt 0.240024 0.629327
vt 0.228227 0.634707
vt 0.215866 0.632642
vt 0.205846 0.632200
vt 0.186668 0.620601
vt 0.186200 0.620407
vt 0.185459 0.619821
vt 0.172044 0.604819
vt 0.168025 0.597659
vt 0.161252 0.586840
vt 0.157107 0.573025
vt 0.156056 0.570563
vt 0.156286 0.548661
vt 0.156274 0.548479
vt 0.156394 0.548086
vt 0.165453 0.530504
vt 0.179714 0.521987
vt 0.186777 0.520459
vt 0.202470 0.524159
vt 0.222843 0.535955
vt 0.222903 0.536008
vt 0.277806 0.500000
vt 0.311629 0.500000
vt 0.305062 0.506574
vt 0.288416 0.506342
vt 0.286022 0.506458
vt 0.283460 0.505152
vt 0.125000 0.746348
vt 0.125000 0.660256
vt 0.141624 0.660313
vt 0.146287 0.661796
vt 0.159626 0.668636
vt 0.163209 0.673500
vt 0.170608 0.683533
vt 0.171411 0.694383
vt 0.172654 0.706431
vt 0.165748 0.722450
vt 0.164172 0.725842
vt 0.154970 0.736512
vt 0.142014 0.744465
vt 0.136881 0.746257
vt 0.232122 0.729201
vt 0.241235 0.734176
vt 0.247347 0.744744
vt 0.250136 0.750000
vt 0.173955 0.750000
vt 0.174687 0.747216
vt 0.176421 0.741896
vt 0.182949 0.735126
vt 0.192247 0.727285
vt 0.207157 0.722699
vt 0.209768 0.722464
vt 0.223075 0.723571
vt 0.349007 0.725555
vt 0.364245 0.730517
vt 0.368812 0.731657
vt 0.330232 0.750000
vt 0.334733 0.735581
vt 0.334937 0.734117
vt 0.335538 0.732942
vt 0.345370 0.727644
vt 0.702606 0.575803
vt 0.706742 0.577239
vt 0.708382 0.577513
vt 0.711249 0.578259
vt 0.725389 0.586002
vt 0.738387 0.594626
vt 0.741734 0.596586
vt 0.748073 0.602230
vt 0.756575 0.610744
vt 0.757494 0.617399
vt 0.763129 0.633656
vt 0.758514 0.645352
vt 0.756720 0.649855
vt 0.753973 0.651474
vt 0.740139 0.660033
vt 0.727161 0.661136
vt 0.710981 0.664449
vt 0.703846 0.662432
vt 0.690499 0.659894
vt 0.684083 0.658543
vt 0.681398 0.658074
vt 0.664082 0.650153
vt 0.658803 0.648857
vt 0.645108 0.641650
vt 0.642828 0.640642
vt 0.630464 0.630618
vt 0.633856 0.568388
vt 0.651831 0.567994
vt 0.655189 0.567187
vt 0.672738 0.570199
vt 0.682264 0.570136
vt 0.689533 0.572141
vt 0.626828 0.702354
vt 0.627215 0.713281
vt 0.000000 0.000000
s 0
f 636/1/1 637/2/1 642/3/1 641/4/1 640/5/1 652/6/1 647/7/1 648/8/1 651/9/1 649/10/1 650/11/1 646/12/1 644/13/1 645/14/1 643/15/1 629/16/1 634/17/1 633/18/1 631/19/1 630/20/1 632/21/1 639/22/1 638/23/1 635/24/1
f 656/25/2 653/26/2 654/27/2 657/28/2 658/29/2 666/30/2 664/31/2 663/32/2 662/33/2 681/34/2 669/35/2 668/36/2 677/37/2 667/38/2 670/39/2 671/40/2 678/41/2 660/42/2 659/43/2 661/44/2 665/45/2 655/46/2
f 682/47/2 685/48/2 686/49/2 674/50/2 673/51/2 672/52/2 679/53/2 680/54/2 675/55/2 676/56/2 707/57/2 706/58/2 708/59/2 709/60/2 688/61/2 687/62/2 689/63/2 702/64/2 701/65/2 699/66/2 700/67/2 705/68/2 704/69/2 703/70/2 684/71/2 683/72/2
f 690/73/2 691/74/2 692/75/2 697/76/2 696/77/2 698/78/2 693/79/2 695/80/2 694/81/2
f 728/82/3 729/83/3 730/84/3 735/85/3 733/86/3 749/87/3 748/88/3 750/89/3
f 751/90/3 725/91/3 726/92/3 724/93/3 722/94/3 721/95/3 720/96/3 738/97/3 736/98/3 737/99/3 741/100/3 742/101/3 744/102/3 745/103/3 746/104/3 743/105/3 747/106/3 732/107/3 734/108/3 731/109/3
f 755/110/3 756/111/3 791/112/3 792/113/3 783/114/3 774/115/3 773/116/3 775/117/3 780/118/3 779/119/3 690/73/3 694/81/3 781/120/3 782/121/3 784/122/3 786/123/3 793/124/3 766/125/3 763/126/3 762/127/3 759/128/3 771/129/3 757/130/3
f 767/131/3 768/132/3 772/133/3 754/134/3 752/135/3 753/136/3 740/137/3 739/138/3 758/139/3 760/140/3 770/141/3 761/142/3 765/143/3 764/144/3 785/145/3 787/146/3 777/147/3 778/148/3 776/149/3 788/150/3 789/151/3 790/152/3 769/153/3
f 796/154/3 1/155/3 797/156/3 798/157/3 794/158/3 795/159/3
f 807/160/3 808/161/3 820/162/3 821/163/3 819/164/3 824/165/3 825/166/3 826/167/3 830/168/3 719/169/3 717/170/3 718/171/3 723/172/3 727/173/3 715/174/3 713/175/3 714/176/3 716/177/3 712/178/3 710/179/3 711/180/3 823/181/3 806/182/3 805/183/3 804/184/3 803/185/3 809/186/3
f 822/187/3 802/188/3 801/189/3 800/190/3 799/191/3 816/192/3 815/193/3 814/194/3 813/195/3 810/196/3 811/197/3 812/198/3 818/199/3 817/200/3
f 831/201/3 832/202/3 828/203/3 829/204/3 827/205/3 837/206/3 836/207/3 834/208/3 835/209/3 840/210/3 839/211/3 841/212/3 848/213/3 847/214/3 846/215/3 845/216/3 850/217/3 851/218/3 849/219/3 852/220/3 842/221/3 843/222/3 844/223/3 853/224/3 854/225/3 838/226/3 833/227/3
f 862/228/4 800/190/4 801/189/4 863/229/4 859/230/4 860/231/4 857/232/4 855/233/4 856/234/4 858/235/4 864/236/4
f 874/237/4 875/238/4 870/239/4 869/240/4 868/241/4 871/242/4 872/243/4 873/244/4 867/245/4 866/246/4 865/247/4 878/248/4 877/249/4 883/250/4 884/251/4 885/252/4 876/253/4
f 886/254/4 887/255/4 893/256/4 892/257/4 906/258/4 881/259/4 882/260/4 880/261/4 879/262/4 889/263/4 890/264/4 891/265/4 904/266/4 905/267/4 894/268/4 895/269/4 896/270/4 897/271/4 898/272/4 888/273/4
f 1/155/4 796/154/4 861/274/4 899/275/4 902/276/4 900/277/4 901/278/4 903/279/4
f 915/280/5 914/281/5 913/282/5 911/283/5 912/284/5 918/285/5 920/286/5 919/287/5 927/288/5 962/289/5 961/290/5 953/291/5 960/292/5 959/293/5 950/294/5 949/295/5 951/296/5 948/297/5 944/298/5 943/299/5 942/300/5 936/301/5 929/302/5 931/303/5 930/304/5 907/305/5 909/306/5 908/307/5 910/308/5 916/309/5 917/310/5
f 686/311/5 685/312/5 926/313/5 922/314/5 921/315/5 923/316/5
f 643/317/5 645/318/5 934/319/5 935/320/5 947/321/5 941/322/5 940/323/5 938/324/5 937/325/5 939/326/5 946/327/5 933/328/5 932/329/5 928/330/5
f 952/331/5 969/332/5 968/333/5 878/334/5 865/335/5 945/336/5 970/337/5 957/338/5 958/339/5 956/340/5 955/341/5 954/342/5
f 967/343/5 925/344/5 924/345/5 797/156/5 1/155/5 903/346/5 964/347/5 963/348/5 965/349/5 966/350/5
f 976/351/6 977/352/6 980/353/6 978/354/6 979/355/6 981/356/6 975/357/6 974/358/6 972/359/6 973/360/6 971/361/6 983/362/6 982/363/6 984/364/6 985/365/6 986/366/6 994/367/6 987/368/6 988/369/6 989/370/6 990/371/6 1001/372/6 1000/373/6 995/374/6 996/375/6 997/376/6 728/82/6 750/89/6 1003/377/6 1002/378/6 1004/379/6 991/380/6 992/381/6 993/382/6
f 999/383/6 998/384/6 710/179/6 712/178/6
s 1
f 2/385/7 632/385/8 630/385/9
f 2/385/7 639/385/10 632/385/8
f 634/385/11 629/385/12 7/385/13
f 631/385/14 633/385/15 11/385/16
f 652/385/17 10/385/18 647/385/19
f 11/385/16 2/385/7 630/385/9 631/385/14
f 10/385/18 14/385/20 651/385/21 648/385/22
f 7/385/13 11/385/16 633/385/15 634/385/11
f 641/385/23 642/385/24 3/385/25
f 14/385/20 19/385/26 649/385/27 651/385/21
f 4/385/28 3/385/25 642/385/24 637/385/29
f 7/385/13 629/385/12 643/385/30 928/385/31
f 636/385/32 635/385/33 9/385/34
f 9/385/34 4/385/28 637/385/29 636/385/32
f 2/385/7 12/385/35 638/385/36 639/385/10
f 12/385/35 9/385/34 635/385/33 638/385/36
f 3/385/25 6/385/37 640/385/38 641/385/23
f 6/385/37 13/385/39 10/385/18
f 640/385/38 6/385/37 10/385/18 652/385/17
f 10/385/18 26/385/40 14/385/20
f 644/385/41 8/385/42 934/385/43 645/385/44
f 19/385/26 8/385/42 644/385/41 646/385/45
f 5/385/46 3/385/25 4/385/28
f 13/385/39 26/385/40 10/385/18
f 16/385/47 6/385/37 3/385/25
f 16/385/47 3/385/25 5/385/46
f 25/385/48 4/385/28 9/385/34
f 932/385/49 30/385/50 7/385/13 928/385/31
f 30/385/50 23/385/51 7/385/13
f 6/385/37 17/385/52 13/385/39
f 16/385/47 17/385/52 6/385/37
f 15/385/53 5/385/46 4/385/28
f 23/385/51 11/385/16 7/385/13
f 31/385/54 12/385/35 2/385/7
f 17/385/52 20/385/55 13/385/39
f 935/385/56 934/385/43 8/385/42
f 25/385/48 15/385/53 4/385/28
f 25/385/48 9/385/34 12/385/35
f 31/385/54 2/385/7 11/385/16
f 31/385/54 11/385/16 23/385/51
f 25/385/48 45/385/57 15/385/53
f 22/385/58 16/385/47 5/385/46
f 18/385/59 5/385/46 15/385/53
f 45/385/57 18/385/59 15/385/53
f 18/385/59 22/385/58 5/385/46
f 21/385/60 17/385/52 16/385/47
f 933/385/61 30/385/50 932/385/49
f 22/385/58 21/385/60 16/385/47
f 35/385/62 25/385/48 12/385/35
f 17/385/52 38/385/63 20/385/55
f 20/385/55 41/385/64 13/385/39
f 21/385/60 38/385/63 17/385/52
f 21/385/60 24/385/65 38/385/63
f 29/385/66 22/385/58 18/385/59
f 931/385/67 929/385/68 28/385/69
f 28/385/69 930/385/70 931/385/67
f 22/385/58 27/385/71 21/385/60
f 946/385/72 40/385/73 30/385/50 933/385/61
f 36/385/74 35/385/62 12/385/35
f 36/385/74 12/385/35 31/385/54
f 27/385/71 24/385/65 21/385/60
f 38/385/63 33/385/75 20/385/55
f 20/385/55 33/385/75 41/385/64
f 39/385/76 27/385/71 22/385/58
f 39/385/76 22/385/58 29/385/66
f 34/385/77 28/385/69 929/385/68 936/385/78
f 936/385/78 942/385/79 34/385/77
f 49/385/80 25/385/48 35/385/62
f 49/385/80 45/385/57 25/385/48
f 41/385/64 48/385/81 26/385/40
f 27/385/71 47/385/82 24/385/65
f 930/385/70 28/385/69 64/385/83 907/385/84
f 28/385/69 34/385/77 42/385/85
f 43/385/86 23/385/51 30/385/50
f 40/385/73 43/385/86 30/385/50
f 37/385/87 31/385/54 23/385/51
f 36/385/74 31/385/54 37/385/87
f 24/385/65 55/385/88 38/385/63
f 599/385/89 34/385/77 942/385/79 943/385/90
f 27/385/71 46/385/91 47/385/82
f 34/385/77 599/385/89 42/385/85
f 64/385/83 909/385/92 907/385/84
f 59/385/93 35/385/62 36/385/74
f 46/385/91 27/385/71 39/385/76
f 64/385/83 28/385/69 42/385/85
f 43/385/86 37/385/87 23/385/51
f 57/385/94 29/385/66 44/385/95
f 47/385/82 55/385/88 24/385/65
f 57/385/94 39/385/76 29/385/66
f 55/385/88 33/385/75 38/385/63
f 939/385/96 40/385/73 946/385/72
f 42/385/85 599/385/89 53/385/97
f 937/385/98 52/385/99 40/385/73 939/385/96
f 65/385/100 49/385/80 35/385/62
f 46/385/91 39/385/76 587/385/101
f 57/385/94 586/385/102 39/385/76
f 52/385/99 43/385/86 40/385/73
f 41/385/64 68/385/103 82/385/104
f 75/385/105 64/385/83 42/385/85
f 59/385/93 65/385/100 35/385/62
f 37/385/87 59/385/93 36/385/74
f 46/385/91 50/385/106 47/385/82
f 43/385/86 51/385/107 37/385/87
f 940/385/108 58/385/109 52/385/99 938/385/110
f 67/385/111 42/385/85 53/385/97
f 938/385/110 52/385/99 937/385/98
f 608/385/112 605/385/113 58/385/109
f 52/385/99 51/385/107 43/385/86
f 56/385/114 44/385/95 45/385/57
f 56/385/114 45/385/57 49/385/80
f 61/385/115 46/385/91 587/385/101
f 61/385/115 50/385/106 46/385/91
f 970/385/116 945/385/117 60/385/118
f 867/385/119 60/385/118 866/385/120
f 75/385/105 42/385/85 67/385/111
f 47/385/82 86/385/121 55/385/88
f 50/385/106 86/385/121 47/385/82
f 97/385/122 56/385/114 49/385/80
f 70/385/123 54/385/124 948/385/125 951/385/126
f 72/385/127 59/385/93 37/385/87
f 51/385/107 72/385/127 37/385/87
f 949/385/128 70/385/123 951/385/126
f 54/385/124 70/385/123 76/385/129
f 63/385/130 51/385/107 52/385/99
f 54/385/124 66/385/131 62/385/132
f 909/385/92 64/385/83 95/385/133 908/385/134
f 58/385/109 63/385/130 52/385/99
f 101/385/135 55/385/88 86/385/121
f 78/385/136 60/385/118 867/385/119 873/385/137
f 61/385/115 83/385/138 50/385/106
f 67/385/111 53/385/97 93/385/139
f 54/385/124 76/385/129 66/385/131
f 79/385/140 59/385/93 72/385/127
f 872/385/141 78/385/136 873/385/137
f 100/385/142 57/385/94 84/385/143
f 65/385/100 97/385/122 49/385/80
f 53/385/97 62/385/132 93/385/139
f 55/385/88 87/385/144 33/385/75
f 55/385/88 101/385/135 87/385/144
f 868/385/145 80/385/146 871/385/147
f 80/385/146 78/385/136 872/385/141 871/385/147
f 50/385/106 83/385/138 86/385/121
f 100/385/142 77/385/148 586/385/102
f 69/385/149 63/385/130 58/385/109
f 70/385/123 949/385/128 950/385/150
f 62/385/132 66/385/131 71/385/151
f 61/385/115 587/385/101 73/385/152
f 65/385/100 59/385/93 79/385/140
f 60/385/118 109/385/153 958/385/154 957/385/155
f 71/385/151 93/385/139 62/385/132
f 71/385/151 105/385/156 93/385/139
f 78/385/136 109/385/153 60/385/118
f 66/385/131 76/385/129 617/385/157
f 68/385/103 33/385/75 87/385/144
f 63/385/130 69/385/149 81/385/158
f 81/385/158 51/385/107 63/385/130
f 95/385/133 64/385/83 75/385/105
f 79/385/140 97/385/122 65/385/100
f 77/385/148 73/385/152 587/385/101
f 113/385/159 67/385/111 93/385/139
f 71/385/151 66/385/131 89/385/160
f 70/385/123 102/385/161 76/385/129
f 68/385/103 117/385/162 82/385/104
f 72/385/127 51/385/107 81/385/158
f 910/385/163 908/385/134 95/385/133
f 959/385/164 102/385/161 70/385/123 950/385/150
f 119/385/165 84/385/143 56/385/114
f 61/385/115 96/385/166 83/385/138
f 119/385/165 56/385/114 97/385/122
f 94/385/167 61/385/115 73/385/152
f 96/385/166 61/385/115 94/385/167
f 90/385/168 79/385/140 72/385/127
f 956/385/169 958/385/154 109/385/153
f 83/385/138 103/385/170 86/385/121
f 82/385/104 85/385/171 74/385/172
f 81/385/158 90/385/168 72/385/127
f 78/385/136 115/385/173 109/385/153
f 76/385/129 102/385/161 112/385/174
f 95/385/133 75/385/105 146/385/175
f 617/385/157 76/385/129 112/385/174
f 85/385/171 81/385/158 74/385/172
f 91/385/176 105/385/156 71/385/151
f 91/385/176 71/385/151 89/385/160
f 127/385/177 73/385/152 77/385/148
f 80/385/146 115/385/173 78/385/136
f 97/385/122 79/385/140 116/385/178
f 75/385/105 67/385/111 113/385/159
f 146/385/175 75/385/105 113/385/159
f 80/385/146 133/385/179 115/385/173
f 94/385/167 73/385/152 106/385/180
f 106/385/180 73/385/152 127/385/177
f 116/385/178 79/385/140 90/385/168
f 68/385/103 120/385/181 117/385/162
f 133/385/179 869/385/182 870/385/183
f 83/385/138 138/385/184 103/385/170
f 869/385/182 133/385/179 80/385/146 868/385/145
f 89/385/160 617/385/157 99/385/185
f 85/385/171 90/385/168 81/385/158
f 86/385/121 103/385/170 101/385/135
f 88/385/186 654/385/187 653/385/188
f 98/385/189 656/385/190 655/385/191
f 141/385/192 97/385/122 116/385/178
f 68/385/103 87/385/144 120/385/181
f 110/385/193 100/385/142 84/385/143
f 91/385/176 89/385/160 108/385/194
f 82/385/104 117/385/162 85/385/171
f 89/385/160 99/385/185 108/385/194
f 96/385/166 138/385/184 83/385/138
f 109/385/153 115/385/173 132/385/195
f 90/385/168 85/385/171 114/385/196
f 110/385/193 84/385/143 119/385/165
f 88/385/186 653/385/188 656/385/190 98/385/189
f 104/385/197 92/385/198 88/385/186
f 98/385/189 104/385/197 88/385/186
f 94/385/167 118/385/199 96/385/166
f 134/385/200 118/385/199 94/385/167
f 87/385/144 156/385/201 120/385/181
f 92/385/198 658/385/202 657/385/203 88/385/186
f 88/385/186 657/385/203 654/385/187
f 90/385/168 114/385/196 116/385/178
f 106/385/180 128/385/204 94/385/167
f 128/385/204 134/385/200 94/385/167
f 160/385/205 101/385/135 103/385/170
f 95/385/133 145/385/206 916/385/207 910/385/163
f 96/385/166 118/385/199 138/385/184
f 122/385/208 92/385/198 609/385/209
f 92/385/198 123/385/210 107/385/211
f 141/385/192 119/385/165 97/385/122
f 108/385/194 99/385/185 121/385/212
f 99/385/185 628/385/213 121/385/212
f 156/385/201 87/385/144 101/385/135
f 160/385/205 156/385/201 101/385/135
f 104/385/197 154/385/214 123/385/210
f 92/385/198 104/385/197 123/385/210
f 917/385/215 916/385/207 145/385/206
f 658/385/202 92/385/198 122/385/208 666/385/216
f 137/385/217 98/385/189 665/385/218 661/385/219
f 98/385/189 655/385/191 665/385/218
f 123/385/210 144/385/220 107/385/211
f 102/385/161 959/385/164 960/385/221
f 953/385/222 135/385/223 102/385/161 960/385/221
f 152/385/224 100/385/142 110/385/193
f 152/385/224 161/385/225 100/385/142
f 125/385/226 105/385/156 91/385/176
f 146/385/175 145/385/206 95/385/133
f 85/385/171 117/385/162 114/385/196
f 91/385/176 108/385/194 151/385/227
f 109/385/153 130/385/228 955/385/229 956/385/169
f 134/385/200 139/385/230 118/385/199
f 108/385/194 121/385/212 131/385/231
f 151/385/227 108/385/194 625/385/232
f 132/385/195 130/385/228 109/385/153
f 127/385/177 174/385/233 106/385/180
f 163/385/234 146/385/175 113/385/159
f 135/385/223 124/385/235 112/385/174
f 125/385/226 91/385/176 151/385/227
f 163/385/234 113/385/159 165/385/236
f 628/385/213 124/385/235 183/385/237
f 114/385/196 150/385/238 116/385/178
f 153/385/239 119/385/165 141/385/192
f 115/385/173 181/385/240 132/385/195
f 150/385/238 141/385/192 116/385/178
f 165/385/236 105/385/156 129/385/241
f 103/385/170 162/385/242 160/385/205
f 103/385/170 138/385/184 162/385/242
f 128/385/204 106/385/180 143/385/243
f 143/385/243 106/385/180 174/385/233
f 954/385/244 955/385/229 130/385/228
f 126/385/245 111/385/246 107/385/211
f 117/385/162 150/385/238 114/385/196
f 117/385/162 120/385/181 150/385/238
f 164/385/247 127/385/177 161/385/225
f 133/385/179 181/385/240 115/385/173
f 126/385/245 107/385/211 144/385/220
f 154/385/214 104/385/197 98/385/189
f 133/385/179 870/385/183 875/385/248
f 118/385/199 139/385/230 138/385/184
f 153/385/239 110/385/193 119/385/165
f 153/385/239 152/385/224 110/385/193
f 129/385/241 105/385/156 125/385/226
f 122/385/208 609/385/209 167/385/249
f 136/385/250 111/385/246 126/385/245
f 134/385/200 149/385/251 139/385/230
f 137/385/217 661/385/219 659/385/252
f 121/385/212 140/385/253 131/385/231
f 120/385/181 169/385/254 150/385/238
f 203/385/255 125/385/226 151/385/227
f 600/385/256 167/385/249 609/385/209
f 606/385/257 138/385/184 139/385/230
f 140/385/253 148/385/258 131/385/231
f 136/385/250 126/385/245 147/385/259
f 174/385/233 127/385/177 164/385/247
f 143/385/243 142/385/260 128/385/204
f 156/385/201 169/385/254 120/385/181
f 874/385/261 181/385/240 133/385/179 875/385/248
f 166/385/262 149/385/251 134/385/200
f 664/385/263 122/385/208 158/385/264 663/385/265
f 157/385/266 134/385/200 128/385/204
f 157/385/266 166/385/262 134/385/200
f 154/385/214 137/385/217 178/385/267
f 173/385/268 625/385/232 155/385/269
f 155/385/269 131/385/231 148/385/258
f 156/385/201 160/385/205 191/385/270
f 162/385/242 138/385/184 606/385/257
f 917/385/215 145/385/206 915/385/271
f 129/385/241 125/385/226 203/385/255
f 149/385/251 195/385/272 606/385/257
f 139/385/230 149/385/251 606/385/257
f 141/385/192 150/385/238 182/385/273
f 141/385/192 182/385/273 153/385/239
f 144/385/220 123/385/210 168/385/274
f 178/385/267 137/385/217 659/385/252 660/385/275
f 126/385/245 144/385/220 172/385/276
f 189/385/277 146/385/175 163/385/234
f 126/385/245 177/385/278 147/385/259
f 177/385/278 126/385/245 172/385/276
f 145/385/206 146/385/175 189/385/277
f 172/385/276 144/385/220 168/385/274
f 158/385/264 122/385/208 167/385/249
f 175/385/279 136/385/250 159/385/280
f 159/385/280 136/385/250 147/385/259
f 178/385/267 660/385/275 678/385/281
f 140/385/253 184/385/282 148/385/258
f 140/385/253 183/385/237 184/385/282
f 158/385/264 662/385/283 663/385/265
f 154/385/214 170/385/284 123/385/210
f 123/385/210 170/385/284 168/385/274
f 124/385/235 135/385/223 224/385/285
f 155/385/269 148/385/258 171/385/286
f 169/385/254 182/385/273 150/385/238
f 204/385/287 151/385/227 173/385/268
f 203/385/255 151/385/227 204/385/287
f 197/385/288 152/385/224 153/385/239
f 197/385/288 621/385/289 152/385/224
f 195/385/272 230/385/290 606/385/257
f 182/385/273 197/385/288 153/385/239
f 176/385/291 159/385/280 147/385/259
f 157/385/266 142/385/260 982/385/292 983/385/293
f 165/385/236 627/385/294 163/385/234
f 171/385/286 148/385/258 201/385/295
f 148/385/258 184/385/282 201/385/295
f 156/385/201 191/385/270 169/385/254
f 874/385/261 876/385/296 181/385/240
f 180/385/297 165/385/236 129/385/241
f 132/385/195 196/385/298 185/385/299
f 160/385/205 187/385/300 191/385/270
f 170/385/284 154/385/214 178/385/267
f 961/385/301 198/385/302 135/385/223 953/385/222
f 135/385/223 198/385/302 224/385/285
f 915/385/271 145/385/206 189/385/277 914/385/303
f 143/385/243 209/385/304 142/385/260
f 982/385/292 142/385/260 209/385/304 984/385/305
f 196/385/298 132/385/195 181/385/240
f 162/385/242 187/385/300 160/385/205
f 606/385/257 230/385/290 162/385/242
f 183/385/237 124/385/235 205/385/306
f 162/385/242 236/385/307 187/385/300
f 155/385/269 171/385/286 194/385/308
f 172/385/276 168/385/274 208/385/309
f 130/385/228 132/385/195 185/385/299
f 167/385/249 600/385/256 601/385/310
f 130/385/228 952/385/311 954/385/244
f 198/385/302 961/385/301 962/385/312
f 191/385/270 200/385/313 169/385/254
f 202/385/314 159/385/280 176/385/291
f 190/385/315 175/385/279 159/385/280
f 124/385/235 224/385/285 226/385/316
f 124/385/235 226/385/316 205/385/306
f 193/385/317 143/385/243 174/385/233
f 193/385/317 209/385/304 143/385/243
f 973/385/318 166/385/262 157/385/266 971/385/319
f 130/385/228 185/385/299 969/385/320 952/385/311
f 230/385/290 236/385/307 162/385/242
f 168/385/274 170/385/284 192/385/321
f 168/385/274 192/385/321 208/385/309
f 217/385/322 149/385/251 166/385/262
f 202/385/314 186/385/323 159/385/280
f 186/385/323 190/385/315 159/385/280
f 169/385/254 200/385/313 182/385/273
f 189/385/277 163/385/234 627/385/294
f 173/385/268 155/385/269 214/385/324
f 212/385/325 177/385/278 172/385/276
f 171/385/286 201/385/295 211/385/326
f 194/385/308 171/385/286 211/385/326
f 204/385/287 173/385/268 260/385/327
f 193/385/317 174/385/233 164/385/247
f 188/385/328 175/385/279 190/385/315
f 177/385/278 206/385/329 147/385/259
f 206/385/329 176/385/291 147/385/259
f 170/385/284 178/385/267 192/385/321
f 206/385/329 177/385/278 227/385/330
f 158/385/264 167/385/249 199/385/331
f 662/385/283 158/385/264 199/385/331 681/385/332
f 149/385/251 217/385/322 195/385/272
f 196/385/298 181/385/240 876/385/296 885/385/333
f 183/385/237 219/385/334 184/385/282
f 200/385/313 197/385/288 182/385/273
f 217/385/322 166/385/262 974/385/335 975/385/336
f 183/385/237 205/385/306 222/385/337
f 183/385/237 222/385/337 219/385/334
f 971/385/319 157/385/266 983/385/293
f 233/385/338 193/385/317 164/385/247
f 172/385/276 208/385/309 212/385/325
f 913/385/339 207/385/340 911/385/341
f 914/385/303 189/385/277 207/385/340 913/385/339
f 969/385/320 185/385/299 968/385/342
f 621/385/289 232/385/343 179/385/344
f 972/385/345 974/385/335 166/385/262
f 214/385/324 155/385/269 194/385/308
f 184/385/282 219/385/334 201/385/295
f 877/385/346 878/385/347 968/385/342 185/385/299
f 166/385/262 973/385/318 972/385/345
f 187/385/300 223/385/348 191/385/270
f 260/385/327 173/385/268 214/385/324
f 185/385/299 196/385/298 883/385/349 877/385/346
f 197/385/288 232/385/343 621/385/289
f 627/385/294 207/385/340 189/385/277
f 177/385/278 212/385/325 227/385/330
f 210/385/350 188/385/328 190/385/315
f 190/385/315 186/385/323 241/385/351
f 179/385/344 233/385/338 164/385/247
f 267/385/352 204/385/287 260/385/327
f 223/385/348 200/385/313 191/385/270
f 220/385/353 180/385/297 129/385/241
f 220/385/353 129/385/241 203/385/255
f 251/385/354 203/385/255 204/385/287
f 192/385/321 216/385/355 208/385/309
f 885/385/333 884/385/356 196/385/298
f 206/385/329 263/385/357 588/385/358
f 186/385/323 202/385/314 231/385/359
f 201/385/295 246/385/360 211/385/326
f 209/385/304 985/385/361 984/385/305
f 194/385/308 211/385/326 237/385/362
f 199/385/331 167/385/249 601/385/310
f 178/385/267 215/385/363 192/385/321
f 213/385/364 233/385/338 179/385/344
f 192/385/321 215/385/363 216/385/355
f 214/385/324 194/385/308 268/385/365
f 884/385/356 883/385/349 196/385/298
f 201/385/295 219/385/334 239/385/366
f 178/385/267 678/385/281 671/385/367
f 232/385/343 197/385/288 200/385/313
f 232/385/343 213/385/364 179/385/344
f 215/385/363 178/385/267 671/385/367 670/385/368
f 198/385/302 258/385/369 224/385/285
f 241/385/351 186/385/323 231/385/359
f 927/385/370 221/385/371 198/385/302 962/385/312
f 258/385/369 198/385/302 221/385/371
f 210/385/350 190/385/315 241/385/351
f 222/385/337 205/385/306 622/385/372
f 201/385/295 239/385/366 246/385/360
f 228/385/373 231/385/359 202/385/314
f 220/385/353 203/385/255 251/385/354
f 251/385/354 204/385/287 267/385/352
f 225/385/374 668/385/375 669/385/376
f 237/385/362 211/385/326 262/385/377
f 911/385/341 207/385/340 234/385/378 912/385/379
f 919/385/380 221/385/371 927/385/370
f 912/385/379 234/385/378 918/385/381
f 268/385/365 194/385/308 237/385/362
f 224/385/285 258/385/369 272/385/382
f 211/385/326 246/385/360 262/385/377
f 199/385/331 225/385/374 669/385/376 681/385/332
f 245/385/383 274/385/384 212/385/325
f 243/385/385 208/385/309 216/385/355
f 226/385/316 224/385/285 272/385/382
f 627/385/294 180/385/297 240/385/386
f 263/385/357 589/385/387 588/385/358
f 180/385/297 220/385/353 240/385/386
f 235/385/388 210/385/350 241/385/351
f 217/385/322 276/385/389 195/385/272
f 187/385/300 257/385/390 223/385/348
f 215/385/363 670/385/368 667/385/391
f 216/385/355 215/385/363 229/385/392
f 667/385/391 677/385/393 229/385/392 215/385/363
f 216/385/355 229/385/392 243/385/385
f 225/385/374 229/385/392 677/385/393 668/385/375
f 273/385/394 217/385/322 975/385/336 981/385/395
f 276/385/389 217/385/322 273/385/394
f 219/385/334 294/385/396 239/385/366
f 248/385/397 200/385/313 223/385/348
f 248/385/397 232/385/343 200/385/313
f 195/385/272 253/385/398 230/385/290
f 276/385/389 253/385/398 195/385/272
f 219/385/334 222/385/337 294/385/396
f 188/385/328 210/385/350 238/385/399
f 218/385/400 188/385/328 238/385/399
f 245/385/383 212/385/325 208/385/309
f 257/385/390 248/385/397 223/385/348
f 208/385/309 243/385/385 245/385/383
f 919/385/380 920/385/401 255/385/402 221/385/371
f 205/385/306 226/385/316 622/385/372
f 268/385/365 237/385/362 277/385/403
f 226/385/316 272/385/382 266/385/404
f 284/385/405 214/385/324 268/385/365
f 236/385/307 257/385/390 187/385/300
f 297/385/406 227/385/330 274/385/384
f 918/385/381 234/385/378 255/385/402 920/385/401
f 231/385/359 228/385/373 244/385/407
f 225/385/374 199/385/331 247/385/408
f 218/385/400 247/385/408 199/385/331
f 206/385/329 227/385/330 263/385/357
f 227/385/330 212/385/325 274/385/384
f 275/385/409 193/385/317 233/385/338
f 253/385/398 236/385/307 230/385/290
f 253/385/398 303/385/410 236/385/307
f 241/385/351 231/385/359 283/385/411
f 244/385/407 283/385/411 231/385/359
f 284/385/405 260/385/327 214/385/324
f 233/385/338 256/385/412 275/385/409
f 234/385/378 278/385/413 255/385/402
f 213/385/364 232/385/343 248/385/397
f 622/385/372 226/385/316 266/385/404
f 882/385/414 242/385/415 880/385/416
f 221/385/371 255/385/402 258/385/369
f 985/385/361 209/385/304 293/385/417 986/385/418
f 247/385/408 229/385/392 225/385/374
f 303/385/410 257/385/390 236/385/307
f 237/385/362 262/385/377 290/385/419
f 256/385/412 233/385/338 213/385/364
f 322/385/420 260/385/327 284/385/405
f 265/385/421 210/385/350 235/385/388
f 238/385/399 210/385/350 265/385/421
f 277/385/403 237/385/362 290/385/419
f 240/385/386 278/385/413 234/385/378
f 881/385/422 242/385/415 882/385/414
f 244/385/407 228/385/373 279/385/423
f 264/385/424 243/385/385 229/385/392
f 229/385/392 247/385/408 264/385/424
f 218/385/400 238/385/399 287/385/425
f 246/385/360 239/385/366 311/385/426
f 272/385/382 258/385/369 289/385/427
f 273/385/394 981/385/395 979/385/428
f 222/385/337 622/385/372 294/385/396
f 622/385/372 266/385/404 299/385/429
f 243/385/385 264/385/424 245/385/383
f 228/385/373 259/385/430 279/385/423
f 241/385/351 283/385/411 235/385/388
f 242/385/415 252/385/431 879/385/432 880/385/416
f 290/385/419 262/385/377 296/385/433
f 249/385/434 242/385/415 261/385/435
f 242/385/415 249/385/434 252/385/431
f 240/385/386 220/385/353 298/385/436
f 298/385/436 278/385/413 240/385/386
f 261/385/435 242/385/415 881/385/422 906/385/437
f 293/385/417 209/385/304 193/385/317
f 245/385/383 281/385/438 274/385/384
f 262/385/377 246/385/360 302/385/439
f 246/385/360 311/385/426 302/385/439
f 286/385/440 258/385/369 255/385/402
f 305/385/441 256/385/412 213/385/364
f 254/385/442 672/385/443 673/385/444
f 254/385/442 673/385/444 674/385/445 332/385/446
f 686/385/447 923/385/448 332/385/446 674/385/445
f 250/385/449 680/385/450 679/385/451
f 680/385/450 250/385/449 270/385/452 675/385/453
f 250/385/449 679/385/451 672/385/443 254/385/442
f 292/385/454 220/385/353 251/385/354
f 298/385/436 220/385/353 292/385/454
f 218/385/400 271/385/455 247/385/408
f 271/385/455 218/385/400 287/385/425
f 287/385/425 238/385/399 265/385/421
f 245/385/383 264/385/424 281/385/438
f 267/385/352 315/385/456 251/385/354
f 292/385/454 251/385/354 315/385/456
f 293/385/417 994/385/457 986/385/418
f 270/385/452 676/385/458 675/385/453
f 255/385/402 278/385/413 286/385/440
f 252/385/431 249/385/434 269/385/459
f 325/385/460 268/385/365 277/385/403
f 289/385/427 258/385/369 286/385/440
f 280/385/461 707/385/462 676/385/458 270/385/452
f 264/385/424 247/385/408 271/385/455
f 267/385/352 260/385/327 322/385/420
f 248/385/397 257/385/390 305/385/441
f 889/385/463 879/385/432 252/385/431
f 281/385/438 264/385/424 271/385/455
f 318/385/464 256/385/412 305/385/441
f 311/385/426 239/385/366 340/385/465
f 294/385/396 340/385/465 239/385/366
f 249/385/434 261/385/435 288/385/466
f 244/385/407 285/385/467 283/385/411
f 285/385/467 244/385/407 279/385/423
f 302/385/439 296/385/433 262/385/377
f 270/385/452 250/385/449 308/385/468
f 287/385/425 265/385/421 341/385/469
f 298/385/436 286/385/440 278/385/413
f 284/385/405 268/385/365 325/385/460
f 337/385/470 259/385/430 589/385/387
f 309/385/471 265/385/421 235/385/388
f 250/385/449 254/385/442 317/385/472
f 308/385/468 250/385/449 317/385/472
f 280/385/461 270/385/452 304/385/473
f 304/385/473 270/385/452 308/385/468
f 317/385/472 254/385/442 332/385/446
f 979/385/428 978/385/474 273/385/394
f 318/385/464 275/385/409 256/385/412
f 289/385/427 266/385/404 272/385/382
f 321/385/475 293/385/417 275/385/409
f 276/385/389 307/385/476 253/385/398
f 253/385/398 307/385/476 310/385/477
f 344/385/478 283/385/411 285/385/467
f 318/385/464 321/385/475 275/385/409
f 276/385/389 333/385/479 307/385/476
f 325/385/460 277/385/403 604/385/480
f 249/385/434 288/385/466 590/385/481
f 892/385/482 261/385/435 906/385/437
f 707/385/462 280/385/461 295/385/483 706/385/484
f 280/385/461 301/385/485 295/385/483
f 291/385/486 257/385/390 303/385/410
f 253/385/398 310/385/477 303/385/410
f 350/385/487 285/385/467 279/385/423
f 338/385/488 267/385/352 322/385/420
f 274/385/384 281/385/438 328/385/489
f 297/385/406 274/385/384 328/385/489
f 269/385/459 603/385/490 615/385/491
f 314/385/492 283/385/411 344/385/478
f 286/385/440 298/385/436 289/385/427
f 336/385/493 344/385/478 285/385/467
f 336/385/493 285/385/467 350/385/487
f 314/385/492 235/385/388 283/385/411
f 309/385/471 235/385/388 314/385/492
f 337/385/470 279/385/423 259/385/430
f 271/385/455 287/385/425 323/385/494
f 341/385/469 323/385/494 287/385/425
f 280/385/461 304/385/473 301/385/485
f 327/385/495 300/385/496 288/385/466
f 306/385/497 288/385/466 300/385/496
f 994/385/457 293/385/417 343/385/498 987/385/499
f 302/385/439 311/385/426 592/385/500
f 921/385/501 332/385/446 923/385/448
f 290/385/419 296/385/433 331/385/502
f 352/385/503 602/385/504 331/385/502
f 295/385/483 301/385/485 330/385/505
f 281/385/438 271/385/455 323/385/494
f 352/385/503 604/385/480 602/385/504
f 343/385/498 293/385/417 321/385/475
f 294/385/396 363/385/506 340/385/465
f 589/385/387 312/385/507 370/385/508
f 331/385/502 296/385/433 347/385/509
f 320/385/510 269/385/459 590/385/481
f 708/385/511 706/385/484 295/385/483
f 312/385/507 297/385/406 328/385/489
f 341/385/469 265/385/421 309/385/471
f 300/385/496 316/385/512 306/385/497
f 289/385/427 298/385/436 326/385/513
f 326/385/513 298/385/436 292/385/454
f 328/385/489 281/385/438 323/385/494
f 294/385/396 299/385/429 363/385/506
f 288/385/466 261/385/435 327/385/495
f 306/385/497 319/385/514 282/385/515
f 364/385/516 279/385/423 337/385/470
f 279/385/423 364/385/516 350/385/487
f 316/385/512 300/385/496 353/385/517
f 300/385/496 327/385/495 353/385/517
f 308/385/468 329/385/518 304/385/473
f 296/385/433 302/385/439 342/385/519
f 592/385/500 342/385/519 302/385/439
f 326/385/513 292/385/454 315/385/456
f 335/385/520 318/385/464 305/385/441
f 335/385/520 305/385/441 291/385/486
f 289/385/427 326/385/513 591/385/521
f 319/385/514 306/385/497 316/385/512
f 337/385/470 589/385/387 370/385/508
f 295/385/483 330/385/505 324/385/522
f 295/385/483 324/385/522 688/385/523 709/385/524
f 308/385/468 334/385/525 329/385/518
f 313/385/526 330/385/505 301/385/485
f 371/385/527 282/385/515 319/385/514
f 295/385/483 709/385/524 708/385/511
f 320/385/510 282/385/515 371/385/527
f 312/385/507 328/385/489 349/385/528
f 308/385/468 317/385/472 339/385/529
f 334/385/525 308/385/468 339/385/529
f 331/385/502 347/385/509 365/385/530
f 314/385/492 344/385/478 395/385/531
f 371/385/527 319/385/514 357/385/532
f 311/385/426 359/385/533 592/385/500
f 340/385/465 359/385/533 311/385/426
f 370/385/508 312/385/507 349/385/528
f 341/385/469 309/385/471 376/385/534
f 382/385/535 337/385/470 370/385/508
f 309/385/471 314/385/492 395/385/531
f 315/385/456 267/385/352 338/385/488
f 326/385/513 315/385/456 362/385/536
f 362/385/536 315/385/456 338/385/488
f 344/385/478 336/385/493 387/385/537
f 301/385/485 356/385/538 313/385/526
f 367/385/539 318/385/464 335/385/520
f 321/385/475 318/385/464 367/385/539
f 380/385/540 593/385/541 348/385/542
f 618/385/543 333/385/479 980/385/544 977/385/545
f 330/385/505 313/385/526 345/385/546
f 323/385/494 341/385/469 328/385/489
f 329/385/518 334/385/525 369/385/547
f 317/385/472 332/385/446 594/385/548
f 339/385/529 317/385/472 594/385/548
f 310/385/477 368/385/549 303/385/410
f 303/385/410 368/385/549 291/385/486
f 327/385/495 366/385/550 353/385/517
f 887/385/551 327/385/495 893/385/552
f 886/385/553 366/385/550 327/385/495 887/385/551
f 336/385/493 350/385/487 377/385/554
f 349/385/528 328/385/489 351/385/555
f 328/385/489 341/385/469 351/385/555
f 324/385/522 611/385/556 358/385/557
f 345/385/546 374/385/558 611/385/556
f 331/385/502 365/385/530 346/385/559
f 355/385/560 307/385/476 333/385/479
f 307/385/476 355/385/560 310/385/477
f 347/385/509 296/385/433 342/385/519
f 378/385/561 322/385/420 373/385/562
f 404/385/563 334/385/525 339/385/529
f 369/385/547 334/385/525 404/385/563
f 375/385/564 320/385/510 371/385/527
f 332/385/446 921/385/501 922/385/565
f 926/385/566 594/385/548 332/385/446 922/385/565
f 324/385/522 360/385/567 687/385/568 688/385/523
f 382/385/535 364/385/516 337/385/470
f 382/385/535 391/385/569 364/385/516
f 338/385/488 322/385/420 378/385/561
f 362/385/536 338/385/488 392/385/570
f 989/385/571 988/385/572 388/385/573
f 343/385/498 388/385/573 988/385/572 987/385/499
f 376/385/534 309/385/471 395/385/531
f 340/385/465 363/385/506 361/385/574
f 340/385/465 361/385/574 359/385/533
f 591/385/521 326/385/513 362/385/536
f 291/385/486 368/385/549 335/385/520
f 313/385/526 379/385/575 345/385/546
f 313/385/526 356/385/538 379/385/575
f 367/385/539 343/385/498 321/385/475
f 905/385/576 904/385/577 616/385/578
f 347/385/509 418/385/579 420/385/580
f 365/385/530 347/385/509 420/385/580
f 356/385/538 398/385/581 426/385/582
f 316/385/512 383/385/583 348/385/542
f 370/385/508 349/385/528 403/385/584
f 382/385/535 370/385/508 423/385/585
f 350/385/487 416/385/586 377/385/554
f 350/385/487 364/385/516 416/385/586
f 386/385/587 353/385/517 366/385/550
f 372/385/588 320/385/510 375/385/564
f 354/385/589 591/385/521 362/385/536
f 396/385/590 352/385/503 400/385/591
f 341/385/469 376/385/534 351/385/555
f 316/385/512 353/385/517 381/385/592
f 381/385/592 353/385/517 386/385/587
f 383/385/583 316/385/512 381/385/592
f 392/385/570 338/385/488 378/385/561
f 379/385/575 356/385/538 426/385/582
f 412/385/593 407/385/594 357/385/532
f 387/385/537 336/385/493 385/385/595
f 456/385/596 624/385/597 396/385/590
f 389/385/598 375/385/564 371/385/527
f 349/385/528 351/385/555 403/385/584
f 354/385/589 362/385/536 405/385/599
f 361/385/574 430/385/600 359/385/533
f 359/385/533 430/385/600 384/385/601
f 383/385/583 444/385/602 348/385/542
f 380/385/540 348/385/542 421/385/603
f 348/385/542 444/385/602 421/385/603
f 406/385/604 367/385/539 335/385/520
f 335/385/520 368/385/549 406/385/604
f 592/385/500 436/385/605 342/385/519
f 592/385/500 384/385/601 436/385/605
f 405/385/599 362/385/536 392/385/570
f 365/385/530 420/385/580 448/385/606
f 391/385/569 416/385/586 364/385/516
f 386/385/587 366/385/550 428/385/607
f 398/385/581 369/385/547 413/385/608
f 369/385/547 404/385/563 413/385/608
f 345/385/546 379/385/575 610/385/609
f 379/385/575 426/385/582 446/385/610
f 360/385/567 324/385/522 358/385/557
f 343/385/498 367/385/539 425/385/611
f 370/385/508 403/385/584 423/385/585
f 346/385/559 365/385/530 415/385/612
f 395/385/531 344/385/478 393/385/613
f 342/385/519 436/385/605 418/385/579
f 339/385/529 397/385/614 404/385/563
f 405/385/599 361/385/574 354/385/589
f 351/385/555 376/385/534 390/385/615
f 403/385/584 351/385/555 390/385/615
f 449/385/616 620/385/617 992/385/618 991/385/619
f 339/385/529 594/385/548 397/385/614
f 381/385/592 386/385/587 414/385/620
f 683/385/621 394/385/622 594/385/548 682/385/623
f 423/385/585 410/385/624 382/385/535
f 397/385/614 594/385/548 394/385/622
f 376/385/534 395/385/531 390/385/615
f 377/385/554 416/385/586 447/385/625
f 366/385/550 886/385/553 888/385/626 408/385/627
f 898/385/628 408/385/627 888/385/626
f 689/385/629 687/385/568 360/385/567
f 385/385/595 336/385/493 377/385/554
f 385/385/595 377/385/554 447/385/625
f 610/385/609 379/385/575 446/385/610
f 346/385/559 415/385/612 424/385/630
f 383/385/583 381/385/592 414/385/620
f 429/385/631 375/385/564 389/385/598
f 410/385/624 391/385/569 382/385/535
f 400/385/591 346/385/559 424/385/630
f 365/385/530 448/385/606 415/385/612
f 894/385/632 905/385/576 616/385/578
f 400/385/591 424/385/630 453/385/633
f 412/385/593 380/385/540 409/385/634
f 455/385/635 444/385/602 383/385/583
f 401/385/636 360/385/567 358/385/557
f 366/385/550 408/385/627 428/385/607
f 361/385/574 405/385/599 430/385/600
f 384/385/601 477/385/637 436/385/605
f 417/385/638 387/385/537 385/385/595
f 388/385/573 990/385/639 989/385/571
f 414/385/620 386/385/587 459/385/640
f 386/385/587 428/385/607 459/385/640
f 612/385/641 406/385/604 368/385/549
f 616/385/578 419/385/642 895/385/643 894/385/632
f 372/385/588 375/385/564 402/385/644
f 425/385/611 388/385/573 343/385/498
f 411/385/645 399/385/646 374/385/558
f 618/385/543 449/385/616 438/385/647
f 437/385/648 358/385/557 399/385/646
f 360/385/567 422/385/649 702/385/650 689/385/629
f 612/385/641 355/385/560 438/385/647
f 394/385/622 683/385/621 684/385/651
f 449/385/616 991/385/619 1004/385/652
f 406/385/604 425/385/611 367/385/539
f 390/385/615 395/385/531 431/385/653
f 455/385/635 383/385/583 414/385/620
f 456/385/596 396/385/590 485/385/654
f 402/385/644 375/385/564 429/385/631
f 485/385/654 396/385/590 400/385/591
f 409/385/634 380/385/540 421/385/603
f 398/385/581 413/385/608 461/385/655
f 416/385/586 473/385/656 613/385/657
f 431/385/653 395/385/531 393/385/613
f 485/385/654 400/385/591 453/385/633
f 437/385/648 401/385/636 358/385/557
f 473/385/656 416/385/586 391/385/569
f 965/385/658 963/385/659 475/385/660
f 420/385/580 418/385/579 500/385/661
f 596/385/662 394/385/622 684/385/651 703/385/663
f 422/385/649 360/385/567 401/385/636
f 427/385/664 408/385/627 898/385/628 897/385/665
f 897/385/665 896/385/666 427/385/664
f 963/385/659 964/385/667 475/385/660
f 424/385/630 415/385/612 454/385/668
f 435/385/669 412/385/593 409/385/634
f 471/385/670 412/385/593 435/385/669
f 398/385/581 461/385/655 426/385/582
f 471/385/670 407/385/594 412/385/593
f 403/385/584 390/385/615 434/385/671
f 432/385/672 403/385/584 434/385/671
f 434/385/671 390/385/615 431/385/653
f 612/385/641 483/385/673 406/385/604
f 415/385/612 448/385/606 462/385/674
f 454/385/668 415/385/612 462/385/674
f 425/385/611 598/385/675 388/385/573
f 419/385/642 427/385/664 896/385/666 895/385/643
f 403/385/584 432/385/672 423/385/585
f 438/385/647 483/385/673 612/385/641
f 460/385/676 431/385/653 393/385/613
f 409/385/634 421/385/603 468/385/677
f 406/385/604 478/385/678 425/385/611
f 701/385/679 451/385/680 699/385/681
f 467/385/682 437/385/648 399/385/646
f 418/385/579 465/385/683 500/385/661
f 596/385/662 704/385/684 705/385/685
f 428/385/607 408/385/627 443/385/686
f 408/385/627 427/385/664 443/385/686
f 452/385/687 389/385/598 407/385/594
f 429/385/631 389/385/598 452/385/687
f 458/385/688 393/385/613 387/385/537
f 420/385/580 500/385/661 494/385/689
f 448/385/606 420/385/580 494/385/689
f 440/385/690 419/385/642 402/385/644
f 440/385/690 402/385/644 429/385/631
f 456/385/596 485/385/654 530/385/691
f 424/385/630 454/385/668 511/385/692
f 705/385/685 700/385/693 442/385/694 596/385/662
f 409/385/634 468/385/677 464/385/695
f 474/385/696 439/385/697 610/385/609
f 449/385/616 469/385/698 438/385/647
f 475/385/660 966/385/699 965/385/658
f 451/385/680 442/385/694 700/385/693 699/385/681
f 424/385/630 511/385/692 453/385/633
f 404/385/563 397/385/614 596/385/662
f 460/385/676 393/385/613 458/385/688
f 419/385/642 440/385/690 443/385/686
f 467/385/682 399/385/646 411/385/645
f 495/385/700 421/385/603 444/385/602
f 495/385/700 468/385/677 421/385/603
f 427/385/664 419/385/642 443/385/686
f 460/385/676 434/385/671 431/385/653
f 500/385/661 465/385/683 527/385/701
f 436/385/605 477/385/637 512/385/702
f 465/385/683 436/385/605 512/385/702
f 478/385/678 406/385/604 483/385/673
f 413/385/608 404/385/563 457/385/703
f 413/385/608 457/385/703 607/385/704
f 445/385/705 619/385/706 472/385/707
f 440/385/690 429/385/631 463/385/708
f 457/385/703 404/385/563 442/385/694
f 482/385/709 428/385/607 443/385/686
f 459/385/640 428/385/607 482/385/709
f 466/385/710 437/385/648 467/385/682
f 473/385/656 391/385/569 497/385/711
f 443/385/686 440/385/690 463/385/708
f 518/385/712 449/385/616 1004/385/652 1002/385/713
f 438/385/647 469/385/698 483/385/673
f 439/385/697 474/385/696 480/385/714
f 391/385/569 410/385/624 497/385/711
f 502/385/715 422/385/649 401/385/636
f 470/385/716 407/385/594 471/385/670
f 452/385/687 407/385/594 470/385/716
f 448/385/606 494/385/689 462/385/674
f 426/385/582 461/385/655 492/385/717
f 426/385/582 492/385/717 446/385/610
f 455/385/635 414/385/620 487/385/718
f 487/385/718 414/385/620 459/385/640
f 484/385/719 433/385/720 445/385/705
f 484/385/719 441/385/721 433/385/720
f 435/385/669 450/385/722 486/385/723
f 423/385/585 432/385/672 501/385/724
f 457/385/703 442/385/694 451/385/680
f 511/385/692 454/385/668 489/385/725
f 479/385/726 595/385/727 499/385/728
f 481/385/729 417/385/638 595/385/727
f 506/385/730 458/385/688 417/385/638
f 443/385/686 463/385/708 482/385/709
f 455/385/635 495/385/700 444/385/602
f 472/385/707 484/385/719 445/385/705
f 534/385/731 434/385/671 460/385/676
f 477/385/637 384/385/601 490/385/732
f 518/385/712 469/385/698 449/385/616
f 417/385/638 481/385/729 506/385/730
f 498/385/733 429/385/631 452/385/687
f 507/385/734 453/385/633 511/385/692
f 461/385/655 413/385/608 607/385/704
f 499/385/728 613/385/657 556/385/735
f 530/385/691 521/385/736 456/385/596
f 507/385/734 485/385/654 453/385/633
f 410/385/624 423/385/585 501/385/724
f 411/385/645 510/385/737 476/385/738
f 467/385/682 411/385/645 476/385/738
f 488/385/739 422/385/649 502/385/715
f 966/385/699 475/385/660 597/385/740 967/385/741
f 461/385/655 496/385/742 492/385/717
f 432/385/672 434/385/671 534/385/731
f 454/385/668 462/385/674 491/385/743
f 466/385/710 538/385/744 437/385/648
f 437/385/648 538/385/744 502/385/715
f 465/385/683 512/385/702 527/385/701
f 498/385/733 452/385/687 470/385/716
f 501/385/724 432/385/672 534/385/731
f 471/385/670 435/385/669 493/385/745
f 493/385/745 435/385/669 486/385/723
f 459/385/640 482/385/709 487/385/718
f 498/385/733 463/385/708 429/385/631
f 497/385/711 410/385/624 501/385/724
f 489/385/725 454/385/668 491/385/743
f 478/385/678 516/385/746 598/385/675
f 464/385/695 503/385/747 450/385/722
f 484/385/719 472/385/707 523/385/748
f 524/385/749 479/385/726 499/385/728
f 495/385/700 455/385/635 541/385/750
f 541/385/750 455/385/635 487/385/718
f 439/385/697 480/385/714 510/385/737
f 539/385/751 468/385/677 495/385/700
f 446/385/610 515/385/752 474/385/696
f 446/385/610 492/385/717 515/385/752
f 469/385/698 540/385/753 483/385/673
f 548/385/754 471/385/670 493/385/745
f 473/385/656 497/385/711 525/385/755
f 899/385/756 597/385/740 902/385/757
f 566/385/758 462/385/674 494/385/689
f 491/385/743 462/385/674 566/385/758
f 556/385/735 473/385/656 525/385/755
f 519/385/759 467/385/682 476/385/738
f 464/385/695 468/385/677 514/385/760
f 494/385/689 500/385/661 544/385/761
f 482/385/709 463/385/708 508/385/762
f 498/385/733 508/385/762 463/385/708
f 482/385/709 509/385/763 487/385/718
f 512/385/702 477/385/637 536/385/764
f 477/385/637 490/385/732 536/385/764
f 510/385/737 480/385/714 577/385/765
f 504/385/766 460/385/676 458/385/688
f 504/385/766 534/385/731 460/385/676
f 482/385/709 508/385/762 509/385/763
f 514/385/760 468/385/677 539/385/751
f 503/385/747 464/385/695 514/385/760
f 540/385/753 478/385/678 483/385/673
f 505/385/767 517/385/768 855/385/769 857/385/770
f 860/385/771 505/385/767 857/385/770
f 485/385/654 507/385/734 550/385/772
f 518/385/712 1002/385/713 1003/385/773
f 498/385/733 470/385/716 531/385/774
f 545/385/775 497/385/711 501/385/724
f 530/385/691 485/385/654 550/385/772
f 490/385/732 535/385/776 536/385/764
f 489/385/725 491/385/743 543/385/777
f 471/385/670 513/385/778 470/385/716
f 515/385/752 492/385/717 558/385/779
f 517/385/768 526/385/780 856/385/781 855/385/769
f 856/385/781 526/385/780 858/385/782
f 541/385/750 487/385/718 551/385/783
f 487/385/718 509/385/763 551/385/783
f 494/385/689 544/385/761 566/385/758
f 450/385/722 503/385/747 520/385/784
f 519/385/759 476/385/738 554/385/785
f 531/385/774 470/385/716 513/385/778
f 476/385/738 510/385/737 571/385/786
f 474/385/696 574/385/787 480/385/714
f 474/385/696 515/385/752 574/385/787
f 518/385/712 540/385/753 469/385/698
f 516/385/746 996/385/788 995/385/789
f 481/385/729 479/385/726 542/385/790
f 522/385/791 467/385/682 519/385/759
f 466/385/710 467/385/682 522/385/791
f 525/385/755 497/385/711 581/385/792
f 497/385/711 545/385/775 581/385/792
f 535/385/776 490/385/732 484/385/719
f 579/385/793 516/385/746 478/385/678
f 540/385/753 579/385/793 478/385/678
f 496/385/742 488/385/739 533/385/794
f 499/385/728 565/385/795 524/385/749
f 499/385/728 556/385/735 565/385/795
f 535/385/776 484/385/719 523/385/748
f 863/385/796 555/385/797 505/385/767 859/385/798
f 500/385/661 527/385/701 544/385/761
f 488/385/739 502/385/715 533/385/794
f 522/385/791 519/385/759 557/385/799
f 504/385/766 458/385/688 506/385/730
f 524/385/749 565/385/795 583/385/800
f 493/385/745 486/385/723 573/385/801
f 573/385/801 486/385/723 528/385/802
f 505/385/767 529/385/803 517/385/768
f 555/385/797 529/385/803 505/385/767
f 524/385/749 542/385/790 479/385/726
f 543/385/777 491/385/743 569/385/804
f 511/385/692 489/385/725 568/385/805
f 489/385/725 543/385/777 568/385/805
f 491/385/743 566/385/758 569/385/804
f 577/385/765 480/385/714 574/385/787
f 503/385/747 851/385/806 850/385/807 520/385/784
f 572/385/808 550/385/772 507/385/734
f 508/385/762 532/385/809 509/385/763
f 531/385/774 508/385/762 498/385/733
f 508/385/762 531/385/774 532/385/809
f 511/385/692 568/385/805 572/385/808
f 551/385/783 509/385/763 532/385/809
f 554/385/785 476/385/738 571/385/786
f 521/385/736 530/385/691 549/385/810
f 864/385/811 858/385/782 526/385/780
f 553/385/812 481/385/729 542/385/790
f 506/385/730 481/385/729 553/385/812
f 513/385/778 471/385/670 548/385/754
f 507/385/734 511/385/692 572/385/808
f 527/385/701 512/385/702 580/385/813
f 512/385/702 536/385/764 580/385/813
f 584/385/814 530/385/691 550/385/772
f 996/385/788 516/385/746 579/385/793 997/385/815
f 562/385/816 533/385/794 538/385/744
f 466/385/710 778/385/817 777/385/818 561/385/819
f 522/385/791 776/385/820 778/385/817 466/385/710
f 537/385/821 526/385/780 517/385/768
f 517/385/768 529/385/803 537/385/821
f 557/385/799 519/385/759 547/385/822
f 519/385/759 554/385/785 547/385/822
f 561/385/819 538/385/744 466/385/710
f 501/385/724 534/385/731 545/385/775
f 578/385/823 521/385/736 549/385/810
f 533/385/794 562/385/816 558/385/779
f 733/385/824 540/385/753 518/385/712 749/385/825
f 503/385/747 514/385/760 582/385/826
f 853/385/827 844/385/828 514/385/760 539/385/751
f 542/385/790 524/385/749 583/385/800
f 535/385/776 825/385/829 824/385/830 536/385/764
f 556/385/735 525/385/755 563/385/831
f 510/385/737 577/385/765 571/385/786
f 849/385/832 851/385/806 503/385/747 582/385/826
f 495/385/700 541/385/750 564/385/833
f 539/385/751 495/385/700 564/385/833
f 493/385/745 835/385/834 834/385/835 548/385/754
f 537/385/821 546/385/836 526/385/780
f 816/385/837 526/385/780 546/385/836 815/385/838
f 559/385/839 504/385/766 506/385/730
f 742/385/840 504/385/766 559/385/839 744/385/841
f 807/385/842 809/385/843 544/385/761 527/385/701
f 808/385/844 807/385/842 527/385/701 580/385/813
f 711/385/845 543/385/777 569/385/804 823/385/846
f 585/385/847 532/385/809 531/385/774
f 805/385/848 806/385/849 569/385/804 566/385/758
f 547/385/822 554/385/785 772/385/850 768/385/851
f 536/385/764 819/385/852 821/385/853 580/385/813
f 536/385/764 824/385/830 819/385/852
f 504/385/766 742/385/840 741/385/854 534/385/731
f 562/385/816 538/385/744 561/385/819
f 548/385/754 834/385/835 836/385/855
f 531/385/774 513/385/778 585/385/847
f 540/385/753 735/385/856 730/385/857 579/385/793
f 540/385/753 733/385/824 735/385/856
f 541/385/750 551/385/783 832/385/858 831/385/859
f 831/385/859 833/385/860 564/385/833 541/385/750
f 532/385/809 585/385/847 551/385/783
f 731/385/861 734/385/862 542/385/790 583/385/800
f 847/385/863 528/385/802 520/385/784 846/385/864
f 584/385/814 549/385/810 530/385/691
f 803/385/865 804/385/866 566/385/758 544/385/761
f 544/385/761 809/385/843 803/385/865
f 545/385/775 736/385/867 738/385/868 581/385/792
f 535/385/776 523/385/748 578/385/823
f 727/385/869 550/385/772 572/385/808 715/385/870
f 835/385/834 493/385/745 573/385/801 840/385/871
f 582/385/826 514/385/760 844/385/828 843/385/872
f 506/385/730 553/385/812 559/385/839
f 554/385/785 571/385/786 752/385/873 754/385/874
f 548/385/754 836/385/855 837/385/875 513/385/778
f 585/385/847 513/385/778 837/385/875 827/385/876
f 534/385/731 741/385/854 737/385/877 545/385/775
f 545/385/775 737/385/877 736/385/867
f 776/385/820 522/385/791 557/385/799 788/385/878
f 550/385/772 727/385/869 723/385/879 584/385/814
f 758/385/880 739/385/881 577/385/765 574/385/787
f 838/385/882 854/385/883 539/385/751 564/385/833
f 539/385/751 854/385/883 853/385/827
f 828/385/884 832/385/858 551/385/783 585/385/847
f 518/385/712 748/385/885 749/385/825
f 748/385/885 518/385/712 1003/385/773 750/385/886
f 537/385/821 811/385/887 810/385/888 546/385/836
f 535/385/776 578/385/823 826/385/889 825/385/829
f 732/385/890 747/385/891 553/385/812 542/385/790
f 554/385/785 754/385/874 772/385/850
f 565/385/795 556/385/735 563/385/831
f 761/385/892 558/385/779 562/385/816 765/385/893
f 563/385/831 525/385/755 581/385/792
f 528/385/802 848/385/894 841/385/895 573/385/801
f 567/385/896 623/385/897 614/385/898
f 561/385/819 785/385/899 764/385/900 562/385/816
f 812/385/901 537/385/821 529/385/803 818/385/902
f 812/385/901 811/385/887 537/385/821
f 529/385/803 817/385/903 818/385/902
f 568/385/805 999/385/904 712/385/905 716/385/906
f 726/385/907 725/385/908 583/385/800 565/385/795
f 822/385/909 817/385/903 529/385/803 555/385/797
f 780/385/910 692/385/911 691/385/912 779/385/913
f 575/385/914 560/385/915 552/385/916
f 566/385/758 804/385/866 805/385/848
f 623/385/897 698/385/917 696/385/918
f 571/385/786 577/385/765 740/385/919 753/385/920
f 714/385/921 713/385/922 572/385/808 568/385/805
f 568/385/805 716/385/906 714/385/921
f 547/385/822 768/385/851 767/385/923
f 786/385/924 552/385/916 560/385/915 793/385/925
f 814/385/926 815/385/838 546/385/836
f 546/385/836 810/385/888 813/385/927
f 546/385/836 813/385/927 814/385/926
f 623/385/897 552/385/916 576/385/928
f 576/385/928 552/385/916 786/385/924 784/385/929
f 542/385/790 734/385/862 732/385/890
f 756/385/930 755/385/931 560/385/915 575/385/914
f 560/385/915 755/385/931 757/385/932 570/385/933
f 569/385/804 806/385/849 823/385/846
f 762/385/934 763/385/935 570/385/933
f 579/385/793 730/385/857 729/385/936
f 562/385/816 764/385/900 765/385/893
f 555/385/797 802/385/937 822/385/909
f 584/385/814 718/385/938 717/385/939 549/385/810
f 565/385/795 724/385/940 726/385/907
f 722/385/941 724/385/940 565/385/795 563/385/831
f 623/385/897 693/385/942 698/385/917
f 766/385/943 793/385/925 560/385/915
f 578/385/823 830/385/944 826/385/889
f 570/385/933 759/385/945 762/385/934
f 574/385/787 760/385/946 758/385/880
f 575/385/914 791/385/947 756/385/930
f 553/385/812 743/385/948 746/385/949 559/385/839
f 757/385/932 771/385/950 570/385/933
f 759/385/945 570/385/933 771/385/950
f 861/385/951 796/385/952 795/385/953
f 560/385/915 570/385/933 763/385/935 766/385/943
f 693/385/942 623/385/897 576/385/928 695/385/954
f 577/385/765 739/385/881 740/385/919
f 557/385/799 790/385/955 789/385/956
f 578/385/823 549/385/810 719/385/957 830/385/944
f 549/385/810 717/385/939 719/385/957
f 561/385/819 777/385/818 787/385/958
f 528/385/802 847/385/863 848/385/894
f 997/385/815 579/385/793 729/385/936 728/385/959
f 564/385/833 833/385/860 838/385/882
f 553/385/812 747/385/891 743/385/948
f 690/385/960 779/385/913 691/385/912
f 559/385/839 746/385/949 745/385/961
f 582/385/826 843/385/872 842/385/962
f 561/385/819 787/385/958 785/385/899
f 580/385/813 820/385/963 808/385/844
f 580/385/813 821/385/853 820/385/963
f 720/385/964 721/385/965 563/385/831 581/385/792
f 571/385/786 753/385/920 752/385/873
f 563/385/831 721/385/965 722/385/941
f 585/385/847 829/385/966 828/385/884
f 582/385/826 842/385/962 852/385/967
f 775/385/968 773/385/969 614/385/898
f 583/385/800 725/385/908 751/385/970
f 829/385/966 585/385/847 827/385/876
f 559/385/839 745/385/961 744/385/841
f 575/385/914 792/385/971 791/385/947
f 573/385/801 839/385/972 840/385/871
f 576/385/928 784/385/929 782/385/973
f 557/385/799 789/385/956 788/385/878
f 581/385/792 738/385/868 720/385/964
f 583/385/800 751/385/970 731/385/861
f 584/385/814 723/385/879 718/385/938
f 586/385/102 587/385/101 39/385/76
f 33/385/75 68/385/103 41/385/64
f 599/385/89 54/385/124 53/385/97
f 945/385/117 865/385/974 866/385/120 60/385/118
f 586/385/102 77/385/148 587/385/101
f 100/385/142 586/385/102 57/385/94
f 74/385/172 81/385/158 69/385/149
f 176/385/291 588/385/358 202/385/314
f 206/385/329 588/385/358 176/385/291
f 202/385/314 588/385/358 228/385/373
f 589/385/387 259/385/430 588/385/358
f 228/385/373 588/385/358 259/385/430
f 213/385/364 248/385/397 305/385/441
f 305/385/441 257/385/390 291/385/486
f 263/385/357 312/385/507 589/385/387
f 312/385/507 263/385/357 297/385/406
f 249/385/434 590/385/481 269/385/459
f 299/385/429 266/385/404 591/385/521
f 306/385/497 282/385/515 590/385/481
f 590/385/481 288/385/466 306/385/497
f 289/385/427 591/385/521 266/385/404
f 320/385/510 590/385/481 282/385/515
f 893/385/552 327/385/495 261/385/435 892/385/482
f 352/385/503 331/385/502 346/385/559
f 592/385/500 359/385/533 384/385/601
f 593/385/541 357/385/532 319/385/514
f 400/385/591 352/385/503 346/385/559
f 347/385/509 342/385/519 418/385/579
f 398/385/581 356/385/538 329/385/518
f 412/385/593 357/385/532 593/385/541
f 926/385/566 685/385/975 682/385/623 594/385/548
f 402/385/644 419/385/642 372/385/588
f 616/385/578 372/385/588 419/385/642
f 447/385/625 595/385/727 385/385/595
f 596/385/662 397/385/614 394/385/622
f 596/385/662 703/385/663 704/385/684
f 990/385/639 388/385/573 598/385/675 1001/385/976
f 417/385/638 458/385/688 387/385/537
f 417/385/638 385/385/595 595/385/727
f 598/385/675 1000/385/977 1001/385/976
f 595/385/727 447/385/625 499/385/728
f 481/385/729 595/385/727 479/385/726
f 510/385/737 411/385/645 439/385/697
f 902/385/757 597/385/740 900/385/978
f 422/385/649 488/385/739 451/385/680
f 478/385/678 598/385/675 425/385/611
f 1000/385/977 598/385/675 516/385/746 995/385/789
f 799/385/979 862/385/980 864/385/811 526/385/780 816/385/837
f 850/385/807 845/385/981 520/385/784
f 576/385/928 782/385/973 781/385/982
f 695/385/954 576/385/928 781/385/982 694/385/983
f 573/385/801 841/385/895 839/385/972
f 44/385/95 29/385/66 18/385/59
f 45/385/57 44/385/95 18/385/59
f 943/385/90 944/385/984 599/385/89
f 69/385/149 32/385/985 74/385/172
f 944/385/984 948/385/125 54/385/124 599/385/89
f 605/385/113 69/385/149 58/385/109
f 74/385/172 48/385/81 82/385/104
f 74/385/172 32/385/985 48/385/81
f 154/385/214 98/385/189 137/385/217
f 136/385/250 600/385/256 111/385/246
f 600/385/256 136/385/250 175/385/279
f 157/385/266 128/385/204 142/385/260
f 175/385/279 601/385/310 600/385/256
f 601/385/310 175/385/279 188/385/328
f 218/385/400 601/385/310 188/385/328
f 199/385/331 601/385/310 218/385/400
f 227/385/330 297/385/406 263/385/357
f 277/385/403 290/385/419 602/385/504
f 269/385/459 615/385/491 252/385/431
f 602/385/504 290/385/419 331/385/502
f 602/385/504 604/385/480 277/385/403
f 603/385/490 616/385/578 615/385/491
f 604/385/480 352/385/503 396/385/590
f 418/385/579 436/385/605 465/385/683
f 610/385/609 446/385/610 474/385/696
f 433/385/720 392/385/570 378/385/561
f 433/385/720 378/385/561 445/385/705
f 404/385/563 596/385/662 442/385/694
f 607/385/704 457/385/703 451/385/680
f 523/385/748 472/385/707 521/385/736
f 492/385/717 496/385/742 558/385/779
f 496/385/742 533/385/794 558/385/779
f 523/385/748 521/385/736 578/385/823
f 801/385/986 802/385/937 555/385/797 863/385/796
f 53/385/97 54/385/124 62/385/132
f 398/385/581 329/385/518 369/385/547
f 412/385/593 593/385/541 380/385/540
f 925/385/987 597/385/740 794/385/988 798/385/989 924/385/990
f 520/385/784 845/385/981 846/385/864
f 861/385/951 795/385/953 794/385/988 597/385/740 899/385/756
f 605/385/113 19/385/26 32/385/985
f 84/385/143 57/385/94 44/385/95
f 122/385/208 664/385/263 666/385/216
f 345/385/546 610/385/609 374/385/558
f 461/385/655 607/385/704 496/385/742
f 859/385/798 505/385/767 860/385/771
f 924/385/990 798/385/989 797/385/991
f 608/385/112 8/385/42 605/385/113
f 84/385/143 44/385/95 56/385/114
f 422/385/649 451/385/680 701/385/679 702/385/650
f 32/385/985 69/385/149 605/385/113
f 456/385/596 619/385/706 624/385/597
f 496/385/742 607/385/704 488/385/739
f 451/385/680 488/385/739 607/385/704
f 8/385/42 608/385/112 947/385/992 935/385/56
f 947/385/992 608/385/112 941/385/993
f 58/385/109 940/385/108 941/385/993 608/385/112
f 60/385/118 957/385/155 970/385/116
f 112/385/174 102/385/161 135/385/223
f 609/385/209 92/385/198 107/385/211
f 111/385/246 609/385/209 107/385/211
f 600/385/256 609/385/209 111/385/246
f 430/385/600 405/385/599 441/385/721
f 411/385/645 374/385/558 439/385/697
f 610/385/609 439/385/697 374/385/558
f 333/385/479 618/385/543 355/385/560
f 567/385/896 575/385/914 552/385/916
f 582/385/826 852/385/967 849/385/832
f 603/385/490 269/385/459 320/385/510
f 372/385/588 603/385/490 320/385/510
f 647/385/19 10/385/18 648/385/22
f 649/385/27 19/385/26 650/385/994
f 41/385/64 82/385/104 48/385/81
f 99/385/185 617/385/157 628/385/213
f 333/385/479 276/385/389 273/385/394
f 333/385/479 273/385/394 978/385/474 980/385/544
f 611/385/556 374/385/558 358/385/557
f 330/385/505 611/385/556 324/385/522
f 611/385/556 330/385/505 345/385/546
f 355/385/560 612/385/641 310/385/477
f 354/385/589 361/385/574 363/385/506
f 612/385/641 368/385/549 310/385/477
f 447/385/625 613/385/657 499/385/728
f 384/385/601 430/385/600 490/385/732
f 613/385/657 473/385/656 556/385/735
f 697/385/995 614/385/898 623/385/897 696/385/918
f 614/385/898 697/385/995 692/385/911 780/385/910 775/385/968
f 614/385/898 773/385/969 774/385/996 567/385/896
f 575/385/914 567/385/896 783/385/997 792/385/971
f 252/385/431 615/385/491 890/385/998 889/385/463
f 891/385/999 890/385/998 615/385/491
f 615/385/491 616/385/578 904/385/577 891/385/999
f 372/385/588 616/385/578 603/385/490
f 8/385/42 19/385/26 605/385/113
f 618/385/543 438/385/647 355/385/560
f 521/385/736 472/385/707 619/385/706
f 14/385/20 32/385/985 19/385/26
f 48/385/81 32/385/985 14/385/20
f 617/385/157 89/385/160 66/385/131
f 299/385/429 591/385/521 354/385/589
f 299/385/429 354/385/589 363/385/506
f 976/385/1000 620/385/617 618/385/543 977/385/545
f 620/385/617 976/385/1000 993/385/1001
f 373/385/562 325/385/460 624/385/597
f 620/385/617 449/385/616 618/385/543
f 502/385/715 401/385/636 437/385/648
f 568/385/805 543/385/777 998/385/1002 999/385/904
f 998/385/1002 543/385/777 711/385/845 710/385/1003
f 620/385/617 993/385/1001 992/385/618
f 48/385/81 14/385/20 26/385/40
f 373/385/562 626/385/1004 378/385/561
f 650/385/994 19/385/26 646/385/45
f 358/385/557 374/385/558 399/385/646
f 567/385/896 774/385/996 783/385/997
f 521/385/736 619/385/706 456/385/596
f 93/385/139 105/385/156 113/385/159
f 121/385/212 628/385/213 140/385/253
f 621/385/289 161/385/225 152/385/224
f 164/385/247 161/385/225 621/385/289
f 622/385/372 299/385/429 294/385/396
f 447/385/625 416/385/586 613/385/657
f 533/385/794 502/385/715 538/385/744
f 552/385/916 623/385/897 567/385/896
f 396/385/590 624/385/597 604/385/480
f 373/385/562 322/385/420 284/385/405
f 373/385/562 284/385/405 325/385/460
f 373/385/562 624/385/597 626/385/1004
f 604/385/480 624/385/597 325/385/460
f 625/385/232 108/385/194 131/385/231
f 151/385/227 625/385/232 173/385/268
f 625/385/232 131/385/231 155/385/269
f 627/385/294 165/385/236 180/385/297
f 356/385/538 304/385/473 329/385/518
f 161/385/225 127/385/177 77/385/148
f 161/385/225 77/385/148 100/385/142
f 441/385/721 405/385/599 392/385/570
f 619/385/706 445/385/705 626/385/1004
f 441/385/721 392/385/570 433/385/720
f 626/385/1004 445/385/705 378/385/561
f 628/385/213 183/385/237 140/385/253
f 626/385/1004 624/385/597 619/385/706
f 862/385/980 799/385/979 800/385/1005
f 515/385/752 558/385/779 761/385/892 770/385/1006
f 316/385/512 593/385/541 319/385/514
f 450/385/722 435/385/669 464/385/695
f 13/385/39 41/385/64 26/385/40
f 207/385/340 627/385/294 234/385/378
f 627/385/294 240/385/386 234/385/378
f 293/385/417 193/385/317 275/385/409
f 344/385/478 387/385/537 393/385/613
f 967/385/741 597/385/740 925/385/987
f 475/385/660 901/385/1007 900/385/978 597/385/740
f 617/385/157 112/385/174 628/385/213
f 628/385/213 112/385/174 124/385/235
f 105/385/156 165/385/236 113/385/159
f 164/385/247 621/385/289 179/385/344
f 441/385/721 484/385/719 490/385/732
f 430/385/600 441/385/721 490/385/732
f 301/385/485 304/385/473 356/385/538
f 572/385/808 713/385/922 715/385/870
f 901/385/1007 475/385/660 964/385/667 903/385/1008
f 407/385/594 389/385/598 357/385/532
f 574/385/787 515/385/752 770/385/1006 760/385/946
f 389/385/598 371/385/527 357/385/532
f 348/385/542 593/385/541 316/385/512
f 435/385/669 409/385/634 464/385/695
f 486/385/723 450/385/722 520/385/784
f 528/385/802 486/385/723 520/385/784
f 769/385/1009 790/385/955 557/385/799 547/385/822
f 547/385/822 767/385/923 769/385/1009
