# Blender 5.1.1
# www.blender.org
mtllib REV_4.mtl
o REV_cube_4
v -5.170000 -6.320000 -3.100000
v -6.147842 -6.574358 -2.571501
v -6.168933 -6.415328 -2.951471
v -6.168158 -6.328503 -2.628444
v -6.147864 -7.100322 -2.479749
v -6.168424 -7.026358 -2.505471
v -6.164275 -6.715952 -2.552442
v -6.151352 -6.500882 -3.043056
v -6.158808 -6.945343 -2.517935
v -6.147410 -7.261611 -2.360757
v -6.151092 -6.331068 -2.287517
v -6.127750 -6.941150 -2.219357
v -6.122932 -6.768711 -2.218460
v -6.125959 -6.797800 -3.061471
v -6.129274 -6.416772 -2.602396
v -6.146039 -6.782895 -2.983547
v -6.145096 -6.403096 -2.271539
v -6.116867 -6.663512 -2.231236
v -6.121182 -7.192859 -2.695570
v -6.135701 -6.689019 -2.958175
v -6.131582 -6.482013 -2.254631
v -6.111579 -7.188944 -2.798594
v -6.109299 -6.795134 -2.524848
v -6.116949 -6.435423 -3.089287
v -6.120107 -6.569310 -2.244370
v -6.144779 -6.862645 -2.206617
v -6.112518 -7.160387 -2.342840
v -6.106920 -7.017749 -2.467232
v -6.088348 -6.492540 -2.566344
v -6.126752 -6.338901 -3.016670
v -6.108860 -7.263223 -2.839504
v -6.104128 -7.107271 -2.668267
v -6.102149 -6.661282 -2.980801
v -6.128345 -7.105361 -2.257366
v -6.097865 -6.729730 -3.018747
v -6.109966 -6.341749 -2.914661
v -6.105446 -6.874705 -2.505816
v -6.111194 -6.648037 -2.549788
v -6.098272 -7.092290 -2.405010
v -6.106606 -7.108804 -2.764580
v -6.096552 -6.956895 -2.692261
v -6.103872 -7.033141 -2.726059
v -6.080395 -6.716844 -2.520836
v -6.093445 -6.340806 -2.672518
v -6.089815 -6.869417 -2.667524
v -6.094477 -6.589149 -2.998047
v -6.084793 -6.669810 -2.705764
v -6.082344 -6.729474 -2.719759
v -6.083915 -6.595674 -2.704282
v -6.083384 -6.743303 -3.083622
v -6.084228 -7.066482 -2.323285
v -6.083480 -6.434416 -2.648119
v -6.083773 -6.790492 -2.657908
v -6.098238 -7.010306 -2.260509
v -6.081932 -6.976326 -2.774452
v -6.061981 -7.115188 -2.844906
v -6.067607 -7.033661 -2.815012
v -6.078085 -6.905524 -2.763389
v -6.073381 -6.524895 -2.622941
v -6.079089 -6.813106 -2.741585
v -6.068545 -6.578187 -2.537905
v -6.075136 -6.933191 -2.458586
v -6.077886 -6.413307 -2.743851
v -6.073988 -6.486084 -3.045955
v -6.107566 -7.267791 -2.650760
v -6.064752 -6.922445 -2.276559
v -6.057094 -7.194360 -2.869884
v -6.056218 -6.825129 -2.590580
v -6.080398 -6.333974 -2.581059
v -6.061327 -6.621355 -2.603276
v -6.067532 -6.726583 -2.613662
v -6.060002 -6.439041 -3.074759
v -6.063007 -6.983689 -2.319591
v -6.048966 -6.782470 -2.279148
v -6.080811 -6.345923 -2.320285
v -6.071725 -7.189874 -2.609581
v -6.058582 -6.359497 -2.582101
v -6.064527 -7.001534 -2.388895
v -6.057857 -6.653948 -2.764131
v -6.042997 -6.850816 -2.304245
v -6.061111 -6.706991 -2.264060
v -6.009456 -6.533978 -2.546111
v -6.050379 -7.109542 -2.584961
v -6.041919 -6.900683 -2.365174
v -6.006460 -6.654380 -2.543801
v -6.049653 -6.509846 -2.300282
v -6.039218 -6.613535 -2.298180
v -6.036236 -6.363421 -2.379813
v -6.051363 -6.931972 -2.588850
v -6.043880 -6.422330 -2.535074
v -6.028790 -6.852434 -2.823462
v -6.065827 -6.427917 -2.310677
v -6.043288 -6.829705 -2.446450
v -5.993635 -7.201975 -2.565478
v -6.052595 -6.663926 -3.049310
v -6.023768 -6.572968 -3.054353
v -6.035016 -6.337465 -2.516223
v -6.035307 -6.745780 -2.806845
v -6.034585 -6.402627 -2.810457
v -6.043873 -6.753123 -2.473644
v -6.038697 -6.483581 -2.802639
v -6.023620 -6.797207 -2.354338
v -6.046581 -6.569448 -2.784976
v -6.035642 -6.445830 -2.561758
v -6.016315 -6.731799 -2.410043
v -6.034075 -6.663528 -2.482387
v -6.019098 -6.393990 -2.454380
v -6.020347 -6.561179 -2.475956
v -5.996436 -6.774718 -2.538594
v -6.020799 -6.707509 -2.329937
v -6.030794 -7.277923 -2.585305
v -6.001986 -6.638682 -2.834074
v -6.009424 -6.540717 -2.385823
v -6.013213 -6.480955 -2.465409
v -6.009115 -6.635227 -2.402981
v -6.023546 -6.948956 -2.839381
v -6.003060 -6.608017 -3.096143
v -5.991736 -6.553159 -2.840287
v -5.965368 -6.953940 -2.535885
v -5.987872 -6.492145 -3.095834
v -5.980196 -7.011539 -2.870879
v -5.988739 -6.346036 -2.847388
v -5.962897 -7.125232 -2.549637
v -5.984111 -7.135473 -2.887932
v -5.942671 -7.295790 -2.574325
v -5.967351 -6.600272 -2.520670
v -5.978773 -6.869514 -2.531482
v -5.975518 -7.220953 -2.904212
v -5.952380 -7.286910 -2.402781
v -5.973972 -6.367030 -2.522361
v -5.899310 -7.082907 -2.882554
v -5.947730 -6.447452 -2.516683
v -5.909924 -7.265843 -2.303303
v -5.955662 -6.733097 -2.850766
v -5.938900 -7.317644 -2.480197
v -5.929709 -7.049626 -2.534353
v -5.917939 -6.639833 -2.855478
v -5.960326 -6.453866 -2.849111
v -5.918807 -6.991153 -2.528172
v -5.892228 -7.284756 -2.898042
v -5.915186 -7.215148 -2.384583
v -5.902488 -7.247233 -2.481982
v -5.911177 -6.521250 -2.510828
v -5.931763 -6.886845 -2.866285
v -5.899639 -6.817701 -2.519248
v -5.877465 -6.745131 -2.851906
v -5.849836 -6.480125 -2.843920
v -5.915078 -6.806479 -2.857076
v -5.875454 -6.586611 -2.514714
v -5.879162 -7.316447 -2.545413
v -5.911960 -6.544134 -2.853444
v -5.897567 -6.658567 -2.514048
v -5.894675 -6.374010 -2.850490
v -5.903544 -7.182257 -2.891410
v -5.907548 -6.735284 -2.517149
v -5.885989 -7.158194 -2.438731
v -5.869078 -7.134226 -2.567626
v -5.835019 -7.025409 -2.849072
v -5.899194 -7.211288 -2.568815
v -5.888877 -6.380489 -2.520478
v -5.836677 -6.769637 -2.541636
v -5.828745 -7.222666 -2.847033
v -5.845932 -7.083393 -2.400166
v -5.852386 -7.288498 -2.615128
v -5.865784 -7.185733 -2.517008
v -5.861261 -7.162404 -2.331052
v -5.843413 -6.837166 -2.844391
v -5.852494 -7.257616 -2.555561
v -5.846161 -7.059024 -2.569118
v -5.840759 -6.438257 -2.530499
v -5.878048 -6.909806 -2.532587
v -5.843311 -7.092830 -2.503855
v -5.817126 -6.379863 -2.820920
v -5.819379 -6.662680 -2.827771
v -5.839128 -7.134259 -2.855137
v -5.822894 -7.006252 -2.455058
v -5.809890 -7.000139 -2.539840
v -5.794721 -7.076633 -2.807367
v -5.815537 -7.164671 -2.568223
v -5.817800 -7.206263 -2.623091
v -5.833788 -6.935047 -2.842716
v -5.801703 -7.270414 -2.685074
v -5.819516 -6.986095 -2.568583
v -5.815136 -7.235721 -2.257138
v -5.789530 -7.082472 -2.586345
v -5.810004 -6.529360 -2.546189
v -5.797538 -7.074446 -2.322804
v -5.792749 -7.247928 -2.763573
v -5.798259 -6.941684 -2.422553
v -5.817630 -6.701239 -2.546036
v -5.809359 -6.620540 -2.550791
v -5.790215 -6.919225 -2.580601
v -5.778664 -7.184764 -2.703787
v -5.806990 -6.762300 -2.821284
v -5.789980 -7.124123 -2.632503
v -5.803967 -6.364914 -2.562088
v -5.782979 -6.749031 -2.588951
v -5.796578 -6.558541 -2.809407
v -5.789929 -7.163085 -2.785788
v -5.784214 -6.454499 -2.785736
v -5.772844 -6.365876 -2.769802
v -5.780720 -6.864869 -2.458586
v -5.775754 -6.890628 -2.604496
v -5.803920 -7.011826 -2.375530
v -5.764244 -7.083913 -2.720484
v -5.738718 -6.980741 -2.334368
v -5.766739 -6.986243 -2.624759
v -5.758634 -6.717759 -2.761872
v -5.763962 -6.821331 -2.631473
v -5.747143 -6.518982 -2.729192
v -5.777106 -7.040726 -2.632530
v -5.770291 -6.451034 -2.594140
v -5.767008 -6.980765 -2.768579
v -5.771615 -6.816947 -2.779583
v -5.755736 -6.980711 -2.685354
v -5.769998 -7.146086 -2.274272
v -5.757940 -6.893680 -2.637677
v -5.766545 -7.014497 -2.613513
v -5.752356 -6.882669 -2.706851
v -5.752322 -6.718090 -2.632313
v -5.746619 -6.772825 -2.696186
v -5.777296 -7.300910 -2.578846
v -5.748929 -6.323943 -2.663657
v -5.748595 -6.659739 -2.622180
v -5.749477 -6.405525 -2.713589
v -5.745375 -6.401484 -2.654361
v -5.758317 -6.617931 -2.758187
v -5.745121 -6.464320 -2.665654
v -5.755002 -6.548346 -2.625559
v -5.743548 -6.729004 -2.671291
v -5.757660 -6.768241 -2.499344
v -5.742144 -6.720072 -2.686211
v -5.740747 -6.653432 -2.699486
v -5.739997 -6.598313 -2.696743
v -5.732668 -7.217434 -2.251122
v -5.731493 -6.665941 -2.536300
v -5.696543 -6.993250 -2.663886
v -5.757046 -7.226189 -2.595371
v -5.721816 -6.772791 -2.450637
v -5.746861 -7.150710 -2.609375
v -5.726649 -6.888676 -2.373686
v -5.719376 -6.470939 -2.810794
v -5.726943 -6.530084 -2.749948
v -5.715165 -6.614824 -2.768214
v -5.712572 -6.370720 -2.783973
v -5.704495 -7.069713 -2.290812
v -5.712090 -6.323319 -2.857595
v -5.687496 -6.557052 -2.834685
v -5.711079 -6.816986 -2.405596
v -5.719897 -6.913983 -2.667814
v -5.675984 -7.177103 -2.611063
v -5.702710 -6.410130 -2.882349
v -5.661017 -6.935395 -2.333489
v -5.706750 -6.434659 -2.704534
v -5.685939 -6.921119 -2.696862
v -5.696373 -7.294039 -2.705992
v -5.702773 -6.584269 -2.565625
v -5.691784 -6.359416 -2.933919
v -5.692272 -6.691595 -2.471663
v -5.699452 -7.084556 -2.636946
v -5.692873 -6.700831 -2.760915
v -5.731108 -6.766923 -2.689493
v -5.667872 -6.859352 -2.725929
v -5.681992 -6.486778 -2.609540
v -5.662585 -6.606934 -2.502759
v -5.661542 -7.159091 -2.272612
v -5.666850 -6.496796 -2.894989
v -5.664469 -7.245954 -2.641407
v -5.667587 -6.337979 -2.711900
v -5.658485 -7.276733 -2.793414
v -5.667614 -7.228117 -2.722589
v -5.642228 -6.389026 -2.643229
v -5.638440 -7.188994 -2.793118
v -5.668596 -7.271669 -2.574220
v -5.661922 -6.330848 -3.010348
v -5.648114 -6.638225 -2.831407
v -5.601578 -6.571659 -2.888240
v -5.639096 -6.424075 -2.963646
v -5.601715 -7.192530 -2.600352
v -5.596971 -6.809874 -2.758507
v -5.609832 -6.786139 -2.396102
v -5.640683 -7.005182 -2.314259
v -5.648525 -6.735008 -2.426242
v -5.615471 -7.084453 -2.728763
v -5.589987 -7.188941 -2.573097
v -5.616549 -6.864578 -2.363893
v -5.613649 -7.111061 -2.816975
v -5.591999 -7.030843 -2.819148
v -5.624166 -6.524021 -2.537987
v -5.599984 -7.110762 -2.618232
v -5.596974 -6.723176 -2.804392
v -5.608014 -7.030501 -2.658484
v -5.625783 -7.281998 -2.568453
v -5.601602 -7.077697 -2.305845
v -5.584166 -6.441458 -2.582763
v -5.616972 -6.966529 -2.690861
v -5.559165 -6.357221 -2.631293
v -5.557798 -7.252218 -2.430043
v -5.600819 -7.307107 -2.347218
v -5.586751 -6.895241 -2.718554
v -5.579746 -7.019936 -2.325772
v -5.582664 -6.948563 -2.817229
v -5.573627 -6.978880 -2.731264
v -5.600097 -6.653622 -2.458422
v -5.596886 -7.110358 -2.653660
v -5.587139 -7.261746 -2.860951
v -5.596994 -6.501590 -2.939852
v -5.550825 -6.650254 -2.851079
v -5.575642 -7.147476 -2.325434
v -5.559142 -6.855879 -2.875257
v -5.573887 -6.383889 -3.026906
v -5.580710 -7.258713 -2.513127
v -5.557804 -6.449729 -2.982642
v -5.550578 -6.853472 -2.814382
v -5.527562 -6.831386 -2.734024
v -5.560215 -6.581885 -2.499744
v -5.570464 -7.179588 -2.881648
v -5.535899 -6.533140 -2.929934
v -5.544365 -6.947334 -2.910717
v -5.506341 -6.581691 -2.879354
v -5.526357 -7.038485 -2.612761
v -5.577149 -6.950346 -2.346457
v -5.545231 -7.014688 -2.901985
v -5.534348 -6.785297 -2.861900
v -5.538547 -7.112974 -2.600554
v -5.529244 -7.111106 -2.555597
v -5.523164 -6.748755 -2.957829
v -5.526489 -6.835713 -2.951873
v -5.538337 -6.891007 -2.744075
v -5.533511 -7.177819 -2.495695
v -5.530145 -7.160321 -2.404126
v -5.530914 -7.069065 -2.370913
v -5.557384 -7.095408 -2.897398
v -5.537444 -6.727217 -2.433207
v -5.514171 -6.899494 -2.395412
v -5.503478 -6.350811 -3.053447
v -5.519022 -6.909400 -2.952092
v -5.528650 -6.813119 -2.406977
v -5.509758 -6.659044 -2.972240
v -5.512579 -6.455723 -2.984294
v -5.491307 -6.871383 -2.683689
v -5.516192 -6.772036 -2.766709
v -5.527192 -6.957427 -2.662328
v -5.502581 -6.572823 -3.019984
v -5.514417 -7.190925 -2.556410
v -5.501341 -6.413093 -3.009426
v -5.487274 -7.157610 -2.922068
v -5.472261 -7.038089 -2.611413
v -5.479743 -6.847494 -2.711643
v -5.494982 -6.942725 -2.662084
v -5.506535 -6.696076 -2.876586
v -5.520518 -6.510045 -2.546626
v -5.488814 -6.803902 -3.016196
v -5.493411 -6.494955 -3.063066
v -5.478831 -7.275801 -2.541975
v -5.507564 -6.801734 -2.774266
v -5.512405 -6.980405 -2.387594
v -5.490948 -6.645307 -3.061532
v -5.500396 -6.706100 -2.802366
v -5.477222 -7.027351 -2.523027
v -5.476436 -6.728473 -3.054332
v -5.482890 -6.615316 -2.888362
v -5.489912 -6.733212 -2.795691
v -5.488455 -6.429905 -2.599344
v -5.498285 -7.090234 -2.466877
v -5.463781 -6.352573 -2.662533
v -5.477953 -6.520457 -2.907401
v -5.477163 -6.767741 -2.746742
v -5.478530 -7.070296 -2.947801
v -5.473610 -6.746076 -2.757940
v -5.473540 -6.745670 -2.758143
v -5.483634 -7.014854 -2.441061
v -5.493944 -6.645810 -2.487385
v -5.460686 -6.633462 -2.822316
v -5.473166 -6.422789 -3.030812
v -5.456603 -6.533819 -2.897651
v -5.454416 -6.662739 -2.815825
v -5.472991 -6.781609 -2.460315
v -5.493357 -7.249502 -2.899939
v -5.468200 -6.961081 -2.575819
v -5.463100 -6.941474 -2.476754
v -5.436667 -6.719766 -2.758236
v -5.465116 -6.581759 -2.539767
v -5.448953 -6.497535 -2.907888
v -5.475802 -6.984488 -2.974788
v -5.464544 -6.852656 -2.466029
v -5.442738 -6.504038 -2.899257
v -5.442502 -6.500864 -2.901253
v -5.441996 -6.500126 -2.901138
v -5.441884 -6.502086 -2.899791
v -5.441742 -6.498735 -2.901969
v -5.442626 -6.876987 -2.548162
v -5.462169 -6.898251 -2.620099
v -5.450230 -6.722042 -2.505433
v -5.428988 -6.678974 -2.752087
v -5.454844 -6.891213 -3.018158
v -5.421359 -6.883908 -2.665545
v -5.429779 -6.490888 -2.889131
v -5.427524 -6.422238 -2.947483
v -5.426482 -6.424362 -2.945259
v -5.457467 -6.795491 -2.697377
v -5.432518 -6.829134 -2.615031
v -5.432752 -6.799593 -2.529032
v -5.443072 -7.122350 -2.582472
v -5.427080 -6.733396 -2.702624
v -5.404568 -6.572999 -2.832257
v -5.436025 -6.521468 -2.599653
v -5.415843 -6.446947 -2.663944
v -5.397634 -7.122252 -2.935539
v -5.419192 -6.364089 -2.980803
v -5.414458 -6.744443 -2.608710
v -5.424500 -6.658354 -2.564133
v -5.418470 -6.499271 -2.865035
v -5.402328 -6.654130 -2.663566
v -5.417381 -6.788680 -2.712260
v -5.412000 -6.596961 -2.607796
v -5.383184 -6.443303 -2.911783
v -5.402576 -6.603194 -2.757797
v -5.374361 -7.066843 -2.616760
v -5.390370 -6.543623 -2.784364
v -5.408347 -6.433731 -2.903984
v -5.386993 -7.293680 -2.590548
v -5.410009 -7.206408 -2.578659
v -5.401553 -6.371388 -2.725613
v -5.403747 -7.206045 -2.901556
v -5.391839 -6.550035 -2.686167
v -5.411347 -7.288626 -2.866771
v -5.382322 -6.464504 -2.835069
v -5.382109 -6.460951 -2.745219
v -5.377813 -6.358922 -2.871912
v -5.378984 -6.388460 -2.791918
v -5.415915 -6.389264 -2.970454
v -5.411538 -6.812479 -3.065567
v -5.354033 -7.298530 -2.801930
v -5.361202 -6.723071 -2.737498
v -5.380021 -6.656513 -2.777091
v -5.335697 -6.923282 -2.666790
v -5.372149 -6.962247 -3.006580
v -5.314147 -7.013972 -2.662566
v -5.348550 -6.881331 -3.040852
v -5.337993 -6.366178 -2.946034
v -5.320791 -6.593013 -2.809974
v -5.386909 -7.040274 -2.966654
v -5.345349 -7.306362 -2.670875
v -5.335448 -7.222907 -2.646225
v -5.308117 -7.203425 -2.805943
v -5.350018 -7.142233 -2.626584
v -5.351994 -6.851398 -2.685591
v -5.287990 -7.152956 -2.713763
v -5.328185 -7.155487 -2.880114
v -5.312529 -7.243874 -2.733879
v -5.309145 -7.002797 -2.960387
v -5.316487 -6.784752 -2.722848
v -5.282429 -6.867607 -2.716646
v -5.286475 -6.694700 -2.771601
v -5.304932 -7.090280 -2.667701
v -5.285636 -6.932654 -2.985307
v -5.264050 -7.053891 -2.741457
v -5.260855 -6.543891 -2.854885
v -5.309106 -6.804992 -3.072880
v -5.302474 -7.069447 -2.910254
v -5.276164 -7.120953 -2.816262
v -5.269211 -6.956368 -2.714960
v -5.234980 -6.795134 -2.784549
v -5.233299 -6.410356 -2.955502
v -5.236104 -6.630864 -2.838598
v -5.246773 -7.027480 -2.838448
v -5.253962 -6.980733 -2.911202
v -5.257353 -6.485119 -2.889802
v -5.254833 -6.855813 -3.004550
v -5.239993 -6.978868 -2.784842
v -5.266474 -6.327065 -2.988387
v -5.224472 -6.938753 -2.850374
v -5.232498 -6.897945 -2.780119
v -5.227159 -6.898350 -2.924714
v -5.218353 -6.714209 -2.830148
v -5.225017 -6.777420 -3.032439
v -5.208254 -6.850369 -2.856540
v -5.203227 -6.812845 -2.940911
v -5.194174 -6.762269 -2.877104
v -5.191324 -6.577114 -2.914838
v -5.195335 -6.691015 -3.055960
v -5.181393 -6.723704 -2.967293
v -5.186675 -6.674834 -2.902401
v -5.187097 -6.491792 -2.948255
v -5.183930 -6.363956 -3.028755
v -6.081038 -7.026363 -2.632642
v -6.083508 -6.505608 -2.717741
v -6.019817 -6.453295 -2.380601
v -5.974668 -6.808904 -2.850171
v -5.747996 -6.848773 -2.647027
v -5.660095 -7.261559 -2.271545
v -5.726420 -6.568960 -2.633369
v -5.582242 -7.221498 -2.330858
v -5.432777 -6.556604 -2.844332
v -5.330713 -6.504787 -2.859568
v -6.136697 -7.280107 -2.758431
v -6.010526 -7.028727 -2.556019
v -5.856881 -6.580511 -2.846074
v -5.802306 -6.925542 -2.500433
v -5.662791 -6.776508 -2.753057
v -5.560047 -7.256705 -2.549314
v -5.401823 -6.973606 -2.633502
v -6.140391 -7.198061 -2.291996
v -5.811370 -6.840695 -2.563313
v -5.785186 -6.851405 -2.552321
v -5.721419 -6.514273 -2.678355
v -5.638995 -7.172642 -2.689523
v -5.493757 -6.572274 -2.948767
v -5.302308 -6.439917 -2.904248
v -6.135576 -7.185886 -2.429721
v -5.971048 -7.316353 -2.923563
v -5.822724 -7.305278 -2.833755
v -5.762167 -6.762656 -2.593508
v -5.553194 -7.035394 -2.651745
v -5.466788 -6.486439 -2.961111
v -5.779156 -6.887540 -2.794737
v -5.416440 -6.505916 -2.882045
v -6.086933 -6.861182 -2.242064
v -5.460265 -6.365822 -3.053487
v -5.351795 -7.232258 -2.853092
v -5.839474 -7.310097 -2.235447
v -6.056125 -7.278501 -2.895950
v -6.042702 -6.505368 -2.521883
v -5.910967 -6.993956 -2.874241
v -6.140311 -6.376393 -2.860145
v -6.170000 -7.313747 -2.386707
v -6.170000 -7.303529 -2.339057
v -6.170000 -7.184003 -2.249677
v -6.170000 -7.249327 -2.276720
v -6.170000 -7.261700 -2.294144
v -6.170000 -7.250734 -2.453103
v -6.170000 -7.263810 -2.434260
v -6.170000 -7.098610 -2.228157
v -6.170000 -7.133867 -2.493138
v -6.170000 -7.091481 -2.498513
v -6.170000 -7.181636 -2.473607
v -6.170000 -7.161437 -2.237790
v -6.170000 -7.014691 -2.207156
v -6.170000 -7.012446 -2.206693
v -6.170000 -7.010800 -2.206246
v -6.170000 -7.025844 -2.505860
v -6.170000 -7.029492 -2.506332
v -6.170000 -6.940187 -2.519418
v -6.170000 -6.952006 -2.518879
v -6.170000 -6.902997 -2.527326
v -6.170000 -6.927115 -2.204983
v -6.170000 -6.792496 -2.207875
v -6.170000 -6.845585 -2.203437
v -6.170000 -6.860135 -2.532462
v -6.170000 -6.847103 -2.535351
v -6.170000 -6.877935 -2.200293
v -6.170000 -6.639058 -2.228799
v -6.170000 -6.694316 -2.219504
v -6.170000 -6.785237 -2.534336
v -6.170000 -6.737645 -2.214631
v -6.170000 -6.508296 -2.248824
v -6.170000 -6.550383 -2.243517
v -6.170000 -6.601840 -2.234131
v -6.170000 -6.848559 -3.029272
v -6.170000 -6.830871 -2.999871
v -6.170000 -6.820267 -3.100000
v -6.170000 -6.824782 -3.087080
v -6.170000 -6.800258 -2.961252
v -6.170000 -6.756728 -2.942697
v -6.170000 -6.749963 -2.939931
v -6.170000 -6.714177 -2.551499
v -6.170000 -6.721971 -2.551456
v -6.170000 -6.700981 -2.554596
v -6.170000 -6.622486 -2.968799
v -6.170000 -6.610059 -2.971379
v -6.170000 -6.636524 -2.963805
v -6.170000 -6.698486 -2.944537
v -6.170000 -6.607976 -2.567317
v -6.170000 -6.643761 -2.559391
v -6.170000 -6.528838 -3.026944
v -6.170000 -6.579175 -2.999634
v -6.170000 -6.510411 -3.049636
v -6.170000 -6.527929 -2.582983
v -6.170000 -6.575985 -2.568151
v -6.170000 -6.488315 -3.078693
v -6.170000 -6.416049 -2.951782
v -6.170000 -6.415081 -2.953045
v -6.170000 -6.416770 -2.950405
v -6.170000 -6.417603 -2.935358
v -6.170000 -6.375822 -2.806466
v -6.170000 -6.420890 -2.857383
v -6.170000 -6.483595 -2.592124
v -6.170000 -6.417765 -2.604849
v -6.170000 -6.394141 -2.273922
v -6.170000 -6.320000 -2.787783
v -6.170000 -6.320000 -2.630147
v -6.170000 -6.325253 -2.629581
v -6.170000 -6.320000 -3.068883
v -6.170000 -6.332797 -3.053568
v -6.170000 -6.369054 -3.021103
v -6.170000 -6.331758 -2.627702
v -6.170000 -6.359265 -2.793991
v -6.170000 -6.328634 -2.628413
v -6.170000 -6.320000 -2.288563
v -6.170000 -6.338811 -2.286121
v -6.170000 -6.471447 -3.100000
v -6.170000 -6.420816 -2.267876
v -6.170000 -6.471779 -2.256999
v -6.170000 -6.501729 -2.586240
v -6.125893 -6.320000 -3.038703
v -6.132406 -6.320000 -2.831827
v -6.142537 -6.320000 -2.813658
v -6.163529 -6.320000 -2.627382
v -6.144070 -6.320000 -2.294411
v -6.159917 -6.320000 -2.288772
v -6.096088 -6.320000 -2.934480
v -6.102014 -6.320000 -2.908072
v -6.108151 -6.320000 -2.998943
v -6.076059 -6.320000 -2.762482
v -6.088036 -6.320000 -2.651475
v -6.095763 -6.320000 -2.676670
v -6.112933 -6.320000 -3.020695
v -6.120823 -6.320000 -2.864506
v -6.073457 -6.320000 -2.775635
v -6.086150 -6.320000 -2.586391
v -6.077301 -6.320000 -2.574628
v -6.089356 -6.320000 -2.323255
v -6.034442 -6.320000 -2.424953
v -6.034354 -6.320000 -2.490581
v -6.029635 -6.320000 -2.452739
v -5.988058 -6.320000 -2.530328
v -6.028144 -6.320000 -2.558786
v -6.039418 -6.320000 -2.520095
v -6.044882 -6.320000 -2.382732
v -6.071327 -6.320000 -2.343664
v -5.917803 -6.320000 -2.524542
v -5.854751 -6.320000 -2.539462
v -5.886486 -6.320000 -2.524153
v -5.749295 -6.320000 -2.664036
v -5.751451 -6.320000 -2.675942
v -5.762346 -6.320000 -2.636103
v -5.778399 -6.320000 -2.602114
v -5.783062 -6.320000 -2.594782
v -6.063782 -6.320000 -2.784709
v -5.996386 -6.320000 -2.845648
v -5.960119 -6.320000 -2.852566
v -6.071812 -6.320000 -2.778055
v -6.065806 -6.320000 -2.590298
v -5.906848 -6.320000 -2.856265
v -5.855994 -6.320000 -2.841910
v -5.839068 -6.320000 -2.835595
v -5.798491 -6.320000 -2.800379
v -5.709744 -6.320000 -2.850550
v -5.711606 -6.320000 -2.856943
v -5.712010 -6.320000 -2.863497
v -5.764104 -6.320000 -2.734997
v -5.759427 -6.320000 -2.721944
v -5.783196 -6.320000 -2.782635
v -5.584715 -6.320000 -3.078897
v -5.579432 -6.320000 -3.078871
v -5.598548 -6.320000 -3.068446
v -5.626719 -6.320000 -2.676284
v -5.639395 -6.320000 -2.691507
v -5.611364 -6.320000 -2.670790
v -5.667396 -6.320000 -3.008093
v -5.662203 -6.320000 -3.019288
v -5.673795 -6.320000 -2.989599
v -5.702179 -6.320000 -2.928741
v -5.696281 -6.320000 -2.779516
v -5.673529 -6.320000 -2.733842
v -5.657052 -6.320000 -2.713088
v -5.457559 -6.320000 -3.100000
v -5.464340 -6.320000 -3.056589
v -5.504660 -6.320000 -3.079960
v -5.437672 -6.320000 -3.037794
v -5.427032 -6.320000 -3.044754
v -5.413749 -6.320000 -3.025809
v -5.407471 -6.320000 -2.994313
v -5.451476 -6.320000 -2.695751
v -5.491723 -6.320000 -2.674074
v -5.430683 -6.320000 -2.720423
v -5.340113 -6.320000 -2.981910
v -5.333951 -6.320000 -2.978606
v -5.392148 -6.320000 -2.951798
v -5.377811 -6.320000 -2.912215
v -5.377835 -6.320000 -2.873817
v -5.206637 -6.320000 -3.035018
v -5.170000 -6.320000 -3.083695
v -5.261239 -6.320000 -2.995779
v -5.273294 -6.320000 -2.992226
v -5.302345 -6.320000 -2.985459
v -5.389568 -6.320000 -2.820286
v -5.398260 -6.320000 -2.768829
v -5.392167 -6.320000 -2.789599
v -5.546999 -6.320000 -2.657613
v -5.170000 -6.328928 -3.076296
v -5.170000 -6.645571 -2.986503
v -5.170000 -6.637833 -2.981412
v -5.170000 -6.607169 -3.073893
v -5.170000 -6.612023 -3.070798
v -5.170000 -6.604857 -3.077538
v -5.170000 -6.629995 -2.983912
v -5.170000 -6.637646 -2.993432
v -5.170000 -6.456822 -3.005987
v -5.170000 -6.522583 -2.982983
v -5.170000 -6.565727 -3.100000
v -5.170000 -6.552707 -2.974934
v -5.170000 -6.380645 -3.050590
v -5.170000 -6.438589 -3.016474
v -5.170000 -6.450233 -3.012101
v -5.919588 -7.320000 -2.269696
v -5.954718 -7.320000 -2.314471
v -5.762443 -7.320000 -2.232001
v -5.753703 -7.320000 -2.231941
v -5.752559 -7.320000 -2.231803
v -5.839236 -7.320000 -2.233092
v -5.859924 -7.320000 -2.238935
v -5.689307 -7.320000 -2.563600
v -5.638512 -7.320000 -2.558344
v -5.642369 -7.320000 -2.528731
v -5.663636 -7.320000 -2.276857
v -5.750873 -7.320000 -2.232400
v -5.598105 -7.320000 -2.397349
v -5.593598 -7.320000 -2.450027
v -5.590658 -7.320000 -2.437776
v -5.466413 -7.320000 -2.543951
v -5.411760 -7.320000 -2.574026
v -5.533533 -7.320000 -2.528809
v -5.583890 -7.320000 -2.539049
v -5.560136 -7.320000 -2.529227
v -5.348769 -7.320000 -2.675214
v -5.352937 -7.320000 -2.660351
v -5.376775 -7.320000 -2.813741
v -5.343864 -7.320000 -2.737602
v -5.344810 -7.320000 -2.740854
v -5.344405 -7.320000 -2.732573
v -5.361322 -7.320000 -2.795706
v -5.386778 -7.320000 -2.597730
v -5.612985 -7.320000 -2.506043
v -5.615506 -7.320000 -2.332355
v -5.605367 -7.320000 -2.349515
v -6.145827 -7.320000 -2.765901
v -6.133397 -7.320000 -2.809582
v -6.136488 -7.320000 -2.720183
v -6.124946 -7.320000 -2.672948
v -6.046895 -7.320000 -2.914311
v -5.982570 -7.320000 -2.923429
v -6.099090 -7.320000 -2.874943
v -6.113287 -7.320000 -2.861651
v -6.083993 -7.320000 -2.624735
v -6.073148 -7.320000 -2.615661
v -5.878448 -7.320000 -2.545692
v -5.881755 -7.320000 -2.544088
v -5.931160 -7.320000 -2.583680
v -5.938880 -7.320000 -2.481232
v -5.901298 -7.320000 -2.905876
v -5.877494 -7.320000 -2.888460
v -5.968102 -7.320000 -2.923357
v -5.964226 -7.320000 -2.580080
v -5.941261 -7.320000 -2.477995
v -5.965038 -7.320000 -2.353693
v -5.968842 -7.320000 -2.411882
v -5.972526 -7.320000 -2.924430
v -6.023667 -7.320000 -2.588781
v -5.803313 -7.320000 -2.731632
v -5.813394 -7.320000 -2.790404
v -5.801886 -7.320000 -2.748918
v -5.828033 -7.320000 -2.840799
v -5.822045 -7.320000 -2.828519
v -5.816820 -7.320000 -2.678667
v -5.841980 -7.320000 -2.641006
v -5.705972 -7.320000 -2.696734
v -5.757077 -7.320000 -2.571388
v -5.781821 -7.320000 -2.575551
v -5.872346 -7.320000 -2.611045
v -5.873500 -7.320000 -2.546837
v -5.672545 -7.320000 -2.787948
v -5.627517 -7.320000 -2.827837
v -5.694030 -7.320000 -2.731188
v -5.689932 -7.320000 -2.624969
v -5.685713 -7.320000 -2.614927
v -5.688605 -7.320000 -2.618470
v -5.517353 -7.320000 -2.874742
v -5.602324 -7.320000 -2.852228
v -5.507483 -7.320000 -2.878554
v -5.417836 -7.320000 -2.856307
v -5.490981 -7.320000 -2.874642
v -6.065767 -6.410856 -3.100000
v -5.986022 -6.493242 -3.100000
v -5.989677 -6.474980 -3.100000
v -6.022700 -6.418111 -3.100000
v -5.489605 -6.451819 -3.100000
v -5.984572 -6.488137 -3.100000
v -5.486314 -6.497477 -3.100000
v -5.483266 -6.422279 -3.100000
v -5.478212 -6.598911 -3.100000
v -5.477855 -6.578291 -3.100000
v -5.479117 -6.553675 -3.100000
v -5.477532 -6.402189 -3.100000
v -5.401936 -6.737020 -3.100000
v -5.387266 -6.762821 -3.100000
v -5.351405 -6.763949 -3.100000
v -5.446266 -6.687678 -3.100000
v -5.453671 -6.658191 -3.100000
v -5.259842 -6.724100 -3.100000
v -5.267351 -6.736285 -3.100000
v -5.216751 -6.669034 -3.100000
v -5.178427 -6.602003 -3.100000
v -5.198780 -6.629512 -3.100000
v -5.281940 -6.749246 -3.100000
v -5.467819 -6.336550 -3.100000
v -6.166317 -6.816331 -3.100000
v -6.116801 -6.768962 -3.100000
v -6.156098 -6.807626 -3.100000
v -6.145145 -6.450596 -3.100000
v -6.121220 -6.431223 -3.100000
v -6.108569 -6.420916 -3.100000
v -6.067378 -6.719486 -3.100000
v -6.049742 -6.684042 -3.100000
v -6.088792 -6.740497 -3.100000
v -5.985333 -6.506695 -3.100000
v -5.997517 -6.597658 -3.100000
v -6.002767 -6.607897 -3.100000
v -5.987922 -6.561737 -3.100000
v -6.010705 -6.622037 -3.100000
vn -1.0000 -0.0000 -0.0000
vn -0.0000 1.0000 -0.0000
vn 1.0000 -0.0000 -0.0000
vn -0.0000 -1.0000 -0.0000
vn -0.0000 -0.0000 -1.0000
vn 0.0617 -0.1498 -0.9868
vn 0.3452 -0.1692 -0.9232
vn 0.1595 -0.1292 -0.9787
vn -0.2014 -0.1341 -0.9703
vn 0.0907 -0.1548 -0.9838
vn 0.0420 -0.2004 -0.9788
vn -0.0152 0.2175 0.9759
vn -0.0074 0.2124 0.9771
vn 0.2340 0.2299 0.9446
vn 0.4283 -0.0973 -0.8984
vn 0.2231 -0.0525 -0.9734
vn 0.5742 -0.0645 -0.8162
vn 0.1108 -0.0999 -0.9888
vn 0.5880 -0.6840 -0.4317
vn 0.5469 -0.6870 -0.4784
vn 0.7096 -0.6577 -0.2528
vn -0.1368 -0.1525 -0.9788
vn 0.1468 -0.1692 -0.9746
vn 0.0890 -0.1806 -0.9795
vn 0.1981 -0.1452 -0.9694
vn 0.1549 0.1137 0.9814
vn 0.1723 0.0954 0.9804
vn 0.3988 0.0605 0.9150
vn 0.3329 -0.1195 -0.9354
vn 0.2478 0.2386 0.9390
vn -0.0024 0.1830 0.9831
vn 0.1117 0.1995 0.9735
vn 0.0205 0.1287 0.9915
vn 0.0035 -0.2722 -0.9622
vn 0.2454 -0.1881 -0.9510
vn 0.0540 -0.2509 -0.9665
vn 0.1818 0.0861 0.9796
vn 0.2600 -0.0298 0.9651
vn 0.3537 0.0064 0.9353
vn 0.7545 -0.6456 -0.1179
vn 0.3934 -0.1572 -0.9058
vn 0.1485 -0.1526 -0.9771
vn 0.0640 -0.2227 -0.9728
vn 0.3492 -0.1759 -0.9204
vn 0.2246 -0.2804 -0.9332
vn 0.4269 -0.6669 -0.6107
vn 0.6510 -0.6474 -0.3962
vn 0.5154 -0.6586 -0.5483
vn 0.5871 -0.1687 0.7917
vn 0.5469 -0.1713 0.8195
vn 0.7460 -0.2451 0.6192
vn -0.5268 0.6681 0.5255
vn -0.2867 0.6098 0.7389
vn -0.5457 0.6588 0.5179
vn 0.3685 0.1317 0.9202
vn 0.3464 0.1404 0.9275
vn 0.1021 0.1528 0.9830
vn 0.1139 0.1497 0.9821
vn -0.0688 0.5322 0.8438
vn 0.2777 0.2031 0.9389
vn -0.0035 0.2128 0.9771
vn 0.0441 0.1537 0.9871
vn 0.1309 -0.1384 -0.9817
vn 0.4600 -0.1613 -0.8731
vn 0.2865 -0.1432 -0.9473
vn 0.7145 -0.1906 -0.6731
vn 0.6203 -0.0984 -0.7782
vn 0.7103 -0.6645 -0.2322
vn 0.6491 -0.7080 -0.2781
vn 0.6290 -0.7205 -0.2920
vn 0.6859 -0.2742 0.6740
vn 0.0722 0.1458 0.9867
vn 0.7224 -0.2144 -0.6574
vn 0.4888 -0.6715 -0.5569
vn 0.4018 -0.7027 -0.5872
vn 0.3274 0.3096 0.8927
vn 0.3250 0.1642 0.9314
vn 0.5349 0.0220 0.8446
vn 0.7033 -0.1908 0.6848
vn 0.3035 -0.0603 0.9509
vn 0.5449 -0.1763 0.8197
vn 0.5190 -0.1061 0.8482
vn 0.7611 -0.2143 0.6122
vn 0.5928 -0.1888 0.7829
vn 0.6456 0.2333 0.7272
vn 0.9328 -0.3600 0.0188
vn 0.8508 -0.3202 0.4166
vn 0.8414 -0.3681 0.3957
vn 0.8720 -0.3906 0.2952
vn 0.7846 -0.4013 0.4726
vn 0.7627 -0.3928 0.5138
vn 0.7952 -0.5092 0.3293
vn -0.5496 0.6580 0.5147
vn -0.3564 0.6612 0.6601
vn -0.5511 0.6785 0.4857
vn 0.8992 -0.3475 -0.2659
vn 0.9313 -0.3443 -0.1189
vn 0.4132 0.2780 0.8672
vn 0.6314 -0.7095 -0.3129
vn 0.7648 -0.6438 -0.0256
vn 0.7819 -0.6154 0.0994
vn 0.7571 -0.2494 0.6038
vn 0.0583 0.5717 0.8184
vn 0.2082 0.3913 0.8964
vn 0.4130 0.2525 0.8750
vn 0.5758 -0.1382 -0.8058
vn 0.6163 -0.1496 -0.7732
vn 0.9116 -0.2907 -0.2906
vn 0.8751 -0.2803 -0.3945
vn -0.5495 0.6551 0.5186
vn 0.7315 -0.3010 0.6118
vn 0.7303 -0.2288 -0.6437
vn 0.5693 -0.1860 -0.8008
vn 0.3441 -0.1655 -0.9242
vn 0.6787 -0.0245 -0.7340
vn 0.4390 -0.1279 -0.8893
vn 0.5931 -0.0622 -0.8027
vn 0.8680 -0.3256 -0.3750
vn -0.9524 0.2084 0.2226
vn -0.9816 0.1888 -0.0274
vn -0.9705 0.2335 -0.0608
vn 0.8538 -0.5117 0.0964
vn 0.7991 -0.3940 0.4541
vn 0.8089 -0.2204 -0.5450
vn 0.5018 -0.1450 -0.8528
vn 0.2535 -0.2067 -0.9450
vn -0.8414 0.0511 0.5380
vn -0.9112 0.1384 0.3880
vn 0.5772 0.2782 0.7677
vn 0.9457 -0.3127 0.0884
vn 0.6904 0.2136 0.6912
vn 0.6664 -0.6665 -0.3342
vn 0.8034 -0.5953 -0.0149
vn 0.6675 -0.6635 -0.3380
vn 0.8585 -0.1519 0.4898
vn 0.7067 0.0435 0.7062
vn 0.7911 -0.2813 0.5431
vn 0.8059 -0.3848 0.4499
vn 0.8458 -0.4668 0.2582
vn 0.8546 -0.3237 0.4060
vn 0.7923 -0.2835 0.5403
vn -0.2497 0.6644 0.7044
vn -0.9712 0.1062 0.2130
vn -0.9123 0.2005 -0.3571
vn 0.6288 -0.0059 0.7775
vn 0.3001 0.2392 0.9234
vn 0.7316 -0.6027 -0.3185
vn -0.6804 0.0570 0.7306
vn 0.7472 0.1492 0.6476
vn -0.5624 0.2272 -0.7951
vn -0.8277 0.2421 -0.5063
vn 0.2145 0.4281 0.8779
vn -0.9569 0.1578 -0.2438
vn 0.6753 -0.0477 0.7360
vn 0.9343 -0.2954 0.1998
vn -0.9470 0.0845 0.3099
vn 0.7718 -0.6177 -0.1513
vn 0.8211 -0.5687 -0.0491
vn -0.7123 -0.0105 0.7018
vn 0.8199 -0.0442 0.5708
vn -0.9907 0.1123 -0.0772
vn 0.7874 0.2284 0.5726
vn 0.8179 -0.0354 -0.5743
vn 0.8670 -0.4050 0.2905
vn 0.8946 -0.3055 0.3261
vn -0.9937 -0.0791 0.0788
vn -0.9404 -0.0878 0.3285
vn -0.9939 -0.1100 0.0039
vn -0.4588 0.2660 -0.8478
vn -0.8823 0.0552 0.4675
vn -0.6463 -0.0182 0.7629
vn 0.8241 -0.3129 0.4721
vn 0.9495 -0.2524 -0.1866
vn 0.9476 -0.2273 0.2243
vn -0.3179 0.3236 -0.8912
vn -0.6347 0.2958 -0.7139
vn -0.9801 -0.0290 -0.1961
vn -0.9018 -0.1003 -0.4202
vn -0.9436 -0.0600 -0.3256
vn 0.8449 -0.1121 -0.5230
vn 0.8105 0.0869 -0.5792
vn 0.8870 -0.1922 -0.4199
vn -0.9751 -0.0426 0.2177
vn -0.7731 0.1678 -0.6117
vn -0.6710 0.1962 -0.7150
vn 0.8195 -0.1724 -0.5465
vn 0.1424 0.5205 0.8419
vn -0.0306 0.6633 0.7477
vn -0.9123 0.0946 -0.3985
vn -0.9930 0.0757 0.0901
vn -0.9868 0.0253 0.1597
vn -0.8960 0.1354 -0.4228
vn 0.8166 0.0759 0.5722
vn -0.7894 -0.0316 0.6130
vn -0.8426 -0.0427 0.5369
vn -0.9465 0.0543 -0.3181
vn 0.8617 -0.4909 0.1282
vn 0.6908 -0.0157 0.7229
vn -0.6914 -0.0373 0.7215
vn -0.9843 0.0482 0.1700
vn -0.9952 0.0117 -0.0968
vn -0.8624 0.0229 -0.5057
vn -0.9797 0.0275 -0.1988
vn -0.9937 -0.0137 -0.1112
vn -0.8963 0.0252 0.4428
vn -0.8206 -0.0277 -0.5708
vn -0.9250 -0.0312 0.3786
vn -0.9791 -0.0292 -0.2014
vn -0.8792 -0.0081 0.4763
vn 0.8523 -0.4680 0.2337
vn 0.9007 0.1356 -0.4127
vn 0.9308 0.0914 -0.3540
vn -0.7962 -0.0001 0.6050
vn -0.7608 -0.0177 0.6487
vn -0.5952 -0.0156 0.8034
vn -0.5856 0.1317 -0.7998
vn -0.7672 -0.0971 -0.6340
vn -0.6793 -0.0655 -0.7310
vn -0.3025 0.1251 -0.9449
vn -0.7314 -0.0236 -0.6815
vn -0.6457 0.0729 -0.7601
vn -0.3668 -0.0617 -0.9282
vn -0.6408 0.0010 -0.7677
vn -0.4862 -0.0846 -0.8698
vn -0.4079 -0.0853 0.9091
vn -0.7207 0.0474 -0.6916
vn 0.9275 -0.0704 -0.3672
vn 0.9807 -0.1938 -0.0269
vn -0.6075 0.0392 0.7933
vn 0.9121 0.1820 0.3675
vn -0.0753 0.1813 -0.9806
vn -0.5510 -0.0398 0.8335
vn -0.5824 -0.0015 0.8129
vn -0.4750 0.0023 0.8800
vn -0.2473 -0.1066 0.9631
vn 0.9241 -0.1318 0.3586
vn -0.2984 0.0327 0.9539
vn -0.3477 -0.0614 0.9356
vn 0.9862 -0.1348 0.0961
vn 0.9792 0.1551 -0.1309
vn 0.8934 0.2048 0.4000
vn 0.7058 0.1114 0.6996
vn -0.3941 0.0375 0.9183
vn -0.2096 0.1584 -0.9649
vn 0.7984 -0.0838 -0.5962
vn 0.9526 -0.0177 0.3038
vn 0.9868 0.0369 0.1577
vn -0.3071 -0.0320 0.9511
vn 0.9829 -0.1108 -0.1468
vn 0.9707 0.1528 0.1856
vn 0.9778 0.0208 -0.2086
vn -0.1245 -0.1416 0.9821
vn -0.5034 -0.0301 0.8635
vn -0.2898 -0.0234 0.9568
vn 0.9934 0.0989 -0.0582
vn 0.9510 0.1363 0.2776
vn -0.0764 -0.1657 0.9832
vn 0.1281 -0.1927 0.9729
vn -0.2991 -0.1288 0.9455
vn 0.3387 0.4148 0.8445
vn 0.4633 0.2547 0.8488
vn 0.9898 0.1404 0.0258
vn -0.1851 0.0003 0.9827
vn -0.3415 0.0619 -0.9378
vn -0.5382 0.0006 -0.8428
vn 0.8244 -0.5145 0.2360
vn 0.8664 -0.3774 0.3270
vn 0.8052 -0.0291 0.5923
vn 0.7946 -0.1085 0.5973
vn -0.2457 0.0209 -0.9691
vn 0.4553 0.0931 -0.8855
vn 0.0671 0.2120 -0.9750
vn 0.8802 -0.4717 0.0522
vn -0.2316 -0.0105 -0.9728
vn 0.9994 -0.0307 -0.0133
vn -0.4507 0.0004 -0.8927
vn 0.1184 -0.0544 0.9915
vn 0.8160 -0.2409 0.5255
vn 0.0410 -0.1369 0.9897
vn 0.0034 0.0240 0.9997
vn 0.0775 -0.0520 0.9956
vn 0.3127 -0.2093 0.9265
vn -0.8059 0.5660 0.1737
vn -0.8698 0.4893 -0.0638
vn -0.8646 0.4751 -0.1635
vn -0.0544 0.0879 -0.9946
vn -0.0967 -0.0909 -0.9912
vn 0.0256 -0.0235 0.9994
vn 0.3058 -0.1753 0.9358
vn -0.8067 0.4436 -0.3903
vn -0.7808 0.3628 -0.5087
vn -0.7396 0.2655 -0.6184
vn -0.0279 0.0795 0.9964
vn 0.7244 0.1108 0.6804
vn 0.2160 0.0912 -0.9721
vn 0.1382 0.0928 -0.9860
vn 0.5741 0.0577 -0.8168
vn 0.9024 -0.0830 0.4228
vn 0.1483 -0.0330 -0.9884
vn 0.0777 -0.0887 -0.9930
vn 0.0848 -0.0709 0.9939
vn 0.0367 0.0590 -0.9976
vn -0.0024 0.0007 -1.0000
vn 0.2372 -0.0188 0.9713
vn 0.1907 0.0508 0.9803
vn -0.6750 0.4949 0.5472
vn -0.7596 0.5601 0.3306
vn -0.5287 0.5137 0.6758
vn 0.2872 0.0893 -0.9537
vn 0.6376 -0.2377 0.7328
vn 0.0005 0.0214 -0.9998
vn 0.4354 -0.1637 0.8852
vn 0.4235 0.0516 0.9044
vn -0.5392 0.1283 -0.8323
vn -0.6475 0.1982 -0.7359
vn 0.2563 -0.0687 0.9642
vn -0.8395 0.3325 -0.4298
vn 0.2239 0.0503 0.9733
vn 0.2074 0.0297 -0.9778
vn -0.8785 0.4678 0.0972
vn 0.5303 -0.1599 0.8326
vn 0.3721 0.0297 -0.9277
vn 0.5090 -0.2145 0.8336
vn 0.3234 -0.0106 -0.9462
vn 0.5438 0.0067 -0.8392
vn 0.6348 -0.0294 0.7721
vn -0.3187 0.0105 -0.9478
vn -0.7160 0.4631 0.5224
vn 0.6181 0.0012 0.7861
vn 0.7519 -0.0097 -0.6592
vn 0.6312 0.0046 -0.7756
vn 0.4880 -0.0560 0.8711
vn -0.9124 0.3994 -0.0896
vn 0.5198 0.0310 -0.8537
vn -0.2854 -0.0718 -0.9557
vn 0.3253 -0.0833 -0.9419
vn 0.6269 -0.0216 0.7788
vn 0.5936 0.0039 -0.8048
vn 0.4695 -0.0441 -0.8818
vn 0.5632 -0.1685 0.8090
vn -0.3726 0.4924 0.7866
vn -0.2236 0.3314 0.9166
vn 0.4298 0.0241 -0.9026
vn -0.3206 0.3426 0.8831
vn 0.6190 0.0039 -0.7854
vn -0.8240 0.2492 -0.5088
vn 0.5624 -0.0527 0.8252
vn -0.8877 0.4099 0.2096
vn -0.9065 0.2682 -0.3260
vn 0.8427 -0.1589 0.5144
vn 0.8403 -0.0375 -0.5409
vn -0.5858 0.0935 -0.8050
vn 0.7522 -0.2077 0.6253
vn 0.6596 0.1182 0.7423
vn 0.4726 0.0929 0.8764
vn -0.6390 0.0946 -0.7634
vn -0.1040 -0.1650 -0.9808
vn -0.1040 -0.1452 -0.9839
vn 0.7784 -0.2244 0.5862
vn -0.5674 0.0924 0.8183
vn -0.5810 0.4105 0.7028
vn 0.7864 0.0798 0.6125
vn -0.2720 0.3412 0.8998
vn -0.1361 0.2261 0.9646
vn -0.9572 0.2857 0.0454
vn 0.7222 0.0125 -0.6916
vn 0.8706 -0.1830 0.4566
vn -0.7761 0.4100 0.4791
vn 0.9492 -0.0657 -0.3078
vn 0.7719 0.0256 -0.6352
vn 0.8638 -0.0430 -0.5021
vn 0.8370 0.0406 0.5457
vn 0.9270 -0.2100 0.3109
vn 0.8620 -0.0224 -0.5065
vn 0.8816 -0.2144 0.4206
vn 0.8938 -0.0121 -0.4482
vn 0.0799 0.1870 0.9791
vn 0.8184 0.0067 -0.5746
vn -0.1892 -0.1688 -0.9673
vn -0.9353 0.1301 -0.3291
vn 0.7915 0.0245 -0.6107
vn -0.6997 0.0189 -0.7142
vn 0.9209 -0.0836 -0.3808
vn 0.9739 -0.1321 -0.1844
vn -0.3427 -0.1273 -0.9308
vn 0.6994 0.0230 -0.7143
vn 0.9810 -0.1489 0.1247
vn -0.8549 0.3544 0.3790
vn 0.9264 -0.0347 0.3749
vn 0.7773 -0.0831 0.6236
vn 0.9525 -0.1597 -0.2592
vn 0.9876 -0.1398 -0.0720
vn -0.2278 0.7990 0.5566
vn 0.9920 -0.1139 -0.0548
vn -0.7098 -0.1407 -0.6902
vn 0.3756 -0.8079 -0.4542
vn 0.8808 0.0023 -0.4735
vn -0.9743 0.2249 -0.0144
vn 0.9789 -0.1709 0.1123
vn 0.9133 -0.0340 -0.4058
vn -0.1765 0.2509 0.9518
vn 0.8347 0.0346 -0.5496
vn 0.8687 0.0281 -0.4946
vn -0.4058 0.3957 0.8238
vn 0.0802 0.1695 0.9823
vn -0.0834 0.2292 0.9698
vn -0.2161 -0.2506 -0.9437
vn -0.0715 0.3151 0.9464
vn 0.9312 0.0186 0.3641
vn -0.4767 0.4354 0.7637
vn -0.9703 0.2120 -0.1164
vn 0.9628 0.0317 -0.2683
vn 0.9857 0.0958 0.1387
vn 0.9884 0.1025 0.1117
vn 0.9003 0.0935 0.4250
vn 0.9702 0.0375 -0.2393
vn 0.3028 0.1135 0.9463
vn 0.1227 -0.2457 -0.9616
vn 0.9925 -0.0125 0.1218
vn 0.9343 0.0846 -0.3462
vn 0.9616 0.0864 -0.2606
vn -0.8378 -0.0015 -0.5459
vn 0.4571 0.0638 -0.8871
vn -0.2270 -0.2283 0.9468
vn 0.9962 -0.0128 -0.0862
vn -0.8702 0.3564 0.3403
vn 0.9954 -0.0869 0.0406
vn -0.3451 -0.2993 -0.8896
vn -0.6358 0.4438 0.6315
vn -0.8765 0.3512 0.3292
vn 0.9961 -0.0806 -0.0362
vn 0.9763 0.0393 0.2129
vn -0.6415 -0.1217 -0.7574
vn 0.8627 0.0258 0.5051
vn 0.1219 -0.1642 -0.9789
vn 0.9807 0.0952 -0.1708
vn 0.2138 -0.3289 -0.9198
vn -0.0121 -0.9999 -0.0001
vn 0.0363 0.6580 -0.7522
vn -0.4778 0.4483 0.7555
vn 0.3356 -0.3658 -0.8680
vn 0.3015 -0.3261 -0.8960
vn 0.1114 -0.3130 -0.9432
vn -0.8508 0.3658 0.3773
vn -0.8394 -0.1631 -0.5185
vn -0.9797 0.1611 -0.1193
vn -0.9218 0.2836 0.2644
vn -0.5381 0.4382 0.7200
vn -0.6773 -0.2889 -0.6766
vn -0.8575 -0.1694 -0.4859
vn -0.9864 0.0458 -0.1576
vn -0.0448 0.3517 0.9350
vn -0.4261 -0.2873 -0.8578
vn -0.7662 0.4162 0.4897
vn -0.4458 0.4940 0.7465
vn -0.4133 -0.2968 -0.8608
vn -0.2355 0.4525 0.8601
vn -0.9108 0.2853 0.2984
vn -0.9754 -0.0617 -0.2117
vn -0.9461 0.2578 0.1959
vn -0.9723 0.1712 0.1589
vn -0.9228 -0.1598 -0.3504
vn -0.9382 0.3462 -0.0019
vn -0.9371 0.3375 -0.0894
vn -0.9094 0.2445 -0.3365
vn -0.7709 0.3827 0.5091
vn -0.9133 0.3612 0.1884
vn -0.9995 0.0278 0.0152
vn -0.8854 -0.2605 -0.3850
vn -0.9769 0.1060 0.1856
vn -0.9780 -0.1761 -0.1122
vn 0.6133 -0.1083 0.7824
vn 0.5287 -0.0510 0.8472
vn 0.3539 0.0748 0.9323
vn 0.0981 0.2800 0.9550
vn -0.7051 -0.4488 -0.5491
vn -0.8919 -0.2101 -0.4005
vn -0.8664 -0.3667 -0.3389
vn -0.7609 -0.2873 -0.5818
vn -0.4882 -0.4070 -0.7720
vn -0.6862 -0.3790 -0.6208
vn -0.9401 -0.2130 -0.2660
vn -0.8269 0.4312 0.3610
vn -0.8229 0.3948 0.4087
vn 0.5697 -0.4158 -0.7089
vn -0.9092 0.2637 0.3223
vn -0.9462 0.2602 0.1925
vn -0.8352 0.2925 0.4658
vn 0.0498 -0.4129 -0.9094
vn 0.5603 -0.3858 -0.7330
vn -0.8179 0.1916 -0.5425
vn -0.8278 0.2029 -0.5231
vn -0.6381 -0.4995 -0.5860
vn -0.5760 -0.4477 -0.6840
vn 0.4376 0.1128 0.8921
vn -0.6957 0.4421 0.5661
vn -0.5526 0.4664 0.6908
vn -0.1611 -0.4752 -0.8650
vn -0.9195 0.3832 -0.0872
vn -0.3043 0.5216 0.7971
vn -0.1636 0.5213 0.8376
vn -0.3292 -0.5212 -0.7874
vn -0.6854 0.0848 -0.7232
vn 0.0864 0.3648 0.9271
vn 0.3578 -0.4055 -0.8412
vn 0.1727 -0.4173 -0.8922
vn -0.0501 0.4613 0.8858
vn 0.0140 0.4021 0.9155
vn -0.0375 -0.4286 -0.9027
vn -0.4865 -0.3091 -0.8172
vn 0.6973 -0.0833 0.7119
vn -0.4832 -0.5986 -0.6389
vn -0.6931 0.4341 0.5755
vn -0.6964 0.4453 0.5628
vn -0.2881 -0.5218 -0.8029
vn 0.1037 0.4775 0.8725
vn -0.9004 0.2194 -0.3756
vn -0.5192 0.4612 0.7195
vn -0.5480 -0.0351 -0.8358
vn -0.5320 0.0119 -0.8467
vn 0.7667 -0.1553 0.6229
vn 0.8790 -0.3647 0.3072
vn 0.8544 -0.3080 0.4185
vn 0.1460 -0.4295 -0.8912
vn -0.8956 0.4014 0.1916
vn -0.5432 0.3806 0.7484
vn -0.6129 0.4204 0.6690
vn 0.7618 -0.4443 -0.4715
vn 0.7092 -0.4374 -0.5530
vn -0.2345 -0.5884 -0.7738
vn -0.2339 -0.6372 -0.7343
vn 0.7801 -0.4187 -0.4650
vn -0.9327 0.3352 0.1333
vn -0.9156 0.1826 -0.3583
vn 0.0612 -0.5007 -0.8635
vn 0.3903 0.2584 0.8837
vn -0.1901 -0.5361 -0.8225
vn -0.3552 0.2948 0.8871
vn -0.5411 0.3807 0.7499
vn -0.7623 0.4075 0.5029
vn 0.8848 -0.4375 0.1604
vn 0.4813 0.1507 0.8635
vn 0.3312 0.3613 0.8716
vn -0.0348 0.5445 0.8380
vn -0.6151 -0.0653 -0.7858
vn 0.7748 -0.1949 0.6014
vn -0.9444 0.2021 -0.2593
vn -0.2703 0.4964 0.8250
vn -0.8645 0.3673 0.3431
vn 0.2639 0.4557 0.8501
vn 0.4740 0.2398 0.8473
vn -0.6828 0.0050 -0.7306
vn 0.6517 -0.4277 -0.6264
vn 0.6497 0.1477 0.7457
vn -0.6348 0.4214 0.6477
vn 0.9211 -0.3857 0.0523
vn 0.9009 -0.4323 -0.0389
vn -0.1107 0.3066 0.9454
vn -0.2547 0.3094 0.9162
vn 0.3122 -0.5195 -0.7954
vn 0.3031 -0.5392 -0.7858
vn -0.1870 0.2974 0.9363
vn 0.0359 0.2443 0.9690
vn 0.2360 0.1404 0.9616
vn 0.8111 -0.0926 0.5775
vn -0.9826 0.1772 -0.0556
vn 0.3848 -0.4771 -0.7901
vn 0.5435 -0.4234 -0.7249
vn -0.7862 -0.0104 -0.6178
vn 0.1004 -0.6227 -0.7760
vn 0.3985 0.4478 0.8004
vn 0.0783 0.5584 0.8259
vn 0.4969 0.3476 0.7951
vn 0.6348 -0.4288 -0.6428
vn 0.7604 0.0387 0.6483
vn -0.0926 -0.2657 -0.9596
vn 0.9233 -0.2532 0.2889
vn -0.8990 0.3568 0.2541
vn -0.9608 0.2049 -0.1869
vn -0.8497 -0.0547 -0.5244
vn 0.8916 -0.3846 -0.2390
vn -0.7868 0.3941 0.4750
vn -0.1062 -0.2691 -0.9572
vn -0.3319 -0.1784 -0.9263
vn 0.0015 -0.6342 -0.7731
vn 0.2325 -0.6130 -0.7551
vn 0.3757 -0.4913 -0.7858
vn -0.2097 -0.2395 -0.9480
vn 0.2710 -0.5473 -0.7919
vn 0.1981 -0.5570 -0.8065
vn 0.1731 -0.6386 -0.7498
vn 0.3762 0.0644 0.9243
vn -0.9442 0.3122 0.1048
vn 0.5055 0.4661 0.7261
vn 0.2957 0.5342 0.7919
vn -0.8153 0.3682 0.4469
vn 0.7278 0.1605 0.6668
vn 0.6072 0.3377 0.7192
vn -0.7810 -0.1070 -0.6153
vn -0.8950 -0.0225 -0.4456
vn -0.9695 0.0857 -0.2295
vn 0.5794 -0.4457 -0.6824
vn -0.4632 -0.2756 -0.8423
vn 0.1657 0.2610 0.9510
vn -0.3936 0.4035 0.8260
vn 0.9376 -0.3176 -0.1413
vn 0.9025 -0.3234 -0.2845
vn -0.7422 -0.1845 -0.6443
vn -0.3310 -0.2326 -0.9145
vn 0.9476 -0.3116 0.0710
vn -0.4548 0.4224 0.7840
vn -0.5354 0.4224 0.7314
vn -0.9118 0.3234 0.2532
vn -0.9949 0.0851 -0.0537
vn -0.1435 0.3602 0.9218
vn -0.7704 0.4487 0.4531
vn -0.7601 -0.2174 -0.6124
vn -0.4600 -0.2924 -0.8384
vn 0.9299 -0.1626 0.3298
vn 0.8114 0.1537 0.5639
vn 0.8618 0.0038 0.5073
vn 0.7621 -0.4261 -0.4875
vn 0.4676 0.1099 0.8771
vn -0.2241 -0.9198 0.3221
vn 0.5864 0.5904 -0.5546
vn -0.8452 0.3112 0.4345
vn -0.9386 0.2455 0.2424
vn 0.6308 0.4243 0.6497
vn 0.8475 -0.3627 -0.3876
vn 0.4383 -0.5718 -0.6935
vn -0.2242 -0.9198 0.3220
vn -0.9927 0.1062 -0.0570
vn -0.9013 -0.1430 -0.4089
vn 0.4355 -0.6198 -0.6529
vn 0.9561 -0.1066 0.2729
vn -0.1084 0.3953 0.9121
vn -0.9556 -0.0148 -0.2943
vn -0.9176 -0.0722 -0.3909
vn -0.5929 0.4362 0.6769
vn -0.7431 0.3514 0.5695
vn -0.8774 0.3413 0.3372
vn 0.8143 -0.3608 -0.4547
vn -0.6282 0.4698 0.6202
vn -0.3106 -0.3811 -0.8708
vn 0.7458 0.2871 0.6011
vn -0.9784 -0.0993 -0.1812
vn -0.9602 -0.0627 -0.2720
vn -0.9973 0.0738 0.0028
vn 0.7390 -0.4196 -0.5270
vn 0.5293 -0.5793 -0.6198
vn -0.8987 0.3033 0.3169
vn -0.9605 0.2392 0.1420
vn -0.9868 0.1463 0.0692
vn 0.2074 -0.3691 -0.9060
vn 0.3043 -0.3715 -0.8771
vn 0.6823 -0.4360 -0.5868
vn -0.7363 -0.2271 -0.6374
vn -0.6516 -0.2987 -0.6973
vn -0.3860 0.4721 0.7926
vn 0.0711 -0.4290 -0.9005
vn 0.5858 0.5911 -0.5545
vn -0.3749 0.5306 0.7602
vn 0.8191 0.2441 0.5191
vn 0.9385 -0.2741 -0.2101
vn 0.4385 0.6093 -0.6607
vn -0.8530 0.3680 0.3701
vn -0.9567 0.2357 0.1709
vn -0.8545 0.3544 0.3797
vn -0.3877 0.4946 0.7779
vn -0.2138 -0.8923 0.3976
vn 0.8793 -0.3515 -0.3215
vn -0.1658 0.4319 0.8865
vn 0.1175 -0.4219 -0.8990
vn 0.4735 -0.5329 -0.7013
vn 0.8929 0.0950 0.4402
vn -0.7495 0.4512 0.4845
vn -0.5818 0.5251 0.6211
vn -0.6285 0.4975 0.5979
vn -0.6791 0.0124 -0.7340
vn -0.5191 -0.3442 -0.7824
vn 0.9755 -0.2123 0.0578
vn -0.2919 -0.4446 -0.8469
vn 0.5329 0.0294 0.8457
vn 0.6983 -0.0636 0.7130
vn 0.9551 -0.0489 0.2922
vn 0.1337 -0.4365 -0.8897
vn 0.3959 0.1682 0.9028
vn 0.1239 0.2987 0.9463
vn 0.2195 -0.3265 -0.9193
vn 0.4321 -0.3952 -0.8106
vn 0.8263 -0.3539 -0.4382
vn -0.6614 0.2043 0.7217
vn 0.4087 0.2350 0.8819
vn 0.9892 -0.1403 0.0427
vn 0.8555 0.2582 0.4488
vn 0.9153 0.1089 0.3878
vn 0.7377 0.3605 0.5708
vn 0.5276 0.8494 -0.0051
vn 0.7747 -0.4029 -0.4873
vn 0.9042 0.2395 0.3537
vn 0.4645 -0.3652 -0.8068
vn 0.7550 0.1824 0.6299
vn 0.7798 -0.3897 -0.4900
vn 0.9157 -0.2901 -0.2779
vn -0.2603 0.5403 0.8002
vn 0.6676 0.6148 0.4199
vn -0.4016 0.5594 0.7251
vn 0.8468 -0.3177 -0.4267
vn 0.9908 -0.1347 0.0105
vn -0.1560 0.4900 0.8577
vn 0.7977 -0.1527 0.5834
vn 0.0366 0.4426 0.8960
vn 0.2341 0.3557 0.9048
vn 0.9818 0.0052 0.1901
vn 0.8867 -0.3329 -0.3207
vn 0.6453 0.0145 0.7638
vn 0.6516 -0.4056 -0.6411
vn 0.1549 0.4510 0.8790
vn 0.7961 -0.4138 -0.4415
vn 0.6782 -0.3686 -0.6358
vn 0.8095 -0.3995 -0.4302
vn 0.9402 -0.2210 -0.2593
vn 0.9903 -0.0846 -0.1099
vn 0.9350 -0.2550 -0.2463
vn 0.9843 0.0251 0.1747
vn 0.8333 -0.1236 0.5389
vn 0.9360 -0.2612 -0.2360
vn 0.2585 -0.5114 -0.8195
vn 0.0190 -0.5375 -0.8431
vn 0.3675 0.3253 0.8713
vn 0.6454 -0.4346 -0.6282
vn 0.9878 0.0844 0.1306
vn 0.9661 0.1798 0.1851
vn 0.6577 -0.4232 -0.6232
vn 0.6413 0.0951 0.7614
vn 0.9824 0.1509 0.1099
vn 0.9945 0.0057 0.1047
vn 0.9228 -0.2574 0.2866
vn 0.8920 -0.1746 0.4169
vn -0.0796 0.5543 0.8285
vn -0.1153 0.5793 0.8069
vn 0.9464 -0.2854 0.1512
vn 0.3999 -0.5511 -0.7324
vn 0.5698 -0.4187 -0.7071
vn 0.4429 0.3579 0.8220
vn 0.4930 -0.4640 -0.7360
vn 0.7771 -0.0391 0.6281
vn 0.7977 0.0257 0.6025
vn 0.6401 0.1925 0.7438
vn 0.6537 -0.4378 -0.6173
vn 0.3406 0.5167 0.7855
vn 0.1764 0.5604 0.8092
vn 0.4657 0.3880 0.7953
vn 0.4263 0.4641 0.7764
vn 0.0010 0.5272 0.8498
vn 0.9360 -0.2155 0.2782
vn 0.6671 0.2784 0.6910
vn 0.8824 -0.3780 -0.2800
vn 0.9441 -0.3281 0.0329
vn 0.9224 -0.3753 -0.0910
vn 0.8959 -0.3590 -0.2615
vn 0.1946 0.6066 0.7708
vn 0.8234 -0.3730 -0.4277
vn 0.9181 -0.3430 -0.1984
vn 0.9405 -0.1467 0.3066
vn 0.4594 0.4567 0.7618
vn 0.8016 0.1262 0.5843
vn 0.5264 0.4620 0.7138
vn 0.1426 0.5502 0.8228
vn 0.8908 -0.3189 -0.3237
vn 0.9587 -0.1553 0.2383
vn 0.9358 -0.3219 -0.1439
vn 0.7143 -0.4222 -0.5581
vn 0.8330 -0.3687 -0.4124
vn 0.6488 -0.4238 -0.6320
vn 0.8132 0.1596 0.5596
vn 0.7301 -0.4384 -0.5242
vn 0.5799 -0.4820 -0.6568
vn 0.9175 -0.0240 0.3971
vn 0.9754 -0.2189 -0.0271
vn 0.7964 0.2808 0.5356
vn 0.8555 0.1443 0.4974
vn 0.9352 -0.2936 -0.1979
vn 0.7487 0.3341 0.5725
vn 0.6201 0.4152 0.6657
vn 0.9823 -0.1327 0.1325
vn 0.9698 -0.0701 0.2337
vn 0.9420 0.0479 0.3323
vn 0.7375 0.3579 0.5727
vn 0.7867 0.3966 0.4732
vn 0.7510 0.2413 0.6146
vn 0.7476 0.4109 0.5218
vn 0.7151 0.4461 0.5382
vn 0.9724 -0.2160 -0.0883
vn 0.8346 -0.3479 -0.4271
vn 0.7663 -0.3961 -0.5058
vn 0.7658 -0.4520 -0.4574
vn 0.8426 -0.3947 -0.3663
vn 0.8058 -0.4688 -0.3619
vn 0.9531 -0.2459 -0.1763
vn 0.9869 -0.1551 -0.0454
vn 0.9785 -0.0005 0.2063
vn 0.9264 0.1073 0.3610
vn 0.9351 0.0475 0.3511
vn 0.9062 -0.2105 -0.3667
vn 0.9633 0.0422 0.2651
vn 0.8898 0.2187 0.4005
vn -0.9242 0.2450 -0.2930
vn -0.0070 0.2799 0.9600
vn -0.7068 0.4066 0.5790
vn 0.7562 -0.2240 -0.6148
vn -0.1266 0.3659 -0.9220
vn 0.0281 0.2203 -0.9750
vn 0.6569 0.0706 -0.7506
vn 0.9221 -0.3746 0.0969
vn 0.3347 -0.1366 -0.9324
vn 0.1423 0.1283 0.9815
vn 0.3910 -0.0986 -0.9151
vn 0.3937 0.1018 -0.9136
vn 0.2455 0.1442 -0.9586
vn 0.8740 -0.4255 -0.2347
vn -0.7693 0.4769 0.4251
vn -0.7762 0.2807 -0.5645
vn 0.6812 -0.1143 0.7231
vn 0.8296 -0.5578 -0.0238
vn 0.9020 -0.3829 0.1994
vn 0.8250 -0.5402 0.1661
vt 0.400032 0.122282
vt 0.409687 0.129935
vt 0.414326 0.140818
vt 0.415017 0.142509
vt 0.413866 0.155379
vt 0.409049 0.170869
vt 0.407800 0.174379
vt 0.407155 0.177485
vt 0.400092 0.185206
vt 0.393264 0.197791
vt 0.387591 0.202397
vt 0.380327 0.207921
vt 0.375000 0.212138
vt 0.375000 0.124933
vt 0.378230 0.123805
vt 0.392682 0.117860
vt 0.512136 0.149507
vt 0.516416 0.133691
vt 0.516162 0.118224
vt 0.516884 0.114966
vt 0.518168 0.104251
vt 0.520146 0.094953
vt 0.520280 0.091998
vt 0.523535 0.073539
vt 0.523417 0.072627
vt 0.525372 0.057130
vt 0.526716 0.046533
vt 0.531598 0.034591
vt 0.536724 0.017316
vt 0.541435 0.014048
vt 0.553323 0.001563
vt 0.565236 0.004118
vt 0.576464 0.014575
vt 0.580820 0.017668
vt 0.587581 0.033999
vt 0.590553 0.039641
vt 0.592961 0.055347
vt 0.598211 0.076327
vt 0.598327 0.076888
vt 0.598439 0.077300
vt 0.598754 0.098221
vt 0.599927 0.110516
vt 0.599141 0.118604
vt 0.598031 0.131876
vt 0.596342 0.145589
vt 0.595124 0.156421
vt 0.592800 0.170236
vt 0.591467 0.179540
vt 0.589121 0.192404
vt 0.587794 0.202926
vt 0.585750 0.212055
vt 0.583031 0.224796
vt 0.581519 0.231465
vt 0.578470 0.245297
vt 0.577859 0.250000
vt 0.492463 0.250000
vt 0.492605 0.248687
vt 0.492897 0.247841
vt 0.493075 0.247061
vt 0.498788 0.225559
vt 0.501969 0.209101
vt 0.503440 0.204568
vt 0.504254 0.198018
vt 0.507962 0.186004
vt 0.508171 0.178006
vt 0.510152 0.169060
vt 0.511351 0.154755
vt 0.512125 0.151456
vt 0.416161 0.225599
vt 0.435654 0.224777
vt 0.448383 0.236045
vt 0.451502 0.240184
vt 0.453054 0.250000
vt 0.382779 0.250000
vt 0.386608 0.246801
vt 0.394724 0.237737
vt 0.411739 0.226230
vt 0.412055 0.225988
vt 0.412399 0.225808
vt 0.394826 0.264267
vt 0.390324 0.261027
vt 0.446586 0.256866
vt 0.442043 0.259398
vt 0.433874 0.262294
vt 0.422982 0.266997
vt 0.416380 0.268478
vt 0.400264 0.265462
vt 0.554317 0.281280
vt 0.543762 0.283889
vt 0.536815 0.285091
vt 0.527355 0.283912
vt 0.519976 0.282645
vt 0.506343 0.273175
vt 0.503402 0.270962
vt 0.493154 0.251618
vt 0.577807 0.252521
vt 0.576397 0.256483
vt 0.569186 0.270161
vt 0.564084 0.274668
vt 0.459380 0.273485
vt 0.480832 0.268559
vt 0.487131 0.270491
vt 0.502426 0.276048
vt 0.510303 0.285464
vt 0.517418 0.295486
vt 0.518864 0.313049
vt 0.518962 0.320879
vt 0.515135 0.328812
vt 0.501305 0.346735
vt 0.499472 0.347900
vt 0.490974 0.351914
vt 0.483991 0.355176
vt 0.481014 0.354637
vt 0.469514 0.352643
vt 0.466251 0.351474
vt 0.454341 0.346701
vt 0.449905 0.342877
vt 0.441101 0.332733
vt 0.439522 0.328502
vt 0.435934 0.315788
vt 0.436858 0.302470
vt 0.438588 0.293404
vt 0.453823 0.276554
vt 0.455486 0.274547
vt 0.456091 0.274136
vt 0.437362 0.365064
vt 0.455121 0.368430
vt 0.466540 0.374118
vt 0.471728 0.378237
vt 0.477123 0.382651
vt 0.480929 0.385820
vt 0.482302 0.389659
vt 0.485597 0.405750
vt 0.481481 0.419569
vt 0.476062 0.429631
vt 0.469894 0.434829
vt 0.457793 0.442935
vt 0.452600 0.444458
vt 0.444929 0.445108
vt 0.431546 0.448041
vt 0.421946 0.448047
vt 0.412050 0.444463
vt 0.401422 0.440632
vt 0.390551 0.433082
vt 0.385853 0.426415
vt 0.380010 0.416335
vt 0.380282 0.397642
vt 0.380276 0.396321
vt 0.382889 0.392863
vt 0.395178 0.376949
vt 0.397977 0.375651
vt 0.402600 0.374051
vt 0.417815 0.366955
vt 0.434126 0.364497
vt 0.435764 0.364599
vt 0.391245 0.490841
vt 0.379076 0.500000
vt 0.375000 0.500000
vt 0.375000 0.428110
vt 0.388811 0.435742
vt 0.393548 0.439063
vt 0.404523 0.457472
vt 0.405349 0.459012
vt 0.403635 0.466914
vt 0.401944 0.474177
vt 0.401055 0.477190
vt 0.404022 0.577499
vt 0.404647 0.579458
vt 0.403374 0.581393
vt 0.401642 0.579411
vt 0.382301 0.573006
vt 0.381527 0.571792
vt 0.380615 0.571214
vt 0.375000 0.561432
vt 0.380926 0.502232
vt 0.387353 0.515161
vt 0.395881 0.529647
vt 0.396975 0.532558
vt 0.398503 0.534205
vt 0.404254 0.550646
vt 0.406266 0.558177
vt 0.592049 0.895640
vt 0.592015 0.895926
vt 0.592000 0.898111
vt 0.591727 0.917309
vt 0.590266 0.922481
vt 0.582576 0.937397
vt 0.571382 0.946179
vt 0.561577 0.948759
vt 0.547029 0.949710
vt 0.530501 0.942815
vt 0.529692 0.942220
vt 0.513978 0.927939
vt 0.513577 0.927112
vt 0.513291 0.925875
vt 0.506112 0.902955
vt 0.507153 0.896769
vt 0.509100 0.879827
vt 0.517817 0.868092
vt 0.523489 0.860746
vt 0.537493 0.855900
vt 0.540556 0.855164
vt 0.550663 0.857026
vt 0.562621 0.858842
vt 0.566911 0.861377
vt 0.580786 0.873409
vt 0.591900 0.895218
vt 0.439800 0.914508
vt 0.442870 0.913011
vt 0.452399 0.910848
vt 0.462770 0.907971
vt 0.467092 0.908328
vt 0.480333 0.911705
vt 0.489748 0.917995
vt 0.497239 0.925586
vt 0.504080 0.940290
vt 0.504980 0.948557
vt 0.502805 0.963417
vt 0.496085 0.975787
vt 0.493816 0.978498
vt 0.481763 0.988736
vt 0.469954 0.991622
vt 0.458525 0.993957
vt 0.447605 0.990849
vt 0.434587 0.985822
vt 0.431264 0.982273
vt 0.421422 0.969224
vt 0.419143 0.953142
vt 0.418893 0.950631
vt 0.419161 0.949525
vt 0.423531 0.932824
vt 0.427885 0.926874
vt 0.495383 0.879651
vt 0.493758 0.879983
vt 0.475816 0.883993
vt 0.467203 0.881008
vt 0.453013 0.875636
vt 0.443041 0.864379
vt 0.436943 0.858081
vt 0.431314 0.836838
vt 0.430361 0.834371
vt 0.431339 0.830245
vt 0.435923 0.811959
vt 0.446565 0.801694
vt 0.451074 0.797831
vt 0.464786 0.793702
vt 0.465600 0.793466
vt 0.466857 0.793601
vt 0.481197 0.794692
vt 0.484912 0.795734
vt 0.500567 0.804195
vt 0.506493 0.810440
vt 0.514012 0.824103
vt 0.517798 0.840883
vt 0.517693 0.847534
vt 0.515238 0.853473
vt 0.510414 0.867128
vt 0.496268 0.878928
vt 0.170081 0.538745
vt 0.171357 0.542034
vt 0.170995 0.543310
vt 0.171167 0.546674
vt 0.170520 0.560434
vt 0.168121 0.569414
vt 0.166808 0.571974
vt 0.164824 0.575509
vt 0.155065 0.591010
vt 0.150656 0.599871
vt 0.145302 0.605124
vt 0.138300 0.612241
vt 0.128475 0.621907
vt 0.125921 0.624083
vt 0.125000 0.625067
vt 0.125000 0.537862
vt 0.131214 0.532649
vt 0.137195 0.527806
vt 0.140358 0.525229
vt 0.151058 0.522714
vt 0.161825 0.524528
vt 0.317016 0.604255
vt 0.305934 0.591919
vt 0.304082 0.584548
vt 0.297947 0.569728
vt 0.298036 0.564573
vt 0.297721 0.558419
vt 0.295922 0.544369
vt 0.295099 0.532955
vt 0.296683 0.525570
vt 0.298117 0.520547
vt 0.300545 0.504138
vt 0.303110 0.500000
vt 0.372893 0.570501
vt 0.367805 0.577378
vt 0.363312 0.587259
vt 0.352539 0.601025
vt 0.350662 0.604071
vt 0.347015 0.607311
vt 0.329649 0.610987
vt 0.320684 0.610705
vt 0.000000 0.000000
s 0
f 561/1/1 564/2/1 565/3/1 566/4/1 573/5/1 572/6/1 570/7/1 571/8/1 577/9/1 576/10/1 578/11/1 581/12/1 602/13/1 562/14/1 563/15/1 560/16/1
f 568/17/1 555/18/1 551/19/1 550/20/1 546/21/1 544/22/1 545/23/1 542/24/1 543/25/1 536/26/1 535/27/1 537/28/1 532/29/1 533/30/1 527/31/1 528/32/1 531/33/1 530/34/1 529/35/1 538/36/1 534/37/1 539/38/1 540/39/1 541/40/1 547/41/1 552/42/1 549/43/1 548/44/1 556/45/1 554/46/1 553/47/1 559/48/1 558/49/1 557/50/1 604/51/1 603/52/1 590/53/1 601/54/1 600/55/1 592/56/1 593/57/1 599/58/1 597/59/1 589/60/1 588/61/1 605/62/1 579/63/1 580/64/1 574/65/1 575/66/1 569/67/1 567/68/1
f 585/69/1 587/70/1 586/71/1 598/72/1 591/73/1 594/74/1 595/75/1 596/76/1 583/77/1 582/78/1 584/79/1
f 618/80/2 606/81/2 594/74/2 591/73/2 608/82/2 607/83/2 619/84/2 613/85/2 612/86/2 614/87/2
f 630/88/2 624/89/2 626/90/2 625/91/2 629/92/2 622/93/2 621/94/2 609/95/2 592/56/2 600/55/2 611/96/2 610/97/2 623/98/2 631/99/2
f 615/100/2 617/101/2 616/102/2 644/103/2 628/104/2 627/105/2 632/106/2 634/107/2 633/108/2 639/109/2 638/110/2 637/111/2 635/112/2 636/113/2 653/114/2 652/115/2 654/116/2 648/117/2 647/118/2 646/119/2 645/120/2 642/121/2 641/122/2 640/123/2 643/124/2 620/125/2
f 649/126/2 665/127/2 666/128/2 667/129/2 659/130/2 658/131/2 660/132/2 691/133/2 676/134/2 675/135/2 677/136/2 689/137/2 690/138/2 688/139/2 682/140/2 681/141/2 680/142/2 674/143/2 671/144/2 669/145/2 670/146/2 656/147/2 655/148/2 657/149/2 662/150/2 661/151/2 663/152/2 664/153/2 651/154/2 650/155/2
f 683/156/2 684/157/2 1/158/2 668/159/2 672/160/2 673/161/2 678/162/2 679/163/2 687/164/2 686/165/2 685/166/2
f 698/167/3 694/168/3 693/169/3 699/170/3 696/171/3 695/172/3 697/173/3 702/174/3 1/158/3 684/157/3 692/175/3 704/176/3 705/177/3 706/178/3 700/179/3 701/180/3 703/181/3
f 711/182/4 710/183/4 709/184/4 712/185/4 713/186/4 707/187/4 708/188/4 757/189/4 758/190/4 756/191/4 751/192/4 749/193/4 748/194/4 772/195/4 770/196/4 769/197/4 714/198/4 716/199/4 735/200/4 720/201/4 721/202/4 719/203/4 737/204/4 736/205/4 717/206/4 718/207/4
f 764/208/4 765/209/4 762/210/4 763/211/4 761/212/4 766/213/4 767/214/4 771/215/4 750/216/4 755/217/4 760/218/4 747/219/4 746/220/4 741/221/4 740/222/4 738/223/4 739/224/4 745/225/4 744/226/4 742/227/4 743/228/4 759/229/4 754/230/4 752/231/4 753/232/4
f 778/233/4 776/234/4 768/235/4 775/236/4 773/237/4 774/238/4 780/239/4 779/240/4 781/241/4 783/242/4 782/243/4 729/244/4 733/245/4 731/246/4 730/247/4 732/248/4 727/249/4 728/250/4 734/251/4 723/252/4 722/253/4 724/254/4 726/255/4 725/256/4 715/257/4 777/258/4
f 786/259/5 789/260/5 785/261/5 817/262/5 820/263/5 818/264/5 819/265/5 821/266/5 815/267/5 814/268/5 816/269/5 809/270/5 810/271/5 808/272/5 562/273/5 602/274/5 811/275/5 812/276/5 813/277/5 784/278/5 787/279/5
f 796/280/5 799/281/5 800/282/5 792/283/5 793/284/5 794/285/5 790/286/5 788/287/5 791/288/5 795/289/5 807/290/5 668/291/5 1/158/5 702/174/5 804/292/5 805/293/5 803/294/5 801/295/5 802/296/5 806/297/5 798/298/5 797/299/5
s 1
f 544/300/6 9/300/7 545/300/8
f 567/300/9 7/300/10 568/300/11
f 590/300/12 603/300/13 17/300/14
f 545/300/8 9/300/7 6/300/15 542/300/16
f 542/300/16 6/300/15 543/300/17
f 569/300/18 7/300/10 567/300/9
f 582/300/19 583/300/20 3/300/21
f 580/300/22 2/300/23 574/300/24
f 579/300/25 2/300/23 580/300/22
f 556/300/26 548/300/27 13/300/28
f 546/300/29 9/300/7 544/300/6
f 17/300/14 11/300/30 601/300/31 590/300/12
f 611/300/32 600/300/33 601/300/31 11/300/30
f 599/300/34 4/300/35 597/300/36
f 549/300/37 552/300/38 26/300/39
f 584/300/40 582/300/19 3/300/21
f 2/300/23 38/300/41 575/300/42 574/300/24
f 589/300/43 15/300/44 588/300/45
f 595/300/46 30/300/47 596/300/48
f 539/300/49 534/300/50 34/300/51
f 38/300/41 7/300/10 569/300/18 575/300/42
f 578/300/52 8/300/53 581/300/54
f 18/300/55 25/300/56 559/300/57 553/300/58
f 576/300/59 8/300/53 578/300/52
f 21/300/60 604/300/61 557/300/62
f 21/300/60 17/300/14 603/300/13 604/300/61
f 555/300/63 23/300/64 551/300/65
f 7/300/10 23/300/64 555/300/63 568/300/11
f 6/300/15 5/300/66 536/300/67 543/300/17
f 562/300/68 808/300/69 563/300/70
f 534/300/50 538/300/71 34/300/51
f 25/300/56 21/300/60 557/300/62 558/300/72
f 536/300/67 5/300/66 535/300/73
f 26/300/39 13/300/28 548/300/27 549/300/37
f 606/300/74 30/300/47 595/300/46 594/300/75
f 572/300/76 573/300/77 20/300/78
f 573/300/77 566/300/79 20/300/78
f 547/300/80 541/300/81 12/300/82
f 54/300/83 12/300/82 541/300/81 540/300/84
f 30/300/47 3/300/21 583/300/20 596/300/48
f 11/300/30 17/300/14 75/300/85
f 34/300/51 54/300/83 540/300/84 539/300/49
f 10/300/86 504/300/87 530/300/88 531/300/89
f 16/300/90 564/300/91 561/300/92
f 811/300/93 24/300/94 812/300/95
f 533/300/96 10/300/86 527/300/97
f 11/300/30 610/300/98 611/300/32
f 12/300/82 26/300/39 552/300/38 547/300/80
f 810/300/99 14/300/100 560/300/101 563/300/70 808/300/69
f 14/300/100 16/300/90 561/300/92 560/300/101
f 16/300/90 565/300/102 564/300/91
f 577/300/103 571/300/104 46/300/105
f 46/300/105 8/300/53 576/300/59 577/300/103
f 7/300/10 38/300/41 43/300/106
f 38/300/41 2/300/23 61/300/107
f 39/300/108 511/300/109 5/300/66
f 581/300/54 8/300/53 24/300/94 811/300/93 602/300/110
f 565/300/102 16/300/90 20/300/78 566/300/79
f 529/300/111 504/300/87 34/300/51 538/300/71
f 28/300/112 5/300/66 6/300/15
f 28/300/112 39/300/108 5/300/66
f 37/300/113 9/300/7 546/300/29 550/300/114
f 23/300/64 7/300/10 43/300/106
f 23/300/64 37/300/113 550/300/114 551/300/65
f 69/300/115 4/300/35 609/300/116 621/300/117
f 532/300/118 511/300/109 10/300/86 533/300/96
f 740/300/119 497/300/120 738/300/121
f 3/300/21 30/300/47 36/300/122
f 35/300/123 20/300/78 16/300/90
f 6/300/15 9/300/7 28/300/112
f 62/300/124 9/300/7 37/300/113
f 29/300/125 2/300/23 579/300/25 605/300/126
f 65/300/127 497/300/120 740/300/119 741/300/128
f 610/300/98 11/300/30 75/300/85 623/300/129
f 10/300/86 511/300/109 27/300/130
f 75/300/85 17/300/14 92/300/131
f 816/300/132 50/300/133 14/300/100 809/300/134
f 12/300/82 54/300/83 66/300/135
f 13/300/28 81/300/136 18/300/55
f 809/300/134 14/300/100 810/300/99
f 598/300/137 586/300/138 526/300/139 607/300/140 608/300/141
f 813/300/142 812/300/95 24/300/94
f 35/300/123 16/300/90 14/300/100
f 19/300/143 22/300/144 497/300/120
f 20/300/78 33/300/145 570/300/146 572/300/76
f 33/300/145 46/300/105 571/300/104 570/300/146
f 30/300/47 606/300/74 618/300/147
f 746/300/148 65/300/127 741/300/128
f 21/300/60 92/300/131 17/300/14
f 29/300/125 61/300/107 2/300/23
f 33/300/145 20/300/78 35/300/123
f 21/300/60 25/300/56 86/300/149
f 67/300/150 31/300/151 22/300/144
f 64/300/152 24/300/94 8/300/53
f 46/300/105 64/300/152 8/300/53
f 19/300/143 40/300/153 22/300/144
f 26/300/39 519/300/154 13/300/28
f 34/300/51 27/300/130 51/300/155
f 32/300/156 40/300/153 19/300/143
f 36/300/122 30/300/47 614/300/157 612/300/158
f 65/300/127 76/300/159 19/300/143
f 50/300/133 35/300/123 14/300/100
f 76/300/159 32/300/156 19/300/143
f 74/300/160 81/300/136 13/300/28
f 32/300/156 42/300/161 40/300/153
f 75/300/85 631/300/162 623/300/129
f 90/300/163 15/300/44 69/300/115
f 36/300/122 613/300/164 619/300/165
f 44/300/166 616/300/167 617/300/168
f 30/300/47 618/300/147 614/300/157
f 67/300/150 523/300/169 31/300/151
f 487/300/170 32/300/156 83/300/171
f 35/300/123 95/300/172 33/300/145
f 46/300/105 33/300/145 95/300/172
f 78/300/173 39/300/108 28/300/112
f 54/300/83 51/300/155 73/300/174
f 34/300/51 51/300/155 54/300/83
f 83/300/171 32/300/156 76/300/159
f 742/300/175 744/300/176 523/300/169
f 36/300/122 612/300/158 613/300/164
f 44/300/166 617/300/168 615/300/177
f 620/300/178 63/300/179 44/300/166 615/300/177
f 106/300/180 38/300/41 61/300/107
f 69/300/115 621/300/117 622/300/181
f 86/300/149 92/300/131 21/300/60
f 93/300/182 62/300/124 37/300/113
f 106/300/180 43/300/106 38/300/41
f 37/300/113 23/300/64 93/300/182
f 39/300/108 78/300/173 51/300/155
f 44/300/166 63/300/179 52/300/183
f 42/300/161 57/300/184 40/300/153
f 40/300/153 57/300/184 56/300/185
f 100/300/186 23/300/64 43/300/106
f 93/300/182 23/300/64 100/300/186
f 813/300/142 24/300/94 72/300/187 784/300/188
f 64/300/152 72/300/187 24/300/94
f 50/300/133 95/300/172 35/300/123
f 58/300/189 41/300/190 45/300/191
f 41/300/190 55/300/192 42/300/161
f 41/300/190 58/300/189 55/300/192
f 18/300/55 87/300/193 25/300/56
f 77/300/194 644/300/195 616/300/167 44/300/166
f 42/300/161 55/300/192 57/300/184
f 77/300/194 44/300/166 52/300/183
f 45/300/191 60/300/196 58/300/189
f 814/300/197 50/300/133 816/300/132
f 78/300/173 28/300/112 62/300/124
f 96/300/198 64/300/152 46/300/105
f 104/300/199 77/300/194 52/300/183
f 25/300/56 87/300/193 86/300/149
f 53/300/200 60/300/196 45/300/191
f 47/300/201 79/300/202 48/300/203
f 53/300/200 48/300/203 60/300/196
f 49/300/204 79/300/202 47/300/201
f 71/300/205 47/300/201 48/300/203
f 71/300/205 48/300/203 53/300/200
f 49/300/204 103/300/206 79/300/202
f 59/300/207 488/300/208 49/300/204
f 59/300/207 49/300/204 70/300/209
f 815/300/210 95/300/172 50/300/133 814/300/197
f 622/300/181 629/300/211 97/300/212 69/300/115
f 51/300/155 78/300/173 73/300/174
f 71/300/205 70/300/209 47/300/201
f 49/300/204 488/300/208 103/300/206
f 52/300/183 63/300/179 488/300/208
f 68/300/213 71/300/205 53/300/200
f 89/300/214 45/300/191 41/300/190
f 89/300/214 41/300/190 487/300/170
f 70/300/209 49/300/204 47/300/201
f 54/300/83 73/300/174 66/300/135
f 77/300/194 628/300/215 644/300/195
f 58/300/189 116/300/216 55/300/192
f 57/300/184 55/300/192 116/300/216
f 643/300/217 99/300/218 63/300/179 620/300/178
f 57/300/184 121/300/219 56/300/185
f 488/300/208 63/300/179 101/300/220
f 104/300/199 52/300/183 59/300/207
f 60/300/196 91/300/221 58/300/189
f 58/300/189 91/300/221 116/300/216
f 122/300/222 640/300/223 641/300/224
f 95/300/172 96/300/198 46/300/105
f 111/300/225 76/300/159 65/300/127
f 48/300/203 98/300/226 60/300/196
f 68/300/213 53/300/200 45/300/191
f 68/300/213 45/300/191 89/300/214
f 108/300/227 106/300/180 61/300/107
f 60/300/196 98/300/226 91/300/221
f 63/300/179 99/300/218 101/300/220
f 62/300/124 84/300/228 78/300/173
f 84/300/228 62/300/124 93/300/182
f 79/300/202 98/300/226 48/300/203
f 747/300/229 111/300/225 65/300/127 746/300/148
f 75/300/85 92/300/131 88/300/230
f 67/300/150 128/300/231 523/300/169
f 640/300/223 122/300/222 99/300/218 643/300/217
f 18/300/55 81/300/136 87/300/193
f 70/300/209 71/300/205 85/300/232
f 103/300/206 488/300/208 101/300/220
f 59/300/207 82/300/233 104/300/199
f 84/300/228 66/300/135 73/300/174
f 109/300/234 71/300/205 68/300/213
f 94/300/235 83/300/171 76/300/159
f 66/300/135 80/300/236 519/300/154
f 90/300/163 69/300/115 97/300/212
f 130/300/237 77/300/194 104/300/199
f 85/300/232 71/300/205 109/300/234
f 100/300/186 43/300/106 106/300/180
f 89/300/214 127/300/238 68/300/213
f 80/300/236 66/300/135 84/300/228
f 73/300/174 78/300/173 84/300/228
f 80/300/236 102/300/239 74/300/160
f 97/300/212 629/300/211 625/300/240
f 75/300/85 88/300/230 630/300/241 631/300/162
f 94/300/235 76/300/159 111/300/225
f 82/300/233 59/300/207 70/300/209
f 64/300/152 96/300/198 120/300/242
f 628/300/215 77/300/194 130/300/237 627/300/243
f 56/300/185 124/300/244 67/300/150
f 67/300/150 124/300/244 128/300/231
f 29/300/125 524/300/245 61/300/107
f 56/300/185 121/300/219 124/300/244
f 81/300/136 110/300/246 87/300/193
f 109/300/234 68/300/213 127/300/238
f 86/300/149 87/300/193 113/300/247
f 126/300/248 82/300/233 85/300/232
f 116/300/216 121/300/219 57/300/184
f 105/300/249 93/300/182 100/300/186
f 88/300/230 624/300/250 630/300/241
f 114/300/251 524/300/245 90/300/163
f 64/300/152 120/300/242 72/300/187
f 123/300/252 83/300/171 94/300/235
f 123/300/252 498/300/253 83/300/171
f 498/300/253 119/300/254 89/300/214
f 107/300/255 90/300/163 97/300/212
f 92/300/131 489/300/256 88/300/230
f 755/300/257 125/300/258 111/300/225 760/300/259
f 86/300/149 113/300/247 489/300/256
f 80/300/236 84/300/228 102/300/239
f 72/300/187 787/300/260 784/300/188
f 787/300/260 72/300/187 120/300/242 786/300/261
f 88/300/230 107/300/255 626/300/262 624/300/250
f 89/300/214 119/300/254 127/300/238
f 114/300/251 90/300/163 107/300/255
f 132/300/263 104/300/199 82/300/233
f 84/300/228 93/300/182 102/300/239
f 98/300/226 490/300/264 91/300/221
f 625/300/240 626/300/262 107/300/255 97/300/212
f 92/300/131 86/300/149 489/300/256
f 102/300/239 93/300/182 105/300/249
f 489/300/256 107/300/255 88/300/230
f 112/300/265 98/300/226 79/300/202
f 95/300/172 815/300/210 821/300/266 117/300/267
f 95/300/172 117/300/267 96/300/198
f 817/300/268 120/300/242 96/300/198 820/300/269
f 112/300/265 134/300/270 98/300/226
f 98/300/226 134/300/270 490/300/264
f 128/300/231 140/300/271 512/300/272
f 79/300/202 103/300/206 112/300/265
f 819/300/273 117/300/267 821/300/266
f 99/300/218 138/300/274 101/300/220
f 99/300/218 122/300/222 138/300/274
f 105/300/249 100/300/186 106/300/180
f 115/300/275 106/300/180 108/300/227
f 101/300/220 118/300/276 103/300/206
f 101/300/220 138/300/274 118/300/276
f 103/300/206 118/300/276 112/300/265
f 87/300/193 110/300/246 115/300/275
f 130/300/237 104/300/199 132/300/263
f 145/300/277 109/300/234 127/300/238
f 820/300/269 96/300/198 117/300/267 818/300/278
f 136/300/279 498/300/253 123/300/252
f 87/300/193 115/300/275 113/300/247
f 82/300/233 143/300/280 132/300/263
f 110/300/246 102/300/239 105/300/249
f 110/300/246 105/300/249 115/300/275
f 105/300/249 106/300/180 115/300/275
f 489/300/256 114/300/251 107/300/255
f 152/300/281 126/300/248 85/300/232
f 113/300/247 114/300/251 489/300/256
f 113/300/247 108/300/227 114/300/251
f 113/300/247 115/300/275 108/300/227
f 750/300/282 125/300/258 755/300/257
f 757/300/283 129/300/284 758/300/285
f 116/300/216 144/300/286 121/300/219
f 125/300/258 94/300/235 111/300/225
f 143/300/280 82/300/233 126/300/248
f 122/300/222 641/300/224 642/300/287
f 117/300/267 819/300/273 818/300/278
f 109/300/234 155/300/288 85/300/232
f 109/300/234 145/300/277 155/300/288
f 123/300/252 94/300/235 159/300/289
f 756/300/290 135/300/291 751/300/292
f 129/300/284 135/300/291 756/300/290 758/300/285
f 85/300/232 155/300/288 152/300/281
f 130/300/237 632/300/293 627/300/243
f 120/300/242 789/300/294 786/300/261
f 121/300/219 131/300/295 124/300/244
f 525/300/296 158/300/297 131/300/295
f 785/300/298 120/300/242 817/300/268
f 138/300/274 122/300/222 153/300/299
f 153/300/299 122/300/222 642/300/287 645/300/300
f 119/300/254 136/300/279 139/300/301
f 159/300/289 94/300/235 125/300/258
f 144/300/286 490/300/264 148/300/302
f 112/300/265 118/300/276 137/300/303
f 134/300/270 148/300/302 490/300/264
f 789/300/294 120/300/242 785/300/298
f 149/300/304 143/300/280 126/300/248
f 160/300/305 130/300/237 132/300/263
f 133/300/306 129/300/284 757/300/283 708/300/307
f 707/300/308 133/300/306 708/300/307
f 112/300/265 137/300/303 134/300/270
f 154/300/309 128/300/231 124/300/244
f 131/300/295 154/300/309 124/300/244
f 159/300/289 125/300/258 164/300/310
f 118/300/276 151/300/311 137/300/303
f 157/300/312 123/300/252 159/300/289
f 136/300/279 123/300/252 157/300/312
f 149/300/304 126/300/248 152/300/281
f 170/300/313 132/300/263 143/300/280
f 135/300/291 150/300/314 749/300/315 751/300/292
f 171/300/316 127/300/238 119/300/254
f 145/300/277 127/300/238 171/300/316
f 498/300/253 136/300/279 119/300/254
f 128/300/231 154/300/309 140/300/271
f 129/300/284 142/300/317 135/300/291
f 632/300/293 130/300/237 160/300/305 634/300/318
f 146/300/319 134/300/270 137/300/303
f 141/300/320 129/300/284 133/300/306
f 142/300/317 129/300/284 141/300/320
f 160/300/305 132/300/263 170/300/313
f 169/300/321 136/300/279 157/300/312
f 146/300/319 148/300/302 134/300/270
f 153/300/299 147/300/322 138/300/274
f 135/300/291 142/300/317 150/300/314
f 171/300/316 119/300/254 139/300/301
f 771/300/323 164/300/310 125/300/258 750/300/282
f 136/300/279 169/300/321 139/300/301
f 138/300/274 147/300/322 151/300/311
f 151/300/311 499/300/324 137/300/303
f 137/300/303 174/300/325 146/300/319
f 171/300/316 505/300/326 145/300/277
f 748/300/327 749/300/315 150/300/314
f 141/300/320 133/300/306 166/300/328
f 186/300/329 143/300/280 149/300/304
f 154/300/309 162/300/330 140/300/271
f 158/300/297 175/300/331 131/300/295
f 161/300/332 155/300/288 145/300/277
f 141/300/320 156/300/333 142/300/317
f 154/300/309 131/300/295 175/300/331
f 525/300/296 181/300/334 158/300/297
f 150/300/314 772/300/335 748/300/327
f 153/300/299 645/300/300 646/300/336
f 191/300/337 149/300/304 152/300/281
f 173/300/338 153/300/299 646/300/336 647/300/339
f 141/300/320 166/300/328 156/300/333
f 183/300/340 171/300/316 139/300/301
f 144/300/286 181/300/334 525/300/296
f 133/300/306 707/300/308 713/300/341 522/300/342
f 167/300/343 144/300/286 148/300/302
f 170/300/313 143/300/280 186/300/329
f 181/300/334 144/300/286 167/300/343
f 161/300/332 145/300/277 505/300/326
f 166/300/328 133/300/306 184/300/344
f 146/300/319 174/300/325 194/300/345
f 154/300/309 175/300/331 162/300/330
f 142/300/317 156/300/333 165/300/346
f 146/300/319 167/300/343 148/300/302
f 147/300/322 153/300/299 173/300/338
f 139/300/301 169/300/321 183/300/340
f 190/300/347 152/300/281 155/300/288
f 190/300/347 191/300/337 152/300/281
f 156/300/333 166/300/328 163/300/348
f 190/300/347 155/300/288 161/300/332
f 156/300/333 163/300/348 172/300/349
f 165/300/346 156/300/333 172/300/349
f 169/300/321 157/300/312 195/300/350
f 146/300/319 194/300/345 167/300/343
f 175/300/331 158/300/297 178/300/351
f 150/300/314 142/300/317 168/300/352
f 168/300/352 142/300/317 165/300/346
f 180/300/353 159/300/289 164/300/310
f 180/300/353 157/300/312 159/300/289
f 634/300/318 160/300/305 196/300/354 633/300/355
f 165/300/346 172/300/349 179/300/356
f 168/300/352 222/300/357 150/300/314
f 150/300/314 222/300/357 770/300/358 772/300/335
f 767/300/359 164/300/310 771/300/323
f 192/300/360 171/300/316 183/300/340
f 166/300/328 187/300/361 163/300/348
f 196/300/354 639/300/362 633/300/355
f 166/300/328 184/300/344 216/300/363
f 712/300/364 522/300/342 713/300/341
f 166/300/328 216/300/363 187/300/361
f 191/300/337 186/300/329 149/300/304
f 172/300/349 163/300/348 176/300/365
f 173/300/338 647/300/339 648/300/366
f 195/300/350 157/300/312 180/300/353
f 183/300/340 169/300/321 211/300/367
f 163/300/348 187/300/361 204/300/368
f 171/300/316 192/300/360 505/300/326
f 765/300/369 764/300/370 513/300/371
f 212/300/372 196/300/354 170/300/313
f 164/300/310 182/300/373 180/300/353
f 176/300/365 163/300/348 204/300/368
f 194/300/345 214/300/374 167/300/343
f 168/300/352 165/300/346 179/300/356
f 182/300/373 164/300/310 767/300/359 766/300/375
f 174/300/325 208/300/376 194/300/345
f 235/300/377 216/300/363 184/300/344
f 186/300/329 212/300/372 170/300/313
f 167/300/343 214/300/374 517/300/378
f 238/300/379 168/300/352 179/300/356
f 177/300/380 172/300/349 176/300/365
f 147/300/322 173/300/338 200/300/381
f 185/300/382 179/300/356 172/300/349
f 185/300/382 172/300/349 177/300/380
f 195/300/350 211/300/367 169/300/321
f 162/300/330 175/300/331 199/300/383
f 175/300/331 178/300/351 199/300/383
f 513/300/371 162/300/330 188/300/384
f 185/300/382 240/300/385 179/300/356
f 147/300/322 200/300/381 198/300/386
f 766/300/375 761/300/387 182/300/373
f 189/300/388 176/300/365 204/300/368
f 209/300/389 197/300/390 505/300/326
f 762/300/391 765/300/369 513/300/371
f 513/300/371 188/300/384 763/300/392 762/300/391
f 203/300/393 505/300/326 192/300/360
f 190/300/347 161/300/332 197/300/390
f 199/300/383 178/300/351 205/300/394
f 222/300/357 168/300/352 238/300/379
f 218/300/395 185/300/382 177/300/380
f 183/300/340 207/300/396 192/300/360
f 240/300/385 238/300/379 179/300/356
f 174/300/325 227/300/397 208/300/376
f 177/300/380 176/300/365 500/300/398
f 193/300/399 195/300/350 180/300/353
f 181/300/334 213/300/400 158/300/297
f 224/300/401 191/300/337 190/300/347
f 648/300/366 654/300/402 201/300/403 173/300/338
f 173/300/338 201/300/403 200/300/381
f 189/300/388 204/300/368 206/300/404
f 182/300/373 193/300/399 180/300/353
f 204/300/368 187/300/361 206/300/404
f 218/300/395 177/300/380 192/300/360
f 211/300/367 207/300/396 183/300/340
f 711/300/405 235/300/377 184/300/344 710/300/406
f 185/300/382 260/300/407 240/300/385
f 187/300/361 246/300/408 206/300/404
f 188/300/384 182/300/373 761/300/387 763/300/392
f 178/300/351 158/300/297 213/300/400
f 205/300/394 178/300/351 213/300/400
f 229/300/409 186/300/329 191/300/337
f 189/300/388 206/300/404 241/300/410
f 224/300/401 190/300/347 197/300/390
f 224/300/401 229/300/409 191/300/337
f 192/300/360 207/300/396 218/300/395
f 187/300/361 216/300/363 246/300/408
f 506/300/411 203/300/393 192/300/360
f 162/300/330 199/300/383 188/300/384
f 203/300/393 209/300/389 505/300/326
f 200/300/381 210/300/412 198/300/386
f 194/300/345 208/300/376 214/300/374
f 223/300/413 635/300/414 637/300/415
f 205/300/394 211/300/367 195/300/350
f 193/300/399 182/300/373 188/300/384
f 199/300/383 193/300/399 188/300/384
f 200/300/381 201/300/403 225/300/416
f 205/300/394 193/300/399 199/300/383
f 216/300/363 235/300/377 266/300/417
f 205/300/394 195/300/350 193/300/399
f 769/300/418 770/300/358 222/300/357
f 260/300/407 185/300/382 218/300/395
f 506/300/411 192/300/360 500/300/398
f 200/300/381 225/300/416 210/300/412
f 228/300/419 212/300/372 229/300/409
f 225/300/416 201/300/403 652/300/420 653/300/421
f 491/300/422 203/300/393 506/300/411
f 217/300/423 209/300/389 203/300/393
f 201/300/403 654/300/402 652/300/420
f 220/300/424 224/300/401 197/300/390
f 197/300/390 209/300/389 220/300/424
f 491/300/422 217/300/423 203/300/393
f 219/300/425 209/300/389 217/300/423
f 202/300/426 189/300/388 241/300/410
f 215/300/427 207/300/396 211/300/367
f 218/300/395 207/300/396 237/300/428
f 239/300/429 231/300/430 202/300/426
f 215/300/427 211/300/367 205/300/394
f 219/300/425 213/300/400 517/300/378
f 221/300/431 220/300/424 209/300/389
f 196/300/354 212/300/372 226/300/432
f 226/300/432 212/300/372 228/300/419
f 217/300/423 250/300/433 207/300/396
f 237/300/428 207/300/396 250/300/433
f 213/300/400 215/300/427 205/300/394
f 225/300/416 228/300/419 210/300/412
f 637/300/415 638/300/434 226/300/432 223/300/413
f 227/300/397 233/300/435 208/300/376
f 219/300/425 214/300/374 221/300/431
f 636/300/436 223/300/413 225/300/416 653/300/421
f 215/300/427 213/300/400 219/300/425
f 216/300/363 266/300/417 246/300/408
f 215/300/427 217/300/423 207/300/396
f 491/300/422 250/300/433 217/300/423
f 221/300/431 209/300/389 219/300/425
f 208/300/376 232/300/437 221/300/431
f 223/300/413 636/300/436 635/300/414
f 230/300/438 220/300/424 221/300/431
f 234/300/439 229/300/409 224/300/401
f 219/300/425 217/300/423 215/300/427
f 237/300/428 260/300/407 218/300/395
f 239/300/429 202/300/426 249/300/440
f 202/300/426 241/300/410 249/300/440
f 274/300/441 222/300/357 238/300/379
f 222/300/357 274/300/441 714/300/442 769/300/418
f 240/300/385 251/300/443 238/300/379
f 220/300/424 236/300/444 224/300/401
f 225/300/416 223/300/413 226/300/432
f 228/300/419 225/300/416 226/300/432
f 227/300/397 234/300/439 233/300/435
f 210/300/412 228/300/419 229/300/409
f 210/300/412 229/300/409 234/300/439
f 262/300/445 220/300/424 230/300/438
f 232/300/437 230/300/438 221/300/431
f 220/300/424 514/300/446 236/300/444
f 493/300/447 234/300/439 224/300/401
f 262/300/445 230/300/438 232/300/437
f 231/300/430 259/300/448 236/300/444
f 261/300/449 232/300/437 233/300/435
f 233/300/435 234/300/439 244/300/450
f 243/300/451 244/300/450 234/300/439
f 206/300/404 253/300/452 241/300/410
f 231/300/430 239/300/429 259/300/448
f 237/300/428 250/300/433 255/300/453
f 224/300/401 236/300/444 257/300/454
f 236/300/444 265/300/455 257/300/454
f 236/300/444 259/300/448 265/300/455
f 491/300/422 263/300/456 250/300/433
f 493/300/447 224/300/401 257/300/454
f 274/300/441 238/300/379 251/300/443
f 283/300/457 239/300/429 249/300/440
f 243/300/451 254/300/458 242/300/459
f 243/300/451 234/300/439 507/300/460
f 242/300/459 245/300/461 252/300/462
f 242/300/459 254/300/458 245/300/461
f 243/300/451 507/300/460 254/300/458
f 233/300/435 244/300/450 261/300/449
f 262/300/445 232/300/437 261/300/449
f 768/300/463 256/300/464 775/300/465
f 254/300/458 269/300/466 245/300/461
f 239/300/429 283/300/457 259/300/448
f 776/300/467 256/300/464 768/300/463
f 252/300/462 245/300/461 247/300/468
f 258/300/469 252/300/462 247/300/468
f 247/300/468 650/300/470 651/300/471
f 717/300/472 492/300/473 718/300/474
f 246/300/408 282/300/475 206/300/404
f 275/300/476 663/300/477 661/300/478
f 244/300/450 248/300/479 276/300/480
f 242/300/459 252/300/462 267/300/481
f 248/300/479 242/300/459 267/300/481
f 664/300/482 258/300/469 247/300/468 651/300/471
f 258/300/469 664/300/482 663/300/477 275/300/476
f 251/300/443 240/300/385 260/300/407
f 268/300/483 256/300/464 776/300/467 778/300/484
f 250/300/433 263/300/456 255/300/453
f 206/300/404 282/300/475 253/300/452
f 274/300/441 251/300/443 285/300/485
f 245/300/461 665/300/486 649/300/487 247/300/468
f 665/300/486 245/300/461 269/300/466 666/300/488
f 237/300/428 255/300/453 296/300/489
f 247/300/468 649/300/487 650/300/470
f 716/300/490 714/300/442 274/300/441
f 276/300/480 261/300/449 244/300/450
f 256/300/464 270/300/491 773/300/492 775/300/465
f 275/300/476 661/300/478 662/300/493
f 267/300/481 252/300/462 278/300/494
f 246/300/408 266/300/417 294/300/495
f 254/300/458 264/300/496 272/300/497
f 254/300/458 272/300/497 269/300/466
f 291/300/498 261/300/449 276/300/480
f 271/300/499 270/300/491 256/300/464
f 289/300/500 295/300/501 264/300/496
f 257/300/454 265/300/455 289/300/500
f 271/300/499 256/300/464 268/300/483
f 252/300/462 258/300/469 278/300/494
f 282/300/475 246/300/408 294/300/495
f 307/300/502 267/300/481 278/300/494
f 774/300/503 773/300/492 270/300/491
f 249/300/440 241/300/410 286/300/504
f 285/300/485 251/300/443 290/300/505
f 260/300/407 237/300/428 292/300/506
f 265/300/455 259/300/448 304/300/507
f 249/300/440 281/300/508 283/300/457
f 286/300/504 281/300/508 249/300/440
f 251/300/443 260/300/407 290/300/505
f 290/300/505 260/300/407 292/300/506
f 275/300/476 278/300/494 258/300/469
f 291/300/498 280/300/509 501/300/510
f 266/300/417 309/300/511 294/300/495
f 292/300/506 237/300/428 296/300/489
f 275/300/476 662/300/493 657/300/512
f 264/300/496 295/300/501 272/300/497
f 241/300/410 253/300/452 286/300/504
f 269/300/466 659/300/513 667/300/514
f 277/300/515 248/300/479 267/300/481
f 265/300/455 316/300/516 289/300/500
f 277/300/515 276/300/480 248/300/479
f 271/300/499 273/300/517 270/300/491
f 659/300/513 269/300/466 272/300/497 658/300/518
f 265/300/455 304/300/507 316/300/516
f 270/300/491 306/300/519 780/300/520 774/300/503
f 307/300/502 277/300/515 267/300/481
f 736/300/521 737/300/522 299/300/523
f 283/300/457 304/300/507 259/300/448
f 300/300/524 255/300/453 263/300/456
f 296/300/489 255/300/453 300/300/524
f 269/300/466 667/300/514 666/300/488
f 508/300/525 273/300/517 271/300/499
f 293/300/526 279/300/527 268/300/483
f 299/300/523 492/300/473 717/300/472 736/300/521
f 273/300/517 306/300/519 270/300/491
f 268/300/483 508/300/525 271/300/499
f 274/300/441 312/300/528 735/300/529 716/300/490
f 311/300/530 275/300/476 657/300/512 655/300/531
f 311/300/530 278/300/494 275/300/476
f 326/300/532 285/300/485 290/300/505
f 508/300/525 284/300/533 287/300/534
f 308/300/535 276/300/480 277/300/515
f 291/300/498 276/300/480 308/300/535
f 253/300/452 322/300/536 286/300/504
f 307/300/502 278/300/494 313/300/537
f 725/300/538 293/300/526 715/300/539
f 279/300/527 305/300/540 508/300/525
f 508/300/525 305/300/540 284/300/533
f 737/300/522 719/300/541 299/300/523
f 282/300/475 294/300/495 301/300/542
f 282/300/475 322/300/536 253/300/452
f 312/300/528 274/300/441 285/300/485
f 508/300/525 287/300/534 273/300/517
f 283/300/457 281/300/508 334/300/543
f 295/300/501 297/300/544 272/300/497
f 282/300/475 301/300/542 322/300/536
f 317/300/545 306/300/519 273/300/517
f 492/300/473 299/300/523 494/300/546
f 334/300/543 304/300/507 283/300/457
f 311/300/530 313/300/537 278/300/494
f 287/300/534 317/300/545 273/300/517
f 284/300/533 288/300/547 287/300/534
f 300/300/524 263/300/456 280/300/509
f 658/300/518 272/300/497 297/300/544 660/300/548
f 303/300/549 288/300/547 284/300/533
f 289/300/500 316/300/516 352/300/550
f 281/300/508 286/300/504 338/300/551
f 287/300/534 333/300/552 317/300/545
f 290/300/505 292/300/506 321/300/553
f 288/300/547 333/300/552 287/300/534
f 289/300/500 352/300/550 295/300/501
f 286/300/504 322/300/536 335/300/554
f 286/300/504 335/300/554 338/300/551
f 515/300/555 284/300/533 305/300/540
f 515/300/555 303/300/549 284/300/533
f 298/300/556 299/300/523 719/300/541 721/300/557
f 345/300/558 279/300/527 502/300/559
f 280/300/509 291/300/498 342/300/560
f 308/300/535 277/300/515 320/300/561
f 502/300/559 726/300/562 724/300/563 355/300/564
f 334/300/543 281/300/508 338/300/551
f 294/300/495 332/300/565 301/300/542
f 303/300/549 302/300/566 288/300/547
f 342/300/560 315/300/567 280/300/509
f 292/300/506 296/300/489 343/300/568
f 321/300/553 292/300/506 343/300/568
f 333/300/552 288/300/547 323/300/569
f 320/300/561 277/300/515 318/300/570
f 307/300/502 318/300/570 277/300/515
f 295/300/501 364/300/571 297/300/544
f 294/300/495 309/300/511 332/300/565
f 297/300/544 691/300/572 660/300/548
f 300/300/524 343/300/568 296/300/489
f 304/300/507 373/300/573 316/300/516
f 288/300/547 302/300/566 323/300/569
f 298/300/556 494/300/546 299/300/523
f 315/300/567 341/300/574 300/300/524
f 341/300/574 343/300/568 300/300/524
f 301/300/542 332/300/565 357/300/575
f 301/300/542 357/300/575 322/300/536
f 317/300/545 379/300/576 306/300/519
f 309/300/511 494/300/546 331/300/577
f 314/300/578 310/300/579 302/300/566
f 302/300/566 310/300/579 319/300/580
f 302/300/566 319/300/580 323/300/569
f 330/300/581 312/300/528 285/300/485
f 303/300/549 329/300/582 302/300/566
f 306/300/519 379/300/576 781/300/583 779/300/584
f 326/300/532 290/300/505 321/300/553
f 656/300/585 336/300/586 311/300/530 655/300/531
f 304/300/507 334/300/543 373/300/573
f 314/300/578 302/300/566 329/300/582
f 359/300/587 342/300/560 291/300/498
f 359/300/587 291/300/498 308/300/535
f 309/300/511 331/300/577 332/300/565
f 333/300/552 347/300/588 317/300/545
f 346/300/589 311/300/530 336/300/586
f 298/300/556 312/300/528 330/300/581
f 340/300/590 318/300/570 313/300/537
f 313/300/537 318/300/570 307/300/502
f 298/300/556 331/300/577 494/300/546
f 352/300/550 364/300/571 295/300/501
f 336/300/586 656/300/585 670/300/591
f 722/300/592 355/300/564 724/300/563
f 314/300/578 324/300/593 310/300/579
f 691/300/572 297/300/544 366/300/594 676/300/595
f 356/300/596 324/300/593 314/300/578
f 334/300/543 338/300/551 378/300/597
f 297/300/544 364/300/571 366/300/594
f 356/300/596 314/300/578 329/300/582
f 331/300/577 298/300/556 330/300/581
f 316/300/516 383/300/598 352/300/550
f 316/300/516 373/300/573 383/300/598
f 319/300/580 310/300/579 337/300/599
f 337/300/599 310/300/579 328/300/600
f 324/300/593 328/300/600 310/300/579
f 327/300/601 328/300/600 324/300/593
f 374/300/602 308/300/535 320/300/561
f 347/300/588 379/300/576 317/300/545
f 346/300/589 313/300/537 311/300/530
f 340/300/590 313/300/537 346/300/589
f 337/300/599 385/300/603 319/300/580
f 404/300/604 325/300/605 345/300/558
f 385/300/603 323/300/569 319/300/580
f 360/300/606 326/300/532 321/300/553
f 359/300/587 308/300/535 374/300/602
f 360/300/606 321/300/553 380/300/607
f 322/300/536 357/300/575 335/300/554
f 353/300/608 328/300/600 327/300/601
f 323/300/569 369/300/609 333/300/552
f 323/300/569 385/300/603 369/300/609
f 332/300/565 331/300/577 365/300/610
f 329/300/582 350/300/611 349/300/612
f 327/300/601 351/300/613 339/300/614
f 351/300/613 327/300/601 324/300/593
f 350/300/611 515/300/555 348/300/615
f 363/300/616 324/300/593 356/300/596
f 324/300/593 363/300/616 351/300/613
f 404/300/604 348/300/615 325/300/605
f 365/300/610 330/300/581 326/300/532
f 365/300/610 326/300/532 360/300/606
f 327/300/601 339/300/614 361/300/617
f 328/300/600 396/300/618 337/300/599
f 353/300/608 396/300/618 328/300/600
f 356/300/596 329/300/582 349/300/612
f 331/300/577 330/300/581 365/300/610
f 380/300/607 321/300/553 343/300/568
f 332/300/565 372/300/619 357/300/575
f 365/300/610 372/300/619 332/300/565
f 333/300/552 369/300/609 347/300/588
f 334/300/543 378/300/597 394/300/620
f 394/300/620 373/300/573 334/300/543
f 335/300/554 386/300/621 338/300/551
f 401/300/622 341/300/574 315/300/567
f 401/300/622 315/300/567 342/300/560
f 355/300/564 423/300/623 345/300/558
f 368/300/624 356/300/596 349/300/612
f 385/300/603 337/300/599 396/300/618
f 338/300/551 386/300/621 378/300/597
f 371/300/625 342/300/560 359/300/587
f 362/300/626 509/300/627 339/300/614
f 366/300/594 675/300/628 676/300/595
f 343/300/568 341/300/574 393/300/629
f 367/300/630 320/300/561 318/300/570
f 368/300/631 401/300/622 342/300/560
f 368/300/631 342/300/560 371/300/625
f 380/300/607 343/300/568 393/300/629
f 361/300/617 353/300/608 327/300/601
f 344/300/632 358/300/633 339/300/614
f 336/300/586 670/300/591 669/300/634
f 351/300/613 362/300/626 339/300/614
f 423/300/623 404/300/604 345/300/558
f 367/300/630 318/300/570 340/300/590
f 386/300/621 335/300/554 381/300/635
f 381/300/635 335/300/554 357/300/575
f 339/300/614 358/300/633 361/300/617
f 397/300/636 349/300/612 350/300/611
f 358/300/633 344/300/632 793/300/637 792/300/638
f 356/300/596 370/300/639 363/300/616
f 376/300/640 516/300/641 509/300/627
f 395/300/642 359/300/587 374/300/602
f 362/300/626 351/300/613 377/300/643
f 353/300/608 433/300/644 396/300/618
f 383/300/598 407/300/645 352/300/550
f 352/300/550 407/300/645 364/300/571
f 363/300/616 377/300/643 351/300/613
f 790/300/646 794/300/647 354/300/648
f 370/300/639 356/300/596 368/300/624
f 410/300/649 346/300/589 336/300/586
f 410/300/649 336/300/586 669/300/634 671/300/650
f 354/300/648 375/300/651 791/300/652 788/300/653
f 361/300/617 433/300/644 353/300/608
f 381/300/635 357/300/575 372/300/619
f 347/300/588 369/300/609 409/300/654
f 347/300/588 409/300/654 425/300/655
f 367/300/630 495/300/656 320/300/561
f 495/300/656 374/300/602 320/300/561
f 371/300/625 359/300/587 395/300/642
f 361/300/617 358/300/633 800/300/657 799/300/658
f 406/300/659 376/300/640 362/300/626
f 396/300/618 438/300/660 385/300/603
f 362/300/626 377/300/643 406/300/659
f 370/300/639 371/300/661 363/300/616
f 371/300/661 382/300/662 363/300/616
f 382/300/662 377/300/643 363/300/616
f 364/300/571 408/300/663 366/300/594
f 402/300/664 341/300/574 401/300/622
f 393/300/629 341/300/574 402/300/664
f 372/300/619 365/300/610 360/300/606
f 792/300/638 800/300/657 358/300/633
f 399/300/665 346/300/589 410/300/649
f 807/300/666 795/300/667 520/300/668
f 406/300/659 518/300/669 376/300/640
f 387/300/670 495/300/656 367/300/630
f 405/300/671 401/300/622 368/300/631
f 415/300/672 370/300/639 368/300/624
f 371/300/625 405/300/671 368/300/631
f 369/300/609 443/300/673 409/300/654
f 340/300/590 384/300/674 367/300/630
f 387/300/670 367/300/630 384/300/674
f 373/300/573 412/300/675 383/300/598
f 370/300/639 382/300/662 371/300/661
f 385/300/603 443/300/673 369/300/609
f 372/300/619 360/300/606 381/300/635
f 373/300/573 394/300/620 412/300/675
f 672/300/676 520/300/668 432/300/677 673/300/678
f 360/300/606 380/300/607 381/300/635
f 518/300/669 387/300/670 376/300/640
f 388/300/679 376/300/640 387/300/670
f 799/300/658 796/300/680 361/300/617
f 392/300/681 380/300/607 393/300/629
f 797/300/682 433/300/644 361/300/617 796/300/680
f 415/300/672 368/300/624 349/300/612
f 397/300/636 415/300/672 349/300/612
f 723/300/683 422/300/684 355/300/564 722/300/592
f 394/300/620 378/300/597 403/300/685
f 364/300/571 407/300/645 408/300/663
f 384/300/674 340/300/590 399/300/665
f 396/300/618 433/300/644 440/300/686
f 419/300/687 348/300/615 404/300/604
f 419/300/687 503/300/688 348/300/615
f 783/300/689 781/300/583 379/300/576 427/300/690
f 410/300/649 671/300/650 674/300/691
f 516/300/641 376/300/640 388/300/679
f 391/300/692 516/300/641 388/300/679
f 399/300/665 516/300/641 391/300/692
f 395/300/642 405/300/671 371/300/625
f 381/300/635 380/300/607 392/300/681
f 422/300/684 423/300/623 355/300/564
f 415/300/672 382/300/662 370/300/639
f 399/300/665 432/300/677 516/300/641
f 437/300/693 397/300/636 503/300/688
f 378/300/597 386/300/621 403/300/685
f 381/300/635 392/300/681 386/300/621
f 394/300/620 403/300/685 411/300/694
f 408/300/663 424/300/695 366/300/594
f 399/300/665 340/300/590 346/300/589
f 412/300/675 416/300/696 383/300/598
f 383/300/598 416/300/696 407/300/645
f 366/300/594 424/300/695 677/300/697 675/300/628
f 388/300/679 387/300/670 384/300/674
f 389/300/698 388/300/679 384/300/674
f 384/300/674 398/300/699 389/300/698
f 391/300/692 384/300/674 399/300/665
f 391/300/692 398/300/699 384/300/674
f 424/300/695 689/300/700 677/300/697
f 438/300/660 443/300/673 385/300/603
f 386/300/621 392/300/681 403/300/685
f 782/300/701 783/300/689 427/300/690
f 390/300/702 413/300/703 387/300/670
f 387/300/670 518/300/669 390/300/702
f 389/300/698 391/300/692 388/300/679
f 390/300/702 391/300/692 389/300/698
f 389/300/698 398/300/699 390/300/702
f 374/300/602 418/300/704 395/300/642
f 391/300/692 518/300/669 417/300/705
f 413/300/703 390/300/702 398/300/699
f 518/300/669 391/300/692 390/300/702
f 398/300/699 391/300/692 400/300/706
f 392/300/681 393/300/629 402/300/664
f 394/300/620 411/300/694 412/300/675
f 673/300/678 432/300/677 678/300/707
f 398/300/699 400/300/706 421/300/708
f 417/300/705 400/300/706 391/300/692
f 414/300/709 405/300/671 395/300/642
f 436/300/710 406/300/659 377/300/643
f 734/300/711 422/300/684 723/300/683
f 415/300/672 435/300/712 382/300/662
f 437/300/693 448/300/713 397/300/636
f 396/300/618 440/300/686 438/300/660
f 416/300/696 426/300/714 407/300/645
f 403/300/685 392/300/681 402/300/664
f 448/300/713 415/300/672 397/300/636
f 411/300/694 402/300/664 401/300/622
f 413/300/703 495/300/656 387/300/670
f 421/300/708 413/300/703 398/300/699
f 410/300/649 674/300/691 680/300/715
f 436/300/710 377/300/643 382/300/662
f 399/300/665 421/300/708 400/300/706
f 400/300/706 432/300/677 399/300/665
f 421/300/708 399/300/665 410/300/649
f 400/300/706 417/300/705 432/300/677
f 447/300/716 404/300/604 423/300/623
f 411/300/694 401/300/622 405/300/671
f 403/300/685 402/300/664 411/300/694
f 419/300/687 404/300/604 447/300/716
f 425/300/655 409/300/654 450/300/717
f 411/300/694 405/300/671 414/300/709
f 442/300/718 406/300/659 436/300/710
f 782/300/701 427/300/690 434/300/719 729/300/720
f 407/300/645 426/300/714 408/300/663
f 733/300/721 729/300/720 434/300/719
f 413/300/703 421/300/708 428/300/722
f 421/300/708 410/300/649 430/300/723
f 430/300/723 410/300/649 680/300/715 681/300/724
f 408/300/663 429/300/725 424/300/695
f 445/300/726 423/300/623 422/300/684
f 412/300/675 411/300/694 414/300/709
f 428/300/722 420/300/727 413/300/703
f 420/300/727 495/300/656 413/300/703
f 435/300/712 436/300/710 382/300/662
f 416/300/696 412/300/675 414/300/709
f 414/300/709 426/300/714 416/300/696
f 460/300/728 433/300/644 797/300/682 798/300/729
f 408/300/663 426/300/714 429/300/725
f 418/300/704 414/300/709 395/300/642
f 426/300/714 414/300/709 418/300/704
f 453/300/730 435/300/712 415/300/672
f 448/300/713 453/300/730 415/300/672
f 443/300/673 461/300/731 409/300/654
f 450/300/717 409/300/654 461/300/731
f 424/300/695 431/300/732 690/300/733 689/300/700
f 426/300/714 418/300/704 420/300/727
f 430/300/723 428/300/722 421/300/708
f 429/300/725 426/300/714 420/300/727
f 429/300/725 420/300/727 428/300/722
f 447/300/716 423/300/623 445/300/726
f 424/300/695 429/300/725 431/300/732
f 427/300/690 521/300/734 434/300/719
f 439/300/735 503/300/688 419/300/687
f 688/300/736 690/300/733 431/300/732 430/300/723
f 430/300/723 682/300/737 688/300/736
f 444/300/738 422/300/684 734/300/711 728/300/739
f 429/300/725 428/300/722 431/300/732
f 428/300/722 430/300/723 431/300/732
f 439/300/735 437/300/693 503/300/688
f 430/300/723 681/300/724 682/300/737
f 678/300/707 432/300/677 441/300/740 679/300/741
f 441/300/740 432/300/677 417/300/705
f 433/300/644 460/300/728 440/300/686
f 728/300/739 727/300/742 444/300/738
f 445/300/726 422/300/684 444/300/738
f 460/300/728 798/300/729 806/300/743
f 440/300/686 457/300/744 438/300/660
f 455/300/745 436/300/710 435/300/712
f 438/300/660 452/300/746 443/300/673
f 456/300/747 439/300/735 419/300/687
f 419/300/687 447/300/716 456/300/747
f 455/300/745 442/300/718 436/300/710
f 463/300/748 437/300/693 439/300/735
f 463/300/748 454/300/749 437/300/693
f 438/300/660 457/300/744 452/300/746
f 460/300/728 470/300/750 440/300/686
f 440/300/686 470/300/750 457/300/744
f 679/300/741 441/300/740 472/300/751 687/300/752
f 459/300/753 469/300/754 496/300/755
f 445/300/726 449/300/756 447/300/716
f 466/300/757 459/300/753 442/300/718
f 434/300/719 446/300/758 451/300/759
f 434/300/719 451/300/759 730/300/760 731/300/761
f 686/300/762 687/300/752 472/300/751
f 443/300/673 452/300/746 461/300/731
f 445/300/726 444/300/738 451/300/759
f 451/300/759 449/300/756 445/300/726
f 455/300/745 435/300/712 453/300/730
f 454/300/749 453/300/730 448/300/713
f 454/300/749 448/300/713 437/300/693
f 456/300/747 447/300/716 449/300/756
f 452/300/746 468/300/763 461/300/731
f 425/300/655 450/300/717 521/300/734
f 466/300/757 442/300/718 455/300/745
f 461/300/731 462/300/764 450/300/717
f 458/300/765 463/300/748 439/300/735
f 472/300/751 685/300/766 686/300/762
f 454/300/749 464/300/767 453/300/730
f 465/300/768 472/300/751 441/300/740
f 464/300/767 455/300/745 453/300/730
f 441/300/740 510/300/769 465/300/768
f 451/300/759 446/300/758 449/300/756
f 458/300/765 439/300/735 456/300/747
f 458/300/765 456/300/747 449/300/756
f 457/300/744 468/300/763 452/300/746
f 457/300/744 475/300/770 468/300/763
f 462/300/764 458/300/765 449/300/756
f 471/300/771 463/300/748 458/300/765
f 461/300/731 467/300/772 462/300/764
f 803/300/773 482/300/774 801/300/775
f 467/300/772 458/300/765 462/300/764
f 476/300/776 455/300/745 464/300/767
f 476/300/776 466/300/757 455/300/745
f 801/300/775 482/300/774 477/300/777 802/300/778
f 474/300/779 454/300/749 463/300/748
f 474/300/779 463/300/748 471/300/771
f 470/300/750 475/300/770 457/300/744
f 468/300/763 467/300/772 461/300/731
f 474/300/779 464/300/767 454/300/749
f 475/300/770 473/300/780 468/300/763
f 485/300/781 465/300/768 469/300/754
f 481/300/782 485/300/781 459/300/753
f 466/300/757 481/300/782 459/300/753
f 467/300/772 471/300/771 458/300/765
f 468/300/763 473/300/780 467/300/772
f 470/300/750 479/300/783 475/300/770
f 473/300/780 471/300/771 467/300/772
f 685/300/766 472/300/751 486/300/784 683/300/785
f 474/300/779 478/300/786 464/300/767
f 473/300/780 474/300/779 471/300/771
f 480/300/787 464/300/767 478/300/786
f 484/300/788 481/300/782 466/300/757
f 706/300/789 465/300/768 485/300/781 700/300/790
f 486/300/784 472/300/751 465/300/768
f 465/300/768 706/300/789 705/300/791 486/300/784
f 476/300/776 464/300/767 480/300/787
f 478/300/786 474/300/779 473/300/780
f 475/300/770 478/300/786 473/300/780
f 479/300/783 478/300/786 475/300/770
f 484/300/788 466/300/757 476/300/776
f 480/300/787 484/300/788 476/300/776
f 692/300/792 684/300/793 683/300/785 486/300/784
f 477/300/777 483/300/794 479/300/783
f 696/300/795 482/300/774 803/300/773 805/300/796 695/300/797
f 804/300/798 697/300/799 695/300/797 805/300/796
f 479/300/783 480/300/787 478/300/786
f 459/300/753 485/300/781 469/300/754
f 483/300/794 480/300/787 479/300/783
f 483/300/794 484/300/788 480/300/787
f 699/300/800 482/300/774 696/300/795
f 483/300/794 482/300/774 699/300/800 693/300/801
f 693/300/801 694/300/802 484/300/788 483/300/794
f 701/300/803 485/300/781 481/300/782 703/300/804
f 697/300/799 804/300/798 702/300/805
f 698/300/806 481/300/782 484/300/788 694/300/802
f 700/300/790 485/300/781 701/300/803
f 704/300/807 486/300/784 705/300/791
f 477/300/777 482/300/774 483/300/794
f 703/300/804 481/300/782 698/300/806
f 692/300/792 486/300/784 704/300/807
f 497/300/120 31/300/151 739/300/808 738/300/121
f 22/300/144 40/300/153 56/300/185
f 487/300/170 42/300/161 32/300/156
f 487/300/170 41/300/190 42/300/161
f 67/300/150 22/300/144 56/300/185
f 52/300/183 488/300/208 59/300/207
f 490/300/264 144/300/286 91/300/221
f 116/300/216 91/300/221 144/300/286
f 138/300/274 151/300/311 118/300/276
f 133/300/306 522/300/342 184/300/344
f 522/300/342 712/300/364 709/300/809
f 170/300/313 196/300/354 160/300/305
f 500/300/398 189/300/388 202/300/426
f 177/300/380 500/300/398 192/300/360
f 229/300/409 212/300/372 186/300/329
f 231/300/430 506/300/411 202/300/426
f 506/300/411 500/300/398 202/300/426
f 235/300/377 711/300/405 718/300/474 492/300/473
f 491/300/422 514/300/446 262/300/445
f 198/300/386 210/300/412 227/300/397
f 235/300/377 492/300/473 266/300/417
f 244/300/450 243/300/451 248/300/479
f 493/300/447 257/300/454 264/300/496
f 715/300/539 293/300/526 777/300/810
f 293/300/526 268/300/483 778/300/484 777/300/810
f 266/300/417 494/300/546 309/300/511
f 494/300/546 266/300/417 492/300/473
f 300/300/524 280/300/509 315/300/567
f 779/300/584 780/300/520 306/300/519
f 330/300/581 285/300/485 326/300/532
f 515/300/555 350/300/611 303/300/549
f 347/300/588 425/300/655 379/300/576
f 516/300/641 354/300/648 344/300/632
f 425/300/655 427/300/690 379/300/576
f 495/300/656 418/300/704 374/300/602
f 495/300/656 420/300/727 418/300/704
f 518/300/669 496/300/755 417/300/705
f 459/300/753 496/300/755 442/300/718
f 450/300/717 462/300/764 446/300/758
f 460/300/728 477/300/777 470/300/750
f 477/300/777 460/300/728 806/300/743 802/300/778
f 477/300/777 479/300/783 470/300/750
f 535/300/73 5/300/66 511/300/109 537/300/811
f 28/300/112 9/300/7 62/300/124
f 497/300/120 22/300/144 31/300/151
f 19/300/143 497/300/120 65/300/127
f 27/300/130 511/300/109 39/300/108
f 51/300/155 27/300/130 39/300/108
f 74/300/160 102/300/239 110/300/246
f 81/300/136 74/300/160 110/300/246
f 498/300/253 487/300/170 83/300/171
f 498/300/253 89/300/214 487/300/170
f 760/300/259 111/300/225 747/300/229
f 743/300/812 512/300/272 759/300/813
f 499/300/324 174/300/325 137/300/303
f 147/300/322 499/300/324 151/300/311
f 499/300/324 147/300/322 198/300/386
f 174/300/325 499/300/324 198/300/386
f 500/300/398 176/300/365 189/300/388
f 506/300/411 514/300/446 491/300/422
f 261/300/449 501/300/510 262/300/445
f 291/300/498 501/300/510 261/300/449
f 263/300/456 501/300/510 280/300/509
f 502/300/559 279/300/527 293/300/526
f 726/300/562 502/300/559 293/300/526 725/300/538
f 345/300/558 502/300/559 355/300/564
f 325/300/605 515/300/555 305/300/540
f 794/300/647 793/300/637 344/300/632 354/300/648
f 788/300/653 790/300/646 354/300/648
f 503/300/688 397/300/636 350/300/611
f 514/300/446 220/300/424 262/300/445
f 243/300/451 242/300/459 248/300/479
f 350/300/611 329/300/582 303/300/549
f 504/300/87 529/300/111 530/300/88
f 504/300/87 10/300/86 27/300/130
f 504/300/87 27/300/130 34/300/51
f 519/300/154 74/300/160 13/300/28
f 12/300/82 519/300/154 26/300/39
f 519/300/154 80/300/236 74/300/160
f 140/300/271 513/300/371 764/300/370 753/300/814
f 198/300/386 227/300/397 174/300/325
f 505/300/326 197/300/390 161/300/332
f 493/300/447 507/300/460 234/300/439
f 507/300/460 493/300/447 264/300/496
f 507/300/460 264/300/496 254/300/458
f 279/300/527 508/300/525 268/300/483
f 325/300/605 305/300/540 279/300/527
f 345/300/558 325/300/605 279/300/527
f 509/300/627 344/300/632 339/300/614
f 376/300/640 509/300/627 362/300/626
f 509/300/627 516/300/641 344/300/632
f 350/300/611 348/300/615 503/300/688
f 731/300/761 733/300/721 434/300/719
f 510/300/769 417/300/705 496/300/755
f 441/300/740 417/300/705 510/300/769
f 510/300/769 469/300/754 465/300/768
f 537/300/811 511/300/109 532/300/118
f 227/300/397 210/300/412 234/300/439
f 264/300/496 257/300/454 289/300/500
f 514/300/446 506/300/411 231/300/430
f 523/300/169 512/300/272 743/300/812 742/300/175
f 128/300/231 512/300/272 523/300/169
f 162/300/330 513/300/371 140/300/271
f 214/300/374 208/300/376 221/300/431
f 233/300/435 232/300/437 208/300/376
f 514/300/446 231/300/430 236/300/444
f 348/300/615 515/300/555 325/300/605
f 727/300/742 732/300/815 444/300/738
f 451/300/759 444/300/738 732/300/815 730/300/760
f 558/300/72 559/300/57 25/300/56
f 593/300/816 4/300/35 599/300/34
f 13/300/28 18/300/55 554/300/817 556/300/26
f 4/300/35 593/300/816 592/300/818 609/300/116
f 167/300/343 517/300/378 181/300/334
f 181/300/334 517/300/378 213/300/400
f 219/300/425 517/300/378 214/300/374
f 375/300/651 354/300/648 516/300/641
f 432/300/677 375/300/651 516/300/641
f 446/300/758 462/300/764 449/300/756
f 512/300/272 140/300/271 752/300/819 754/300/820
f 754/300/820 759/300/813 512/300/272
f 753/300/814 752/300/819 140/300/271
f 553/300/58 554/300/817 18/300/55
f 518/300/669 406/300/659 496/300/755
f 4/300/35 15/300/44 589/300/43 597/300/36
f 69/300/115 15/300/44 4/300/35
f 519/300/154 12/300/82 66/300/135
f 720/300/821 735/300/529 312/300/528
f 312/300/528 298/300/556 721/300/557 720/300/821
f 375/300/651 520/300/668 795/300/667 791/300/652
f 520/300/668 672/300/676 668/300/822 807/300/666
f 520/300/668 375/300/651 432/300/677
f 425/300/655 521/300/734 427/300/690
f 521/300/734 446/300/758 434/300/719
f 521/300/734 450/300/717 446/300/758
f 15/300/44 29/300/125 605/300/126 588/300/45
f 90/300/163 29/300/125 15/300/44
f 709/300/809 710/300/406 184/300/344 522/300/342
f 263/300/456 491/300/422 262/300/445
f 739/300/808 31/300/151 745/300/823
f 406/300/659 442/300/718 496/300/755
f 608/300/141 591/300/824 598/300/137
f 744/300/176 745/300/823 31/300/151 523/300/169
f 524/300/245 114/300/251 108/300/227
f 524/300/245 108/300/227 61/300/107
f 524/300/245 29/300/125 90/300/163
f 121/300/219 525/300/296 131/300/295
f 469/300/754 510/300/769 496/300/755
f 585/300/825 584/300/40 3/300/21
f 528/300/826 527/300/97 10/300/86
f 585/300/825 3/300/21 526/300/139 587/300/827
f 36/300/122 526/300/139 3/300/21
f 619/300/165 607/300/140 526/300/139 36/300/122
f 85/300/232 82/300/233 70/300/209
f 121/300/219 144/300/286 525/300/296
f 638/300/434 639/300/362 196/300/354 226/300/432
f 10/300/86 531/300/89 528/300/826
f 263/300/456 262/300/445 501/300/510
f 526/300/139 586/300/138 587/300/827
