# Blender 5.1.1
# www.blender.org
mtllib REV_10.mtl
o REV_cube_10
v -7.442600 -7.650000 -4.167300
v -7.442600 -7.650000 -3.167300
v -6.442600 -7.650000 -4.167300
v -6.442600 -6.650000 -3.167300
v -7.424431 -7.555452 -3.264400
v -7.441994 -7.275408 -4.057044
v -7.441751 -7.596623 -4.063695
v -7.425317 -7.400602 -3.991431
v -7.419435 -6.905733 -3.556010
v -7.440441 -7.510963 -3.234047
v -7.439283 -7.206903 -3.937201
v -7.435324 -6.767729 -3.877940
v -7.417222 -7.063131 -3.585988
v -7.441343 -7.420689 -4.106521
v -7.434573 -7.109357 -3.415926
v -7.425566 -7.235058 -3.666454
v -7.402272 -7.149605 -3.475541
v -7.381837 -6.786673 -3.622510
v -7.420289 -6.880689 -3.469651
v -7.413280 -7.603832 -4.007935
v -7.417140 -7.113343 -3.550774
v -7.408463 -7.280128 -3.742229
v -7.403680 -7.624189 -3.809098
v -7.414927 -7.200567 -3.776891
v -7.418646 -7.053904 -3.370856
v -7.405794 -6.851604 -3.756635
v -7.411139 -6.697382 -3.881650
v -7.401718 -7.339707 -3.925867
v -7.412560 -7.342249 -4.027463
v -7.405123 -7.329863 -3.833128
v -7.397983 -7.282850 -3.955528
v -7.394982 -6.999379 -3.858798
v -7.395143 -7.612734 -4.159657
v -7.397672 -7.605783 -3.940104
v -7.400331 -7.245718 -3.850274
v -7.397111 -6.984125 -3.363842
v -7.391577 -6.910624 -3.850291
v -7.316415 -7.480647 -3.169441
v -7.391718 -7.275549 -3.891913
v -7.374146 -6.852322 -3.679002
v -7.386534 -6.695457 -3.623492
v -7.387094 -7.082514 -3.798856
v -7.408064 -6.926384 -3.400826
v -7.374022 -7.605889 -3.335735
v -7.378999 -6.935977 -3.945714
v -7.381448 -6.828523 -3.942950
v -7.351858 -6.911346 -3.487364
v -7.353228 -6.650506 -3.820406
v -7.349700 -6.890347 -4.025782
v -7.356913 -7.609476 -3.890111
v -7.398236 -7.613346 -3.238225
v -7.348608 -7.132927 -3.385298
v -7.366203 -6.793171 -3.997775
v -7.355100 -7.056132 -3.710202
v -7.361525 -7.093382 -3.863158
v -7.359437 -7.149897 -3.727550
v -7.357686 -6.879347 -3.797199
v -7.355936 -6.840242 -3.837451
v -7.350340 -7.161195 -3.782198
v -7.355784 -6.996584 -3.941823
v -7.387074 -7.619402 -4.086466
v -7.358368 -7.634374 -3.273535
v -7.350494 -7.543015 -3.319552
v -7.363421 -7.633770 -3.194412
v -7.345126 -7.049208 -3.907390
v -7.344944 -7.570603 -3.396652
v -7.331097 -7.634030 -3.954085
v -7.325398 -6.827264 -3.802850
v -7.342776 -7.171731 -3.458286
v -7.342727 -7.649247 -3.451108
v -7.366486 -6.977687 -3.579031
v -7.341127 -6.782826 -3.893270
v -7.349498 -7.613164 -3.729439
v -7.339344 -7.179772 -3.818394
v -7.333342 -6.982836 -3.709435
v -7.318204 -6.718699 -3.843902
v -7.336379 -7.213573 -3.702193
v -7.346811 -7.546388 -3.204797
v -7.318881 -7.600954 -3.810343
v -7.336289 -7.076784 -3.576356
v -7.317317 -7.147202 -3.548266
v -7.315851 -7.251276 -3.778173
v -7.322901 -7.096748 -3.664855
v -7.322506 -6.843237 -3.630398
v -7.322445 -6.976896 -3.371700
v -7.310985 -6.724313 -3.953121
v -7.327809 -7.565283 -3.247039
v -7.321017 -6.868430 -3.718422
v -7.303452 -7.510429 -3.401947
v -7.325474 -7.475984 -3.320702
v -7.338519 -6.933157 -3.412951
v -7.327994 -6.730560 -4.067183
v -7.319536 -6.931282 -3.735821
v -7.300353 -7.018778 -3.681149
v -7.286283 -7.181393 -3.524869
v -7.287558 -7.597020 -3.648061
v -7.307307 -7.415047 -3.252871
v -7.326093 -6.717681 -3.599677
v -7.290535 -7.291109 -3.671554
v -7.302722 -7.507768 -3.224836
v -7.301672 -6.785658 -4.157949
v -7.300795 -7.464333 -3.274426
v -7.250868 -7.209435 -3.456372
v -7.296227 -7.056938 -3.354737
v -7.298271 -7.407428 -3.339395
v -7.296717 -6.945148 -3.512741
v -7.293946 -7.448899 -3.371552
v -7.290279 -7.342865 -3.308630
v -7.292590 -7.306787 -3.746150
v -7.288898 -6.899425 -3.178931
v -7.292008 -7.131098 -3.362400
v -7.291729 -7.130274 -3.886020
v -7.273643 -7.316061 -3.205296
v -7.286168 -6.951396 -4.013566
v -7.302178 -6.697959 -4.153112
v -7.270958 -7.001804 -3.366723
v -7.273997 -7.586275 -3.723272
v -7.253521 -7.456820 -3.191499
v -7.279856 -7.254747 -3.273679
v -7.281512 -6.708343 -3.222121
v -7.282656 -7.640580 -3.579479
v -7.289093 -6.841280 -3.797593
v -7.278037 -6.972917 -3.191550
v -7.280614 -7.184040 -3.860274
v -7.250363 -6.965583 -3.412076
v -7.265053 -7.024718 -3.200824
v -7.268791 -6.862828 -3.242383
v -7.284591 -6.783491 -3.588124
v -7.268627 -6.792924 -3.239947
v -7.268882 -7.023808 -3.956378
v -7.253068 -7.360735 -3.730154
v -7.241052 -6.691706 -3.894846
v -7.262250 -7.633164 -3.221179
v -7.261394 -7.587759 -3.451375
v -7.267292 -7.123944 -3.229800
v -7.261101 -7.239710 -3.622051
v -7.264662 -7.259498 -3.826527
v -7.274659 -6.813690 -3.809747
v -7.262044 -6.954762 -3.258685
v -7.254613 -7.115057 -3.286906
v -7.251854 -7.064312 -3.925064
v -7.251850 -7.639024 -3.465024
v -7.255159 -7.212018 -3.174895
v -7.252560 -6.885107 -3.776150
v -7.250268 -7.629485 -3.846672
v -7.249758 -6.683030 -3.797203
v -7.239878 -6.851065 -4.163787
v -7.234618 -6.865939 -3.665010
v -7.255367 -7.186272 -3.301383
v -7.239860 -6.678092 -3.965297
v -7.259379 -6.674123 -4.008810
v -7.232412 -7.114084 -3.634525
v -7.210549 -6.740457 -3.808599
v -7.253440 -6.763209 -3.879398
v -7.223165 -7.352315 -3.634780
v -7.242341 -7.260629 -3.347518
v -7.228858 -7.522940 -3.435482
v -7.212948 -7.316573 -3.618696
v -7.238389 -6.671606 -3.608525
v -7.228293 -6.720648 -3.578850
v -7.244874 -6.858085 -3.754678
v -7.197736 -6.778481 -3.566227
v -7.197593 -7.280097 -3.602176
v -7.248785 -7.378830 -3.188849
v -7.248499 -6.981058 -3.538898
v -7.237428 -6.826201 -3.827284
v -7.213755 -7.567957 -3.667310
v -7.216153 -7.610790 -3.780859
v -7.232380 -7.349803 -3.381022
v -7.225312 -6.849399 -3.608875
v -7.251457 -7.183595 -3.414777
v -7.209573 -7.630591 -3.501281
v -7.242492 -6.962451 -3.717623
v -7.217030 -6.854406 -3.806889
v -7.202919 -7.079554 -3.355989
v -7.215301 -6.900679 -3.775696
v -7.215412 -7.417076 -3.405199
v -7.216165 -6.752124 -3.261889
v -7.213751 -6.831636 -3.281415
v -7.222172 -6.981246 -3.970698
v -7.152691 -6.718001 -3.558527
v -7.227865 -7.177987 -3.856426
v -7.217648 -6.715862 -3.941216
v -7.230438 -7.324884 -3.806763
v -7.212719 -6.923199 -3.299261
v -7.195400 -7.048979 -3.678386
v -7.195213 -6.965075 -3.742841
v -7.205900 -7.092889 -3.888088
v -7.200392 -6.992796 -3.317050
v -7.191465 -7.439437 -3.699666
v -7.210517 -7.636665 -3.441135
v -7.198348 -7.058887 -3.329386
v -7.179296 -7.189682 -3.614208
v -7.176705 -6.666935 -3.819039
v -7.210271 -7.382689 -3.789197
v -7.143583 -6.653893 -3.590958
v -7.193436 -7.145807 -3.348802
v -7.171751 -7.009445 -3.401571
v -7.190745 -7.485803 -3.179482
v -7.163150 -7.200387 -3.359960
v -7.178841 -7.623877 -3.234811
v -7.216838 -6.701236 -3.246444
v -7.189519 -7.015303 -3.904499
v -7.180333 -7.603302 -3.738001
v -7.199892 -7.214891 -3.542120
v -7.206316 -7.175316 -3.378119
v -7.157125 -6.725772 -3.903582
v -7.151504 -6.848386 -3.607894
v -7.159842 -7.413260 -3.618287
v -7.184313 -6.810685 -3.874087
v -7.166476 -7.252121 -3.837009
v -7.149430 -7.250652 -3.479470
v -7.169910 -6.987917 -3.490948
v -7.159314 -7.543929 -3.606412
v -7.179115 -7.023636 -3.722042
v -7.165133 -7.167158 -3.843501
v -7.167077 -6.921822 -3.831284
v -7.154027 -7.551108 -3.494362
v -7.187807 -6.818490 -3.784595
v -7.164494 -6.923976 -3.939492
v -7.172271 -7.215804 -3.430223
v -7.144715 -7.601398 -3.397710
v -7.149821 -7.119938 -3.666477
v -7.161547 -6.771413 -3.930660
v -7.162356 -6.976254 -3.874762
v -7.141727 -7.119175 -3.360312
v -7.168593 -7.551239 -3.210565
v -7.156700 -7.002780 -3.790992
v -7.155916 -6.879663 -3.896112
v -7.179135 -7.562621 -3.423491
v -7.153977 -6.711062 -3.244534
v -7.130785 -6.859609 -3.690826
v -7.150490 -7.053956 -3.740967
v -7.154781 -7.058505 -3.833376
v -7.148979 -7.463343 -3.404045
v -7.147764 -7.386180 -3.391467
v -7.147993 -6.853553 -3.926479
v -7.146681 -6.958502 -4.065800
v -7.137873 -7.301001 -3.371141
v -7.146664 -6.789631 -3.271894
v -7.144611 -7.312953 -3.591841
v -7.140166 -6.873111 -3.296591
v -7.161814 -7.348244 -3.828635
v -7.137785 -6.947475 -4.030190
v -7.136209 -6.961152 -3.318438
v -7.133914 -7.591362 -3.441447
v -7.157233 -7.040441 -3.571229
v -7.133809 -6.997038 -4.129683
v -7.163998 -6.671348 -3.764210
v -7.147399 -7.449101 -3.793839
v -7.142921 -6.693078 -4.019826
v -7.132807 -7.048216 -3.336030
v -7.130292 -7.111825 -3.347045
v -7.132135 -7.636142 -3.315498
v -7.117535 -7.126028 -3.730273
v -7.119191 -7.518621 -3.722242
v -7.113357 -6.826446 -4.084840
v -7.124616 -7.240952 -3.610730
v -7.126050 -7.474328 -3.199795
v -7.117299 -7.531880 -3.373699
v -7.107218 -7.513497 -3.536604
v -7.120352 -7.382356 -3.169883
v -7.110641 -7.554072 -3.283298
v -7.126159 -7.138929 -3.796514
v -7.100857 -6.797348 -3.768647
v -7.091825 -7.060836 -3.393742
v -7.113007 -7.538315 -3.332163
v -7.099206 -7.193769 -3.659706
v -7.111343 -7.539772 -3.445338
v -7.095906 -6.914519 -4.132376
v -7.107838 -6.729383 -3.783833
v -7.093728 -6.975904 -4.163869
v -7.134449 -7.180470 -3.602310
v -7.103049 -6.675073 -3.172302
v -7.095050 -7.453885 -3.356925
v -7.129101 -6.718432 -3.973699
v -7.120558 -7.211920 -3.402638
v -7.098803 -6.948081 -3.977763
v -7.073787 -6.748743 -3.907847
v -7.102950 -7.028606 -3.532296
v -7.107078 -6.770997 -4.023762
v -7.096552 -7.200871 -3.777205
v -7.096529 -7.485907 -3.640032
v -7.094460 -6.803020 -3.555491
v -7.083309 -7.551940 -3.631988
v -7.090216 -7.517845 -3.767879
v -7.091502 -6.668964 -3.758310
v -7.099985 -6.663709 -4.090262
v -7.086816 -7.637178 -3.694384
v -7.108582 -7.250165 -3.563951
v -7.033194 -7.159109 -3.387298
v -7.070691 -7.210216 -3.719440
v -7.086024 -6.687456 -3.555581
v -7.061025 -7.282554 -3.502664
v -7.087793 -6.782574 -3.227845
v -7.065105 -6.868847 -4.041811
v -7.021448 -7.135015 -3.634429
v -7.081200 -7.459006 -3.272703
v -7.077715 -6.878762 -3.261543
v -7.076152 -6.738435 -4.085877
v -7.076180 -6.966556 -3.290550
v -7.076454 -7.058012 -3.312553
v -7.083246 -7.243166 -3.335907
v -7.079725 -6.990122 -4.040538
v -7.070647 -7.351442 -3.333045
v -7.069880 -7.055130 -4.164660
v -7.069832 -6.730862 -3.532277
v -7.048557 -6.837143 -3.693547
v -7.060958 -7.490232 -3.826714
v -7.068258 -7.393912 -3.254975
v -7.047438 -7.206365 -3.633533
v -7.080984 -7.403795 -3.598984
v -7.090834 -7.014587 -3.474550
v -7.062434 -7.321823 -3.227140
v -7.056907 -7.316272 -3.298350
v -7.050064 -7.331643 -3.614564
v -7.060362 -7.250002 -3.653903
v -7.047775 -7.559196 -3.785960
v -7.039697 -6.736364 -3.983113
v -7.070093 -7.244545 -3.174580
v -7.014442 -7.242528 -3.423832
v -7.077356 -7.406533 -3.832737
v -7.056405 -6.725921 -3.841559
v -7.055701 -6.723013 -4.124340
v -7.052020 -7.178216 -3.172446
v -7.051564 -7.521760 -3.589160
v -7.075684 -7.549635 -3.403460
v -7.071148 -7.612557 -3.390932
v -7.080785 -7.304403 -3.814666
v -7.028910 -7.270471 -3.603393
v -7.044242 -6.912495 -3.207745
v -7.067813 -6.781689 -4.158439
v -7.046508 -6.972404 -3.167678
v -7.049613 -6.838542 -4.144577
v -7.030955 -7.048273 -4.096515
v -7.065225 -7.064325 -3.586558
v -6.993103 -6.764271 -3.747836
v -7.039293 -7.049861 -3.195143
v -7.022920 -7.293447 -3.667870
v -7.050323 -6.835067 -3.602338
v -7.012926 -7.532503 -3.632988
v -7.042444 -7.123547 -3.207223
v -7.036627 -7.212483 -3.245872
v -7.037338 -7.022870 -3.245923
v -7.035502 -7.113183 -3.260538
v -7.033170 -7.445947 -3.838975
v -7.029620 -6.974844 -3.939143
v -7.033960 -7.483007 -3.504103
v -7.026525 -7.293692 -3.766273
v -6.991034 -7.368057 -3.803793
v -7.048859 -6.659270 -4.033596
v -7.021477 -7.043691 -3.535454
v -7.041916 -6.709544 -3.770540
v -7.006445 -7.406006 -3.607367
v -7.078941 -7.251648 -3.452749
v -7.015597 -6.670712 -3.801228
v -7.033397 -6.786440 -3.548671
v -7.013078 -7.600062 -3.628918
v -7.035646 -7.485733 -3.417795
v -6.994864 -6.790172 -4.076272
v -7.005917 -7.592142 -3.684896
v -7.005480 -7.088058 -4.145682
v -6.982108 -6.762805 -3.913815
v -6.992051 -7.306043 -3.539465
v -7.003569 -6.918814 -3.972845
v -7.013493 -6.672801 -3.345385
v -7.008980 -7.053957 -3.470611
v -6.983031 -7.612189 -3.777827
v -6.981763 -7.463196 -3.519522
v -6.976215 -7.333879 -3.748416
v -6.990977 -7.082376 -3.602221
v -6.972116 -7.214308 -3.670715
v -6.994604 -7.103562 -3.415878
v -6.984049 -7.008018 -3.946629
v -6.963969 -6.667098 -3.759676
v -7.010579 -7.535644 -3.352746
v -6.959708 -7.564361 -3.591428
v -6.978897 -7.429293 -3.441571
v -6.959464 -6.735908 -3.998822
v -6.929038 -7.084536 -3.485029
v -6.996772 -6.701258 -3.523592
v -6.959018 -7.371031 -3.661672
v -7.002429 -7.613389 -3.360102
v -6.963176 -7.594774 -3.676373
v -6.986857 -7.598207 -3.818855
v -6.912603 -6.673923 -3.797363
v -6.990397 -6.732828 -3.837240
v -6.945477 -6.683095 -3.461097
v -6.960795 -7.474683 -3.617119
v -6.964098 -7.097059 -4.107738
v -6.971256 -7.432507 -3.370039
v -6.980270 -7.534415 -3.856976
v -6.999721 -7.028430 -4.011452
v -6.979233 -7.445696 -3.846419
v -6.946101 -7.508102 -3.564301
v -6.935796 -7.639277 -3.573740
v -6.938035 -6.717505 -3.319911
v -6.966602 -6.812761 -3.678762
v -6.927278 -7.265827 -3.451389
v -6.968666 -6.704400 -3.405715
v -6.945939 -7.320886 -3.572722
v -6.944033 -7.054329 -3.989589
v -6.926462 -7.383978 -3.430537
v -6.962656 -7.061917 -3.544378
v -6.941359 -7.087650 -4.056484
v -6.957899 -6.759332 -3.542614
v -6.938252 -7.539400 -3.626267
v -6.937459 -7.285962 -3.665216
v -6.913517 -6.665833 -4.035244
v -6.969521 -6.844289 -4.019586
v -6.898457 -7.348050 -3.360711
v -6.919486 -7.438622 -3.306780
v -6.952359 -6.886605 -3.993429
v -6.914673 -7.648540 -3.843038
v -6.932434 -6.744012 -3.735848
v -6.990119 -7.280317 -3.480732
v -6.946653 -7.493113 -3.316642
v -6.881523 -6.675918 -3.256875
v -6.923739 -7.430798 -3.500458
v -6.923735 -7.572596 -3.876516
v -6.922257 -7.487315 -3.865541
v -6.897798 -6.739014 -3.833637
v -6.935859 -6.981724 -3.983745
v -6.917940 -7.421377 -3.656528
v -6.917524 -6.765626 -3.921288
v -6.936998 -6.722864 -4.095036
v -6.916258 -7.219562 -3.701293
v -6.917312 -7.308260 -3.521908
v -6.881409 -7.471811 -3.533786
v -6.924679 -6.783648 -4.042111
v -6.909855 -6.791216 -3.659971
v -6.926082 -7.146154 -3.670947
v -6.908123 -7.612063 -3.659877
v -6.888948 -7.102561 -3.610238
v -6.902581 -6.725883 -4.008282
v -6.877553 -7.095159 -3.547359
v -6.884499 -6.802866 -3.369467
v -6.887820 -7.494069 -3.285872
v -6.928869 -7.572290 -3.320898
v -6.933386 -7.193556 -3.425561
v -6.905235 -7.019793 -4.130129
v -6.877882 -7.475677 -3.652523
v -6.899531 -7.313457 -3.622409
v -6.900623 -6.759909 -3.419616
v -6.891753 -7.425229 -3.805360
v -6.898692 -7.005372 -4.051204
v -6.864590 -7.598536 -3.526057
v -6.837491 -6.739991 -3.678091
v -6.854151 -7.218864 -3.734579
v -6.874100 -7.154002 -3.692722
v -6.872092 -7.338017 -3.655623
v -6.886223 -6.724347 -3.538527
v -6.867934 -7.641896 -3.447936
v -6.852189 -7.293195 -3.726506
v -6.884099 -7.621800 -3.360228
v -6.795409 -7.631341 -3.677692
v -6.889758 -6.666357 -4.141706
v -6.840568 -7.119565 -3.517734
v -6.872427 -6.933125 -4.035095
v -6.856547 -7.344619 -3.573894
v -6.842458 -7.251997 -3.350030
v -6.873598 -6.846047 -4.029895
v -6.879064 -6.744119 -3.287529
v -6.844569 -7.643892 -3.449394
v -6.851282 -6.853127 -3.395834
v -6.868040 -7.607547 -3.897835
v -6.840249 -6.715991 -4.081410
v -6.870763 -6.764227 -3.596713
v -6.842922 -7.235229 -3.468396
v -6.863154 -7.527852 -3.887109
v -6.842575 -7.532276 -3.654711
v -6.824424 -7.344980 -3.699281
v -6.856701 -6.789494 -3.456460
v -6.854833 -7.378767 -3.276482
v -6.828249 -6.677976 -4.024744
v -6.833385 -7.646402 -3.303988
v -6.836361 -6.938667 -4.120463
v -6.834111 -6.671092 -3.790878
v -6.858004 -6.675842 -3.743841
v -6.849714 -7.463898 -3.688905
v -6.833199 -7.477218 -3.843453
v -6.840301 -7.309095 -3.298521
v -6.832320 -6.859752 -3.314178
v -6.778580 -7.170138 -3.739120
v -6.836432 -6.716218 -3.491578
v -6.823852 -7.621946 -3.217736
v -6.828458 -6.796535 -3.281359
v -6.895616 -7.142026 -3.453200
v -6.846450 -6.764009 -3.893984
v -6.815136 -7.612320 -3.375169
v -6.813102 -7.630146 -3.531140
v -6.821534 -7.118899 -3.649616
v -6.818212 -6.912035 -3.328233
v -6.850108 -7.316484 -3.432982
v -6.816947 -7.571140 -3.495052
v -6.814820 -7.461668 -3.726454
v -6.797579 -7.647244 -3.928262
v -6.813443 -6.722343 -3.252712
v -6.765850 -7.440681 -3.493181
v -6.832479 -7.292993 -3.510154
v -6.815707 -6.936214 -3.391750
v -6.808075 -7.297315 -3.758327
v -6.800242 -6.957036 -3.310453
v -6.805708 -6.765500 -3.489486
v -6.748296 -7.280169 -3.527913
v -6.805310 -7.335536 -3.256212
v -6.820568 -6.676693 -3.535218
v -6.804184 -6.846639 -3.468246
v -6.812174 -6.872405 -4.086662
v -6.802304 -6.994191 -3.395217
v -6.802045 -7.365346 -3.631724
v -6.813375 -6.795257 -4.067387
v -6.815775 -6.750223 -3.964750
v -6.796293 -7.238060 -3.772051
v -6.817084 -7.454282 -3.796616
v -6.796731 -7.237309 -3.436196
v -6.812410 -7.438704 -3.263310
v -6.777279 -7.570672 -3.272877
v -6.781219 -6.781321 -3.251722
v -6.799131 -7.056658 -3.345818
v -6.817089 -7.549544 -3.321671
v -6.734927 -6.797918 -3.186182
v -6.782669 -7.464880 -3.282726
v -6.791086 -7.125377 -3.295933
v -6.802946 -7.149630 -3.380745
v -6.766582 -7.194737 -3.514955
v -6.769144 -7.534186 -3.463392
v -6.788951 -7.061018 -3.410341
v -6.769252 -6.678630 -3.685735
v -6.805857 -6.724566 -3.815002
v -6.780518 -7.058849 -3.287945
v -6.797783 -7.590195 -3.411336
v -6.792529 -6.709294 -3.594832
v -6.782764 -6.911458 -3.461123
v -6.774378 -6.755621 -3.869447
v -6.784830 -7.248744 -3.265508
v -6.766451 -7.335241 -3.566035
v -6.785901 -7.567685 -3.917119
v -6.766904 -7.322384 -3.483526
v -6.768129 -6.757704 -3.930793
v -6.778476 -6.688735 -3.488337
v -6.750843 -6.842475 -3.482332
v -6.785177 -7.518106 -3.876373
v -6.742887 -6.903560 -3.176126
v -6.759137 -7.257486 -3.798428
v -6.746117 -7.229029 -3.471874
v -6.760613 -6.868530 -3.253767
v -6.745574 -7.634271 -3.561639
v -6.750962 -6.963128 -3.256469
v -6.767029 -6.673320 -4.119994
v -6.762482 -7.153320 -3.443161
v -6.766796 -7.514555 -3.723377
v -6.744789 -7.080438 -3.459975
v -6.751242 -6.997034 -3.462553
v -6.757076 -6.749719 -4.107396
v -6.754977 -7.491930 -3.304725
v -6.747412 -7.350019 -3.752559
v -6.721952 -6.734197 -3.267292
v -6.756461 -7.492896 -3.760232
v -6.740854 -7.162759 -3.244699
v -6.708984 -6.706574 -3.798909
v -6.747365 -7.496817 -3.825756
v -6.741279 -7.530517 -3.380995
v -6.745822 -7.378568 -3.252551
v -6.737756 -6.771610 -3.489806
v -6.727614 -7.089500 -3.244270
v -6.745903 -6.703760 -3.995093
v -6.712175 -7.466475 -3.441428
v -6.673261 -6.723453 -3.946190
v -6.703250 -7.602734 -3.456666
v -6.720133 -7.543254 -3.895447
v -6.719736 -7.141171 -3.672754
v -6.731977 -7.370708 -3.647857
v -6.716273 -7.248790 -3.822098
v -6.689869 -7.177385 -3.783126
v -6.713103 -7.391100 -3.474194
v -6.706018 -7.143685 -3.474484
v -6.666593 -6.743049 -3.243741
v -6.658875 -6.650393 -4.003891
v -6.709381 -7.037364 -3.244396
v -6.722836 -7.609367 -3.950242
v -6.706667 -6.767064 -4.163265
v -6.718720 -6.678771 -3.298996
v -6.693987 -7.528580 -3.795604
v -6.705357 -6.858108 -3.246319
v -6.681524 -6.825419 -3.472990
v -6.700273 -7.355036 -3.472740
v -6.685084 -6.850783 -3.212604
v -6.690177 -6.929075 -3.482134
v -6.727894 -7.571820 -3.356110
v -6.691106 -7.172236 -3.598571
v -6.690672 -7.323764 -3.831991
v -6.680480 -6.913676 -3.244599
v -6.680067 -7.298283 -3.470279
v -6.687258 -7.384665 -3.709908
v -6.674909 -6.740215 -3.860018
v -6.683859 -7.586916 -3.393878
v -6.696198 -7.427773 -3.300525
v -6.692055 -7.218009 -3.241663
v -6.717933 -7.304760 -3.246591
v -6.660178 -7.570415 -3.919500
v -6.642102 -6.900796 -3.187483
v -6.711590 -7.538612 -3.206825
v -6.663527 -7.377800 -3.790968
v -6.675410 -6.777693 -3.278692
v -6.673410 -7.240096 -3.845771
v -6.691545 -7.558494 -3.284184
v -6.672308 -6.996849 -3.239305
v -6.665895 -6.701588 -3.369205
v -6.679154 -6.729218 -3.444715
v -6.660328 -7.303926 -3.585062
v -6.675360 -6.670702 -3.210608
v -6.659256 -7.605710 -4.115119
v -6.649772 -7.213539 -3.465405
v -6.656618 -7.375208 -3.300036
v -6.646469 -6.829496 -3.276901
v -6.637885 -7.305001 -3.876194
v -6.655194 -7.376423 -3.426155
v -6.671786 -7.561310 -3.752770
v -6.672134 -7.044227 -3.476373
v -6.632920 -7.392183 -3.710163
v -6.649927 -7.154426 -3.733176
v -6.658234 -7.137609 -3.238012
v -6.648888 -7.245912 -3.582283
v -6.658175 -7.278073 -3.254457
v -6.627901 -6.800673 -3.250085
v -6.629546 -7.319342 -3.423177
v -6.640922 -7.566591 -3.244335
v -6.637871 -7.628343 -3.409090
v -6.636767 -6.884190 -3.453089
v -6.628046 -7.365095 -3.656572
v -6.635475 -7.593669 -3.327523
v -6.654707 -7.649796 -3.990459
v -6.623536 -6.781950 -3.359577
v -6.630959 -7.079429 -3.244724
v -6.623238 -7.275760 -3.300256
v -6.634273 -6.800921 -3.432331
v -6.622069 -7.368102 -3.844662
v -6.618069 -7.588634 -3.777733
v -6.627639 -6.975147 -3.454724
v -6.597046 -7.172089 -3.809149
v -6.616302 -7.638151 -3.758124
v -6.577651 -7.510462 -4.129001
v -6.565282 -7.294867 -3.639996
v -6.601144 -7.243814 -3.416414
v -6.606181 -6.853456 -3.421345
v -6.611055 -7.310108 -3.342686
v -6.623291 -7.175097 -3.663449
v -6.603714 -6.916162 -3.286705
v -6.585995 -6.885396 -3.348810
v -6.599665 -6.978757 -3.277035
v -6.621697 -6.669452 -3.773439
v -6.608016 -7.051902 -3.450052
v -6.596200 -7.646276 -3.289752
v -6.600879 -7.616072 -4.093370
v -6.594764 -7.624227 -3.217286
v -6.606099 -7.174936 -3.270071
v -6.600359 -6.931351 -3.429785
v -6.579037 -6.838538 -3.227345
v -6.576437 -7.357253 -3.893235
v -6.604166 -6.715255 -3.286348
v -6.604276 -7.233438 -3.620413
v -6.628960 -7.561759 -3.859013
v -6.582573 -7.294422 -3.919153
v -6.570593 -7.397018 -3.778162
v -6.579670 -7.016960 -3.422462
v -6.576380 -7.616570 -3.982588
v -6.583285 -7.230478 -3.333925
v -6.575922 -7.209345 -3.887552
v -6.575039 -7.157383 -3.400477
v -6.591690 -6.712176 -3.847605
v -6.574093 -7.101940 -3.411914
v -6.567159 -6.972289 -3.347032
v -6.584517 -6.698748 -3.934197
v -6.565536 -7.141726 -3.341928
v -6.572828 -7.084874 -3.311186
v -6.560851 -7.034874 -3.349025
v -6.558626 -7.176950 -3.742474
v -6.557763 -7.631832 -4.076890
v -6.594334 -6.707970 -3.889802
v -6.547348 -6.678282 -3.326801
v -6.525701 -7.286687 -3.962058
v -6.529952 -7.396995 -3.846224
v -6.537869 -6.796943 -3.251610
v -6.558283 -7.592361 -3.908561
v -6.537443 -7.563690 -4.081556
v -6.526160 -7.365308 -3.708211
v -6.530468 -6.677498 -3.919827
v -6.527215 -7.219832 -3.687108
v -6.509715 -6.821960 -3.189445
v -6.521729 -7.463215 -4.124983
v -6.531597 -7.217015 -3.932853
v -6.515328 -7.289076 -3.672975
v -6.499680 -7.393476 -3.889713
v -6.489986 -6.719996 -3.297157
v -6.492467 -7.641370 -3.661916
v -6.465286 -7.279739 -3.708143
v -6.478735 -7.171360 -3.911168
v -6.455779 -7.202384 -3.989854
v -6.479031 -7.642886 -3.863260
v -6.496707 -7.354195 -3.950948
v -6.474897 -7.620208 -3.977718
v -6.461405 -6.756670 -3.225409
v -6.459867 -7.571094 -3.665483
v -6.449436 -7.271877 -4.021056
v -6.474740 -7.640389 -3.584934
v -6.464772 -6.674736 -3.322516
v -6.478819 -7.205040 -3.738358
v -6.468947 -7.599549 -4.094047
v -6.475990 -7.515090 -4.091971
v -6.451291 -7.421604 -4.122805
v -6.467437 -6.651268 -3.866015
v -7.390281 -6.792673 -3.847775
v -7.373667 -6.975835 -3.772044
v -7.290818 -7.176096 -3.638137
v -7.250843 -7.047295 -3.273026
v -7.263249 -7.127637 -3.571861
v -7.190605 -7.113725 -3.587495
v -7.143019 -7.576980 -3.671005
v -7.104417 -7.121420 -3.609483
v -7.032764 -7.464931 -3.611799
v -7.063951 -7.557084 -3.702343
v -7.072028 -7.386226 -3.293298
v -7.076119 -7.160717 -3.326638
v -6.883917 -7.554255 -3.550550
v -6.905167 -7.390114 -3.733099
v -6.942158 -6.799609 -3.596724
v -6.795434 -7.258100 -3.497555
v -6.820697 -7.495651 -3.514460
v -6.749522 -7.578824 -3.696999
v -6.778264 -7.600660 -3.452471
v -6.652053 -7.406906 -3.361741
v -6.629230 -7.123000 -3.461707
v -6.507605 -7.169501 -3.826293
v -6.470910 -7.355858 -3.738259
v -7.229883 -7.577660 -3.580534
v -6.843999 -7.400971 -3.493849
v -6.793821 -7.127453 -3.590744
v -6.806043 -7.179702 -3.311099
v -6.750925 -6.810170 -4.133782
v -6.694772 -7.470209 -3.370430
v -7.383904 -7.472445 -3.188802
v -7.265564 -6.887997 -4.086678
v -7.276682 -6.662773 -4.087298
v -7.115694 -6.694444 -3.831424
v -7.264993 -7.029703 -3.569293
v -7.182868 -6.904631 -4.036032
v -7.321733 -6.831419 -4.091565
v -7.134823 -6.847556 -3.985200
v -7.249835 -7.549965 -3.200669
v -7.185879 -6.864123 -4.139729
v -6.561130 -7.603957 -3.837091
v -6.981207 -6.663313 -4.035853
v -6.541730 -6.683194 -3.817504
v -7.442600 -7.597038 -4.062314
v -7.442600 -7.609902 -4.000184
v -7.442600 -7.612512 -3.963945
v -7.442600 -7.623744 -3.905231
v -7.442600 -7.650000 -3.837403
v -7.442600 -7.625766 -3.896976
v -7.442600 -7.626922 -3.880148
v -7.442600 -7.596816 -4.063588
v -7.442600 -7.596688 -4.064275
v -7.442600 -7.596298 -4.065389
v -7.442600 -7.510392 -3.232863
v -7.442600 -7.511466 -3.235149
v -7.442600 -7.471604 -3.184581
v -7.442600 -7.513711 -3.237950
v -7.442600 -7.596898 -4.108590
v -7.442600 -7.650000 -3.303047
v -7.442600 -7.557117 -3.277630
v -7.442600 -7.457822 -3.167300
v -7.442600 -7.179144 -3.666934
v -7.442600 -7.172855 -3.676967
v -7.442600 -7.116081 -3.525412
v -7.442600 -7.131924 -3.487733
v -7.442600 -7.236143 -3.622229
v -7.442600 -7.348090 -3.789245
v -7.442600 -7.362530 -3.813702
v -7.442600 -7.322806 -3.728480
v -7.442600 -7.300820 -3.684504
v -7.442600 -7.272618 -3.660669
v -7.442600 -7.104084 -3.414717
v -7.442600 -7.111490 -3.433386
v -7.442600 -7.055804 -3.379949
v -7.442600 -6.984272 -3.369767
v -7.442600 -7.033321 -3.372729
v -7.442600 -6.948326 -3.391890
v -7.442600 -6.907709 -3.412146
v -7.442600 -7.068481 -3.578500
v -7.442600 -7.104515 -3.553221
v -7.442600 -7.390191 -3.898888
v -7.442600 -7.386777 -3.876899
v -7.442600 -7.595665 -4.133991
v -7.442600 -7.591285 -4.167300
v -7.442600 -7.422500 -4.108317
v -7.442600 -7.422482 -4.105288
v -7.442600 -7.422016 -4.102883
v -7.442600 -7.412001 -4.108934
v -7.442600 -7.335454 -4.102365
v -7.442600 -7.419963 -3.998364
v -7.442600 -7.420607 -4.109324
v -7.442600 -7.414480 -3.980674
v -7.442600 -7.403222 -3.932185
v -7.442600 -7.278295 -4.060755
v -7.442600 -7.275369 -4.057570
v -7.442600 -7.274542 -4.056282
v -7.442600 -7.206889 -3.940104
v -7.442600 -7.205581 -3.936368
v -7.442600 -7.210496 -3.947222
v -7.442600 -7.254368 -3.999240
v -7.442600 -7.199525 -3.921997
v -7.442600 -7.187559 -3.855568
v -7.442600 -7.179094 -3.830174
v -7.442600 -7.173962 -3.783829
v -7.442600 -7.173843 -3.759020
v -7.442600 -6.902744 -3.575952
v -7.442600 -6.886505 -3.551117
v -7.442600 -6.953475 -3.599897
v -7.442600 -7.015521 -3.600050
v -7.442600 -6.971909 -3.612453
v -7.442600 -6.836609 -3.788377
v -7.442600 -6.815173 -3.822711
v -7.442600 -6.839247 -3.749827
v -7.442600 -6.817169 -3.692359
v -7.442600 -6.814705 -3.681023
v -7.442600 -6.871491 -3.497948
v -7.442600 -6.880443 -3.457364
v -7.442600 -6.764561 -3.881160
v -7.442600 -6.731485 -3.887827
v -7.442600 -6.773165 -3.873299
v -7.442600 -6.780666 -3.863002
v -7.442600 -6.674958 -3.888733
v -7.442600 -6.689530 -3.895869
v -7.442600 -6.650000 -3.879250
v -7.442600 -6.650000 -3.673091
v -7.442600 -6.667568 -3.653019
v -7.442600 -6.719519 -3.638955
v -7.442600 -6.754846 -3.639074
v -7.442600 -6.808866 -3.675630
v -7.442600 -7.037700 -3.597453
v -7.424696 -6.650000 -3.866231
v -7.354123 -6.650000 -3.820127
v -7.351549 -6.650000 -3.813550
v -7.356010 -6.650000 -3.821976
v -7.415705 -6.650000 -3.861069
v -7.391042 -6.650000 -3.675241
v -7.315701 -6.650000 -3.659277
v -7.325928 -6.650000 -3.757326
v -7.313448 -6.650000 -3.659128
v -7.307858 -6.650000 -3.656893
v -7.279107 -6.650000 -3.968154
v -7.285251 -6.650000 -3.947160
v -7.242892 -6.650000 -3.730846
v -7.301204 -6.650000 -3.203353
v -7.311610 -6.650000 -3.887337
v -7.307254 -6.650000 -3.194767
v -7.329754 -6.650000 -3.167300
v -7.181602 -6.650000 -3.814223
v -7.207515 -6.650000 -3.814132
v -7.235274 -6.650000 -3.831543
v -7.222350 -6.650000 -3.728498
v -7.175742 -6.650000 -3.709076
v -7.240695 -6.650000 -3.690361
v -7.202699 -6.650000 -3.652527
v -7.242601 -6.650000 -3.224171
v -7.226221 -6.650000 -3.230750
v -7.174834 -6.650000 -3.219023
v -7.104116 -6.650000 -3.727841
v -7.106798 -6.650000 -3.814991
v -7.138731 -6.650000 -3.728807
v -7.157183 -6.650000 -3.813314
v -7.138933 -6.650000 -3.609342
v -7.122003 -6.650000 -3.583859
v -7.137530 -6.650000 -3.599601
v -7.152966 -6.650000 -3.611828
v -7.160523 -6.650000 -3.217576
v -7.139645 -6.650000 -3.196105
v -7.116057 -6.650000 -3.167300
v -7.030756 -6.650000 -3.407847
v -7.026772 -6.650000 -3.435851
v -7.013947 -6.650000 -3.448015
v -7.050685 -6.650000 -3.557077
v -7.067428 -6.650000 -3.562223
v -7.027287 -6.650000 -3.740931
v -7.068659 -6.650000 -3.369574
v -7.042971 -6.650000 -3.320924
v -6.990738 -6.650000 -3.290261
v -6.925100 -6.650000 -3.518761
v -6.960042 -6.650000 -3.469844
v -6.987311 -6.650000 -3.536038
v -6.869236 -6.650000 -3.524251
v -6.880411 -6.650000 -3.490524
v -6.898086 -6.650000 -3.521174
v -6.893255 -6.650000 -3.490997
v -6.907730 -6.650000 -3.485576
v -6.907807 -6.650000 -3.254309
v -6.964506 -6.650000 -3.271609
v -6.980569 -6.650000 -3.278950
v -6.815898 -6.650000 -3.530212
v -6.829976 -6.650000 -3.531681
v -6.801869 -6.650000 -3.260275
v -6.801965 -6.650000 -3.260259
v -6.801702 -6.650000 -3.260384
v -6.734483 -6.650000 -3.444535
v -6.800593 -6.650000 -3.484149
v -6.802215 -6.650000 -3.260257
v -6.863959 -6.650000 -3.258562
v -6.725618 -6.650000 -3.329326
v -6.729490 -6.650000 -3.439287
v -6.706091 -6.650000 -3.368198
v -6.661991 -6.650000 -3.195363
v -6.658340 -6.650000 -3.231072
v -6.632645 -6.650000 -3.259615
v -6.590951 -6.650000 -3.296924
v -6.730717 -6.650000 -3.442218
v -6.665444 -6.650000 -3.211644
v -6.663143 -6.650000 -3.167300
v -6.739220 -6.650000 -3.301239
v -7.060328 -6.650000 -3.745341
v -7.258645 -6.650000 -4.110787
v -7.251264 -6.650000 -4.150615
v -7.218345 -6.650000 -4.048596
v -7.235705 -6.650000 -4.076937
v -7.186972 -6.650000 -4.057516
v -7.247288 -6.650000 -3.989779
v -7.246618 -6.650000 -4.167300
v -7.138396 -6.650000 -4.026033
v -7.153655 -6.650000 -4.077944
v -7.111388 -6.650000 -4.101789
v -7.157226 -6.650000 -4.022908
v -7.163591 -6.650000 -4.020380
v -7.064730 -6.650000 -4.148921
v -7.067347 -6.650000 -4.145183
v -7.055948 -6.650000 -4.167300
v -7.071786 -6.650000 -4.138680
v -7.038280 -6.650000 -3.799598
v -7.014059 -6.650000 -3.801335
v -7.042150 -6.650000 -4.032345
v -6.954325 -6.650000 -3.752411
v -6.945396 -6.650000 -3.798775
v -6.934327 -6.650000 -3.757479
v -6.988112 -6.650000 -3.746874
v -6.982937 -6.650000 -4.033781
v -6.909969 -6.650000 -4.031991
v -6.928095 -6.650000 -4.032966
v -6.876272 -6.650000 -4.158094
v -6.907672 -6.650000 -3.798481
v -6.849069 -6.650000 -4.022996
v -6.833637 -6.650000 -3.794274
v -6.855786 -6.650000 -3.794074
v -6.879068 -6.650000 -4.167300
v -6.839533 -6.650000 -4.145342
v -6.865294 -6.650000 -3.747814
v -7.052326 -6.650000 -4.032874
v -6.808072 -6.650000 -4.020603
v -6.806045 -6.650000 -4.137171
v -6.787644 -6.650000 -4.138081
v -6.773217 -6.650000 -3.789569
v -6.774664 -6.650000 -3.709087
v -6.797342 -6.650000 -3.786821
v -6.831115 -6.650000 -3.744812
v -6.771853 -6.650000 -3.555797
v -6.793146 -6.650000 -3.535183
v -6.658938 -6.650000 -4.003879
v -6.660112 -6.650000 -4.004004
v -6.710108 -6.650000 -4.167300
v -6.745728 -6.650000 -4.142649
v -6.766117 -6.650000 -4.006692
v -6.751306 -6.650000 -3.787118
v -6.704826 -6.650000 -3.780623
v -6.738308 -6.650000 -3.683968
v -6.732779 -6.650000 -3.628124
v -6.729274 -6.650000 -3.594245
v -6.649181 -6.650000 -3.771758
v -6.656577 -6.650000 -4.003190
v -6.572618 -6.650000 -3.966527
v -6.619542 -6.650000 -3.767058
v -6.555387 -6.650000 -3.956491
v -6.574268 -6.650000 -3.308578
v -6.557129 -6.650000 -3.332644
v -6.442600 -6.650000 -3.317377
v -6.465907 -6.650000 -3.866367
v -6.466159 -6.650000 -3.861423
v -6.468804 -6.650000 -3.869508
v -6.513025 -6.650000 -3.930558
v -6.482105 -6.650000 -3.799290
v -6.467187 -6.650000 -3.339349
v -6.518955 -6.650000 -3.343531
v -6.570758 -6.650000 -3.761378
v -6.538692 -6.650000 -3.771208
v -6.442600 -6.696278 -3.271621
v -6.442600 -6.722133 -3.243044
v -6.442600 -6.724688 -3.192722
v -6.442600 -6.723474 -3.167300
v -6.442600 -6.655468 -3.314133
v -6.442600 -6.681066 -3.289771
v -6.442600 -7.650000 -3.279569
v -6.442600 -7.643977 -3.296991
v -6.442600 -7.650000 -3.732350
v -6.442600 -7.650000 -3.897408
v -6.442600 -7.649183 -3.897866
v -6.442600 -7.648837 -3.368165
v -6.442600 -7.645108 -3.357369
v -6.442600 -7.650000 -3.370145
v -6.442600 -7.604028 -3.704588
v -6.442600 -7.622031 -3.564952
v -6.442600 -7.640304 -3.723831
v -6.442600 -7.529521 -3.672879
v -6.442600 -7.531246 -3.647706
v -6.442600 -7.569359 -3.684924
v -6.442600 -7.557476 -3.598815
v -6.442600 -7.580411 -4.104097
v -6.442600 -7.601449 -4.114968
v -6.442600 -7.529820 -4.104441
v -6.442600 -7.631888 -4.006880
v -6.442600 -7.489754 -4.101978
v -6.442600 -7.564762 -3.581351
v -6.442600 -7.650000 -4.138536
v -6.442600 -7.650000 -4.044201
v -6.442600 -7.648888 -4.042024
v -6.442600 -7.638551 -3.948104
v -6.442600 -7.650000 -3.555890
v -6.442600 -7.310022 -3.734382
v -6.442600 -7.351436 -3.752517
v -6.442600 -7.377201 -3.800830
v -6.442600 -7.357519 -4.167300
v -6.442600 -7.369237 -4.156798
v -6.442600 -7.472168 -4.111468
v -6.442600 -7.437519 -4.118353
v -6.442600 -7.420928 -4.124038
v -6.442600 -7.397171 -4.134051
v -6.442600 -7.342907 -3.995003
v -6.442600 -7.387417 -3.837873
v -6.442600 -7.392873 -3.906740
v -6.442600 -7.376449 -3.931994
v -6.442600 -7.387454 -3.829375
v -6.442600 -7.270051 -4.026546
v -6.442600 -7.261651 -4.022374
v -6.442600 -7.275924 -4.023891
v -6.442600 -7.287308 -4.019266
v -6.442600 -7.169374 -3.836885
v -6.442600 -7.170249 -3.873537
v -6.442600 -7.162003 -3.928915
v -6.442600 -7.197215 -3.997915
v -6.442600 -7.191440 -3.982594
v -6.442600 -7.184602 -3.818149
v -6.442600 -7.198813 -3.776614
v -6.442600 -7.222164 -3.750494
v -6.442600 -7.267539 -3.727408
v -6.442600 -7.285841 -3.726629
v -7.381194 -7.650000 -3.211821
v -7.378801 -7.650000 -3.198586
v -7.374010 -7.650000 -3.172199
v -7.371489 -7.650000 -3.167300
v -7.281934 -7.650000 -3.229797
v -7.255908 -7.650000 -3.224687
v -7.214150 -7.650000 -3.232167
v -7.163178 -7.650000 -3.414461
v -7.134908 -7.650000 -3.442515
v -7.136940 -7.650000 -3.322787
v -7.142560 -7.650000 -3.308313
v -7.150567 -7.650000 -3.378386
v -7.105931 -7.650000 -3.419150
v -7.059284 -7.650000 -3.399292
v -7.030638 -7.650000 -3.386313
v -6.972237 -7.650000 -3.374201
v -6.963633 -7.650000 -3.372329
v -7.181589 -7.650000 -3.247576
v -6.888132 -7.650000 -3.692470
v -6.892206 -7.650000 -3.695250
v -6.865200 -7.650000 -3.692750
v -6.879882 -7.650000 -3.463910
v -6.887524 -7.650000 -3.441463
v -6.896596 -7.650000 -3.509045
v -6.959249 -7.650000 -3.590567
v -6.942410 -7.650000 -3.568332
v -6.915466 -7.650000 -3.396683
v -6.830137 -7.650000 -3.372891
v -6.832671 -7.650000 -3.303620
v -6.834466 -7.650000 -3.308953
v -6.832715 -7.650000 -3.301038
v -6.793360 -7.650000 -3.688052
v -6.833569 -7.650000 -3.575823
v -6.926250 -7.650000 -3.548579
v -6.838532 -7.650000 -3.527854
v -6.850103 -7.650000 -3.461515
v -6.846886 -7.650000 -3.449469
v -6.844961 -7.650000 -3.439816
v -6.950687 -7.650000 -3.373599
v -6.822768 -7.650000 -3.226000
v -6.822953 -7.650000 -3.184943
v -6.824467 -7.650000 -3.167300
v -6.726237 -7.650000 -3.566223
v -6.704250 -7.650000 -3.711927
v -6.690023 -7.650000 -3.721442
v -6.741938 -7.650000 -3.697515
v -6.767388 -7.650000 -3.601812
v -6.793212 -7.650000 -3.594774
v -6.648116 -7.650000 -3.740547
v -6.620531 -7.650000 -3.755598
v -6.604543 -7.650000 -3.765793
v -6.542533 -7.650000 -3.802358
v -6.542637 -7.650000 -3.802213
v -6.543258 -7.650000 -3.801799
v -6.502074 -7.650000 -4.098075
v -6.500296 -7.650000 -4.037861
v -6.455419 -7.650000 -4.042334
v -6.491123 -7.650000 -4.036790
v -6.494379 -7.650000 -3.654207
v -6.496454 -7.650000 -3.662837
v -6.492499 -7.650000 -3.669458
v -6.460171 -7.650000 -3.570066
v -6.478858 -7.650000 -3.585196
v -6.451195 -7.650000 -4.132011
v -6.446732 -7.650000 -3.359981
v -6.444315 -7.650000 -3.366735
v -6.447799 -7.650000 -3.293245
v -6.479682 -7.650000 -3.858587
v -6.541378 -7.650000 -3.803324
v -6.587068 -7.650000 -4.007826
v -6.686419 -7.650000 -3.515918
v -6.663644 -7.650000 -3.488088
v -6.652023 -7.650000 -3.470995
v -6.634140 -7.650000 -3.417764
v -6.622319 -7.650000 -3.384441
v -6.613747 -7.650000 -3.346432
v -6.597159 -7.650000 -3.297996
v -6.596515 -7.650000 -3.290002
v -6.596020 -7.650000 -3.281067
v -6.594476 -7.650000 -3.204584
v -6.594780 -7.650000 -3.167300
v -7.424948 -7.650000 -3.802883
v -7.404897 -7.650000 -3.764537
v -7.440073 -7.650000 -3.301270
v -7.391897 -7.650000 -3.361925
v -7.435608 -7.650000 -3.295186
v -7.409426 -7.650000 -3.244270
v -7.389960 -7.650000 -3.372654
v -7.389896 -7.650000 -3.736948
v -7.345923 -7.650000 -3.446253
v -7.377753 -7.650000 -3.314584
v -7.351184 -7.650000 -3.267628
v -7.364403 -7.650000 -3.278708
v -7.373582 -7.650000 -4.167300
v -7.370227 -7.650000 -4.144323
v -7.368005 -7.650000 -4.100967
v -7.345317 -7.650000 -4.027043
v -7.344286 -7.650000 -4.049665
v -7.327697 -7.650000 -3.996057
v -7.343550 -7.650000 -3.450958
v -7.344723 -7.650000 -3.663609
v -7.339523 -7.650000 -3.654657
v -7.323708 -7.650000 -3.630083
v -7.342862 -7.650000 -3.451537
v -7.342147 -7.650000 -3.451570
v -7.321183 -7.650000 -3.955642
v -7.294517 -7.650000 -3.924298
v -7.286697 -7.650000 -3.896084
v -7.249807 -7.650000 -3.467946
v -7.255605 -7.650000 -3.469262
v -7.228782 -7.650000 -3.517078
v -7.218422 -7.650000 -3.450470
v -7.257479 -7.650000 -3.877253
v -7.281161 -7.650000 -3.575151
v -7.289657 -7.650000 -3.585121
v -7.227047 -7.650000 -3.839119
v -7.181463 -7.650000 -3.479216
v -7.205434 -7.650000 -3.439675
v -7.054021 -7.650000 -3.666049
v -7.082794 -7.650000 -3.690181
v -6.948033 -7.650000 -3.758431
v -7.005834 -7.650000 -3.623912
v -6.947185 -7.650000 -3.758180
v -6.947947 -7.650000 -3.760494
v -6.932375 -7.650000 -3.797311
v -6.912742 -7.650000 -3.843333
v -6.915205 -7.650000 -3.838948
v -7.204653 -7.650000 -3.809666
v -7.176526 -7.650000 -3.780700
v -7.165884 -7.650000 -3.770181
v -7.120876 -7.650000 -3.733886
v -7.089417 -7.650000 -3.697697
v -7.209137 -7.650000 -3.499116
v -6.798513 -7.650000 -3.925447
v -6.801476 -7.650000 -3.923392
v -6.796938 -7.650000 -3.927054
v -6.863408 -7.650000 -3.874191
v -6.792568 -7.650000 -3.930595
v -6.731580 -7.650000 -4.167300
v -6.714228 -7.650000 -4.131901
v -6.704855 -7.650000 -4.114243
v -6.724373 -7.650000 -3.956258
v -6.638490 -7.650000 -4.088932
v -6.654158 -7.650000 -3.990769
v -6.671095 -7.650000 -4.098450
v -6.655099 -7.650000 -3.990300
v -6.654741 -7.650000 -3.990472
v -6.601002 -7.650000 -4.086610
v -6.567707 -7.650000 -4.076322
v -6.534336 -7.650000 -4.088660
v -7.296306 -6.783657 -4.167300
v -7.241287 -6.846408 -4.167300
v -7.294492 -6.712748 -4.167300
v -7.295199 -6.695145 -4.167300
v -7.150585 -6.846814 -4.167300
v -7.191106 -6.851656 -4.167300
v -7.087208 -6.968251 -4.167300
v -7.238122 -6.849584 -4.167300
v -7.084581 -6.981514 -4.167300
v -7.118336 -6.830522 -4.167300
v -7.081803 -6.795154 -4.167300
v -6.992096 -6.756376 -4.167300
v -6.994575 -6.758986 -4.167300
v -7.001428 -6.767935 -4.167300
v -7.037949 -6.735856 -4.167300
v -7.058514 -6.773908 -4.167300
v -7.066718 -6.784142 -4.167300
v -7.033369 -6.832381 -4.167300
v -7.035914 -6.694409 -4.167300
v -7.047693 -6.661625 -4.167300
v -7.018752 -7.049823 -4.167300
v -7.062448 -6.911732 -4.167300
v -7.043890 -6.871509 -4.167300
v -6.800122 -6.894033 -4.167300
v -6.800253 -6.894290 -4.167300
v -6.799783 -6.893565 -4.167300
v -6.855356 -6.940287 -4.167300
v -6.872466 -6.961570 -4.167300
v -6.745214 -6.819415 -4.167300
v -6.962705 -6.714568 -4.167300
v -6.900381 -6.668881 -4.167300
v -6.688077 -6.694924 -4.167300
v -6.692678 -6.723636 -4.167300
v -6.686809 -6.698290 -4.167300
v -6.710164 -6.773641 -4.167300
v -6.704409 -6.767025 -4.167300
v -6.582094 -7.499773 -4.167300
v -6.554331 -7.475559 -4.167300
v -6.521158 -7.432655 -4.167300
v -6.459598 -7.377117 -4.167300
v -6.488829 -7.412843 -4.167300
v -6.975139 -7.042798 -4.167300
v -6.967145 -7.036849 -4.167300
v -6.959417 -7.029813 -4.167300
v -6.924059 -7.000377 -4.167300
v -6.968891 -6.719524 -4.167300
v -7.407417 -7.606441 -4.167300
v -7.395647 -7.612028 -4.167300
v -7.391239 -7.620984 -4.167300
v -7.065369 -7.050387 -4.167300
v -6.714002 -7.631718 -4.167300
v -6.617273 -7.536735 -4.167300
v -6.654414 -7.577284 -4.167300
v -6.693966 -7.612453 -4.167300
v -7.419541 -7.456830 -3.167300
v -7.321034 -6.700234 -3.167300
v -7.323548 -6.677564 -3.167300
v -7.315266 -7.477537 -3.167300
v -7.320115 -7.477370 -3.167300
v -7.313768 -7.485282 -3.167300
v -7.311524 -7.480426 -3.167300
v -7.384409 -7.453273 -3.167300
v -7.302437 -6.767907 -3.167300
v -7.303787 -6.744823 -3.167300
v -7.283583 -6.907233 -3.167300
v -7.287570 -6.893435 -3.167300
v -7.272319 -6.962754 -3.167300
v -7.245279 -7.212276 -3.167300
v -7.246346 -7.204220 -3.167300
v -7.251509 -7.180541 -3.167300
v -7.256704 -7.015191 -3.167300
v -7.266771 -6.982828 -3.167300
v -7.250669 -7.084083 -3.167300
v -7.223807 -7.337943 -3.167300
v -7.225788 -7.305799 -3.167300
v -7.234495 -7.266084 -3.167300
v -7.248560 -7.115232 -3.167300
v -7.298227 -6.841179 -3.167300
v -7.300397 -6.816201 -3.167300
v -7.300311 -6.811230 -3.167300
v -7.101545 -7.299485 -3.167300
v -7.081932 -7.257122 -3.167300
v -7.057126 -7.173152 -3.167300
v -7.058358 -7.178397 -3.167300
v -7.053338 -7.163483 -3.167300
v -7.053077 -7.103315 -3.167300
v -7.053999 -6.902203 -3.167300
v -7.052417 -6.844866 -3.167300
v -7.056148 -6.834459 -3.167300
v -7.058374 -6.824407 -3.167300
v -7.046666 -6.972682 -3.167300
v -7.046753 -6.972384 -3.167300
v -7.049329 -7.033430 -3.167300
v -7.050030 -7.070992 -3.167300
v -6.759934 -6.915495 -3.167300
v -7.046661 -6.971719 -3.167300
v -6.730039 -6.759284 -3.167300
v -6.742566 -6.794373 -3.167300
v -6.673891 -6.665898 -3.167300
v -6.715697 -6.729538 -3.167300
v -6.712333 -6.711672 -3.167300
v -6.754644 -6.884616 -3.167300
v -6.738101 -6.920739 -3.167300
v -6.757473 -6.818391 -3.167300
v -7.076150 -7.235467 -3.167300
v -7.068110 -6.781169 -3.167300
v -7.089369 -6.713388 -3.167300
v -7.102273 -6.677015 -3.167300
v -7.106089 -6.664612 -3.167300
v -7.359921 -7.641474 -3.167300
v -7.334562 -7.622229 -3.167300
v -7.326397 -7.595134 -3.167300
v -7.199386 -7.414990 -3.167300
v -7.199361 -7.416528 -3.167300
v -7.306973 -7.557944 -3.167300
v -7.129668 -7.372886 -3.167300
v -7.186546 -7.410713 -3.167300
v -7.119713 -7.372091 -3.167300
v -7.197323 -7.416579 -3.167300
v -7.198056 -7.418310 -3.167300
v -6.803079 -7.571500 -3.167300
v -6.828923 -7.616339 -3.167300
v -6.797771 -7.563347 -3.167300
v -6.659925 -7.541010 -3.167300
v -6.677460 -6.931705 -3.167300
v -6.722517 -7.530915 -3.167300
v -6.605173 -6.893637 -3.167300
v -6.638216 -6.914007 -3.167300
v -6.658650 -7.541332 -3.167300
v -6.783527 -7.558362 -3.167300
v -6.601807 -7.609447 -3.167300
v -6.657796 -7.542417 -3.167300
v -6.566288 -6.871794 -3.167300
v -6.534393 -6.852238 -3.167300
v -6.507573 -6.819018 -3.167300
v -6.470059 -6.767895 -3.167300
v -6.494569 -6.801186 -3.167300
v -6.594819 -7.647411 -3.167300
vn -1.0000 -0.0000 -0.0000
vn -0.0000 1.0000 -0.0000
vn 1.0000 -0.0000 -0.0000
vn -0.0000 -1.0000 -0.0000
vn -0.0000 -0.0000 -1.0000
vn -0.0000 -0.0000 1.0000
vn -0.1824 -0.9692 -0.1653
vn -0.3338 -0.8654 0.3737
vn -0.4322 -0.7605 0.4846
vn -0.4427 -0.8710 0.2131
vn 0.7840 0.6082 -0.1241
vn 0.6217 0.7197 -0.3090
vn 0.2687 0.8964 -0.3525
vn -0.1973 0.9649 0.1735
vn 0.0910 0.9917 0.0903
vn -0.2577 0.9267 0.2735
vn 0.3458 0.8530 -0.3909
vn -0.1563 0.9683 0.1951
vn -0.3533 -0.6840 0.6382
vn -0.4633 -0.8287 0.3142
vn -0.4096 -0.7352 0.5401
vn 0.0929 0.8245 -0.5582
vn 0.1903 0.7238 -0.6632
vn 0.3916 0.6364 -0.6646
vn 0.5666 0.7622 -0.3130
vn 0.5387 0.6711 -0.5094
vn 0.6043 0.4898 -0.6285
vn -0.0902 0.8228 -0.5612
vn -0.0347 0.7813 -0.6232
vn 0.2885 0.9567 0.0391
vn 0.2395 -0.3646 -0.8999
vn 0.2541 -0.4804 -0.8394
vn 0.1755 -0.7645 -0.6203
vn -0.3565 -0.2065 0.9112
vn -0.3963 -0.5929 0.7010
vn -0.3825 -0.3357 0.8608
vn -0.2303 -0.2912 0.9285
vn -0.2850 -0.4520 0.8453
vn 0.2311 0.8860 0.4019
vn 0.3653 0.9130 0.1817
vn 0.5125 0.8491 -0.1281
vn -0.1858 -0.1276 0.9743
vn 0.8381 -0.5415 0.0667
vn 0.8936 -0.3733 -0.2491
vn 0.9325 -0.2960 -0.2068
vn 0.6924 0.7215 -0.0068
vn 0.8900 0.4556 0.0190
vn 0.6981 0.7146 -0.0444
vn 0.9087 -0.0790 -0.4099
vn -0.2110 0.9527 0.2189
vn 0.0407 0.9979 0.0509
vn -0.2043 0.9726 0.1105
vn 0.5728 0.3594 -0.7367
vn 0.5228 0.3754 -0.7653
vn 0.6627 0.1744 -0.7283
vn 0.5613 0.2184 -0.7983
vn 0.6457 0.7065 -0.2897
vn 0.7251 0.5474 -0.4178
vn 0.5134 0.6652 -0.5421
vn 0.8949 0.2695 -0.3556
vn 0.7831 0.5996 -0.1651
vn 0.4845 0.3680 -0.7936
vn 0.4788 0.3731 -0.7947
vn 0.5622 0.2938 -0.7731
vn 0.7136 0.5503 -0.4335
vn 0.7652 -0.6431 0.0299
vn 0.4159 0.4978 -0.7611
vn 0.6830 -0.7063 0.1862
vn 0.7271 -0.6808 0.0885
vn 0.8582 -0.5112 0.0474
vn 0.7969 -0.5675 0.2074
vn 0.0390 -0.7646 -0.6433
vn 0.1797 0.9836 0.0141
vn -0.1696 0.9777 0.1243
vn 0.1199 0.7078 0.6962
vn 0.1807 0.7322 0.6567
vn 0.5892 0.8055 -0.0640
vn 0.3677 0.9297 0.0228
vn -0.2750 -0.8867 -0.3718
vn -0.1911 -0.7323 -0.6536
vn -0.1898 -0.7483 -0.6356
vn 0.0439 -0.3713 -0.9275
vn -0.1275 -0.5502 -0.8252
vn 0.2133 -0.2167 -0.9527
vn -0.1964 0.9685 0.1533
vn 0.1093 0.9892 -0.0981
vn -0.3705 -0.9288 0.0033
vn -0.3777 -0.9218 -0.0875
vn -0.1008 0.6206 0.7776
vn -0.3021 0.0944 0.9486
vn -0.2127 0.4054 0.8890
vn 0.9219 0.3540 0.1571
vn 0.9251 0.1205 -0.3601
vn 0.9707 -0.0207 -0.2395
vn 0.9270 0.0303 -0.3739
vn 0.2166 -0.5841 -0.7822
vn 0.0803 -0.8192 -0.5679
vn 0.4389 0.1073 -0.8921
vn 0.3663 -0.1757 -0.9137
vn 0.4374 0.1459 -0.8873
vn 0.4842 0.3874 -0.7845
vn 0.4453 0.8897 -0.1009
vn 0.3493 0.3530 -0.8680
vn 0.4070 0.1468 -0.9015
vn -0.2685 -0.6690 -0.6931
vn -0.6794 0.6443 0.3510
vn -0.4899 0.8446 0.2160
vn -0.3074 0.9424 0.1321
vn -0.6807 0.6446 0.3481
vn -0.6673 0.6523 0.3596
vn 0.9442 0.2444 -0.2208
vn 0.7125 0.6242 -0.3206
vn 0.3380 -0.1654 -0.9265
vn 0.9521 0.0053 0.3057
vn 0.9331 -0.0219 0.3589
vn 0.8658 -0.3355 0.3712
vn 0.9494 -0.2183 0.2258
vn 0.8436 -0.4037 0.3541
vn 0.7937 -0.5537 0.2519
vn -0.0613 0.2689 0.9612
vn -0.0934 0.4982 0.8620
vn -0.1260 0.2467 0.9609
vn 0.9317 0.2858 0.2243
vn 0.6590 0.7521 0.0056
vn 0.3720 0.9254 0.0723
vn -0.2907 -0.6488 0.7032
vn 0.5013 0.4350 -0.7480
vn 0.4294 0.7443 -0.5115
vn 0.8286 -0.1647 -0.5350
vn 0.8197 0.0510 -0.5706
vn 0.7534 -0.0888 -0.6515
vn 0.9542 0.2987 -0.0154
vn 0.8062 0.5723 -0.1499
vn 0.8957 -0.4002 0.1939
vn 0.7108 -0.6324 0.3078
vn 0.7785 -0.6137 0.1315
vn 0.9428 -0.3324 0.0266
vn 0.8056 -0.5741 0.1463
vn 0.2146 0.6924 -0.6888
vn 0.3753 0.3358 -0.8639
vn 0.1912 0.6263 -0.7558
vn 0.0866 0.7446 -0.6619
vn -0.0492 0.7483 0.6616
vn 0.0274 0.7522 0.6584
vn 0.3986 0.9105 0.1095
vn 0.3928 0.9118 0.1199
vn 0.6852 0.7280 0.0221
vn 0.6192 -0.7447 -0.2490
vn 0.7363 -0.6634 -0.1333
vn 0.7408 -0.4641 -0.4856
vn 0.7876 -0.2668 -0.5554
vn 0.0051 -0.1944 -0.9809
vn -0.3765 -0.9190 0.1171
vn 0.4014 0.8691 -0.2891
vn 0.9876 0.1552 -0.0223
vn -0.0553 0.0043 0.9985
vn 0.3461 0.0905 -0.9338
vn 0.5958 0.0799 -0.7991
vn 0.1478 0.5097 0.8476
vn -0.9824 -0.1341 -0.1297
vn -0.8838 -0.2083 -0.4190
vn -0.6246 -0.4568 -0.6334
vn -0.9203 0.2297 0.3168
vn -0.9370 0.3357 0.0972
vn -0.9236 0.3831 -0.0148
vn -0.1729 -0.3038 -0.9369
vn -0.8101 0.3348 -0.4813
vn -0.4739 0.4838 -0.7357
vn -0.6478 0.6191 -0.4440
vn 0.5674 -0.7699 -0.2920
vn 0.5727 -0.7661 -0.2916
vn -0.9710 0.1790 0.1584
vn -0.5158 0.8257 0.2284
vn -0.6616 0.6490 0.3757
vn -0.0770 -0.9940 -0.0777
vn -0.8847 0.1881 0.4265
vn 0.2718 0.8705 0.4104
vn 0.0557 -0.7154 -0.6965
vn -0.2575 0.2976 0.9193
vn -0.7564 -0.3625 -0.5444
vn -0.9647 0.2617 -0.0304
vn -0.8203 0.1114 0.5610
vn -0.9777 -0.2093 0.0176
vn -0.9370 -0.2210 0.2706
vn -0.9187 -0.3801 -0.1073
vn 0.8601 0.5001 -0.1005
vn 0.5335 0.8367 -0.1241
vn 0.6133 0.7877 -0.0581
vn -0.7678 0.1303 0.6273
vn -0.8455 0.1576 0.5103
vn -0.5615 -0.4671 -0.6831
vn -0.7455 -0.4230 -0.5151
vn -0.0728 0.6845 0.7254
vn -0.3082 0.5121 -0.8017
vn -0.9457 0.2839 -0.1582
vn -0.7434 0.4421 -0.5019
vn -0.8686 0.4072 -0.2822
vn 0.5667 0.7889 -0.2378
vn 0.5462 0.7966 -0.2589
vn -0.6556 0.4810 0.5820
vn -0.6517 0.5919 0.4742
vn 0.3326 0.9310 -0.1502
vn -0.1824 -0.6645 -0.7247
vn 0.4025 0.8395 -0.3650
vn 0.7096 -0.3795 -0.5937
vn 0.6799 -0.2465 -0.6906
vn -0.6001 0.6680 0.4401
vn -0.0356 0.9918 -0.1225
vn 0.1050 -0.9032 -0.4162
vn -0.7448 0.0918 0.6609
vn -0.9280 0.3659 0.0699
vn -0.7801 -0.4544 -0.4301
vn -0.9072 -0.2768 0.3167
vn -0.0317 -0.6089 -0.7926
vn -0.4984 0.4056 0.7662
vn -0.3151 0.5162 0.7964
vn 0.8428 0.5332 -0.0735
vn 0.8477 0.5158 -0.1238
vn 0.7984 0.5778 -0.1692
vn -0.2651 -0.7412 0.6167
vn -0.5343 0.0727 0.8421
vn -0.0662 0.6716 0.7379
vn 0.1845 0.5101 -0.8401
vn -0.2065 -0.4831 -0.8509
vn 0.2688 0.6707 -0.6913
vn -0.1561 -0.1690 0.9732
vn -0.5997 0.4165 -0.6833
vn -0.9314 0.3637 0.0149
vn -0.4212 0.0284 0.9065
vn -0.1964 0.3598 0.9121
vn -0.9093 0.4009 -0.1120
vn -0.5336 0.7683 0.3535
vn -0.8065 -0.4795 -0.3461
vn -0.3958 -0.7870 -0.4732
vn -0.0633 0.2907 -0.9547
vn 0.4263 0.8007 -0.4209
vn 0.5224 0.8297 -0.1966
vn -0.2409 -0.4657 -0.8515
vn -0.5597 0.1528 0.8145
vn -0.7992 -0.1154 -0.5899
vn -0.7621 -0.1716 -0.6243
vn -0.8030 -0.1091 -0.5859
vn 0.1827 0.4516 0.8733
vn 0.3481 0.8674 0.3556
vn -0.5427 0.8004 0.2545
vn -0.6749 0.6220 0.3970
vn -0.6767 0.6129 0.4080
vn 0.0625 0.7433 0.6660
vn -0.9819 0.1470 0.1198
vn 0.2202 0.5336 0.8166
vn -0.5360 0.0125 0.8442
vn 0.2651 0.9279 -0.2622
vn -0.8055 -0.5587 -0.1975
vn -0.8844 0.3822 -0.2679
vn -0.8495 -0.2467 -0.4663
vn -0.8012 -0.2952 -0.5205
vn -0.2180 -0.4522 0.8649
vn -0.3502 -0.9161 0.1951
vn -0.2979 -0.8042 0.5143
vn -0.2527 -0.2200 0.9422
vn -0.7884 -0.4255 0.4442
vn -0.4901 -0.0805 0.8679
vn -0.2425 -0.7767 -0.5813
vn 0.3968 0.0778 -0.9146
vn 0.1411 -0.4910 -0.8596
vn -0.1348 0.9845 -0.1125
vn 0.7682 0.5141 -0.3816
vn -0.6694 0.0130 -0.7427
vn -0.6345 0.0336 -0.7722
vn -0.8103 -0.1812 -0.5573
vn 0.2420 0.7627 0.5997
vn -0.7728 0.0722 0.6305
vn 0.6578 -0.1360 -0.7408
vn -0.7369 0.1821 0.6510
vn -0.7263 0.3959 0.5618
vn -0.7700 0.2118 0.6019
vn -0.1403 0.4370 -0.8884
vn -0.7012 0.3264 -0.6338
vn -0.8900 0.2941 -0.3484
vn -0.2931 0.8741 0.3874
vn -0.6148 0.7807 0.1118
vn -0.4001 -0.4459 -0.8007
vn -0.8601 0.0268 0.5094
vn -0.9305 0.2417 -0.2753
vn -0.9642 0.0701 0.2559
vn -0.4938 -0.0286 0.8691
vn -0.6035 -0.0651 0.7947
vn -0.5472 -0.8156 -0.1879
vn -0.4318 -0.8845 0.1768
vn -0.4965 -0.8605 0.1144
vn -0.5337 -0.7791 -0.3287
vn -0.4185 -0.7984 -0.4329
vn -0.3337 -0.6680 -0.6652
vn -0.8761 0.0071 -0.4820
vn -0.8023 -0.2890 -0.5223
vn -0.2331 0.2732 0.9333
vn -0.1642 0.6681 0.7257
vn -0.1940 0.7513 0.6307
vn -0.1736 0.7820 0.5986
vn -0.2143 -0.2184 0.9520
vn 0.1780 0.5775 0.7967
vn 0.1810 0.3225 -0.9291
vn -0.0265 0.3679 -0.9295
vn 0.4582 0.7554 -0.4684
vn 0.4447 0.6918 -0.5689
vn 0.1716 -0.5372 -0.8258
vn -0.3842 0.3007 -0.8729
vn -0.1417 0.9686 -0.2042
vn -0.3583 -0.7846 -0.5060
vn -0.3530 0.2033 -0.9133
vn -0.0134 0.2521 -0.9676
vn -0.7899 -0.6082 -0.0790
vn -0.5114 -0.4101 -0.7552
vn -0.1178 -0.5989 0.7921
vn 0.1329 0.1183 0.9840
vn 0.6234 -0.0053 -0.7819
vn 0.4856 -0.5878 -0.6471
vn -0.8341 0.4482 -0.3214
vn -0.6729 0.7226 -0.1584
vn -0.6688 0.7197 -0.1862
vn -0.9491 -0.2224 0.2229
vn -0.9461 -0.0894 -0.3112
vn -0.9887 -0.1466 -0.0316
vn 0.2796 0.0732 -0.9573
vn -0.9730 0.2089 -0.0978
vn -0.9348 -0.2135 0.2838
vn 0.3836 0.8161 -0.4323
vn 0.0338 -0.1916 0.9809
vn -0.7337 0.0685 -0.6760
vn -0.8183 0.0275 -0.5741
vn -0.9251 -0.0160 -0.3795
vn -0.9156 -0.0102 -0.4019
vn 0.1305 -0.3307 -0.9347
vn 0.3467 0.3010 -0.8883
vn -0.1350 0.2801 -0.9504
vn 0.2807 0.6580 0.6987
vn -0.8547 -0.0155 -0.5189
vn -0.9790 -0.2028 0.0222
vn 0.1381 0.3053 0.9422
vn -0.4669 -0.2374 0.8519
vn -0.6588 -0.4134 0.6286
vn -0.9267 -0.2147 0.3085
vn -0.0118 -0.9916 0.1285
vn 0.2199 -0.9195 -0.3259
vn -0.2338 -0.0286 0.9719
vn -0.3543 -0.7657 0.5368
vn -0.1615 -0.5967 0.7861
vn -0.2871 -0.7091 0.6440
vn -0.9924 -0.1131 0.0476
vn -0.5728 0.2605 -0.7772
vn -0.0957 -0.7676 0.6337
vn 0.0835 0.7190 -0.6900
vn 0.4876 0.1521 -0.8597
vn 0.5115 0.2682 -0.8163
vn -0.1890 -0.2259 0.9556
vn -0.1144 0.2717 -0.9556
vn -0.9999 -0.0071 0.0141
vn -0.8681 0.1187 -0.4820
vn -0.8631 0.1608 -0.4788
vn -0.8765 0.0725 -0.4759
vn -0.9572 -0.0151 0.2890
vn -0.9548 -0.0678 0.2895
vn -0.7423 -0.6585 0.1241
vn 0.2248 -0.2075 0.9520
vn 0.5181 -0.3488 0.7809
vn -0.5827 -0.0707 0.8096
vn -0.6080 -0.0865 0.7892
vn -0.9363 -0.1985 0.2896
vn -0.9104 -0.2720 0.3118
vn 0.2656 -0.5559 -0.7877
vn -0.6421 -0.5105 -0.5719
vn -0.6262 0.0726 0.7763
vn -0.6876 0.2644 0.6762
vn -0.7190 0.1614 0.6760
vn -0.3395 0.9160 0.2135
vn -0.5828 0.8126 -0.0056
vn -0.4137 0.1459 -0.8987
vn -0.8586 -0.0219 0.5121
vn -0.9351 0.0231 0.3537
vn 0.0892 0.8879 -0.4512
vn 0.0765 0.9059 -0.4165
vn 0.0776 -0.2299 0.9701
vn -0.2528 0.2673 -0.9298
vn -0.5737 0.7678 0.2853
vn -0.2578 0.9443 -0.2046
vn 0.5028 -0.3239 -0.8014
vn -0.5909 -0.1105 0.7991
vn 0.4808 0.5506 0.6824
vn 0.5162 0.5273 0.6749
vn -0.1512 0.2632 -0.9528
vn -0.6385 -0.5771 -0.5092
vn 0.6575 0.5576 -0.5068
vn 0.6280 0.5719 -0.5277
vn -0.4181 0.1586 -0.8945
vn 0.3835 0.5055 0.7729
vn -0.0452 0.1183 -0.9919
vn -0.3973 0.0934 -0.9129
vn 0.5295 0.5650 0.6328
vn 0.2381 0.7660 0.5972
vn -0.0353 0.8703 0.4913
vn 0.3510 0.7882 -0.5055
vn 0.6691 0.4444 0.5957
vn 0.2015 -0.0730 -0.9768
vn -0.4190 -0.7335 -0.5351
vn 0.7281 0.4551 0.5126
vn 0.2817 0.1684 -0.9446
vn 0.6481 0.4358 0.6246
vn -0.2395 0.2233 0.9449
vn -0.2712 0.7657 0.5833
vn -0.3253 0.1886 -0.9266
vn -0.3226 -0.9365 0.1372
vn -0.2202 -0.8378 0.4996
vn 0.5371 -0.7577 -0.3706
vn -0.0128 -0.2769 0.9608
vn -0.3509 -0.0883 0.9323
vn -0.4257 -0.0430 0.9038
vn 0.0748 0.6028 -0.7943
vn 0.1852 0.7779 -0.6004
vn 0.3064 0.9409 -0.1440
vn 0.7069 0.4922 0.5080
vn 0.0111 -0.8650 0.5016
vn -0.2816 -0.6391 -0.7158
vn 0.3606 0.7198 0.5932
vn 0.1249 0.3867 -0.9137
vn -0.4340 0.1666 -0.8854
vn -0.1901 -0.1717 -0.9666
vn 0.7426 -0.3552 -0.5678
vn -0.6079 -0.1031 0.7873
vn -0.0679 -0.5276 0.8468
vn 0.0251 -0.1749 0.9843
vn -0.0630 -0.6614 0.7474
vn -0.1749 0.9507 0.2560
vn -0.2396 0.9342 0.2644
vn 0.4276 -0.3848 0.8179
vn -0.3196 -0.9332 0.1640
vn 0.4638 0.0355 -0.8852
vn 0.5587 0.1232 -0.8202
vn 0.9133 0.2661 0.3082
vn 0.2742 0.3113 -0.9099
vn -0.2577 -0.8152 -0.5187
vn -0.2163 -0.6270 -0.7484
vn 0.5523 -0.0945 -0.8283
vn 0.6363 -0.3917 0.6646
vn 0.1579 0.2245 -0.9616
vn 0.8138 -0.1178 -0.5691
vn 0.3591 0.9262 0.1148
vn 0.3184 0.3416 0.8843
vn -0.4570 -0.4641 0.7588
vn 0.5447 0.5836 -0.6023
vn 0.5765 0.5803 -0.5753
vn 0.6040 0.4778 0.6379
vn -0.0111 0.3911 0.9203
vn 0.9677 0.0603 0.2450
vn 0.4554 0.1009 -0.8846
vn 0.1904 -0.9637 -0.1874
vn 0.1482 0.1898 -0.9706
vn -0.5791 -0.5204 -0.6276
vn -0.6554 -0.7552 -0.0092
vn 0.7052 -0.0236 -0.7087
vn -0.4176 -0.7771 -0.4709
vn 0.2033 0.8040 -0.5588
vn -0.6376 0.6773 0.3671
vn -0.3888 0.9199 -0.0501
vn -0.6740 0.2000 0.7111
vn 0.3603 0.3857 -0.8494
vn 0.4158 0.4042 -0.8147
vn -0.6233 -0.0037 0.7819
vn -0.6136 0.0091 0.7896
vn 0.6614 0.0317 -0.7494
vn 0.3221 0.7839 0.5308
vn 0.6019 0.5597 0.5696
vn 0.1537 -0.0473 0.9870
vn 0.0155 -0.3362 0.9417
vn 0.9606 0.2217 0.1679
vn 0.3255 0.1771 -0.9288
vn 0.9083 -0.3649 -0.2045
vn -0.4076 -0.2726 -0.8715
vn 0.2002 0.8926 -0.4040
vn 0.3792 0.7597 0.5283
vn 0.9355 0.0173 -0.3530
vn 0.9752 -0.1146 -0.1892
vn 0.8628 -0.1711 -0.4757
vn 0.8912 0.4003 0.2134
vn 0.2051 0.2642 -0.9424
vn 0.9381 -0.2195 -0.2680
vn 0.1841 0.0912 -0.9787
vn -0.0490 0.0138 0.9987
vn 0.9610 0.0111 0.2762
vn -0.4425 -0.5791 0.6847
vn 0.2751 -0.5180 -0.8100
vn 0.3657 0.5505 0.7505
vn 0.3613 0.2732 -0.8915
vn 0.1913 0.1380 -0.9718
vn 0.7399 0.4529 -0.4975
vn 0.8514 0.3812 -0.3603
vn 0.6730 0.3799 -0.6346
vn 0.6842 0.4668 -0.5603
vn 0.8790 0.2253 -0.4201
vn 0.9342 -0.3287 0.1387
vn 0.8087 -0.3724 0.4552
vn 0.9487 -0.3152 -0.0261
vn 0.0781 -0.1901 0.9787
vn 0.1676 -0.3058 0.9372
vn 0.4949 -0.2546 0.8308
vn 0.6083 -0.3135 0.7292
vn 0.2495 -0.2224 0.9425
vn 0.5779 -0.2328 0.7822
vn -0.2741 0.3700 0.8877
vn 0.9445 -0.2929 0.1484
vn 0.6620 0.0263 -0.7491
vn -0.1287 -0.5962 -0.7925
vn -0.0734 -0.2552 -0.9641
vn -0.2048 -0.9764 0.0685
vn -0.1718 -0.7648 0.6209
vn -0.2049 -0.6202 0.7572
vn 0.6741 0.5177 0.5269
vn 0.8860 0.4592 0.0639
vn 0.7929 -0.6066 0.0588
vn 0.2502 -0.0845 0.9645
vn 0.5737 -0.8190 0.0058
vn 0.3878 -0.9183 -0.0800
vn -0.0286 0.0670 -0.9973
vn 0.0002 0.9325 -0.3611
vn -0.0763 0.8770 -0.4744
vn -0.9232 0.0034 0.3843
vn -0.7966 0.4618 -0.3901
vn -0.9904 -0.0660 0.1213
vn 0.0451 0.8066 -0.5894
vn -0.0278 -0.1484 0.9885
vn 0.6014 0.3089 -0.7368
vn 0.5338 0.5530 -0.6398
vn -0.1359 0.9756 0.1722
vn 0.8959 0.0285 0.4433
vn -0.9003 -0.3529 -0.2548
vn -0.5070 -0.7795 0.3680
vn -0.6462 0.6113 0.4569
vn 0.9106 -0.3339 0.2435
vn -0.1562 -0.8480 0.5065
vn -0.0761 0.0171 -0.9970
vn -0.5770 -0.0767 0.8131
vn -0.5115 -0.1044 0.8529
vn 0.7528 0.0172 -0.6580
vn -0.6570 -0.0209 0.7536
vn 0.0225 0.7048 -0.7091
vn -0.2158 0.2326 -0.9483
vn -0.6250 0.3212 0.7115
vn -0.5967 0.0645 -0.7999
vn -0.5212 -0.7167 -0.4633
vn 0.0057 0.5951 -0.8036
vn -0.0669 0.8344 -0.5470
vn 0.9545 -0.2548 -0.1549
vn 0.8874 -0.0294 0.4601
vn 0.8590 -0.0964 -0.5028
vn -0.4828 -0.3276 -0.8121
vn -0.6237 -0.6670 -0.4075
vn 0.7719 0.3100 -0.5551
vn -0.2668 -0.9509 0.1568
vn 0.7665 0.3516 -0.5374
vn -0.2555 0.3540 -0.8997
vn -0.4248 -0.2286 -0.8760
vn 0.9484 -0.0725 -0.3088
vn 0.1801 0.7218 -0.6682
vn -0.6024 0.6943 0.3937
vn -0.3829 -0.3152 0.8684
vn -0.3909 0.9103 0.1363
vn 0.8429 0.0462 -0.5361
vn -0.1604 -0.8064 -0.5692
vn -0.1825 0.0142 0.9831
vn 0.5931 -0.1957 0.7810
vn 0.6237 -0.1738 0.7621
vn 0.8494 -0.1471 0.5068
vn -0.3512 0.4382 0.8274
vn -0.3064 0.3116 0.8994
vn 0.7873 -0.2269 0.5733
vn 0.6281 -0.1867 0.7554
vn -0.2504 -0.5320 0.8089
vn -0.0833 -0.2657 0.9605
vn 0.7343 0.2688 -0.6233
vn 0.9539 -0.2662 0.1389
vn 0.2958 -0.8993 -0.3222
vn 0.8455 0.5337 -0.0150
vn 0.6694 0.2116 -0.7122
vn 0.1501 0.1039 -0.9832
vn 0.6814 -0.7310 0.0349
vn 0.7722 -0.5736 0.2734
vn 0.6407 0.1480 -0.7534
vn 0.6835 -0.0248 -0.7295
vn 0.9474 0.3193 -0.0231
vn 0.0300 0.5302 -0.8473
vn 0.9123 0.2876 -0.2916
vn -0.4279 0.8728 -0.2349
vn 0.2513 0.9428 -0.2192
vn 0.9629 -0.1858 0.1957
vn 0.0405 -0.6317 0.7741
vn 0.6909 0.5933 -0.4131
vn 0.5014 0.2780 -0.8194
vn 0.4246 0.3095 0.8508
vn 0.1009 -0.5482 0.8302
vn 0.2040 -0.9117 0.3568
vn 0.7663 0.3429 0.5434
vn 0.9159 -0.2256 0.3319
vn 0.7558 -0.2721 0.5956
vn -0.4605 -0.5076 0.7282
vn -0.5597 -0.7969 0.2272
vn -0.6597 -0.6532 -0.3717
vn 0.0210 0.4887 0.8722
vn -0.2527 -0.1555 0.9549
vn -0.0241 0.4499 -0.8928
vn 0.6948 0.5113 0.5058
vn -0.1112 -0.0068 0.9938
vn 0.6587 -0.7002 0.2752
vn 0.8775 -0.0323 0.4785
vn 0.7890 0.2817 0.5460
vn 0.6568 0.0137 -0.7540
vn -0.8403 0.4933 -0.2251
vn -0.4660 -0.7118 -0.5256
vn -0.1058 -0.3262 0.9394
vn -0.0750 -0.2909 0.9538
vn -0.1443 -0.2338 0.9615
vn 0.9318 -0.0426 0.3606
vn 0.3072 -0.4708 -0.8270
vn -0.7285 0.2985 -0.6165
vn -0.6977 0.3155 -0.6432
vn -0.3733 -0.8589 0.3507
vn -0.3526 -0.9327 -0.0750
vn -0.4921 -0.8513 0.1817
vn -0.2854 0.2955 0.9117
vn 0.9120 0.2492 -0.3258
vn 0.9285 0.2066 -0.3084
vn -0.6917 0.6482 0.3184
vn 0.9794 -0.1672 -0.1129
vn -0.5951 0.6522 0.4696
vn -0.5024 -0.7058 0.4994
vn -0.4047 -0.1043 -0.9085
vn -0.1999 -0.3245 -0.9245
vn 0.9201 0.2459 -0.3048
vn 0.6166 0.0105 -0.7872
vn 0.9938 -0.0973 -0.0540
vn -0.0012 0.1346 -0.9909
vn -0.0928 -0.7653 0.6370
vn -0.5705 0.1423 0.8089
vn 0.9558 0.0311 0.2923
vn 0.8388 0.0534 0.5419
vn 0.9062 0.0543 0.4193
vn 0.9594 0.0631 0.2748
vn 0.3187 0.1704 0.9324
vn 0.4016 0.8526 0.3343
vn -0.1475 0.1416 -0.9789
vn 0.9776 0.1593 -0.1376
vn 0.9302 0.2646 -0.2543
vn 0.0146 0.0041 0.9999
vn 0.7479 0.5657 0.3474
vn 0.0167 0.1441 -0.9894
vn -0.1349 0.4647 -0.8751
vn 0.9671 0.0121 -0.2539
vn -0.3343 -0.3646 0.8691
vn -0.3125 -0.3155 0.8960
vn 0.3683 -0.8775 -0.3072
vn 0.9616 0.1006 -0.2552
vn 0.3860 0.5318 -0.7538
vn 0.9733 0.0276 0.2278
vn 0.4183 0.4690 0.7778
vn 0.0401 0.7799 -0.6246
vn -0.1558 0.5493 0.8210
vn -0.5531 -0.8201 -0.1465
vn -0.0908 -0.9955 0.0280
vn -0.7372 0.6399 0.2169
vn -0.7955 0.5889 0.1430
vn 0.9798 -0.0332 0.1974
vn 0.9568 -0.0590 0.2847
vn 0.1761 -0.5373 0.8248
vn -0.2787 0.2749 0.9202
vn -0.8078 0.3307 -0.4878
vn -0.2815 -0.9556 0.0869
vn -0.5070 -0.7794 0.3680
vn 0.9339 -0.0329 0.3560
vn 0.9806 -0.0122 0.1958
vn -0.6395 0.2137 -0.7385
vn 0.9471 -0.0680 0.3136
vn -0.0866 -0.8747 0.4768
vn -0.4715 -0.0701 -0.8790
vn -0.1343 -0.9262 -0.3522
vn 0.0362 -0.4823 -0.8753
vn 0.3690 -0.5903 -0.7180
vn -0.4178 -0.1599 -0.8943
vn 0.0472 -0.1223 -0.9914
vn 0.0248 0.1648 -0.9860
vn 0.1053 0.1775 -0.9785
vn -0.6522 -0.7472 -0.1281
vn -0.6179 -0.5987 -0.5098
vn 0.8455 0.1736 0.5050
vn 0.8625 -0.2600 0.4341
vn -0.0517 -0.7551 -0.6536
vn -0.0048 0.3771 -0.9262
vn 0.0610 -0.3971 0.9157
vn 0.3932 0.2281 -0.8907
vn -0.1837 -0.4815 0.8570
vn 0.1368 0.5234 -0.8410
vn -0.3256 0.7047 -0.6304
vn 0.3384 -0.8676 0.3643
vn 0.6761 0.7047 -0.2153
vn -0.6039 0.7856 -0.1349
vn -0.7298 0.5546 0.3997
vn 0.2378 0.3384 0.9104
vn 0.2924 0.9475 -0.1296
vn 0.2406 0.0026 0.9706
vn 0.4336 0.8050 0.4049
vn -0.3172 -0.6891 0.6515
vn 0.6311 0.5958 0.4968
vn -0.5679 -0.7691 -0.2934
vn -0.5963 -0.7779 -0.1981
vn -0.4459 -0.7039 -0.5530
vn -0.4181 -0.5304 -0.7375
vn -0.5911 -0.6839 0.4277
vn 0.6285 -0.3550 -0.6921
vn -0.2160 0.5628 -0.7979
vn -0.5247 -0.6031 -0.6007
vn -0.2827 -0.9571 -0.0637
vn 0.6409 0.0066 0.7676
vn 0.3514 -0.0764 0.9331
vn -0.4559 -0.6537 0.6040
vn 0.1838 0.3959 -0.8997
vn 0.1422 -0.9841 -0.1069
vn 0.3087 -0.9170 0.2528
vn -0.0376 -0.1837 -0.9823
vn -0.1887 0.4723 -0.8610
vn -0.1556 -0.3797 0.9119
vn 0.6145 -0.6231 -0.4839
vn 0.6071 -0.0888 -0.7896
vn -0.0062 0.1530 -0.9882
vn 0.3793 0.7728 -0.5088
vn -0.0541 -0.2430 0.9685
vn -0.5606 0.0826 0.8240
vn 0.1479 -0.6285 0.7636
vn 0.0734 -0.2850 0.9557
vn 0.6489 -0.5795 -0.4931
vn 0.3047 -0.7128 0.6318
vn 0.5040 -0.5944 -0.6266
vn -0.0498 -0.7742 0.6310
vn -0.7154 0.6083 0.3438
vn -0.7338 0.6231 0.2706
vn -0.4532 0.6927 0.5610
vn 0.3292 -0.5032 -0.7990
vn 0.0166 -0.1168 0.9930
vn -0.0849 -0.5232 0.8480
vn -0.3160 -0.3700 -0.8737
vn 0.6237 0.7814 0.0174
vn 0.2669 -0.5041 0.8213
vn 0.0944 -0.2120 0.9727
vn -0.0948 0.4734 0.8757
vn -0.1892 -0.2374 0.9528
vn -0.1835 -0.2794 0.9425
vn -0.3187 -0.6064 0.7285
vn -0.5150 -0.8224 0.2417
vn -0.6931 -0.7072 -0.1399
vn -0.5875 -0.5864 -0.5576
vn -0.6419 -0.7171 -0.2714
vn -0.1293 -0.5398 0.8318
vn -0.2873 -0.8190 0.4967
vn -0.4180 -0.1406 -0.8975
vn -0.4865 0.0491 -0.8723
vn 0.5274 -0.5923 -0.6091
vn 0.7046 -0.6332 -0.3203
vn -0.6042 0.7320 -0.3148
vn 0.1562 0.9189 -0.3622
vn 0.8484 -0.4403 0.2938
vn -0.5939 0.2646 0.7598
vn -0.3222 -0.2973 -0.8988
vn -0.2445 0.7179 -0.6518
vn -0.7910 0.5776 0.2015
vn -0.0513 0.4006 -0.9148
vn -0.0210 -0.9977 -0.0638
vn -0.5961 0.7503 0.2857
vn -0.4107 0.7760 0.4787
vn -0.6097 0.7727 0.1769
vn 0.0385 -0.6756 -0.7362
vn -0.0553 -0.8853 0.4617
vn 0.5718 0.5043 0.6471
vn 0.0743 -0.0007 -0.9972
vn 0.5033 -0.6347 -0.5864
vn -0.2098 -0.1926 0.9586
vn 0.4569 -0.8621 -0.2191
vn -0.7238 -0.5589 -0.4046
vn -0.7254 -0.6129 -0.3133
vn 0.4903 -0.8106 0.3203
vn 0.1317 -0.6611 0.7386
vn 0.3119 -0.7454 0.5892
vn -0.4127 -0.8968 -0.1595
vn 0.2949 -0.3685 -0.8816
vn 0.3790 0.9249 0.0302
vn 0.4113 0.1426 0.9003
vn -0.4305 -0.7332 0.5264
vn -0.1783 -0.6936 0.6980
vn 0.7211 -0.2102 0.6602
vn 0.5038 0.0077 -0.8638
vn -0.2463 0.6407 -0.7272
vn 0.5018 0.3180 0.8044
vn 0.0771 0.9556 -0.2844
vn -0.2064 -0.1707 -0.9635
vn -0.2386 -0.1964 -0.9511
vn 0.3309 -0.6246 0.7073
vn -0.5275 -0.4728 0.7059
vn -0.1219 0.4410 -0.8892
vn -0.4354 -0.1544 -0.8869
vn 0.4128 0.1248 0.9022
vn -0.1137 0.3936 -0.9122
vn 0.2037 0.7313 -0.6509
vn 0.5271 0.7373 0.4225
vn 0.4885 0.3838 0.7836
vn -0.8373 -0.5313 0.1288
vn 0.4375 -0.8671 0.2383
vn 0.7013 -0.6913 -0.1738
vn 0.5869 -0.8096 -0.0023
vn 0.5886 0.5559 0.5870
vn 0.5457 -0.7492 -0.3753
vn 0.0430 -0.9902 0.1328
vn 0.6762 -0.4171 -0.6072
vn 0.7176 -0.5758 -0.3918
vn 0.0973 0.4915 0.8654
vn 0.7053 -0.6183 -0.3468
vn -0.4577 0.1993 -0.8665
vn -0.6360 0.5320 -0.5590
vn -0.6005 -0.3132 0.7357
vn 0.4616 -0.1506 0.8742
vn -0.5027 -0.8534 -0.1380
vn -0.5656 0.1828 0.8041
vn -0.4832 -0.1544 -0.8618
vn -0.5439 -0.4651 -0.6985
vn -0.5070 -0.4610 -0.7284
vn 0.0030 -0.6348 0.7727
vn 0.1886 -0.2765 0.9423
vn -0.4602 0.7884 0.4082
vn -0.6501 0.7338 0.1974
vn 0.1170 -0.1186 -0.9860
vn -0.5584 -0.3956 -0.7292
vn -0.0662 -0.2570 0.9641
vn -0.1723 -0.9502 0.2595
vn -0.6407 -0.3514 -0.6826
vn -0.0440 -0.1951 0.9798
vn -0.5230 -0.5622 -0.6406
vn -0.0511 0.0571 0.9971
vn -0.0615 0.0875 0.9943
vn -0.1783 0.7009 0.6906
vn 0.0602 -0.4795 0.8755
vn 0.7008 -0.6638 -0.2612
vn 0.8080 -0.5841 0.0772
vn -0.1533 -0.9851 0.0779
vn -0.8492 -0.4904 -0.1958
vn 0.4080 0.8942 -0.1842
vn -0.7321 0.3539 0.5821
vn -0.9095 0.4057 0.0909
vn 0.1742 -0.6800 0.7122
vn 0.3417 -0.4354 0.8329
vn 0.1168 -0.1878 0.9752
vn 0.0730 -0.1057 0.9917
vn 0.1626 -0.2512 -0.9542
vn -0.0109 -0.6664 0.7455
vn 0.6802 -0.4547 -0.5750
vn 0.6120 -0.7395 0.2805
vn -0.7924 -0.3640 0.4896
vn -0.3989 -0.8172 -0.4160
vn 0.1162 -0.8695 -0.4801
vn -0.9141 0.3440 0.2148
vn -0.7799 0.6238 0.0517
vn -0.6847 0.7268 -0.0537
vn 0.6535 -0.7542 0.0644
vn 0.5681 0.7520 0.3342
vn 0.5081 0.0595 0.8592
vn 0.2243 -0.4412 0.8689
vn -0.9087 0.3677 0.1973
vn -0.0958 0.1603 0.9824
vn 0.0555 -0.2811 0.9581
vn 0.1184 0.1495 -0.9817
vn -0.5278 -0.5127 -0.6772
vn 0.7754 -0.3327 0.5367
vn 0.0699 -0.1957 0.9782
vn -0.0476 0.6590 0.7507
vn 0.3949 0.8962 0.2023
vn -0.2094 0.7234 -0.6578
vn -0.0266 -0.3123 0.9496
vn -0.6201 0.7795 -0.0891
vn -0.3639 0.9070 -0.2119
vn -0.3024 0.9147 -0.2679
vn -0.1030 -0.0821 0.9913
vn 0.0963 0.0882 0.9914
vn 0.0108 0.0967 0.9953
vn -0.9280 -0.2959 -0.2262
vn -0.7072 0.7063 -0.0316
vn -0.9256 0.3726 0.0672
vn 0.8368 -0.5279 0.1450
vn 0.4061 -0.3485 0.8448
vn 0.3979 -0.2700 0.8768
vn 0.0489 0.0319 0.9983
vn -0.1514 0.4306 -0.8898
vn 0.5650 0.5362 0.6271
vn -0.9741 -0.1793 0.1377
vn -0.9666 0.2457 0.0723
vn -0.9627 0.2702 0.0139
vn -0.7121 0.2949 -0.6371
vn -0.1996 -0.1520 -0.9680
vn -0.5078 -0.3185 -0.8004
vn -0.5041 -0.3743 -0.7783
vn 0.3805 -0.0719 -0.9220
vn 0.4710 0.0095 -0.8821
vn -0.3691 0.1215 0.9214
vn 0.1918 -0.5369 -0.8216
vn -0.9567 0.1661 -0.2392
vn -0.4504 -0.7624 -0.4647
vn 0.5916 0.7531 0.2878
vn -0.9042 -0.2552 0.3424
vn -0.4837 0.2214 -0.8468
vn -0.9898 -0.1111 0.0895
vn -0.5456 0.1553 0.8235
vn 0.0563 -0.9604 0.2730
vn -0.6093 -0.4329 -0.6644
vn -0.9584 0.2760 -0.0734
vn -0.9953 -0.0608 0.0757
vn 0.1871 -0.7851 0.5904
vn -0.9917 -0.1098 -0.0667
vn -0.9878 -0.1308 -0.0848
vn -0.9702 0.2100 -0.1209
vn -0.1282 0.1986 -0.9717
vn -0.4025 -0.1285 0.9064
vn -0.1465 -0.0262 0.9889
vn 0.5438 0.3502 0.7627
vn 0.6060 -0.6678 -0.4322
vn 0.3768 -0.4231 -0.8240
vn 0.4728 -0.5015 -0.7245
vn 0.3048 0.4339 0.8479
vn 0.0524 0.6405 0.7661
vn 0.1888 0.9802 -0.0597
vn -0.5693 -0.2515 -0.7827
vn -0.2677 0.9432 -0.1968
vn 0.8276 -0.4988 0.2575
vn -0.9460 -0.1278 -0.2980
vn -0.8895 -0.1221 0.4404
vn -0.5126 0.8451 -0.1518
vn 0.4644 -0.5647 0.6823
vn -0.8866 0.2209 0.4065
vn -0.1085 0.9388 -0.3268
vn -0.8689 0.0734 0.4895
vn 0.2395 -0.0290 -0.9705
vn 0.2059 -0.1318 -0.9697
vn 0.7204 -0.4620 -0.5173
vn -0.8308 0.5254 -0.1833
vn 0.4876 -0.5019 0.7144
vn -0.5176 -0.1050 -0.8492
vn -0.6240 0.7618 -0.1740
vn 0.5808 0.0119 0.8140
vn -0.0619 0.9770 -0.2043
vn 0.2748 0.1962 -0.9413
vn 0.5556 -0.5836 0.5922
vn 0.0821 -0.1236 0.9889
vn -0.0153 -0.9719 0.2350
vn -0.0703 -0.1273 -0.9894
vn 0.4483 0.8527 -0.2682
vn 0.0102 -0.6238 0.7815
vn -0.8943 -0.0324 -0.4464
vn 0.1918 -0.2314 0.9538
vn -0.9963 -0.0206 0.0831
vn 0.1210 0.7299 -0.6727
vn 0.7587 -0.4105 0.5059
vn 0.1020 -0.9669 -0.2338
vn 0.7230 -0.6778 0.1338
vn -0.4044 0.0296 0.9141
vn 0.4725 0.7264 0.4990
vn 0.2301 0.8798 -0.4160
vn 0.0294 0.9253 -0.3782
vn -0.5202 0.0615 -0.8519
vn -0.2832 0.1274 -0.9506
vn -0.0964 -0.4760 -0.8742
vn -0.3245 -0.2172 -0.9206
vn -0.3278 -0.2534 -0.9101
vn 0.7434 -0.4441 -0.5001
vn 0.2320 -0.9499 0.2095
vn -0.7912 0.0070 0.6115
vn -0.5998 0.0006 -0.8002
vn -0.5760 -0.4103 -0.7070
vn 0.2411 0.0662 -0.9682
vn -0.5150 -0.0156 -0.8570
vn -0.6762 0.1067 -0.7290
vn -0.3390 0.9282 -0.1532
vn -0.0396 0.9758 -0.2150
vn -0.1146 -0.2842 0.9519
vn -0.4815 -0.0355 0.8757
vn 0.3796 0.2251 0.8974
vn 0.2674 0.1748 0.9476
vn -0.3958 0.0563 -0.9166
vn 0.6671 -0.7138 0.2131
vn -0.2136 0.4237 -0.8802
vn -0.3933 0.1492 -0.9072
vn 0.2308 0.2339 -0.9445
vn 0.4895 0.3482 -0.7995
vn 0.0579 -0.0694 0.9959
vn -0.1668 0.9581 -0.2327
vn 0.1831 0.8044 -0.5651
vn 0.6582 0.4780 0.5817
vn 0.6162 0.4873 0.6188
vn 0.4977 0.4092 0.7647
vn 0.2955 -0.8303 -0.4725
vn 0.3398 -0.0251 0.9402
vn 0.5273 0.8435 0.1021
vn 0.6849 0.3914 -0.6146
vn 0.1179 -0.0182 -0.9929
vn -0.1419 -0.2950 0.9449
vn 0.6820 -0.7280 -0.0700
vn -0.3523 0.0840 0.9321
vn -0.2553 0.7740 -0.5794
vn -0.5248 0.2778 -0.8046
vn 0.1255 0.1151 0.9854
vn 0.1861 0.0775 0.9795
vn 0.6550 -0.6887 -0.3109
vn 0.1341 0.9614 -0.2404
vn 0.3298 0.9026 -0.2766
vn 0.6376 0.4350 -0.6358
vn 0.5879 -0.5115 0.6267
vn 0.4700 0.2177 0.8554
vn -0.2459 -0.0030 0.9693
vn -0.6621 0.6676 0.3406
vn -0.6797 0.6535 0.3332
vn -0.6567 0.6718 0.3428
vn -0.1375 0.0040 -0.9905
vn 0.4352 -0.4511 0.7792
vn 0.5417 0.5623 0.6248
vn 0.2993 0.8883 -0.3483
vn 0.4380 0.3878 0.8110
vn 0.4921 0.1982 0.8477
vn 0.4911 0.1318 0.8611
vn 0.4804 -0.1468 -0.8646
vn 0.2206 0.9477 -0.2309
vn 0.7660 -0.5742 0.2889
vn 0.7497 -0.5865 0.3064
vn 0.7658 -0.3627 0.5310
vn -0.6331 0.0460 -0.7727
vn -0.7220 0.1633 -0.6723
vn -0.7725 0.3551 -0.5265
vn -0.7903 0.2620 -0.5539
vn 0.4162 -0.1169 -0.9017
vn -0.2171 -0.9756 0.0334
vn 0.1109 0.8378 -0.5346
vn 0.4955 0.7411 -0.4530
vn 0.4022 0.1106 -0.9088
vn 0.7393 0.5644 0.3673
vn -0.3063 -0.3224 -0.8957
vn 0.2370 -0.2798 -0.9303
vn 0.3894 -0.0744 -0.9181
vn 0.3956 0.9176 -0.0390
vn 0.0183 -0.5917 0.8060
vn -0.1502 -0.2939 0.9440
vn 0.1768 -0.6507 -0.7384
vn 0.8027 -0.3964 0.4455
vn -0.5370 -0.1697 -0.8264
vn 0.6103 0.0838 0.7878
vn 0.5454 0.2251 0.8074
vn 0.7120 -0.1660 0.6822
vn 0.5678 0.3521 0.7441
vn -0.0068 -0.5412 -0.8408
vn 0.5541 0.1039 -0.8259
vn 0.2173 -0.7781 0.5893
vn -0.4564 0.4041 -0.7927
vn -0.3474 -0.8727 -0.3431
vn 0.8440 0.5330 0.0590
vn 0.7823 0.5381 -0.3138
vn 0.7874 0.6121 0.0732
vn 0.8023 -0.3538 -0.4807
vn 0.1086 -0.0066 -0.9941
vn 0.1222 0.0663 0.9903
vn 0.3864 -0.7359 -0.5561
vn -0.4351 0.1450 -0.8886
vn -0.3192 0.3974 -0.8603
vn -0.4388 0.1288 -0.8893
vn 0.1948 -0.0523 0.9795
vn 0.4162 -0.0808 -0.9057
vn -0.8573 0.3490 -0.3785
vn -0.8441 0.2758 -0.4598
vn -0.7997 0.5991 -0.0393
vn 0.5945 0.1154 0.7958
vn 0.1848 0.0596 -0.9810
vn 0.0328 -0.1781 -0.9835
vn 0.8205 -0.3002 -0.4865
vn 0.5471 0.7303 -0.4091
vn 0.5273 0.7328 -0.4301
vn 0.6967 -0.4104 0.5884
vn 0.4858 -0.2343 0.8421
vn 0.5078 0.0597 -0.8594
vn 0.6542 0.7163 -0.2426
vn -0.0116 -0.9754 0.2203
vn -0.6781 0.6700 0.3021
vn -0.6430 0.6868 0.3389
vn -0.5021 0.5662 0.6537
vn 0.7710 0.5463 -0.3274
vn 0.6326 0.3080 0.7106
vn -0.1212 0.9370 -0.3277
vn -0.4006 -0.7552 -0.5188
vn 0.4138 0.8205 0.3943
vn 0.0964 0.9908 -0.0953
vn 0.8677 -0.4954 0.0418
vn 0.4122 0.2088 0.8868
vn 0.5016 0.1642 0.8494
vn 0.7660 0.3322 -0.5503
vn 0.5781 0.6083 0.5438
vn 0.5909 0.7900 -0.1637
vn 0.4780 0.8613 -0.1724
vn -0.2038 -0.3823 -0.9013
vn 0.4264 0.0187 0.9043
vn 0.8916 0.4340 0.1288
vn -0.0559 0.8119 -0.5812
vn -0.4778 0.6465 -0.5948
vn 0.8461 -0.2245 -0.4834
vn 0.6154 0.6895 -0.3819
vn -0.4282 -0.2168 -0.8773
vn 0.2185 -0.6642 -0.7149
vn 0.6956 -0.1492 0.7027
vn 0.3723 -0.9222 -0.1042
vn -0.2217 0.5871 -0.7786
vn 0.5569 0.3284 0.7629
vn 0.5012 0.0056 0.8653
vn -0.9007 0.4276 -0.0774
vn -0.7936 0.0535 -0.6060
vn -0.7187 -0.0291 -0.6947
vn -0.3266 0.4082 0.8525
vn -0.2108 0.3530 0.9116
vn -0.2762 0.2844 0.9181
vn 0.7921 -0.2957 0.5340
vn -0.8506 0.5248 0.0333
vn 0.4735 -0.0735 -0.8777
vn 0.3651 -0.8107 -0.4576
vn 0.7384 0.2087 0.6413
vn 0.5129 -0.2312 0.8267
vn -0.1282 -0.2963 0.9465
vn 0.1407 -0.7611 0.6332
vn -0.6209 -0.0438 -0.7827
vn 0.9076 0.2812 -0.3118
vn 0.3595 -0.9134 0.1907
vn 0.9247 -0.3518 0.1458
vn 0.7057 0.1200 0.6983
vn 0.3355 0.9393 -0.0717
vn 0.9567 0.2709 0.1066
vn 0.8103 0.1307 -0.5712
vn -0.1788 0.1929 0.9648
vn 0.5694 0.0109 -0.8220
vn -0.2211 0.6317 -0.7431
vn 0.8822 0.4706 -0.0149
vn 0.9411 0.3338 -0.0543
vn 0.7827 0.6217 -0.0306
vn 0.2671 0.9372 0.2241
vn -0.5784 0.5866 0.5669
vn -0.6635 0.6972 0.2715
vn -0.7046 0.6510 0.2823
vn 0.0422 -0.9984 0.0387
vn 0.8553 0.2351 -0.4618
vn 0.3283 -0.5488 -0.7687
vn 0.3686 -0.5746 -0.7307
vn -0.6132 -0.0038 -0.7899
vn 0.8949 0.3841 -0.2272
vn -0.4938 -0.6085 -0.6212
vn 0.4255 -0.7444 -0.5146
vn 0.4362 -0.7447 -0.5051
vn 0.9391 -0.2766 0.2038
vn 0.8755 0.4187 -0.2414
vn 0.5242 0.3138 0.7916
vn 0.6275 0.5525 0.5487
vn 0.8474 0.0897 -0.5233
vn 0.9201 -0.0220 0.3910
vn 0.9605 0.2389 -0.1427
vn 0.3979 -0.7324 0.5525
vn 0.8910 0.3658 -0.2689
vn 0.9025 -0.1481 -0.4044
vn -0.5630 0.5097 -0.6506
vn 0.5152 0.5574 0.6511
vn -0.0737 0.0714 0.9947
vn 0.0104 0.0063 0.9999
vn 0.5293 0.7826 0.3278
vn 0.9945 -0.0794 -0.0682
vn 0.9997 -0.0093 -0.0247
vn 0.8955 -0.0668 -0.4401
vn 0.9999 0.0103 -0.0019
vn 0.9965 0.0755 0.0361
vn 0.9999 0.0152 0.0082
vn -0.2760 -0.4407 -0.8542
vn -0.6316 -0.1063 -0.7680
vn -0.5624 -0.3493 -0.7494
vn 0.5130 -0.0456 0.8572
vn 0.2647 -0.6190 -0.7395
vn -0.6009 -0.0530 -0.7976
vn 0.9845 0.1541 0.0843
vn 0.2904 -0.6166 -0.7318
vn 0.9887 -0.0705 0.1325
vn -0.1489 0.2225 0.9635
vn -0.3963 -0.6326 -0.6654
vn -0.0971 -0.9915 -0.0869
vn 0.9964 0.0159 0.0836
vn 0.4916 -0.7772 -0.3927
vn 0.4179 -0.5673 -0.7096
vn 0.3276 -0.8911 0.3140
vn 0.6660 -0.6954 -0.2699
vn 0.5747 0.6613 0.4821
vn 0.5867 -0.1054 0.8029
vn 0.2268 0.9640 -0.1384
vn 0.5209 -0.7381 -0.4288
vn -0.6649 0.6775 0.3146
vn -0.4389 0.5729 0.6922
vn 0.3862 -0.1946 0.9017
vn 0.2854 -0.2340 0.9294
vn 0.3592 -0.3063 0.8816
vn 0.5617 -0.5847 -0.5853
vn 0.0046 0.8584 -0.5129
vn 0.4113 0.7200 0.5590
vn -0.2187 0.4420 0.8699
vn -0.5148 0.6475 0.5618
vn -0.5561 0.6773 0.4816
vn 0.3923 -0.6931 0.6047
vn 0.5726 0.0097 0.8198
vn -0.3235 0.9197 -0.2226
vn 0.0793 0.2236 0.9714
vn 0.7948 -0.6068 0.0037
vn -0.5654 0.5492 -0.6155
vn -0.1529 -0.9451 -0.2887
vn 0.2149 -0.8003 0.5597
vn 0.3997 -0.8724 0.2815
vn 0.0896 -0.9958 0.0178
vn 0.0700 -0.9790 0.1915
vn -0.0159 -0.4972 -0.8675
vn -0.9000 0.3838 0.2065
vn -0.8856 0.4323 -0.1695
vn -0.8927 0.4276 -0.1422
vn -0.7190 0.4588 -0.5220
vn -0.0157 0.9991 0.0391
vn 0.5427 -0.8275 -0.1441
vn 0.4830 -0.8692 0.1056
vn -0.5537 0.5026 0.6639
vn -0.6105 0.5141 0.6024
vn -0.6108 0.5060 0.6090
vn -0.6065 -0.0278 -0.7946
vn -0.6098 0.5289 0.5902
vn 0.8059 -0.5920 0.0042
vn 0.7370 -0.6165 -0.2771
vn 0.4057 -0.5536 -0.7273
vn 0.2951 -0.5177 -0.8031
vn -0.7996 0.3328 0.4999
vn -0.8202 0.3389 0.4608
vn -0.1672 -0.8426 -0.5119
vn -0.0794 -0.9506 -0.3000
vn 0.8251 -0.5648 0.0138
vn 0.6355 0.3824 0.6708
vn 0.4960 0.6358 0.5914
vn -0.9021 0.3586 -0.2401
vn -0.7383 0.3187 -0.5944
vn -0.7101 0.4205 -0.5647
vn 0.5472 -0.3718 0.7499
vn -0.1190 0.3508 0.9289
vn -0.1054 0.2141 0.9711
vn 0.0321 0.3303 0.9433
vn -0.4669 -0.5287 -0.7089
vn 0.1461 0.8764 0.4590
vn 0.2726 0.8748 0.4005
vn 0.6291 -0.6185 -0.4708
vn 0.6079 -0.5943 -0.5265
vn 0.5904 -0.6083 -0.5305
vn -0.6875 0.4793 -0.5455
vn -0.4464 0.8015 -0.3979
vn -0.3488 0.9082 -0.2315
vn -0.7300 0.2804 -0.6233
vn 0.0455 0.9558 0.2904
vn -0.0494 0.9986 0.0180
vn 0.3641 0.9157 0.1702
vn 0.5046 0.7696 0.3912
vn 0.0810 -0.9316 0.3544
vn 0.4210 -0.6478 0.6349
vn 0.7027 -0.5875 -0.4013
vn 0.8569 -0.5154 0.0113
vn 0.8503 -0.5256 0.0251
vn -0.8828 0.3609 0.3008
vn -0.9158 0.3675 0.1621
vn -0.7336 0.6761 0.0688
vn -0.7377 0.6695 -0.0868
vn -0.7149 0.6832 -0.1487
vn -0.7012 0.6974 0.1482
vn -0.6518 0.7168 0.2478
vn 0.5639 -0.3606 0.7429
vn 0.5616 -0.3687 0.7407
vn 0.5282 0.2824 0.8008
vn 0.4823 0.5211 0.7042
vn 0.5965 -0.7763 -0.2036
vn 0.0726 0.9510 -0.3005
vn -0.0668 0.8936 -0.4439
vn -0.0674 0.8976 -0.4356
vn 0.0012 0.8927 -0.4506
vn -0.0661 0.8885 -0.4540
vn -0.9289 0.3544 0.1077
vn 0.1039 0.3570 0.9283
vn -0.9182 0.3475 -0.1904
vn -0.6052 0.2299 0.7622
vn 0.4373 -0.1351 0.8891
vn 0.3430 -0.0175 0.9392
vn 0.6743 0.3613 0.6441
vn -0.6974 0.6449 -0.3125
vn -0.7093 0.6079 -0.3569
vn -0.6825 0.6811 -0.2651
vn 0.4864 -0.3349 0.8070
vn 0.6039 -0.1346 0.7856
vn -0.5809 0.5604 -0.5903
vn -0.5960 0.3026 -0.7438
vn -0.5227 -0.3331 -0.7848
vn -0.5473 -0.3316 -0.7684
vn -0.6091 0.2440 0.7546
vn -0.6088 0.2445 0.7547
vn -0.6331 0.0469 -0.7727
vn 0.6310 -0.4518 -0.6306
vn -0.2846 -0.9429 0.1727
vn -0.0097 -0.9084 -0.4179
vn -0.8786 -0.1465 -0.4545
vn -0.0298 0.9662 0.2559
vn -0.2967 -0.8177 -0.4932
vn -0.2244 -0.0186 -0.9743
vn 0.0265 -0.9090 -0.4160
vn 0.7869 0.3537 0.5057
vn 0.7597 0.5395 0.3630
vn 0.7872 0.3266 0.5232
vn 0.7829 -0.4654 0.4129
vn -0.5913 0.6190 0.5169
vn 0.7940 -0.6012 0.0895
vn 0.5481 0.2688 0.7920
vn -0.8280 0.5597 -0.0340
vn 0.0677 0.2985 -0.9520
vn 0.7129 -0.3059 0.6310
vn 0.3673 -0.8616 0.3505
vn -0.6861 0.0898 -0.7219
vn 0.7794 -0.5653 0.2704
vn -0.0336 0.7814 -0.6232
vn -0.0429 0.7733 -0.6326
vn -0.6781 0.5882 0.4406
vn -0.9120 -0.0499 -0.4072
vn 0.6094 -0.4046 -0.6819
vn 0.5813 0.6265 0.5193
vn -0.6045 -0.1247 0.7868
vn 0.0417 0.0533 -0.9977
vn 0.7308 -0.5966 0.3317
vn -0.8225 0.3969 -0.4073
vn -0.0313 0.0160 0.9994
vt 0.625000 0.000000
vt 0.625000 0.048045
vt 0.620680 0.044599
vt 0.608609 0.034902
vt 0.608038 0.034634
vt 0.607338 0.034072
vt 0.597417 0.023221
vt 0.591063 0.000000
vt 0.383327 0.013584
vt 0.375000 0.014679
vt 0.375000 0.000000
vt 0.457474 0.000000
vt 0.446788 0.005770
vt 0.442581 0.006059
vt 0.440517 0.006564
vt 0.425839 0.009372
vt 0.416779 0.010025
vt 0.401247 0.013240
vt 0.400928 0.013296
vt 0.400756 0.013328
vt 0.400478 0.013426
vt 0.389677 0.013276
vt 0.390503 0.056879
vt 0.391104 0.056996
vt 0.417234 0.057509
vt 0.421657 0.058880
vt 0.433779 0.061694
vt 0.442103 0.064952
vt 0.447600 0.065806
vt 0.463400 0.071868
vt 0.469514 0.075477
vt 0.484705 0.081798
vt 0.495699 0.087295
vt 0.501658 0.094346
vt 0.511268 0.103464
vt 0.500091 0.117714
vt 0.497583 0.119286
vt 0.477070 0.119039
vt 0.470868 0.119010
vt 0.459282 0.117726
vt 0.452933 0.115610
vt 0.436326 0.112619
vt 0.432733 0.111105
vt 0.431799 0.110778
vt 0.430020 0.109876
vt 0.417015 0.098908
vt 0.402755 0.093865
vt 0.402433 0.093658
vt 0.401636 0.092926
vt 0.391234 0.078637
vt 0.389591 0.059500
vt 0.389494 0.057348
vt 0.389746 0.056875
vt 0.442858 0.240118
vt 0.444868 0.229629
vt 0.446535 0.221360
vt 0.448500 0.219209
vt 0.451075 0.217333
vt 0.461147 0.208707
vt 0.469731 0.203348
vt 0.479368 0.202688
vt 0.493735 0.208208
vt 0.496569 0.208824
vt 0.497917 0.210284
vt 0.507057 0.223788
vt 0.507086 0.232620
vt 0.503570 0.245608
vt 0.498552 0.250000
vt 0.447013 0.250000
vt 0.444642 0.243761
vt 0.517462 0.153075
vt 0.522200 0.145380
vt 0.528520 0.136371
vt 0.535472 0.133480
vt 0.544892 0.129519
vt 0.558479 0.134628
vt 0.563146 0.136479
vt 0.571838 0.148549
vt 0.573643 0.154170
vt 0.574383 0.166432
vt 0.568853 0.175419
vt 0.563789 0.185573
vt 0.552484 0.192389
vt 0.542338 0.194627
vt 0.529046 0.190874
vt 0.522837 0.186814
vt 0.516851 0.174131
vt 0.513712 0.169523
vt 0.516812 0.158620
vt 0.612069 0.316941
vt 0.609137 0.304095
vt 0.610782 0.300000
vt 0.615987 0.285349
vt 0.618133 0.283837
vt 0.625000 0.278212
vt 0.625000 0.331636
vt 0.617799 0.325739
vt 0.612431 0.320519
vt 0.533029 0.412364
vt 0.527876 0.417687
vt 0.518264 0.428332
vt 0.509794 0.427455
vt 0.495833 0.426073
vt 0.489553 0.416984
vt 0.480622 0.402871
vt 0.479872 0.394326
vt 0.477455 0.377068
vt 0.478722 0.372069
vt 0.480107 0.363622
vt 0.481592 0.353828
vt 0.480490 0.345568
vt 0.484865 0.334621
vt 0.484623 0.325967
vt 0.489556 0.316714
vt 0.484700 0.305063
vt 0.484113 0.299927
vt 0.477493 0.279168
vt 0.463438 0.272763
vt 0.461793 0.272119
vt 0.461331 0.271647
vt 0.451558 0.256724
vt 0.450267 0.254476
vt 0.498015 0.262889
vt 0.502006 0.281725
vt 0.502043 0.282288
vt 0.502602 0.283686
vt 0.494235 0.300476
vt 0.503693 0.309975
vt 0.513868 0.322408
vt 0.514490 0.325917
vt 0.516925 0.326267
vt 0.520860 0.330149
vt 0.526269 0.343793
vt 0.527556 0.347979
vt 0.532816 0.363822
vt 0.537135 0.379375
vt 0.536531 0.386128
vt 0.535762 0.393341
vt 0.533905 0.403156
vt 0.534272 0.406675
vt 0.601729 0.410224
vt 0.591515 0.425845
vt 0.584493 0.429245
vt 0.574776 0.434127
vt 0.557003 0.428277
vt 0.556271 0.427971
vt 0.555691 0.427029
vt 0.545788 0.410502
vt 0.544194 0.390547
vt 0.544076 0.387336
vt 0.545431 0.383717
vt 0.549364 0.370639
vt 0.554821 0.357163
vt 0.557862 0.353957
vt 0.564863 0.352961
vt 0.574432 0.343485
vt 0.586594 0.349907
vt 0.594260 0.362966
vt 0.597088 0.365508
vt 0.598923 0.369523
vt 0.603248 0.383698
vt 0.602184 0.394660
vt 0.601761 0.410096
vt 0.601760 0.410159
vt 0.601756 0.410183
vt 0.609057 0.446065
vt 0.613914 0.444289
vt 0.617984 0.445152
vt 0.625000 0.444864
vt 0.625000 0.500000
vt 0.587481 0.500000
vt 0.581988 0.493853
vt 0.580942 0.480911
vt 0.583664 0.471368
vt 0.589680 0.467083
vt 0.592594 0.462912
vt 0.601921 0.452489
vt 0.375000 0.346663
vt 0.375000 0.298996
vt 0.379171 0.297834
vt 0.389128 0.295989
vt 0.397591 0.301724
vt 0.404676 0.306064
vt 0.402446 0.313907
vt 0.397339 0.322236
vt 0.391378 0.332803
vt 0.382155 0.342703
vt 0.380529 0.343813
vt 0.379595 0.344467
vt 0.415824 0.445622
vt 0.415152 0.419121
vt 0.411674 0.408632
vt 0.411076 0.398383
vt 0.408827 0.383158
vt 0.408584 0.378626
vt 0.408380 0.364916
vt 0.408739 0.350112
vt 0.408607 0.347569
vt 0.410317 0.326051
vt 0.411098 0.321343
vt 0.411730 0.319752
vt 0.419380 0.298828
vt 0.424786 0.290873
vt 0.430035 0.289337
vt 0.444991 0.282748
vt 0.458939 0.301831
vt 0.463292 0.308771
vt 0.463269 0.315250
vt 0.463496 0.321354
vt 0.463077 0.333950
vt 0.466926 0.351080
vt 0.466491 0.357135
vt 0.467131 0.374301
vt 0.467205 0.383732
vt 0.468307 0.396703
vt 0.468257 0.402241
vt 0.470120 0.411315
vt 0.469433 0.417346
vt 0.470045 0.422823
vt 0.471669 0.434443
vt 0.473885 0.448355
vt 0.475061 0.455765
vt 0.476480 0.467960
vt 0.474023 0.475977
vt 0.467002 0.490124
vt 0.451469 0.494110
vt 0.450233 0.494173
vt 0.449448 0.493449
vt 0.434186 0.482394
vt 0.427702 0.471803
vt 0.425193 0.467496
vt 0.416028 0.446506
vt 0.415855 0.445915
vt 0.375000 0.433123
vt 0.375000 0.390883
vt 0.377301 0.391582
vt 0.380490 0.400767
vt 0.382532 0.409139
vt 0.382305 0.413739
vt 0.381163 0.424218
vt 0.625000 0.518368
vt 0.618644 0.518672
vt 0.606064 0.518033
vt 0.598920 0.511569
vt 0.594382 0.507767
vt 0.588292 0.501367
vt 0.574784 0.749709
vt 0.577483 0.748777
vt 0.592577 0.748494
vt 0.596933 0.750000
vt 0.574289 0.750000
vt 0.498605 0.719880
vt 0.504899 0.720312
vt 0.517121 0.726869
vt 0.521487 0.728691
vt 0.525587 0.743008
vt 0.527853 0.750000
vt 0.483738 0.750000
vt 0.485867 0.747576
vt 0.490678 0.738507
vt 0.495594 0.729840
vt 0.442358 0.749796
vt 0.442473 0.750000
vt 0.405775 0.750000
vt 0.406319 0.749722
vt 0.415105 0.745472
vt 0.429799 0.747138
vt 0.410188 0.655013
vt 0.411232 0.652913
vt 0.417346 0.636804
vt 0.421177 0.635360
vt 0.434596 0.628001
vt 0.448441 0.630062
vt 0.457604 0.629843
vt 0.462288 0.633651
vt 0.472672 0.637203
vt 0.479202 0.643041
vt 0.484973 0.654385
vt 0.485168 0.658960
vt 0.483230 0.665006
vt 0.478696 0.675359
vt 0.466618 0.681800
vt 0.459481 0.684363
vt 0.457357 0.684354
vt 0.440140 0.685718
vt 0.433827 0.681612
vt 0.418074 0.673227
vt 0.412008 0.659327
vt 0.410852 0.656481
vt 0.391330 0.709938
vt 0.390715 0.719955
vt 0.390801 0.732603
vt 0.388083 0.737862
vt 0.382191 0.750000
vt 0.375000 0.750000
vt 0.375000 0.676880
vt 0.377625 0.679809
vt 0.383312 0.686793
vt 0.385816 0.692732
vt 0.387237 0.696880
vt 0.388958 0.705542
vt 0.623775 0.982853
vt 0.625000 0.982222
vt 0.625000 1.000000
vt 0.591063 1.000000
vt 0.591507 0.999368
vt 0.593029 0.998252
vt 0.605757 0.991706
vt 0.613870 0.984649
vt 0.617179 0.984050
vt 0.573602 0.846884
vt 0.556871 0.850590
vt 0.554458 0.851072
vt 0.551446 0.851876
vt 0.534861 0.848983
vt 0.522869 0.847742
vt 0.518131 0.837653
vt 0.516372 0.831197
vt 0.525269 0.820909
vt 0.537846 0.810955
vt 0.544803 0.805261
vt 0.549076 0.802356
vt 0.562384 0.797885
vt 0.570715 0.794930
vt 0.580217 0.792787
vt 0.592326 0.788640
vt 0.594325 0.788479
vt 0.596558 0.788355
vt 0.615679 0.787969
vt 0.625000 0.788045
vt 0.625000 0.845467
vt 0.620589 0.845088
vt 0.610325 0.845042
vt 0.591565 0.847529
vt 0.590920 0.847518
vt 0.589587 0.847967
vt 0.573743 0.880258
vt 0.573275 0.882409
vt 0.570247 0.897009
vt 0.567002 0.904171
vt 0.562038 0.915833
vt 0.556196 0.923077
vt 0.547021 0.934716
vt 0.542046 0.941634
vt 0.537556 0.946546
vt 0.523037 0.959640
vt 0.520545 0.961764
vt 0.509304 0.970277
vt 0.503161 0.974231
vt 0.500923 0.975531
vt 0.482588 0.986824
vt 0.475691 0.990574
vt 0.466104 0.995587
vt 0.457474 1.000000
vt 0.375000 1.000000
vt 0.375000 0.982746
vt 0.380744 0.981907
vt 0.391583 0.981351
vt 0.404409 0.975422
vt 0.410064 0.975679
vt 0.417811 0.971274
vt 0.427914 0.969646
vt 0.435751 0.962979
vt 0.442804 0.961024
vt 0.447512 0.953720
vt 0.457045 0.946112
vt 0.464409 0.940513
vt 0.471650 0.933482
vt 0.474280 0.930821
vt 0.483353 0.919569
vt 0.492401 0.911704
vt 0.494280 0.910049
vt 0.500313 0.902856
vt 0.510847 0.890808
vt 0.519183 0.879162
vt 0.524742 0.874952
vt 0.529680 0.870913
vt 0.539564 0.863499
vt 0.550848 0.859321
vt 0.556459 0.861231
vt 0.567654 0.868217
vt 0.573425 0.877022
vt 0.524309 0.754393
vt 0.520526 0.759065
vt 0.503273 0.762945
vt 0.501116 0.763464
vt 0.499461 0.762475
vt 0.576830 0.751033
vt 0.575141 0.750429
vt 0.593514 0.751300
vt 0.466236 0.774983
vt 0.466272 0.775009
vt 0.466375 0.775165
vt 0.475377 0.790486
vt 0.477925 0.794483
vt 0.481688 0.801379
vt 0.486464 0.811856
vt 0.488843 0.815413
vt 0.492446 0.824835
vt 0.494812 0.837690
vt 0.493637 0.855650
vt 0.493707 0.861383
vt 0.493012 0.862402
vt 0.477280 0.876146
vt 0.477217 0.876358
vt 0.476701 0.876337
vt 0.467497 0.872444
vt 0.457088 0.868151
vt 0.455992 0.867536
vt 0.448277 0.855202
vt 0.435977 0.839719
vt 0.435463 0.838978
vt 0.435062 0.838585
vt 0.434176 0.837492
vt 0.427760 0.820443
vt 0.419250 0.803125
vt 0.419207 0.803035
vt 0.419133 0.802890
vt 0.414868 0.786117
vt 0.407360 0.764424
vt 0.407627 0.762131
vt 0.406242 0.753205
vt 0.452178 0.759271
vt 0.465994 0.774695
vt 0.599918 0.977146
vt 0.597148 0.980451
vt 0.588179 0.983788
vt 0.576344 0.987324
vt 0.573661 0.986840
vt 0.555262 0.975831
vt 0.554085 0.975237
vt 0.553941 0.975066
vt 0.553932 0.974887
vt 0.549509 0.953251
vt 0.549838 0.951802
vt 0.554208 0.943956
vt 0.556906 0.940709
vt 0.563210 0.930145
vt 0.572228 0.926992
vt 0.586128 0.923585
vt 0.589747 0.924990
vt 0.604931 0.934747
vt 0.608783 0.942888
vt 0.610653 0.953327
vt 0.609376 0.959834
vt 0.388264 0.815564
vt 0.383850 0.817907
vt 0.375000 0.822245
vt 0.383822 0.752149
vt 0.392306 0.764869
vt 0.394660 0.772934
vt 0.397745 0.781277
vt 0.395173 0.789601
vt 0.394592 0.798972
vt 0.392213 0.807124
vt 0.237626 0.526594
vt 0.243427 0.517381
vt 0.244974 0.516142
vt 0.260555 0.504720
vt 0.265883 0.500000
vt 0.308123 0.500000
vt 0.313631 0.511231
vt 0.313948 0.512073
vt 0.312480 0.518409
vt 0.309548 0.529256
vt 0.308109 0.530910
vt 0.299346 0.542354
vt 0.285704 0.560891
vt 0.285619 0.561008
vt 0.285587 0.561072
vt 0.271811 0.572572
vt 0.267533 0.577892
vt 0.254635 0.587594
vt 0.245796 0.594953
vt 0.243864 0.596712
vt 0.241865 0.598199
vt 0.230962 0.599956
vt 0.219308 0.600097
vt 0.214505 0.582878
vt 0.213848 0.579563
vt 0.220038 0.565433
vt 0.224677 0.555377
vt 0.227308 0.545595
vt 0.235293 0.529484
vt 0.237006 0.527246
vt 0.218970 0.533535
vt 0.215199 0.536288
vt 0.206066 0.545130
vt 0.198004 0.549204
vt 0.187873 0.550414
vt 0.176120 0.549896
vt 0.175328 0.549102
vt 0.161573 0.533414
vt 0.162027 0.515687
vt 0.161850 0.511286
vt 0.173996 0.500000
vt 0.221663 0.500000
vt 0.223727 0.502906
vt 0.226671 0.511102
vt 0.226163 0.521464
vt 0.221021 0.530977
vt 0.370751 0.681779
vt 0.302755 0.750000
vt 0.307149 0.745429
vt 0.312158 0.740613
vt 0.322046 0.731821
vt 0.331332 0.721684
vt 0.340126 0.712443
vt 0.347067 0.706390
vt 0.355360 0.695664
vt 0.363443 0.690711
vt 0.142254 0.750000
vt 0.125000 0.750000
vt 0.125000 0.735321
vt 0.133796 0.739110
vt 0.136738 0.740507
vt 0.137840 0.742746
vt 0.842792 0.708821
vt 0.842231 0.707607
vt 0.843166 0.706884
vt 0.844379 0.706843
vt 0.860452 0.700818
vt 0.869235 0.701707
vt 0.875000 0.701955
vt 0.875000 0.750000
vt 0.857222 0.750000
vt 0.854330 0.747869
vt 0.847991 0.743057
vt 0.845949 0.736283
vt 0.841093 0.726986
vt 0.698875 0.567685
vt 0.683715 0.570426
vt 0.673904 0.566002
vt 0.665643 0.560909
vt 0.655922 0.555449
vt 0.647948 0.550560
vt 0.641243 0.542255
vt 0.637992 0.537796
vt 0.631865 0.529474
vt 0.680136 0.500000
vt 0.682823 0.503975
vt 0.692433 0.515418
vt 0.693274 0.519885
vt 0.696860 0.527321
vt 0.699991 0.536093
vt 0.703718 0.542098
vt 0.703011 0.558654
vt 0.704334 0.566374
vt 0.789918 0.506754
vt 0.790872 0.503653
vt 0.793364 0.500000
vt 0.846788 0.500000
vt 0.845237 0.506891
vt 0.844609 0.512559
vt 0.840297 0.523706
vt 0.839959 0.529477
vt 0.839428 0.540307
vt 0.839449 0.541550
vt 0.838907 0.547795
vt 0.836242 0.560859
vt 0.835246 0.564308
vt 0.832430 0.578189
vt 0.831043 0.583207
vt 0.828526 0.591298
vt 0.827017 0.608521
vt 0.826490 0.616308
vt 0.827227 0.632635
vt 0.825937 0.638555
vt 0.825670 0.640569
vt 0.822974 0.654021
vt 0.820797 0.663950
vt 0.820302 0.671986
vt 0.814197 0.691247
vt 0.814190 0.691632
vt 0.813864 0.692078
vt 0.813681 0.691645
vt 0.810987 0.690178
vt 0.796767 0.680721
vt 0.794278 0.680523
vt 0.789736 0.662371
vt 0.784833 0.651780
vt 0.783388 0.646367
vt 0.778940 0.632099
vt 0.778632 0.630788
vt 0.777685 0.628371
vt 0.777619 0.613329
vt 0.776858 0.605248
vt 0.776682 0.595858
vt 0.776017 0.580671
vt 0.776039 0.580596
vt 0.776015 0.580430
vt 0.777850 0.563051
vt 0.777454 0.548717
vt 0.778387 0.546115
vt 0.778944 0.543602
vt 0.781378 0.532792
vt 0.786692 0.515847
vt 0.678799 0.723104
vt 0.679013 0.722833
vt 0.679331 0.722752
vt 0.694979 0.720229
vt 0.710232 0.727090
vt 0.713793 0.728337
vt 0.715120 0.730375
vt 0.721581 0.741585
vt 0.720467 0.750000
vt 0.663045 0.750000
vt 0.663055 0.749353
vt 0.664802 0.739862
vt 0.000000 0.000000
s 0
f 2/1/1 772/2/1 767/3/1 765/4/1 766/5/1 768/6/1 771/7/1 770/8/1
f 794/9/1 795/10/1 1/11/1 759/12/1 761/13/1 760/14/1 758/15/1 757/16/1 756/17/1 755/18/1 762/19/1 763/20/1 764/21/1 769/22/1
f 797/23/1 798/24/1 801/25/1 803/26/1 804/27/1 792/28/1 793/29/1 779/30/1 778/31/1 780/32/1 781/33/1 782/34/1 777/35/1 773/36/1 774/37/1 816/38/1 815/39/1 814/40/1 813/41/1 812/42/1 809/43/1 808/44/1 810/45/1 811/46/1 807/47/1 806/48/1 805/49/1 800/50/1 799/51/1 802/52/1 796/53/1
f 834/54/1 830/55/1 829/56/1 831/57/1 832/58/1 823/59/1 822/60/1 824/61/1 825/62/1 826/63/1 840/64/1 839/65/1 838/66/1 837/67/1 836/68/1 835/69/1 833/70/1
f 841/71/1 790/72/1 791/73/1 775/74/1 776/75/1 784/76/1 783/77/1 785/78/1 787/79/1 786/80/1 788/81/1 789/82/1 828/83/1 827/84/1 818/85/1 817/86/1 819/87/1 821/88/1 820/89/1
f 868/90/2 867/91/2 866/92/2 855/93/2 857/94/2 858/95/2 879/96/2 878/97/2 877/98/2
f 964/99/2 963/100/2 974/101/2 973/102/2 972/103/2 960/104/2 962/105/2 954/106/2 942/107/2 940/108/2 943/109/2 885/110/2 920/111/2 869/112/2 871/113/2 863/114/2 862/115/2 854/116/2 849/117/2 844/118/2 843/119/2 845/120/2 846/121/2 842/122/2 835/69/2 836/68/2 847/123/2 848/124/2 850/125/2 851/126/2 864/127/2 865/128/2 876/129/2 873/130/2 875/131/2 874/132/2 884/133/2 883/134/2 891/135/2 889/136/2 894/137/2 892/138/2 901/139/2 900/140/2
f 904/141/2 919/142/2 909/143/2 911/144/2 910/145/2 916/146/2 905/147/2 906/148/2 893/149/2 895/150/2 896/151/2 890/152/2 882/153/2 881/154/2 880/155/2 886/156/2 887/157/2 888/158/2 899/159/2 898/160/2 897/161/2 908/162/2 907/163/2 903/164/2 902/165/2
f 913/166/2 917/167/2 912/168/2 918/169/2 4/170/2 982/171/2 988/172/2 989/173/2 981/174/2 980/175/2 915/176/2 914/177/2
f 935/178/2 927/179/2 922/180/2 921/181/2 924/182/2 923/183/2 925/184/2 929/185/2 930/186/2 936/187/2 934/188/2 933/189/2
f 966/190/2 969/191/2 956/192/2 949/193/2 945/194/2 946/195/2 944/196/2 939/197/2 955/198/2 928/199/2 931/200/2 932/201/2 926/202/2 852/203/2 853/204/2 856/205/2 861/206/2 860/207/2 859/208/2 872/209/2 870/210/2 937/211/2 938/212/2 941/213/2 948/214/2 951/215/2 950/216/2 961/217/2 959/218/2 970/219/2 971/220/2 975/221/2 978/222/2 990/223/2 991/224/2 987/225/2 984/226/2 983/227/2 985/228/2 986/229/2 979/230/2 977/231/2 976/232/2 965/233/2
f 967/234/2 952/235/2 947/236/2 953/237/2 957/238/2 958/239/2 968/240/2
f 982/171/3 4/170/3 995/241/3 994/242/3 993/243/3 992/244/3 997/245/3 996/246/3
f 1003/247/3 1004/248/3 999/249/3 998/250/3 1005/251/3
f 1009/252/3 1010/253/3 1012/254/3 1018/255/3 1007/256/3 1023/257/3 1000/258/3 1008/259/3 1006/260/3 1011/261/3
f 1002/262/3 1001/263/3 1020/264/3 1021/265/3 1016/266/3 1022/267/3
f 1038/268/3 1039/269/3 1045/270/3 1046/271/3 1044/272/3 1043/273/3 1042/274/3 1047/275/3 1048/276/3 1049/277/3 1050/278/3 1051/279/3 1024/280/3 1025/281/3 1026/282/3 1037/283/3 1034/284/3 1035/285/3 1036/286/3 1033/287/3 1041/288/3 1040/289/3
f 1017/290/3 1015/291/3 1013/292/3 1014/293/3 1019/294/3 3/295/3 1027/296/3 1028/297/3 1032/298/3 1031/299/3 1030/300/3 1029/301/3
f 1054/302/4 1055/303/4 2/304/4 770/305/4 1135/306/4 1137/307/4 1138/308/4 1052/309/4 1053/310/4
f 1079/311/4 1089/312/4 1088/313/4 1087/314/4 1086/315/4 1084/316/4 1099/317/4 1098/318/4 1094/319/4 1122/320/4 1123/321/4 1124/322/4 1125/323/4 1126/324/4 1127/325/4 1128/326/4 1129/327/4 1130/328/4 1131/329/4 1132/330/4 1093/331/4 1092/332/4 1091/333/4 1082/334/4 1080/335/4 1081/336/4
f 1068/337/4 1067/338/4 1066/339/4 1065/340/4 1064/341/4 1060/342/4 1168/343/4 1184/344/4 1162/345/4 1165/346/4 1166/347/4 1154/348/4 1153/349/4 1152/350/4 1140/351/4 1134/352/4 1133/353/4 759/354/4 1/355/4 1145/356/4 1146/357/4 1147/358/4 1149/359/4 1148/360/4 1150/361/4 1157/362/4 1158/363/4 1159/364/4 1164/365/4 1167/366/4 1179/367/4 1180/368/4 1181/369/4 1182/370/4 1183/371/4 1171/372/4 1170/373/4 1173/374/4 1076/375/4 1077/376/4 1085/377/4 1075/378/4 1073/379/4 1074/380/4 1078/381/4 1090/382/4
f 1113/383/4 1114/384/4 1110/385/4 1111/386/4 1112/387/4 1000/258/4 1023/257/4
f 1116/388/4 1117/389/4 1005/251/4 998/250/4 1118/390/4
f 1103/391/4 1104/392/4 1105/393/4 1102/394/4 1101/395/4 1100/396/4 1096/397/4 1095/398/4 1097/399/4 1083/400/4 1072/401/4 1070/402/4 1071/403/4 1174/404/4 1172/405/4 1175/406/4 1176/407/4 1178/408/4 1177/409/4 1188/410/4 1186/411/4 1185/412/4 1187/413/4 1189/414/4 1193/415/4 1197/416/4 1198/417/4 1195/418/4 1121/419/4 1107/420/4 1109/421/4 1108/422/4 1020/264/4 1001/263/4 1119/423/4 1120/424/4
f 1143/425/4 1144/426/4 1142/427/4 1136/428/4 1139/429/4 1141/430/4 1151/431/4 1155/432/4 1156/433/4 1161/434/4 1160/435/4 1163/436/4 1169/437/4 1059/438/4 1063/439/4 1061/440/4 1062/441/4 1069/442/4 1058/443/4 1057/444/4 1056/445/4
f 1192/446/4 1191/447/4 1190/448/4 3/295/4 1019/294/4 1115/449/4 1106/450/4 1201/451/4 1200/452/4 1199/453/4 1194/454/4 1196/455/4
f 1213/456/5 1247/457/5 1231/458/5 1232/459/5 952/460/5 967/461/5 1233/462/5 1235/463/5 1234/464/5 1237/465/5 1236/466/5 1230/467/5 1227/468/5 1225/469/5 1226/470/5 1228/471/5 1229/472/5 1246/473/5 1245/474/5 1244/475/5 1243/476/5 1222/477/5 1251/478/5 1210/479/5 1208/480/5 1223/481/5 1224/482/5 1219/483/5 1215/484/5 1214/485/5
f 1218/486/5 1212/487/5 1211/488/5 1206/489/5 1207/490/5 1209/491/5 1203/492/5 1202/493/5 1204/494/5 1205/495/5 927/496/5 935/497/5 1221/498/5 1220/499/5 1216/500/5 1217/501/5
f 1241/502/5 1027/296/5 3/295/5 1190/503/5 1252/504/5 1255/505/5 1254/506/5 1253/507/5 1238/508/5 1239/509/5 1240/510/5 1242/511/5
f 1145/512/5 1/513/5 795/514/5 1248/515/5 1249/516/5 1250/517/5
f 1261/518/6 1262/519/6 1259/520/6 1260/521/6 1263/522/6 1256/523/6 772/524/6 2/525/6 1055/526/6 1311/527/6 1312/528/6 1313/529/6 1316/530/6
f 1304/531/6 1326/532/6 1329/533/6 1328/534/6 1334/535/6 1335/536/6 1336/537/6 1338/538/6 1337/539/6 995/241/6 4/170/6 918/540/6 1300/541/6 1302/542/6 1301/543/6 1298/544/6 1299/545/6 1305/546/6 1303/547/6 1296/548/6
f 1309/549/6 1310/550/6 879/551/6 858/552/6 1258/553/6 1257/554/6 1265/555/6 1264/556/6 1281/557/6 1280/558/6 1279/559/6 1267/560/6 1266/561/6 1268/562/6 1273/563/6 1272/564/6 1274/565/6 1278/566/6 1271/567/6 1270/568/6 1269/569/6 1277/570/6 1276/571/6 1275/572/6 1314/573/6 1315/574/6 1321/575/6 1320/576/6 1318/577/6 1317/578/6 1319/579/6 1282/580/6 1283/581/6 1306/582/6 1285/583/6 1284/584/6 1286/585/6 1287/586/6 1295/587/6 1294/588/6 1292/589/6 1293/590/6 1297/591/6 1288/592/6 1289/593/6 1290/594/6 1291/595/6 1307/596/6 1308/597/6
f 1333/598/6 1330/599/6 1325/600/6 1327/601/6 1331/602/6 1324/603/6 1322/604/6 1323/605/6 1093/606/6 1132/607/6 1339/608/6 1332/609/6
s 1
f 26/610/7 40/610/8 826/610/9 825/610/10
f 812/610/11 11/610/12 809/610/13
f 762/610/14 7/610/15 763/610/16
f 809/610/13 11/610/12 808/610/17
f 755/610/18 7/610/15 762/610/14
f 783/610/19 784/610/20 15/610/21
f 766/610/22 10/610/23 768/610/24
f 818/610/25 9/610/26 817/610/27
f 765/610/28 10/610/23 766/610/22
f 767/610/29 10/610/23 765/610/28
f 763/610/16 7/610/15 764/610/30
f 829/610/31 12/610/32 831/610/33
f 839/610/34 840/610/35 18/610/36
f 15/610/21 25/610/37 785/610/38 783/610/19
f 828/610/39 19/610/40 827/610/41
f 787/610/42 785/610/38 25/610/37
f 797/610/43 796/610/44 14/610/45
f 816/610/46 24/610/47 815/610/48
f 802/610/49 14/610/45 796/610/44
f 758/610/50 34/610/51 757/610/52
f 10/610/23 5/610/53 771/610/54 768/610/24
f 771/610/54 5/610/53 1135/610/55 770/610/56
f 807/610/57 6/610/58 806/610/59
f 806/610/59 6/610/58 805/610/60
f 19/610/40 9/610/26 818/610/25 827/610/41
f 815/610/48 24/610/47 814/610/61
f 842/610/62 833/610/63 835/610/64
f 808/610/17 11/610/12 810/610/65
f 798/610/66 797/610/43 14/610/45
f 817/610/27 9/610/26 819/610/67
f 803/610/68 801/610/69 8/610/70
f 804/610/71 803/610/68 8/610/70
f 832/610/72 831/610/33 12/610/32
f 20/610/73 7/610/15 755/610/18 756/610/74
f 43/610/75 19/610/40 828/610/39 789/610/76
f 14/610/45 8/610/70 801/610/69 798/610/66
f 7/610/15 61/610/77 769/610/78 764/610/30
f 775/610/79 791/610/80 21/610/81
f 13/610/82 21/610/81 791/610/80 790/610/83
f 841/610/84 13/610/82 790/610/83
f 760/610/85 50/610/86 34/610/51 758/610/50
f 17/610/87 15/610/21 784/610/20 776/610/88
f 837/610/89 838/610/90 41/610/91
f 18/610/36 41/610/91 838/610/90 839/610/34
f 774/610/92 24/610/47 816/610/46
f 800/610/93 29/610/94 14/610/45 799/610/95
f 12/610/32 713/610/96 823/610/97 832/610/72
f 27/610/98 12/610/32 830/610/99 834/610/100
f 27/610/98 834/610/100 833/610/63 842/610/62 846/610/101
f 14/610/45 802/610/49 799/610/95
f 757/610/52 34/610/51 20/610/73 756/610/74
f 47/610/102 9/610/26 19/610/40
f 9/610/26 71/610/103 821/610/104 819/610/67
f 21/610/81 17/610/87 776/610/88 775/610/79
f 21/610/81 81/610/105 17/610/87
f 805/610/60 6/610/58 29/610/94 800/610/93
f 1133/610/106 23/610/107 761/610/108 759/610/109
f 1134/610/110 23/610/107 1133/610/106
f 23/610/107 50/610/86 760/610/85 761/610/108
f 830/610/99 12/610/32 829/610/31
f 12/610/32 27/610/98 713/610/96
f 61/610/77 7/610/15 20/610/73
f 810/610/65 11/610/12 31/610/111 811/610/112
f 811/610/112 31/610/111 6/610/58 807/610/57
f 821/610/104 71/610/103 820/610/113
f 820/610/113 71/610/103 13/610/82 841/610/84
f 16/610/114 777/610/115 782/610/116
f 22/610/117 781/610/118 780/610/119
f 22/610/117 16/610/114 782/610/116 781/610/118
f 36/610/120 43/610/75 788/610/121 786/610/122
f 25/610/37 36/610/120 786/610/122 787/610/42
f 16/610/114 773/610/123 777/610/115
f 47/610/102 71/610/103 9/610/26
f 774/610/92 773/610/123 16/610/114 24/610/47
f 61/610/77 33/610/124 794/610/125 769/610/78
f 17/610/87 52/610/126 15/610/21
f 845/610/127 48/610/128 27/610/98 846/610/101
f 1138/610/129 1137/610/130 51/610/131
f 24/610/47 35/610/132 813/610/133 814/610/61
f 30/610/134 779/610/135 793/610/136
f 14/610/45 29/610/94 8/610/70
f 804/610/71 8/610/70 28/610/137 792/610/138
f 28/610/137 30/610/134 793/610/136 792/610/138
f 52/610/126 25/610/37 15/610/21
f 1260/610/139 38/610/140 742/610/141 1263/610/142
f 837/610/89 41/610/91 847/610/143 836/610/144
f 1248/610/145 795/610/146 794/610/125 33/610/124
f 1249/610/147 1248/610/145 33/610/124
f 1054/610/148 1053/610/149 64/610/150
f 1053/610/149 1052/610/151 64/610/150
f 71/610/103 80/610/152 13/610/82
f 80/610/152 21/610/81 13/610/82
f 43/610/75 47/610/102 19/610/40
f 69/610/153 52/610/126 17/610/87
f 843/610/154 48/610/128 845/610/127
f 16/610/114 22/610/117 24/610/47
f 11/610/12 39/610/155 31/610/111
f 29/610/94 28/610/137 8/610/70
f 812/610/11 813/610/133 35/610/132 11/610/12
f 25/610/37 104/610/156 36/610/120
f 5/610/53 51/610/131 1137/610/130 1135/610/55
f 35/610/132 39/610/155 11/610/12
f 713/610/96 27/610/98 76/610/157
f 27/610/98 48/610/128 76/610/157
f 35/610/132 24/610/47 22/610/117
f 1138/610/129 51/610/131 64/610/150 1052/610/151
f 10/610/23 78/610/158 5/610/53
f 78/610/158 51/610/131 5/610/53
f 31/610/111 29/610/94 6/610/58
f 22/610/117 30/610/134 35/610/132
f 39/610/155 30/610/134 28/610/137
f 29/610/94 31/610/111 28/610/137
f 38/610/140 78/610/158 742/610/141
f 39/610/155 35/610/132 30/610/134
f 36/610/120 85/610/159 43/610/75
f 85/610/159 36/610/120 104/610/156
f 32/610/160 45/610/161 60/610/162
f 1142/610/163 44/610/164 1136/610/165
f 28/610/137 31/610/111 39/610/155
f 717/610/166 81/610/105 80/610/152
f 21/610/81 80/610/152 81/610/105
f 1141/610/167 70/610/168 1151/610/169
f 1055/610/170 1054/610/148 64/610/150 1311/610/171
f 45/610/161 32/610/160 37/610/172
f 73/610/173 23/610/107 1134/610/110 1140/610/174
f 40/610/8 26/610/7 88/610/175
f 714/610/176 37/610/172 32/610/160
f 52/610/126 104/610/156 25/610/37
f 91/610/177 47/610/102 43/610/75
f 68/610/178 713/610/96 76/610/157
f 41/610/91 18/610/36 98/610/179
f 49/610/180 45/610/161 46/610/181
f 54/610/182 42/610/183 56/610/184
f 56/610/184 42/610/183 59/610/185
f 43/610/75 85/610/159 91/610/177
f 1249/610/147 33/610/124 1250/610/186
f 20/610/73 1148/610/187 1149/610/188 61/610/77
f 62/610/189 44/610/164 1142/610/163 1144/610/190
f 65/610/191 32/610/160 60/610/162
f 81/610/105 69/610/153 17/610/87
f 42/610/183 32/610/160 55/610/192
f 54/610/182 714/610/176 42/610/183
f 848/610/193 847/610/143 41/610/91
f 1151/610/169 70/610/168 1155/610/194
f 53/610/195 49/610/180 46/610/181
f 44/610/164 66/610/196 1139/610/197 1136/610/165
f 66/610/196 70/610/168 1141/610/167 1139/610/197
f 67/610/198 20/610/73 34/610/51
f 20/610/73 67/610/198 1150/610/199 1148/610/187
f 57/610/200 58/610/201 37/610/172
f 48/610/128 843/610/154 844/610/202
f 49/610/180 114/610/203 45/610/161
f 55/610/192 32/610/160 65/610/191
f 42/610/183 55/610/192 59/610/185
f 106/610/204 71/610/103 47/610/102
f 34/610/51 50/610/86 67/610/198
f 1312/610/205 64/610/150 78/610/158 1313/610/206
f 51/610/131 78/610/158 64/610/150
f 58/610/201 72/610/207 46/610/181
f 23/610/107 73/610/173 79/610/208
f 50/610/86 23/610/107 79/610/208
f 161/610/209 88/610/175 68/610/178
f 87/610/210 63/610/211 62/610/189
f 44/610/164 63/610/211 66/610/196
f 45/610/161 114/610/203 60/610/162
f 59/610/185 55/610/192 74/610/212
f 72/610/207 53/610/195 46/610/181
f 59/610/185 77/610/213 56/610/184
f 60/610/162 114/610/203 130/610/214
f 54/610/182 75/610/215 714/610/176
f 93/610/216 57/610/200 714/610/176
f 75/610/215 93/610/216 714/610/176
f 1146/610/217 1145/610/218 1250/610/186 33/610/124
f 33/610/124 61/610/77 1147/610/219 1146/610/217
f 84/610/220 40/610/8 88/610/175
f 84/610/220 18/610/36 40/610/8
f 1143/610/221 62/610/189 1144/610/190
f 122/610/222 58/610/201 57/610/200
f 38/610/140 1260/610/139 1259/610/223
f 74/610/212 55/610/192 112/610/224
f 55/610/192 65/610/191 112/610/224
f 60/610/162 130/610/214 65/610/191
f 48/610/128 146/610/225 76/610/157
f 1311/610/171 64/610/150 1312/610/205
f 1149/610/188 1147/610/219 61/610/77
f 62/610/189 63/610/211 44/610/164
f 133/610/226 87/610/210 62/610/189
f 63/610/211 89/610/227 66/610/196
f 90/610/228 89/610/227 63/610/211
f 1056/610/229 133/610/226 62/610/189 1143/610/221
f 75/610/215 54/610/182 94/610/230
f 92/610/231 53/610/195 86/610/232
f 77/610/213 59/610/185 82/610/233
f 82/610/233 59/610/185 74/610/212
f 95/610/234 69/610/153 81/610/105
f 66/610/196 89/610/227 134/610/235
f 50/610/86 1159/610/236 1158/610/237 67/610/198
f 74/610/212 112/610/224 124/610/238
f 83/610/239 54/610/182 56/610/184
f 66/610/196 134/610/235 70/610/168
f 1258/610/240 858/610/241 857/610/242
f 116/610/243 125/610/244 85/610/159
f 93/610/216 122/610/222 57/610/200
f 86/610/232 53/610/195 72/610/207
f 96/610/245 73/610/173 1152/610/246 1153/610/247
f 154/610/248 86/610/232 72/610/207
f 87/610/210 90/610/228 63/610/211
f 102/610/249 90/610/228 87/610/210
f 82/610/233 74/610/212 124/610/238
f 173/610/250 93/610/216 75/610/215
f 173/610/250 75/610/215 94/610/230
f 715/610/251 56/610/184 77/610/213
f 146/610/225 48/610/128 844/610/202 849/610/252
f 109/610/253 77/610/213 82/610/233
f 92/610/231 115/610/254 101/610/255
f 92/610/231 101/610/255 748/610/256
f 69/610/153 111/610/257 52/610/126
f 69/610/153 103/610/258 171/610/259
f 69/610/153 171/610/259 111/610/257
f 18/610/36 128/610/260 98/610/179
f 128/610/260 18/610/36 84/610/220
f 91/610/177 106/610/204 47/610/102
f 109/610/253 99/610/261 77/610/213
f 136/610/262 77/610/213 99/610/261
f 49/610/180 748/610/256 743/610/263
f 49/610/180 743/610/263 114/610/203
f 1259/610/223 1262/610/264 38/610/140
f 104/610/156 52/610/126 111/610/257
f 94/610/230 54/610/182 83/610/239
f 161/610/209 68/610/178 138/610/265
f 138/610/265 68/610/178 76/610/157
f 79/610/208 73/610/173 117/610/266
f 73/610/173 96/610/245 117/610/266
f 104/610/156 116/610/243 85/610/159
f 1157/610/267 1150/610/199 67/610/198
f 1158/610/237 1157/610/267 67/610/198
f 1258/610/240 857/610/242 855/610/268 120/610/269 1257/610/270
f 183/610/271 86/610/232 154/610/248
f 100/610/272 102/610/249 87/610/210
f 78/610/158 1316/610/273 1313/610/206
f 1165/610/274 121/610/275 1166/610/276
f 95/610/234 103/610/258 69/610/153
f 1156/610/277 1155/610/194 70/610/168
f 90/610/228 107/610/278 89/610/227
f 102/610/249 105/610/279 90/610/228
f 90/610/228 105/610/279 107/610/278
f 85/610/159 125/610/244 91/610/177
f 92/610/231 151/610/280 744/610/281
f 109/610/253 82/610/233 137/610/282
f 113/610/283 108/610/284 97/610/285
f 118/610/286 164/610/287 97/610/285
f 853/610/288 132/610/289 856/610/290
f 852/610/291 150/610/292 132/610/289 853/610/288
f 926/610/293 150/610/292 852/610/291
f 101/610/255 115/610/254 1204/610/294 1202/610/295
f 98/610/179 128/610/260 160/610/296
f 97/610/285 102/610/249 100/610/272
f 118/610/286 97/610/285 100/610/272
f 91/610/177 125/610/244 106/610/204
f 850/610/297 98/610/179 159/610/298 851/610/299
f 98/610/179 160/610/296 159/610/298
f 715/610/251 77/610/213 136/610/262
f 750/610/300 118/610/286 100/610/272
f 183/610/271 151/610/280 86/610/232
f 144/610/301 122/610/222 93/610/216
f 102/610/249 97/610/285 105/610/279
f 105/610/279 97/610/285 108/610/284
f 70/610/168 134/610/235 142/610/302
f 70/610/168 142/610/302 1161/610/303 1156/610/277
f 145/610/304 50/610/86 79/610/208
f 50/610/86 145/610/304 1164/610/305 1159/610/236
f 124/610/238 137/610/282 82/610/233
f 65/610/191 141/610/306 112/610/224
f 141/610/306 65/610/191 130/610/214
f 108/610/284 169/610/307 105/610/279
f 169/610/307 107/610/278 105/610/279
f 117/610/266 96/610/245 167/610/308
f 101/610/255 147/610/309 748/610/256
f 120/610/269 855/610/268 866/610/310
f 134/610/235 89/610/227 157/610/311
f 131/610/312 109/610/253 184/610/313
f 111/610/257 171/610/259 206/610/314
f 175/610/315 111/610/257 206/610/314
f 38/610/140 1262/610/264 1261/610/316
f 184/610/313 109/610/253 137/610/282
f 114/610/203 180/610/317 130/610/214
f 1205/610/318 1204/610/294 115/610/254
f 115/610/254 922/610/319 927/610/320 1205/610/318
f 89/610/227 107/610/278 157/610/311
f 1267/610/321 1279/610/322 110/610/323
f 153/610/324 138/610/265 76/610/157
f 108/610/284 113/610/283 119/610/325
f 717/610/166 95/610/234 81/610/105
f 76/610/157 146/610/225 153/610/324
f 110/610/323 1266/610/326 1267/610/321
f 168/610/327 79/610/208 117/610/266
f 99/610/261 109/610/253 131/610/312
f 1057/610/328 133/610/226 1056/610/229
f 129/610/329 127/610/330 1280/610/331 1281/610/332
f 112/610/224 182/610/333 124/610/238
f 1160/610/334 1161/610/303 142/610/302
f 202/610/335 129/610/329 120/610/269
f 166/610/336 154/610/248 122/610/222
f 166/610/336 122/610/222 144/610/301
f 110/610/323 139/610/337 123/610/338
f 110/610/323 127/610/330 139/610/337
f 1280/610/331 127/610/330 110/610/323 1279/610/322
f 136/610/262 193/610/339 715/610/251
f 158/610/340 136/610/262 99/610/261
f 155/610/341 99/610/261 131/610/312
f 155/610/341 158/610/340 99/610/261
f 110/610/323 123/610/338 1268/610/342 1266/610/326
f 124/610/238 182/610/333 137/610/282
f 93/610/216 173/610/250 144/610/301
f 84/610/220 88/610/175 148/610/343
f 743/610/263 147/610/309 751/610/344
f 163/610/345 136/610/262 158/610/340
f 132/610/289 861/610/346 856/610/290
f 861/610/346 132/610/289 194/610/347 860/610/348
f 123/610/338 139/610/337 126/610/349
f 108/610/284 119/610/325 156/610/350
f 156/610/350 169/610/307 108/610/284
f 128/610/260 84/610/220 170/610/351
f 146/610/225 249/610/352 153/610/324
f 142/610/302 191/610/353 1163/610/354 1160/610/334
f 160/610/296 128/610/260 162/610/355
f 162/610/355 128/610/260 170/610/351
f 202/610/335 120/610/269 866/610/310 867/610/356
f 135/610/357 140/610/358 149/610/359
f 126/610/349 716/610/360 135/610/357
f 126/610/349 135/610/357 1278/610/361 1274/610/362
f 180/610/317 141/610/306 130/610/214
f 155/610/341 131/610/312 190/610/363
f 1058/610/364 201/610/365 133/610/226 1057/610/328
f 1275/610/366 1276/610/367 113/610/283 164/610/287
f 123/610/338 126/610/349 1272/610/368 1273/610/369
f 123/610/338 1273/610/369 1268/610/342
f 193/610/339 136/610/262 163/610/345
f 119/610/325 149/610/359 156/610/350
f 219/610/370 138/610/265 153/610/324
f 131/610/312 184/610/313 195/610/371
f 1184/610/372 172/610/373 1162/610/374
f 744/610/281 924/610/375 921/610/376
f 189/610/377 716/610/360 139/610/337
f 135/610/357 143/610/378 1271/610/379 1278/610/361
f 145/610/304 79/610/208 168/610/327
f 249/610/352 146/610/225 854/610/380 862/610/381
f 126/610/349 1274/610/362 1272/610/368
f 199/610/382 118/610/286 750/610/300
f 178/610/383 129/610/329 202/610/335
f 167/610/308 96/610/245 736/610/384
f 214/610/385 167/610/308 736/610/384
f 112/610/224 141/610/306 188/610/386
f 142/610/302 134/610/235 191/610/353
f 1271/610/379 143/610/378 1270/610/387
f 174/610/388 166/610/336 144/610/301
f 176/610/389 174/610/388 144/610/301
f 107/610/278 177/610/390 157/610/311
f 169/610/307 177/610/390 107/610/278
f 147/610/309 101/610/255 1202/610/295 1203/610/391
f 1167/610/392 1164/610/305 145/610/304
f 145/610/304 168/610/327 1179/610/393 1167/610/392
f 139/610/337 185/610/394 189/610/377
f 139/610/337 127/610/330 185/610/394
f 186/610/395 173/610/250 94/610/230
f 149/610/359 200/610/396 156/610/350
f 140/610/358 197/610/397 149/610/359
f 138/610/265 219/610/370 161/610/209
f 251/610/398 151/610/280 183/610/271
f 151/610/280 251/610/398 925/610/399 923/610/400
f 168/610/327 117/610/266 204/610/401
f 144/610/301 173/610/250 176/610/389
f 166/610/336 174/610/388 210/610/402
f 182/610/333 211/610/403 137/610/282
f 95/610/234 205/610/404 103/610/258
f 224/610/405 183/610/271 154/610/248
f 156/610/350 239/610/406 169/610/307
f 200/610/396 239/610/406 156/610/350
f 187/610/407 176/610/389 173/610/250
f 204/610/401 117/610/266 167/610/308
f 160/610/296 181/610/408 196/610/409
f 195/610/371 190/610/363 131/610/312
f 127/610/330 129/610/329 179/610/410
f 150/610/292 207/610/411 132/610/289
f 171/610/259 103/610/258 221/610/412
f 127/610/330 179/610/410 185/610/394
f 114/610/203 747/610/413 180/610/317
f 137/610/282 211/610/403 184/610/313
f 129/610/329 178/610/383 179/610/410
f 194/610/347 859/610/414 860/610/348
f 1315/610/415 1314/610/416 164/610/287 118/610/286
f 1275/610/366 164/610/287 1314/610/416
f 247/610/417 165/610/418 213/610/419
f 173/610/250 186/610/395 215/610/420
f 170/610/351 148/610/343 208/610/421
f 150/610/292 926/610/293 932/610/422
f 116/610/243 198/610/423 125/610/244
f 125/610/244 198/610/423 213/610/419
f 210/610/402 224/610/405 154/610/248
f 202/610/335 867/610/356 868/610/424
f 716/610/360 189/610/377 192/610/425
f 112/610/224 188/610/386 182/610/333
f 184/610/313 211/610/403 243/610/426
f 181/610/408 160/610/296 162/610/355
f 203/610/427 188/610/386 141/610/306
f 141/610/306 180/610/317 203/610/427
f 716/610/360 192/610/425 140/610/358
f 1270/610/387 143/610/378 1269/610/428
f 195/610/371 184/610/313 243/610/426
f 140/610/358 192/610/425 197/610/397
f 208/610/421 284/610/429 162/610/355
f 175/610/315 198/610/423 116/610/243
f 1315/610/415 118/610/286 199/610/382 1321/610/430
f 221/610/412 277/610/431 206/610/314
f 159/610/298 196/610/409 876/610/432 865/610/433
f 227/610/434 199/610/382 750/610/300
f 205/610/404 212/610/435 103/610/258
f 212/610/435 221/610/412 103/610/258
f 149/610/359 197/610/397 200/610/396
f 134/610/235 157/610/311 230/610/436
f 194/610/347 132/610/289 207/610/411
f 173/610/250 215/610/420 187/610/407
f 1169/610/437 1163/610/354 191/610/353
f 174/610/388 176/610/389 217/610/438
f 179/610/410 178/610/383 240/610/439
f 217/610/438 176/610/389 187/610/407
f 210/610/402 154/610/248 166/610/336
f 207/610/411 150/610/292 276/610/440
f 276/610/440 150/610/292 932/610/422 931/610/441
f 182/610/333 216/610/442 211/610/403
f 1069/610/443 201/610/365 1058/610/364
f 189/610/377 185/610/394 245/610/444
f 230/610/436 191/610/353 134/610/235
f 191/610/353 230/610/436 222/610/445
f 198/610/423 313/610/446 213/610/419
f 258/610/447 193/610/339 163/610/345
f 209/610/448 158/610/340 155/610/341
f 204/610/401 1181/610/449 1180/610/450 168/610/327
f 223/610/451 186/610/395 152/610/452
f 223/610/451 152/610/452 193/610/339
f 229/610/453 210/610/402 174/610/388
f 177/610/390 235/610/454 157/610/311
f 157/610/311 235/610/454 230/610/436
f 209/610/448 155/610/341 190/610/363
f 208/610/421 148/610/343 232/610/455
f 252/610/456 189/610/377 245/610/444
f 250/610/457 190/610/363 195/610/371
f 256/610/458 190/610/363 250/610/457
f 191/610/353 222/610/445 1059/610/459 1169/610/437
f 290/610/460 212/610/435 205/610/404
f 168/610/327 1180/610/450 1179/610/393
f 719/610/461 167/610/308 214/610/385
f 736/610/384 172/610/373 218/610/462
f 261/610/463 214/610/385 218/610/462
f 218/610/462 172/610/373 246/610/464
f 217/610/438 229/610/453 174/610/388
f 231/610/465 202/610/335 868/610/424 877/610/466
f 1060/610/467 246/610/464 172/610/373 1168/610/468
f 162/610/355 284/610/429 181/610/408
f 239/610/406 200/610/396 303/610/469
f 929/610/470 925/610/399 251/610/398 288/610/471
f 206/610/314 226/610/472 175/610/315
f 194/610/347 872/610/473 859/610/414
f 202/610/335 231/610/465 178/610/383
f 228/610/474 217/610/438 187/610/407
f 169/610/307 236/610/475 177/610/390
f 239/610/406 236/610/475 169/610/307
f 180/610/317 220/610/476 203/610/427
f 180/610/317 747/610/413 220/610/476
f 223/610/451 215/610/420 186/610/395
f 273/610/477 290/610/460 205/610/404
f 280/610/478 247/610/417 213/610/419
f 177/610/390 236/610/475 235/610/454
f 930/610/479 929/610/470 288/610/471
f 178/610/383 231/610/465 240/610/439
f 188/610/386 203/610/427 234/610/480
f 203/610/427 220/610/476 225/610/481
f 230/610/436 235/610/454 260/610/482
f 223/610/451 233/610/483 215/610/420
f 185/610/394 179/610/410 242/610/484
f 179/610/410 240/610/439 242/610/484
f 1063/610/485 1059/610/459 222/610/445
f 203/610/427 225/610/481 234/610/480
f 187/610/407 215/610/420 228/610/474
f 271/610/486 153/610/324 249/610/352
f 241/610/487 163/610/345 158/610/340
f 258/610/447 163/610/345 241/610/487
f 185/610/394 242/610/484 245/610/444
f 237/610/488 224/610/405 210/610/402
f 283/610/489 190/610/363 256/610/458
f 219/610/370 265/610/490 232/610/455
f 175/610/315 226/610/472 266/610/491
f 266/610/491 198/610/423 175/610/315
f 228/610/474 215/610/420 233/610/483
f 211/610/403 329/610/492 243/610/426
f 241/610/487 158/610/340 209/610/448
f 313/610/446 280/610/478 213/610/419
f 237/610/488 210/610/402 229/610/453
f 192/610/425 189/610/377 252/610/456
f 225/610/481 229/610/453 217/610/438
f 204/610/401 167/610/308 719/610/461
f 192/610/425 252/610/456 253/610/493
f 1310/610/494 274/610/495 878/610/496 879/610/497
f 264/610/498 216/610/442 234/610/480
f 254/610/499 201/610/365 1069/610/443 1062/610/500
f 1062/610/500 1061/610/501 254/610/499
f 197/610/397 192/610/425 253/610/493
f 266/610/491 313/610/446 198/610/423
f 225/610/481 217/610/438 228/610/474
f 197/610/397 253/610/493 200/610/396
f 1317/610/502 1318/610/503 262/610/504
f 199/610/382 259/610/505 1320/610/506 1321/610/430
f 259/610/505 262/610/504 1318/610/503 1320/610/506
f 877/610/466 878/610/496 274/610/495 231/610/465
f 262/610/504 1319/610/507 1317/610/502
f 195/610/371 243/610/426 250/610/457
f 228/610/474 234/610/480 225/610/481
f 196/610/409 181/610/408 293/610/508
f 259/610/505 199/610/382 227/610/434
f 220/610/476 229/610/453 225/610/481
f 220/610/476 237/610/488 229/610/453
f 747/610/413 749/610/509 220/610/476
f 303/610/469 200/610/396 724/610/510
f 234/610/480 228/610/474 233/610/483
f 260/610/482 222/610/445 230/610/436
f 234/610/480 233/610/483 264/610/498
f 928/610/511 351/610/512 276/610/440 931/610/441
f 207/610/411 279/610/513 323/610/514
f 194/610/347 207/610/411 745/610/515
f 268/610/516 223/610/451 193/610/339
f 268/610/516 193/610/339 258/610/447
f 233/610/483 223/610/451 255/610/517
f 222/610/445 254/610/499 1061/610/501 1063/610/485
f 257/610/518 747/610/413 751/610/344
f 264/610/498 233/610/483 255/610/517
f 277/610/431 291/610/519 226/610/472
f 206/610/314 277/610/431 226/610/472
f 1211/610/520 257/610/518 751/610/344 1206/610/521
f 351/610/512 928/610/511 955/610/522
f 747/610/413 257/610/518 749/610/509
f 249/610/352 863/610/523 871/610/524
f 244/610/525 270/610/526 238/610/527
f 326/610/528 214/610/385 261/610/463
f 312/610/529 209/610/448 283/610/489
f 204/610/401 289/610/530 1182/610/531 1181/610/449
f 289/610/530 204/610/401 719/610/461
f 873/610/532 876/610/432 196/610/409
f 281/610/533 224/610/405 749/610/509
f 238/610/527 270/610/526 248/610/534
f 248/610/534 304/610/535 238/610/527
f 218/610/462 246/610/464 269/610/536
f 261/610/463 218/610/462 269/610/536
f 254/610/499 263/610/537 201/610/365
f 263/610/537 227/610/434 201/610/365
f 221/610/412 212/610/435 355/610/538
f 250/610/457 243/610/426 322/610/539
f 246/610/464 1060/610/467 1064/610/540 328/610/541
f 1183/610/542 1182/610/531 289/610/530
f 244/610/525 238/610/527 304/610/535
f 244/610/525 304/610/535 278/610/543
f 355/610/538 277/610/431 221/610/412
f 336/610/544 720/610/545 247/610/417
f 246/610/464 328/610/541 327/610/546
f 269/610/536 246/610/464 327/610/546
f 280/610/478 336/610/544 247/610/417
f 270/610/526 272/610/547 248/610/534
f 248/610/534 272/610/547 306/610/548
f 287/610/549 249/610/352 871/610/524 869/610/550
f 271/610/486 249/610/352 287/610/549
f 222/610/445 267/610/551 254/610/499
f 241/610/487 209/610/448 312/610/529
f 255/610/517 223/610/451 268/610/516
f 222/610/445 260/610/482 267/610/551
f 300/610/552 288/610/471 251/610/398
f 235/610/454 275/610/553 260/610/482
f 250/610/457 322/610/539 309/610/554
f 254/610/499 267/610/551 263/610/537
f 227/610/434 263/610/537 259/610/505
f 256/610/458 250/610/457 286/610/555
f 281/610/533 300/610/552 251/610/398
f 231/610/465 295/610/556 240/610/439
f 290/610/460 294/610/557 212/610/435
f 294/610/557 355/610/538 212/610/435
f 282/610/558 264/610/498 255/610/517
f 264/610/498 282/610/558 216/610/442
f 250/610/457 309/610/554 286/610/555
f 297/610/559 311/610/560 720/610/545
f 239/610/406 303/610/469 315/610/561
f 235/610/454 236/610/475 275/610/553
f 214/610/385 326/610/528 285/610/562
f 296/610/563 270/610/526 244/610/525
f 278/610/543 296/610/563 244/610/525
f 276/610/440 279/610/513 207/610/411
f 1065/610/564 328/610/541 1064/610/540
f 196/610/409 875/610/565 873/610/532
f 216/610/442 282/610/558 211/610/403
f 236/610/475 239/610/406 305/610/566
f 275/610/553 236/610/475 305/610/566
f 319/610/567 276/610/440 351/610/512
f 284/610/429 307/610/568 181/610/408
f 1284/610/569 1285/610/570 325/610/571
f 874/610/572 196/610/409 293/610/508 884/610/573
f 320/610/574 325/610/571 1285/610/570 1306/610/575
f 341/610/576 721/610/577 283/610/489
f 260/610/482 275/610/553 267/610/551
f 299/610/578 242/610/484 240/610/439
f 263/610/537 298/610/579 259/610/505
f 265/610/490 308/610/580 232/610/455
f 196/610/409 874/610/572 875/610/565
f 255/610/517 268/610/516 292/610/581
f 301/610/582 242/610/484 299/610/578
f 273/610/477 311/610/560 290/610/460
f 265/610/490 271/610/486 353/610/583
f 282/610/558 255/610/517 292/610/581
f 245/610/444 242/610/484 301/610/582
f 245/610/444 301/610/582 252/610/456
f 257/610/518 1211/610/520 1212/610/584 332/610/585
f 252/610/456 301/610/582 302/610/586
f 239/610/406 315/610/561 305/610/566
f 1171/610/587 1183/610/542 289/610/530
f 274/610/495 1310/610/494 1309/610/588
f 252/610/456 302/610/586 253/610/493
f 287/610/549 869/610/550 920/610/589
f 274/610/495 1309/610/588 1308/610/590
f 261/610/463 269/610/536 348/610/591
f 280/610/478 313/610/446 352/610/592
f 267/610/551 298/610/579 263/610/537
f 310/610/593 262/610/504 259/610/505
f 298/610/579 310/610/593 259/610/505
f 276/610/440 319/610/567 279/610/513
f 267/610/551 275/610/553 298/610/579
f 355/610/538 321/610/594 277/610/431
f 277/610/431 321/610/594 291/610/519
f 271/610/486 287/610/549 353/610/583
f 181/610/408 307/610/568 293/610/508
f 336/610/544 297/610/559 720/610/545
f 352/610/592 336/610/544 280/610/478
f 257/610/518 300/610/552 281/610/533
f 329/610/492 282/610/558 349/610/595
f 289/610/530 285/610/562 358/610/596
f 258/610/447 241/610/487 316/610/597
f 307/610/568 284/610/429 357/610/598
f 284/610/429 340/610/599 357/610/598
f 936/610/600 930/610/479 288/610/471
f 348/610/591 326/610/528 261/610/463
f 1319/610/507 262/610/504 314/610/601 1282/610/602
f 310/610/593 314/610/601 262/610/504
f 361/610/603 722/610/604 318/610/605
f 365/610/606 296/610/563 278/610/543
f 365/610/606 278/610/543 347/610/607
f 353/610/583 287/610/549 920/610/589 885/610/608
f 317/610/609 268/610/516 258/610/447
f 317/610/609 258/610/447 316/610/597
f 293/610/508 307/610/568 381/610/610
f 1218/610/611 332/610/585 1212/610/584
f 324/610/612 288/610/471 300/610/552
f 288/610/471 324/610/612 934/610/613 936/610/600
f 289/610/530 1170/610/614 1171/610/587
f 318/610/605 286/610/555 309/610/554
f 241/610/487 312/610/529 316/610/597
f 296/610/563 334/610/615 270/610/526
f 257/610/518 332/610/585 300/610/552
f 292/610/581 268/610/516 317/610/609
f 311/610/560 330/610/616 290/610/460
f 330/610/616 294/610/557 290/610/460
f 870/610/617 745/610/515 356/610/618 937/610/619
f 1286/610/620 1284/610/569 325/610/571
f 353/610/583 337/610/621 265/610/490
f 337/610/621 308/610/580 265/610/490
f 270/610/526 334/610/615 1224/610/622 1223/610/623
f 887/610/624 886/610/625 366/610/626
f 283/610/489 256/610/458 722/610/604
f 341/610/576 283/610/489 722/610/604
f 884/610/573 293/610/508 381/610/610 883/610/627
f 1290/610/628 299/610/578 295/610/556 1291/610/629
f 349/610/595 282/610/558 292/610/581
f 269/610/536 327/610/546 359/610/630
f 348/610/591 269/610/536 359/610/630
f 275/610/553 723/610/631 298/610/579
f 360/610/632 334/610/615 296/610/563
f 366/610/626 888/610/633 887/610/624
f 306/610/548 272/610/547 1210/610/634 1251/610/635
f 314/610/601 310/610/593 723/610/631
f 295/610/556 1307/610/636 1291/610/629
f 289/610/530 358/610/596 1173/610/637 1170/610/614
f 315/610/561 303/610/469 343/610/638
f 351/610/512 955/610/522 939/610/639
f 300/610/552 332/610/585 324/610/612
f 323/610/514 279/610/513 387/610/640
f 305/610/566 315/610/561 723/610/631
f 327/610/546 328/610/541 376/610/641
f 333/610/642 1293/610/643 1292/610/644
f 1293/610/643 333/610/642 1297/610/645
f 316/610/597 312/610/529 354/610/646
f 266/610/491 367/610/647 313/610/446
f 313/610/446 367/610/647 352/610/592
f 309/610/554 322/610/539 346/610/648
f 331/610/649 299/610/578 1290/610/628 1289/610/650
f 356/610/618 938/610/651 937/610/619
f 339/610/652 317/610/609 316/610/597
f 331/610/649 301/610/582 299/610/578
f 314/610/601 343/610/638 320/610/574
f 375/610/653 353/610/583 885/610/608 943/610/654
f 315/610/561 314/610/601 723/610/631
f 302/610/586 345/610/655 724/610/510
f 1066/610/656 383/610/657 328/610/541 1065/610/564
f 292/610/581 317/610/609 339/610/652
f 320/610/574 343/610/638 325/610/571
f 349/610/595 292/610/581 339/610/652
f 340/610/599 308/610/580 398/610/658
f 314/610/601 315/610/561 343/610/638
f 301/610/582 344/610/659 302/610/586
f 301/610/582 331/610/649 344/610/659
f 322/610/539 350/610/660 346/610/648
f 323/610/514 387/610/640 356/610/618
f 1297/610/645 333/610/642 331/610/649 1288/610/661
f 1288/610/661 331/610/649 1289/610/650
f 344/610/659 345/610/655 302/610/586
f 373/610/662 367/610/647 266/610/491
f 352/610/592 371/610/663 336/610/544
f 410/610/664 360/610/632 296/610/563
f 410/610/664 296/610/563 365/610/606
f 358/610/596 285/610/562 326/610/528
f 880/610/665 366/610/626 886/610/625
f 359/610/630 327/610/546 376/610/641
f 387/610/640 279/610/513 363/610/666
f 376/610/641 328/610/541 383/610/657
f 329/610/492 350/610/660 322/610/539
f 329/610/492 349/610/595 350/610/660
f 360/610/632 1214/610/667 1215/610/668 334/610/615
f 1286/610/620 325/610/571 342/610/669 1287/610/670
f 357/610/598 406/610/671 307/610/568
f 381/610/610 891/610/672 883/610/627
f 342/610/669 325/610/571 343/610/638
f 406/610/671 381/610/610 307/610/568
f 1219/610/673 1224/610/622 334/610/615
f 334/610/615 1215/610/668 1219/610/673
f 330/610/616 364/610/674 294/610/557
f 393/610/535 304/610/535 335/610/675
f 1294/610/676 338/610/677 333/610/642 1292/610/644
f 331/610/649 333/610/642 344/610/659
f 333/610/642 338/610/677 344/610/659
f 1208/610/678 1210/610/634 272/610/547
f 345/610/655 342/610/669 343/610/638
f 338/610/677 1294/610/676 1295/610/679
f 371/610/663 297/610/559 336/610/544
f 294/610/557 416/610/680 355/610/538
f 294/610/557 364/610/674 416/610/680
f 1287/610/670 342/610/669 338/610/677 1295/610/679
f 338/610/677 342/610/669 345/610/655
f 372/610/681 330/610/616 311/610/560
f 306/610/548 362/610/682 335/610/675
f 362/610/682 1222/610/683 1243/610/684
f 362/610/682 306/610/548 1251/610/635 1222/610/683
f 344/610/659 338/610/677 345/610/655
f 309/610/554 346/610/648 392/610/685
f 409/610/686 946/610/687 945/610/688
f 318/610/605 309/610/554 392/610/685
f 368/610/689 361/610/603 318/610/605
f 368/610/689 318/610/605 385/610/690
f 385/610/690 318/610/605 392/610/685
f 1220/610/691 324/610/612 1216/610/692
f 319/610/567 379/610/693 363/610/666
f 279/610/513 319/610/567 363/610/666
f 346/610/648 350/610/660 394/610/694
f 346/610/648 394/610/694 392/610/685
f 374/610/695 365/610/606 347/610/607
f 377/610/696 358/610/596 326/610/528
f 1067/610/697 383/610/657 1066/610/656
f 297/610/559 372/610/681 311/610/560
f 326/610/528 348/610/591 395/610/698
f 395/610/698 348/610/591 369/610/699
f 337/610/621 353/610/583 375/610/653
f 727/610/700 340/610/599 398/610/658
f 349/610/595 339/610/652 370/610/701
f 350/610/660 349/610/595 370/610/701
f 348/610/591 359/610/630 378/610/702
f 369/610/699 348/610/591 378/610/702
f 357/610/598 340/610/599 727/610/700
f 359/610/630 376/610/641 391/610/703
f 365/610/606 413/610/704 410/610/664
f 337/610/621 398/610/658 308/610/580
f 352/610/592 404/610/705 371/610/663
f 367/610/647 404/610/705 352/610/592
f 389/610/706 354/610/646 721/610/577
f 373/610/662 380/610/707 367/610/647
f 355/610/538 416/610/680 321/610/594
f 384/610/708 722/610/604 361/610/603
f 341/610/576 722/610/604 384/610/708
f 339/610/652 382/610/709 370/610/701
f 881/610/710 400/610/711 366/610/626 880/610/665
f 400/610/711 881/610/710 882/610/712 388/610/713
f 400/610/711 397/610/714 366/610/626
f 406/610/671 357/610/598 727/610/700
f 396/610/715 358/610/596 377/610/696
f 391/610/703 378/610/702 359/610/630
f 432/610/716 297/610/559 371/610/663
f 432/610/716 372/610/681 297/610/559
f 382/610/709 339/610/652 316/610/597
f 382/610/709 316/610/597 354/610/646
f 372/610/681 408/610/717 330/610/616
f 330/610/616 408/610/717 401/610/718
f 330/610/616 401/610/718 364/610/674
f 374/610/695 423/610/719 365/610/606
f 395/610/698 377/610/696 326/610/528
f 365/610/606 423/610/719 413/610/704
f 321/610/594 440/610/720 291/610/519
f 888/610/633 366/610/626 397/610/714 899/610/721
f 380/610/707 404/610/705 367/610/647
f 395/610/698 369/610/699 429/610/722
f 390/610/723 335/610/675 362/610/682
f 390/610/723 405/610/724 335/610/675
f 409/610/686 379/610/693 753/610/725
f 375/610/653 943/610/654 940/610/726
f 376/610/641 383/610/657 439/610/727
f 1077/610/728 1076/610/729 396/610/715
f 946/610/687 409/610/686 753/610/725 944/610/730
f 445/610/731 394/610/694 350/610/660
f 356/610/618 387/610/640 386/610/732
f 391/610/703 376/610/641 417/610/733
f 416/610/680 399/610/734 321/610/594
f 407/610/735 341/610/576 384/610/708
f 341/610/576 407/610/735 389/610/706
f 396/610/715 1085/610/736 1077/610/728
f 393/610/535 402/610/737 374/610/695
f 358/610/596 396/610/715 1076/610/729 1173/610/637
f 390/610/723 362/610/682 1243/610/684 1244/610/738
f 374/610/695 402/610/737 423/610/719
f 439/610/727 417/610/733 376/610/641
f 422/610/739 387/610/640 363/610/666
f 1247/610/740 1213/610/741 426/610/742
f 398/610/658 337/610/621 415/610/743
f 891/610/672 381/610/610 889/610/744
f 1068/610/745 439/610/727 383/610/657 1067/610/697
f 388/610/713 882/610/712 890/610/746
f 350/610/660 370/610/701 726/610/747
f 381/610/610 406/610/671 452/610/748
f 889/610/744 381/610/610 452/610/748 894/610/749
f 360/610/632 410/610/664 430/610/750
f 360/610/632 426/610/742 1213/610/741 1214/610/667
f 430/610/750 426/610/742 360/610/632
f 418/610/751 897/610/752 898/610/753
f 397/610/714 418/610/751 898/610/753 899/610/721
f 291/610/519 440/610/720 373/610/662
f 1172/610/754 361/610/603 368/610/689 1175/610/755
f 414/610/756 368/610/689 385/610/690
f 1175/610/755 368/610/689 414/610/756 1176/610/757
f 384/610/708 433/610/758 407/610/735
f 1172/610/754 1174/610/759 384/610/708 361/610/603
f 385/610/690 392/610/685 420/610/760
f 427/610/761 372/610/681 432/610/716
f 387/610/640 422/610/739 386/610/732
f 1245/610/762 441/610/763 390/610/723 1244/610/738
f 378/610/702 391/610/703 403/610/764
f 415/610/743 337/610/621 375/610/653
f 404/610/705 434/610/765 371/610/663
f 427/610/761 408/610/717 372/610/681
f 402/610/737 393/610/535 405/610/724
f 402/610/737 446/610/766 423/610/719
f 391/610/703 417/610/733 412/610/767
f 388/610/713 890/610/746 896/610/768
f 378/610/702 419/610/769 369/610/699
f 429/610/722 369/610/699 419/610/769
f 391/610/703 411/610/770 403/610/764
f 391/610/703 412/610/767 411/610/770
f 414/610/756 385/610/690 420/610/760
f 335/610/675 405/610/724 393/610/535
f 392/610/685 394/610/694 421/610/771
f 394/610/694 445/610/731 421/610/771
f 392/610/685 421/610/771 420/610/760
f 379/610/693 425/610/772 363/610/666
f 370/610/701 382/610/709 726/610/747
f 1231/610/773 1247/610/740 426/610/742 457/610/774
f 1232/610/775 1231/610/773 457/610/774
f 409/610/686 435/610/776 379/610/693
f 364/610/674 428/610/777 416/610/680
f 382/610/709 354/610/646 424/610/778
f 354/610/646 389/610/706 424/610/778
f 940/610/726 942/610/779 375/610/653
f 440/610/720 321/610/594 399/610/734
f 382/610/709 424/610/778 726/610/747
f 419/610/769 378/610/702 403/610/764
f 1246/610/780 441/610/763 1245/610/762
f 439/610/727 438/610/781 417/610/733
f 431/610/782 727/610/700 398/610/658
f 431/610/782 398/610/658 415/610/743
f 444/610/783 397/610/714 400/610/711
f 1176/610/757 414/610/756 1178/610/784
f 434/610/765 432/610/716 371/610/663
f 406/610/671 727/610/700 468/610/785
f 406/610/671 468/610/785 452/610/748
f 401/610/718 428/610/777 364/610/674
f 439/610/727 1068/610/745 1090/610/786 455/610/787
f 443/610/788 401/610/718 408/610/717
f 479/610/789 415/610/743 375/610/653
f 402/610/737 405/610/724 446/610/766
f 436/610/790 434/610/765 404/610/705
f 435/610/776 425/610/772 379/610/693
f 410/610/664 462/610/791 430/610/750
f 363/610/666 425/610/772 422/610/739
f 1071/610/792 384/610/708 1174/610/759
f 1071/610/792 1070/610/793 433/610/758 384/610/708
f 388/610/713 444/610/783 400/610/711
f 405/610/724 390/610/723 441/610/763
f 413/610/704 462/610/791 410/610/664
f 413/610/704 423/610/719 459/610/794
f 459/610/794 462/610/791 413/610/704
f 395/610/698 429/610/722 725/610/795
f 727/610/700 431/610/782 468/610/785
f 416/610/680 428/610/777 399/610/734
f 450/610/796 427/610/761 432/610/716
f 424/610/778 389/610/706 442/610/797
f 389/610/706 407/610/735 442/610/797
f 417/610/733 438/610/781 412/610/767
f 434/610/765 492/610/798 450/610/796
f 485/610/799 388/610/713 896/610/768 895/610/800
f 438/610/781 439/610/727 521/610/801
f 405/610/724 441/610/763 446/610/766
f 397/610/714 463/610/802 418/610/751
f 737/610/803 429/610/722 419/610/769
f 737/610/803 419/610/769 403/610/764
f 414/610/756 420/610/760 466/610/804
f 407/610/735 433/610/758 471/610/805
f 420/610/760 421/610/771 470/610/806
f 466/610/804 420/610/760 470/610/806
f 485/610/799 444/610/783 388/610/713
f 470/610/806 421/610/771 481/610/807
f 458/610/808 380/610/707 488/610/809
f 444/610/783 437/610/810 397/610/714
f 1074/610/811 1073/610/812 453/610/813
f 380/610/707 436/610/790 404/610/705
f 459/610/794 423/610/719 446/610/766
f 726/610/747 424/610/778 480/610/814
f 415/610/743 448/610/815 431/610/782
f 422/610/739 425/610/772 489/610/816
f 447/610/817 396/610/715 725/610/795
f 396/610/715 447/610/817 1075/610/818 1085/610/736
f 430/610/750 467/610/819 426/610/742
f 1229/610/820 441/610/763 1246/610/780
f 480/610/814 424/610/778 442/610/797
f 421/610/771 445/610/731 481/610/807
f 449/610/821 427/610/761 450/610/796
f 411/610/770 494/610/822 403/610/764
f 437/610/810 487/610/823 463/610/802
f 440/610/720 399/610/734 469/610/824
f 408/610/717 451/610/825 443/610/788
f 411/610/770 412/610/767 474/610/826
f 466/610/804 497/610/827 1186/610/828 1188/610/829
f 468/610/785 431/610/782 448/610/815
f 434/610/765 450/610/796 432/610/716
f 1072/610/830 456/610/831 433/610/758 1070/610/793
f 471/610/805 433/610/758 456/610/831
f 457/610/774 947/610/832 952/610/833 1232/610/775
f 479/610/789 375/610/653 942/610/779 954/610/834
f 427/610/761 454/610/835 408/610/717
f 408/610/717 454/610/835 451/610/825
f 463/610/802 397/610/714 437/610/810
f 474/610/826 412/610/767 517/610/836
f 401/610/718 443/610/788 460/610/837
f 460/610/837 428/610/777 401/610/718
f 485/610/799 473/610/838 444/610/783
f 517/610/836 412/610/767 438/610/781
f 422/610/739 478/610/839 386/610/732
f 458/610/808 436/610/790 380/610/707
f 521/610/801 439/610/727 455/610/787
f 447/610/817 453/610/813 1073/610/812 1075/610/818
f 414/610/756 1177/610/840 1178/610/784
f 414/610/756 466/610/804 1188/610/829 1177/610/840
f 948/610/841 386/610/732 478/610/839 951/610/842
f 457/610/774 953/610/843 947/610/832
f 1083/610/844 456/610/831 1072/610/830
f 440/610/720 469/610/824 488/610/809
f 442/610/797 407/610/735 471/610/805
f 1228/610/845 477/610/846 441/610/763 1229/610/820
f 427/610/761 449/610/821 454/610/835
f 426/610/742 467/610/819 457/610/774
f 443/610/788 451/610/825 511/610/847
f 443/610/788 511/610/847 460/610/837
f 473/610/838 465/610/848 444/610/783
f 465/610/848 437/610/810 444/610/783
f 448/610/815 415/610/743 479/610/789
f 477/610/846 446/610/766 441/610/763
f 481/610/807 445/610/731 515/610/849
f 474/610/826 482/610/850 411/610/770
f 494/610/822 411/610/770 461/610/851
f 411/610/770 482/610/850 461/610/851
f 469/610/824 399/610/734 500/610/852
f 452/610/748 507/610/853 892/610/854 894/610/749
f 507/610/853 901/610/855 892/610/854
f 435/610/776 409/610/686 475/610/856
f 422/610/739 530/610/857 478/610/839
f 447/610/817 725/610/795 495/610/858
f 533/610/859 452/610/748 468/610/785
f 483/610/860 487/610/823 437/610/810
f 465/610/848 483/610/860 437/610/810
f 453/610/813 447/610/817 495/610/858
f 454/610/835 472/610/861 451/610/825
f 451/610/825 472/610/861 511/610/847
f 446/610/766 477/610/846 459/610/794
f 435/610/776 513/610/862 425/610/772
f 1088/610/863 464/610/864 1087/610/865
f 455/610/787 453/610/813 532/610/866
f 445/610/731 726/610/747 496/610/867
f 515/610/849 445/610/731 496/610/867
f 462/610/791 512/610/868 430/610/750
f 512/610/868 467/610/819 430/610/750
f 532/610/866 453/610/813 495/610/858
f 438/610/781 521/610/801 523/610/869
f 523/610/869 517/610/836 438/610/781
f 435/610/776 475/610/856 513/610/862
f 428/610/777 500/610/852 399/610/734
f 480/610/814 442/610/797 471/610/805
f 1089/610/870 464/610/864 1088/610/863
f 521/610/801 455/610/787 532/610/866
f 950/610/871 478/610/839 961/610/872
f 533/610/859 468/610/785 448/610/815
f 475/610/856 409/610/686 945/610/688 949/610/873
f 428/610/777 460/610/837 500/610/852
f 1186/610/828 497/610/827 1185/610/874
f 459/610/794 509/610/875 462/610/791
f 509/610/875 512/610/868 462/610/791
f 507/610/853 900/610/876 901/610/855
f 457/610/774 467/610/819 957/610/877 953/610/843
f 436/610/790 738/610/878 434/610/765
f 738/610/878 492/610/798 434/610/765
f 484/610/879 449/610/821 450/610/796
f 478/610/839 530/610/857 959/610/880 961/610/872
f 1086/610/881 491/610/882 1084/610/883
f 491/610/882 1086/610/881 1087/610/865 464/610/864
f 726/610/747 480/610/814 496/610/867
f 418/610/751 463/610/802 498/610/884
f 463/610/802 487/610/823 498/610/884
f 418/610/751 498/610/884 903/610/885 907/610/886
f 465/610/848 501/610/887 483/610/860
f 490/610/888 464/610/864 1089/610/870 1079/610/889
f 489/610/816 530/610/857 422/610/739
f 1226/610/890 477/610/846 1228/610/845
f 500/610/852 505/610/891 728/610/892
f 908/610/893 418/610/751 907/610/886
f 492/610/798 484/610/879 450/610/796
f 466/610/804 470/610/806 538/610/894
f 497/610/827 466/610/804 538/610/894
f 533/610/859 507/610/853 452/610/748
f 552/610/895 480/610/814 471/610/805
f 1080/610/896 476/610/897 1081/610/898
f 476/610/897 490/610/888 1079/610/889 1081/610/898
f 516/610/899 494/610/822 461/610/851
f 504/610/900 508/610/901 473/610/838
f 454/610/835 502/610/902 472/610/861
f 499/610/903 729/610/904 737/610/803
f 506/610/905 474/610/826 517/610/836
f 482/610/850 474/610/826 506/610/905
f 475/610/856 567/610/906 513/610/862
f 458/610/808 738/610/878 436/610/790
f 516/610/899 461/610/851 525/610/907
f 454/610/835 449/610/821 502/610/902
f 472/610/861 502/610/902 557/610/908
f 496/610/867 559/610/909 515/610/849
f 504/610/900 473/610/838 485/610/799
f 501/610/887 493/610/910 483/610/860
f 508/610/901 465/610/848 473/610/838
f 449/610/821 484/610/879 514/610/911
f 496/610/867 480/610/814 552/610/895
f 1082/610/912 476/610/897 1080/610/896
f 482/610/850 506/610/905 536/610/913
f 513/610/862 535/610/914 489/610/816
f 1185/610/874 497/610/827 1187/610/915
f 486/610/916 476/610/897 1082/610/912 1091/610/917
f 511/610/847 537/610/918 460/610/837
f 461/610/851 482/610/850 536/610/913
f 486/610/916 1092/610/919 1093/610/920 1323/610/921
f 516/610/899 539/610/922 494/610/822
f 493/610/910 547/610/923 483/610/860
f 487/610/823 519/610/924 498/610/884
f 505/610/891 526/610/925 728/610/892
f 526/610/925 458/610/808 488/610/809
f 529/610/926 448/610/815 479/610/789
f 529/610/926 479/610/789 962/610/927 960/610/928
f 489/610/816 535/610/914 530/610/857
f 957/610/877 467/610/819 550/610/929 958/610/930
f 1092/610/919 486/610/916 1091/610/917
f 572/610/931 484/610/879 492/610/798
f 508/610/901 534/610/932 465/610/848
f 731/610/933 464/610/864 490/610/888
f 1225/610/934 509/610/875 477/610/846 1226/610/890
f 449/610/821 514/610/911 502/610/902
f 501/610/887 510/610/935 493/610/910
f 510/610/935 503/610/936 493/610/910
f 493/610/910 503/610/936 547/610/923
f 518/610/937 490/610/888 476/610/897
f 518/610/937 476/610/897 486/610/916
f 523/610/869 521/610/801 556/610/938
f 461/610/851 739/610/939 525/610/907
f 461/610/851 536/610/913 739/610/939
f 547/610/923 487/610/823 483/610/860
f 460/610/837 537/610/918 500/610/852
f 533/610/859 448/610/815 529/610/926
f 496/610/867 552/610/895 559/610/909
f 1099/610/940 1084/610/883 491/610/882
f 487/610/823 547/610/923 519/610/924
f 525/610/907 739/610/939 524/610/941
f 567/610/906 475/610/856 956/610/942 969/610/943
f 495/610/858 729/610/904 527/610/944
f 499/610/903 737/610/803 539/610/922
f 1323/610/921 1322/610/945 486/610/916
f 500/610/852 537/610/918 505/610/891
f 900/610/876 507/610/853 964/610/946
f 532/610/866 495/610/858 527/610/944
f 554/610/947 510/610/935 501/610/887
f 518/610/937 486/610/916 1322/610/945 1324/610/948
f 555/610/949 467/610/819 512/610/868
f 550/610/929 467/610/819 555/610/949
f 590/610/950 490/610/888 518/610/937
f 541/610/951 504/610/900 485/610/799
f 964/610/946 507/610/853 533/610/859 963/610/952
f 526/610/925 738/610/878 458/610/808
f 536/610/913 506/610/905 600/610/953
f 472/610/861 573/610/954 511/610/847
f 557/610/908 573/610/954 472/610/861
f 542/610/955 508/610/901 504/610/900
f 542/610/955 534/610/932 508/610/901
f 465/610/848 534/610/932 501/610/887
f 515/610/849 559/610/909 562/610/956
f 535/610/914 561/610/957 530/610/857
f 554/610/947 528/610/958 510/610/935
f 511/610/847 573/610/954 537/610/918
f 506/610/905 517/610/836 564/610/959
f 520/610/960 510/610/935 528/610/958
f 538/610/894 470/610/806 543/610/961
f 512/610/868 740/610/962 555/610/949
f 513/610/862 540/610/963 535/610/914
f 567/610/906 540/610/963 513/610/862
f 521/610/801 532/610/866 563/610/964
f 739/610/939 536/610/913 560/610/965
f 526/610/925 591/610/966 738/610/878
f 470/610/806 481/610/807 543/610/961
f 491/610/882 548/610/967 1098/610/968 1099/610/940
f 525/610/907 524/610/941 520/610/960
f 520/610/960 503/610/936 510/610/935
f 534/610/932 554/610/947 501/610/887
f 481/610/807 515/610/849 562/610/956
f 481/610/807 562/610/956 543/610/961
f 502/610/902 514/610/911 545/610/969
f 591/610/966 572/610/931 738/610/878
f 528/610/958 525/610/907 520/610/960
f 546/610/970 539/610/922 516/610/899
f 564/610/959 517/610/836 523/610/869
f 1304/610/971 1296/610/972 544/610/973
f 527/610/944 499/610/903 568/610/974
f 563/610/964 556/610/938 521/610/801
f 535/610/914 540/610/963 596/610/975
f 520/610/960 524/610/941 531/610/976
f 520/610/960 531/610/976 503/610/936
f 1303/610/977 544/610/973 1296/610/972
f 731/610/933 490/610/888 590/610/950
f 545/610/969 592/610/978 557/610/908
f 541/610/951 565/610/979 504/610/900
f 553/610/980 551/610/981 528/610/958
f 551/610/981 516/610/899 525/610/907
f 1331/610/982 603/610/983 518/610/937 1324/610/948
f 959/610/880 530/610/857 561/610/957 970/610/984
f 503/610/936 549/610/985 547/610/923
f 532/610/866 527/610/944 563/610/964
f 903/610/885 498/610/884 558/610/986 902/610/987
f 519/610/924 558/610/986 498/610/884
f 497/610/827 1189/610/988 1187/610/915
f 963/610/952 533/610/859 974/610/989
f 497/610/827 538/610/894 581/610/990
f 497/610/827 581/610/990 1193/610/991 1189/610/988
f 541/610/951 906/610/992 905/610/993
f 535/610/914 596/610/975 561/610/957
f 600/610/953 599/610/994 536/610/913
f 524/610/941 739/610/939 560/610/965
f 536/610/913 599/610/994 560/610/965
f 565/610/979 542/610/955 504/610/900
f 603/610/983 1331/610/982 1327/610/995
f 546/610/970 516/610/899 551/610/981
f 503/610/936 531/610/976 549/610/985
f 538/610/894 543/610/961 571/610/996
f 581/610/990 538/610/894 571/610/996
f 583/610/997 919/610/998 904/610/999
f 558/610/986 583/610/997 904/610/999 902/610/987
f 567/610/906 569/610/1000 540/610/963
f 540/610/963 569/610/1000 596/610/975
f 456/610/831 1083/610/844 1097/610/1001
f 584/610/1002 562/610/956 559/610/909
f 541/610/951 610/610/1003 565/610/979
f 506/610/905 564/610/959 600/610/953
f 553/610/980 528/610/958 554/610/947
f 589/610/1004 534/610/932 542/610/955
f 561/610/957 971/610/1005 970/610/984
f 973/610/1006 974/610/989 533/610/859 529/610/926
f 528/610/958 551/610/981 525/610/907
f 543/610/961 562/610/956 571/610/996
f 531/610/976 524/610/941 566/610/1007
f 524/610/941 560/610/965 566/610/1007
f 575/610/1008 545/610/969 514/610/911
f 545/610/969 574/610/1009 592/610/978
f 545/610/969 575/610/1008 574/610/1009
f 585/610/1010 549/610/985 593/610/1011
f 529/610/926 960/610/928 972/610/1012
f 529/610/926 972/610/1012 973/610/1006
f 607/610/1013 590/610/950 518/610/937
f 597/610/1014 731/610/933 590/610/950
f 554/610/947 534/610/932 589/610/1004
f 568/610/974 563/610/964 527/610/944
f 610/610/1003 541/610/951 905/610/993 916/610/1015
f 523/610/869 556/610/938 598/610/1016
f 564/610/959 523/610/869 598/610/1016
f 552/610/895 471/610/805 730/610/1017
f 531/610/976 580/610/1018 549/610/985
f 1252/610/1019 1190/610/1020 1191/610/1021
f 577/610/1022 546/610/970 551/610/981
f 573/610/954 611/610/1023 537/610/918
f 559/610/909 552/610/895 584/610/1002
f 552/610/895 619/610/1024 584/610/1002
f 570/610/1025 731/610/933 597/610/1014
f 550/610/929 968/610/1026 958/610/930
f 1096/610/1027 619/610/1024 730/610/1017 1095/610/1028
f 576/610/1029 499/610/903 539/610/922
f 568/610/974 499/610/903 576/610/1029
f 603/610/983 1327/610/995 1325/610/1030
f 740/610/962 1230/610/1031 1236/610/1032 582/610/1033
f 578/610/1034 522/610/1035 1298/610/1036 1301/610/1037
f 576/610/1029 539/610/922 587/610/1038
f 573/610/954 557/610/908 595/610/1039
f 581/610/990 571/610/996 601/610/1040
f 537/610/918 611/610/1023 505/610/891
f 1094/610/1041 1098/610/968 548/610/967
f 586/610/1042 589/610/1004 542/610/955
f 566/610/1007 580/610/1018 531/610/976
f 583/610/997 909/610/1043 919/610/998
f 544/610/973 522/610/1035 588/610/1044
f 579/610/1045 569/610/1000 567/610/906
f 577/610/1022 551/610/981 553/610/980
f 571/610/996 562/610/956 584/610/1002
f 586/610/1042 542/610/955 565/610/979
f 549/610/985 585/610/1010 547/610/923
f 585/610/1010 519/610/924 547/610/923
f 607/610/1013 518/610/937 603/610/983
f 594/610/1046 539/610/922 546/610/970
f 587/610/1038 539/610/922 594/610/1046
f 582/610/1033 555/610/949 740/610/962
f 571/610/996 584/610/1002 663/610/1047
f 971/610/1005 561/610/957 652/610/1048 975/610/1049
f 602/610/1050 544/610/973 588/610/1044
f 1237/610/1051 582/610/1033 1236/610/1032
f 617/610/1052 592/610/978 574/610/1009
f 550/610/929 555/610/949 1235/610/1053 1233/610/1054
f 1234/610/1055 1235/610/1053 555/610/949 582/610/1033
f 519/610/924 605/610/1056 558/610/986
f 585/610/1010 605/610/1056 519/610/924
f 601/610/1040 571/610/996 663/610/1047
f 544/610/973 602/610/1050 1326/610/1057 1304/610/971
f 630/610/1058 589/610/1004 586/610/1042
f 573/610/954 631/610/1059 611/610/1023
f 573/610/954 595/610/1039 631/610/1059
f 575/610/1008 606/610/1060 574/610/1009
f 606/610/1060 617/610/1052 574/610/1009
f 592/610/978 604/610/1061 557/610/908
f 609/610/1062 910/610/1063 911/610/1064
f 609/610/1062 610/610/1003 916/610/1015 910/610/1063
f 618/610/1065 568/610/974 576/610/1029
f 618/610/1065 576/610/1029 587/610/1038
f 620/610/1066 553/610/980 554/610/947
f 580/610/1018 608/610/1067 549/610/985
f 549/610/985 608/610/1067 593/610/1011
f 602/610/1050 1329/610/1068 1326/610/1057
f 1197/610/1069 1193/610/991 581/610/990 633/610/1070
f 1197/610/1069 633/610/1070 1198/610/1071
f 633/610/1070 581/610/990 601/610/1040
f 582/610/1033 1237/610/1051 1234/610/1055
f 558/610/986 605/610/1056 583/610/997
f 560/610/965 623/610/1072 566/610/1007
f 599/610/994 623/610/1072 560/610/965
f 614/610/1073 546/610/970 577/610/1022
f 614/610/1073 594/610/1046 546/610/970
f 612/610/1074 1302/610/1075 1300/610/1076
f 611/610/1023 624/610/1077 505/610/891
f 965/610/1078 579/610/1045 966/610/1079
f 627/610/1080 587/610/1038 594/610/1046
f 570/610/1025 1123/610/1081 1122/610/1082 548/610/967
f 548/610/967 1122/610/1082 1094/610/1041
f 615/610/1083 600/610/953 564/610/959
f 615/610/1083 625/610/1084 600/610/953
f 589/610/1004 630/610/1058 640/610/1085
f 589/610/1004 620/610/1066 554/610/947
f 632/610/1086 597/610/1014 590/610/950
f 632/610/1086 590/610/950 607/610/1013
f 595/610/1039 604/610/1061 621/610/1087
f 1254/610/1088 1255/610/1089 613/610/1090
f 612/610/1074 578/610/1034 1301/610/1037 1302/610/1075
f 629/610/1091 570/610/1025 597/610/1014
f 585/610/1010 616/610/1092 605/610/1056
f 564/610/959 598/610/1016 615/610/1083
f 641/610/1093 606/610/1060 575/610/1008
f 592/610/978 617/610/1052 638/610/1094
f 620/610/1066 577/610/1022 553/610/980
f 627/610/1080 618/610/1065 587/610/1038
f 595/610/1039 621/610/1087 631/610/1059
f 591/610/966 648/610/1095 572/610/931
f 648/610/1095 622/610/1096 572/610/931
f 604/610/1061 592/610/978 638/610/1094
f 597/610/1014 632/610/1086 629/610/1091
f 615/610/1083 598/610/1016 732/610/1097
f 619/610/1024 1096/610/1027 1100/610/1098 642/610/1099
f 637/610/1100 586/610/1042 610/610/1003
f 600/610/953 625/610/1084 599/610/994
f 618/610/1065 732/610/1097 568/610/974
f 663/610/1047 584/610/1002 639/610/1101
f 584/610/1002 619/610/1024 639/610/1101
f 628/610/1102 607/610/1013 603/610/983
f 628/610/1102 603/610/983 1325/610/1030 1330/610/1103
f 588/610/1044 578/610/1034 626/610/1104
f 566/610/1007 635/610/1105 580/610/1018
f 566/610/1007 623/610/1072 635/610/1105
f 609/610/1062 583/610/997 605/610/1056
f 616/610/1092 634/610/1106 605/610/1056
f 633/610/1070 601/610/1040 667/610/1107
f 641/610/1093 669/610/1108 606/610/1060
f 669/610/1108 617/610/1052 606/610/1060
f 614/610/1073 645/610/1109 594/610/1046
f 570/610/1025 629/610/1091 1124/610/1110 1123/610/1081
f 628/610/1102 632/610/1086 607/610/1013
f 593/610/1011 616/610/1092 585/610/1010
f 578/610/1034 612/610/1074 661/610/1111
f 659/610/1112 588/610/1044 626/610/1104
f 599/610/994 625/610/1084 657/610/1113
f 623/610/1072 599/610/994 657/610/1113
f 569/610/1000 680/610/1114 596/610/975
f 1195/610/1115 1198/610/1071 633/610/1070
f 611/610/1023 662/610/1116 624/610/1077
f 1101/610/1117 642/610/1099 1100/610/1098
f 622/610/1096 641/610/1093 575/610/1008
f 612/610/1074 917/610/1118 913/610/1119
f 612/610/1074 913/610/1119 914/610/1120 661/610/1111
f 613/610/1090 1196/610/1121 1194/610/1122 655/610/1123
f 625/610/1084 615/610/1083 636/610/1124
f 612/610/1074 912/610/1125 917/610/1118
f 602/610/1050 588/610/1044 659/610/1112
f 733/610/1126 577/610/1022 620/610/1066
f 589/610/1004 640/610/1085 620/610/1066
f 580/610/1018 635/610/1105 608/610/1067
f 630/610/1058 586/610/1042 637/610/1100
f 639/610/1101 619/610/1024 642/610/1099
f 569/610/1000 579/610/1045 674/610/1127
f 616/610/1092 593/610/1011 649/610/1128
f 591/610/966 624/610/1077 662/610/1116
f 591/610/966 662/610/1116 648/610/1095
f 657/610/1113 635/610/1105 623/610/1072
f 611/610/1023 631/610/1059 644/610/1129
f 611/610/1023 644/610/1129 662/610/1116
f 978/610/1130 652/610/1048 990/610/1131
f 652/610/1048 978/610/1130 975/610/1049
f 625/610/1084 636/610/1124 657/610/1113
f 617/610/1052 669/610/1108 664/610/1132
f 1125/610/1133 1124/610/1110 629/610/1091
f 680/610/1114 671/610/1134 596/610/975
f 569/610/1000 674/610/1127 680/610/1114
f 636/610/1124 615/610/1083 647/610/1135
f 608/610/1067 635/610/1105 651/610/1136
f 601/610/1040 663/610/1047 685/610/1137
f 667/610/1107 601/610/1040 685/610/1137
f 627/610/1080 594/610/1046 645/610/1109
f 647/610/1135 618/610/1065 627/610/1080
f 634/610/1106 616/610/1092 650/610/1138
f 616/610/1092 649/610/1128 650/610/1138
f 640/610/1085 630/610/1058 658/610/1139
f 1199/610/1140 655/610/1123 1194/610/1122
f 608/610/1067 651/610/1136 649/610/1128
f 620/610/1066 653/610/1141 733/610/1126
f 640/610/1085 653/610/1141 620/610/1066
f 633/610/1070 667/610/1107 1121/610/1142 1195/610/1115
f 1332/610/1143 656/610/1144 1333/610/1145
f 678/610/1146 641/610/1093 622/610/1096
f 593/610/1011 608/610/1067 649/610/1128
f 643/610/1147 1238/610/1148 1253/610/1149
f 604/610/1061 665/610/1150 621/610/1087
f 646/610/1151 630/610/1058 637/610/1100
f 630/610/1058 646/610/1151 658/610/1139
f 579/610/1045 965/610/1078 976/610/1152
f 674/610/1127 579/610/1045 976/610/1152 977/610/1153
f 661/610/1111 914/610/1120 915/610/1154
f 634/610/1106 646/610/1151 637/610/1100
f 656/610/1144 628/610/1102 1330/610/1103 1333/610/1145
f 1126/610/1155 1125/610/1133 629/610/1091
f 648/610/1095 678/610/1146 622/610/1096
f 617/610/1052 664/610/1132 638/610/1094
f 664/610/1132 660/610/1156 638/610/1094
f 1328/610/1157 602/610/1050 659/610/1112 1334/610/1158
f 636/610/1124 647/610/1135 668/610/1159
f 636/610/1124 668/610/1159 657/610/1113
f 578/610/1034 661/610/1111 626/610/1104
f 629/610/1091 632/610/1086 1127/610/1160 1126/610/1155
f 1105/610/1161 1104/610/1162 639/610/1101 642/610/1099
f 640/610/1085 666/610/1163 653/610/1141
f 658/610/1139 666/610/1163 640/610/1085
f 635/610/1105 676/610/1164 651/610/1136
f 654/610/1165 632/610/1086 628/610/1102
f 656/610/1144 654/610/1165 628/610/1102
f 621/610/1087 665/610/1150 687/610/1166
f 632/610/1086 654/610/1165 1128/610/1167 1127/610/1160
f 657/610/1113 676/610/1164 635/610/1105
f 647/610/1135 627/610/1080 645/610/1109
f 1329/610/1068 602/610/1050 1328/610/1157
f 650/610/1138 646/610/1151 634/610/1106
f 614/610/1073 733/610/1126 670/610/1168
f 645/610/1109 614/610/1073 670/610/1168
f 669/610/1108 692/610/1169 664/610/1132
f 668/610/1159 647/610/1135 645/610/1109
f 689/610/1170 678/610/1146 648/610/1095
f 655/610/1123 1199/610/1140 1200/610/1171 679/610/1172
f 638/610/1094 665/610/1150 604/610/1061
f 663/610/1047 639/610/1101 752/610/1173
f 1129/610/1174 1128/610/1167 654/610/1165
f 1130/610/1175 1129/610/1174 654/610/1165
f 668/610/1159 645/610/1109 670/610/1168
f 672/610/1176 733/610/1126 653/610/1141
f 653/610/1141 666/610/1163 672/610/1176
f 672/610/1176 670/610/1168 733/610/1126
f 654/610/1165 656/610/1144 1131/610/1177 1130/610/1175
f 662/610/1116 689/610/1170 648/610/1095
f 658/610/1139 646/610/1151 650/610/1138
f 656/610/1144 1332/610/1143 1339/610/1178
f 1339/610/1178 1132/610/1179 1131/610/1177 656/610/1144
f 681/610/1180 980/610/1181 981/610/1182
f 1102/610/1183 642/610/1099 1101/610/1117
f 626/610/1104 661/610/1111 684/610/1184
f 664/610/1132 682/610/1185 660/610/1156
f 649/610/1128 651/610/1136 673/610/1186
f 649/610/1128 673/610/1186 650/610/1138
f 980/610/1181 681/610/1180 661/610/1111 915/610/1154
f 695/610/1187 661/610/1111 681/610/1180
f 673/610/1186 658/610/1139 650/610/1138
f 657/610/1113 675/610/1188 676/610/1164
f 657/610/1113 668/610/1159 675/610/1188
f 655/610/1123 686/610/1189 643/610/1147
f 679/610/1172 686/610/1189 655/610/1123
f 692/610/1169 682/610/1185 664/610/1132
f 660/610/1156 682/610/1185 701/610/1190
f 642/610/1099 1102/610/1183 1105/610/1161
f 638/610/1094 683/610/1191 665/610/1150
f 676/610/1164 677/610/1192 651/610/1136
f 651/610/1136 677/610/1192 673/610/1186
f 684/610/1184 659/610/1112 626/610/1104
f 688/610/1193 674/610/1127 977/610/1153 979/610/1194
f 668/610/1159 670/610/1168 675/610/1188
f 673/610/1186 666/610/1163 658/610/1139
f 680/610/1114 754/610/1195 671/610/1134
f 677/610/1192 672/610/1176 666/610/1163
f 673/610/1186 677/610/1192 666/610/1163
f 675/610/1188 670/610/1168 672/610/1176
f 676/610/1164 675/610/1188 672/610/1176
f 677/610/1192 676/610/1164 672/610/1176
f 688/610/1193 680/610/1114 674/610/1127
f 684/610/1184 690/610/1196 659/610/1112
f 685/610/1137 752/610/1173 700/610/1197
f 693/610/1198 689/610/1170 662/610/1116
f 693/610/1198 662/610/1116 644/610/1129
f 667/610/1107 685/610/1137 702/610/1199
f 1334/610/1158 659/610/1112 690/610/1196 1335/610/1200
f 1239/610/1201 1238/610/1148 643/610/1147 691/610/1202
f 643/610/1147 686/610/1189 691/610/1202
f 660/610/1156 683/610/1191 638/610/1094
f 679/610/1172 709/610/1203 686/610/1189
f 688/610/1193 754/610/1195 680/610/1114
f 1201/610/1204 679/610/1172 1200/610/1171
f 1106/610/1205 709/610/1203 679/610/1172 1201/610/1204
f 688/610/1193 979/610/1194 986/610/1206
f 1107/610/1207 1121/610/1142 667/610/1107
f 689/610/1170 708/610/1208 678/610/1146
f 691/610/1202 711/610/1209 1242/610/1210 1240/610/1211
f 665/610/1150 735/610/1212 687/610/1166
f 687/610/1166 693/610/1198 644/610/1129
f 693/610/1198 687/610/1166 697/610/1213
f 698/610/1214 692/610/1169 669/610/1108
f 685/610/1137 700/610/1197 702/610/1199
f 686/610/1189 710/610/1215 691/610/1202
f 690/610/1196 1336/610/1216 1335/610/1200
f 699/610/1217 682/610/1185 692/610/1169
f 693/610/1198 697/610/1213 689/610/1170
f 697/610/1213 708/610/1208 689/610/1170
f 660/610/1156 694/610/1218 683/610/1191
f 701/610/1190 694/610/1218 660/610/1156
f 991/610/1219 754/610/1195 987/610/1220
f 1034/610/1221 1037/610/1222 683/610/1191 694/610/1218
f 681/610/1180 981/610/1182 989/610/1223
f 1110/610/1224 696/610/1225 1111/610/1226
f 1111/610/1226 696/610/1225 1112/610/1227
f 708/610/1208 734/610/1228 678/610/1146
f 987/610/1220 754/610/1195 712/610/1229 984/610/1230
f 711/610/1209 1032/610/1231 1028/610/1232 1241/610/1233 1242/610/1210
f 699/610/1217 705/610/1234 682/610/1185
f 1028/610/1232 1027/610/1235 1241/610/1233
f 1336/610/1216 690/610/1196 1338/610/1236
f 703/610/1237 690/610/1196 684/610/1184
f 695/610/1187 703/610/1237 684/610/1184
f 707/610/1238 695/610/1187 681/610/1180
f 707/610/1238 681/610/1180 989/610/1223 988/610/1239
f 706/610/1240 696/610/1225 1110/610/1224 1114/610/1241
f 694/610/1218 701/610/1190 1036/610/1242 1035/610/1243
f 694/610/1218 1035/610/1243 1034/610/1221
f 1338/610/1236 690/610/1196 703/610/1237 1337/610/1244
f 1119/610/1245 700/610/1197 1120/610/1246
f 698/610/1214 699/610/1217 692/610/1169
f 709/610/1203 710/610/1215 686/610/1189
f 696/610/1225 706/610/1240 704/610/1247
f 696/610/1225 704/610/1247 1006/610/1248 1008/610/1249
f 1115/610/1250 709/610/1203 1106/610/1205
f 754/610/1195 688/610/1193 712/610/1229
f 711/610/1209 691/610/1202 1029/610/1251 1030/610/1252
f 691/610/1202 710/610/1215 1017/610/1253 1029/610/1251
f 701/610/1190 1033/610/1254 1036/610/1242
f 1047/610/1255 734/610/1228 708/610/1208 1048/610/1256
f 712/610/1229 688/610/1193 986/610/1206 985/610/1257
f 997/610/1258 992/610/1259 695/610/1187 707/610/1238
f 1008/610/1249 1000/610/1260 1112/610/1227 696/610/1225
f 1046/610/1261 699/610/1217 698/610/1214 1044/610/1262
f 1011/610/1263 1006/610/1248 704/610/1247
f 734/610/1228 1042/610/1264 1043/610/1265 698/610/1214
f 734/610/1228 1047/610/1255 1042/610/1264
f 1022/610/1266 702/610/1199 700/610/1197 1002/610/1267
f 735/610/1212 1026/610/1268 1025/610/1269
f 992/610/1259 993/610/1270 703/610/1237 695/610/1187
f 1337/610/1244 703/610/1237 994/610/1271 995/610/1272
f 706/610/1240 1018/610/1273 1012/610/1274 704/610/1247
f 687/610/1166 735/610/1212 697/610/1213
f 999/610/1275 1004/610/1276 1116/610/1277 1118/610/1278
f 1118/610/1278 998/610/1279 999/610/1275
f 1019/610/1280 1014/610/1281 709/610/1203 1115/610/1250
f 708/610/1208 697/610/1213 1050/610/1282 1049/610/1283
f 994/610/1271 703/610/1237 993/610/1270
f 983/610/1284 712/610/1229 985/610/1257
f 702/610/1199 1016/610/1285 1021/610/1286 1108/610/1287 1109/610/1288
f 1108/610/1287 1021/610/1286 1020/610/1289
f 1012/610/1274 1010/610/1290 704/610/1247
f 698/610/1214 1043/610/1265 1044/610/1262
f 711/610/1209 1030/610/1252 1031/610/1291
f 1010/610/1290 1009/610/1292 704/610/1247
f 704/610/1247 1009/610/1292 1011/610/1263
f 706/610/1240 1007/610/1293 1018/610/1273
f 1013/610/1294 1015/610/1295 710/610/1215 709/610/1203
f 710/610/1215 1015/610/1295 1017/610/1253
f 1002/610/1267 700/610/1197 1119/610/1245 1001/610/1296
f 1003/610/1297 1005/610/1298 1117/610/1299
f 697/610/1213 1024/610/1300 1051/610/1301
f 697/610/1213 1051/610/1301 1050/610/1282
f 699/610/1217 1045/610/1302 1039/610/1303 705/610/1234
f 705/610/1234 1040/610/1304 1041/610/1305
f 708/610/1208 1049/610/1283 1048/610/1256
f 1116/610/1277 1004/610/1276 1003/610/1297 1117/610/1299
f 709/610/1203 1014/610/1281 1013/610/1294
f 1113/610/1306 1023/610/1307 1007/610/1293 706/610/1240
f 705/610/1234 1038/610/1308 1040/610/1304
f 707/610/1238 996/610/1309 997/610/1258
f 711/610/1209 1031/610/1291 1032/610/1231
f 705/610/1234 1039/610/1303 1038/610/1308
f 699/610/1217 1046/610/1261 1045/610/1302
f 825/610/10 824/610/1310 26/610/7
f 40/610/8 18/610/36 840/610/35 826/610/9
f 713/610/96 26/610/7 822/610/1311 823/610/97
f 714/610/176 32/610/160 42/610/183
f 26/610/7 713/610/96 68/610/178
f 714/610/176 57/610/200 37/610/172
f 41/610/91 98/610/179 850/610/297 848/610/193
f 133/610/226 750/610/300 100/610/272
f 56/610/184 715/610/251 83/610/239
f 715/610/251 152/610/452 83/610/239
f 120/610/269 1265/610/1312 1257/610/270
f 864/610/1313 851/610/299 159/610/298
f 193/610/339 152/610/452 715/610/251
f 143/610/378 119/610/325 113/610/283
f 716/610/360 140/610/358 135/610/357
f 716/610/360 126/610/349 139/610/337
f 147/610/309 1203/610/391 1209/610/1314
f 148/610/343 88/610/175 161/610/209
f 208/610/421 162/610/355 170/610/351
f 221/610/412 206/610/314 171/610/259
f 273/610/477 205/610/404 718/610/1315
f 95/610/234 717/610/166 205/610/404
f 718/610/1315 720/610/545 273/610/477
f 720/610/545 718/610/1315 247/610/417
f 214/610/385 736/610/384 218/610/462
f 1206/610/521 751/610/344 1207/610/1316
f 172/610/373 1184/610/372 1168/610/468
f 719/610/461 214/610/385 285/610/562
f 724/610/510 200/610/396 253/610/493
f 289/610/530 719/610/461 285/610/562
f 749/610/509 224/610/405 237/610/488
f 749/610/509 257/610/518 281/610/533
f 340/610/599 284/610/429 208/610/421
f 211/610/403 282/610/558 329/610/492
f 721/610/577 312/610/529 283/610/489
f 299/610/578 240/610/439 295/610/556
f 286/610/555 722/610/604 256/610/458
f 720/610/545 311/610/560 273/610/477
f 722/610/604 286/610/555 318/610/605
f 303/610/469 724/610/510 343/610/638
f 305/610/566 723/610/631 275/610/553
f 723/610/631 310/610/593 298/610/579
f 302/610/586 724/610/510 253/610/493
f 721/610/577 354/610/646 312/610/529
f 1221/610/1317 935/610/1318 933/610/1319
f 1221/610/1317 933/610/1319 934/610/613 324/610/612 1220/610/691
f 724/610/510 345/610/655 343/610/638
f 329/610/492 322/610/539 243/610/426
f 1216/610/692 324/610/612 332/610/585 1217/610/1320
f 1217/610/1320 332/610/585 1218/610/611
f 389/610/706 721/610/577 341/610/576
f 377/610/696 395/610/698 725/610/795
f 725/610/795 396/610/715 377/610/696
f 478/610/839 950/610/871 951/610/842
f 477/610/846 509/610/875 459/610/794
f 469/610/824 728/610/892 488/610/809
f 500/610/852 728/610/892 469/610/824
f 729/610/904 429/610/722 737/610/803
f 429/610/722 729/610/904 725/610/795
f 729/610/904 495/610/858 725/610/795
f 456/610/831 730/610/1017 471/610/805
f 728/610/892 526/610/925 488/610/809
f 731/610/933 491/610/882 464/610/864
f 729/610/904 499/610/903 527/610/944
f 545/610/969 557/610/908 502/610/902
f 548/610/967 491/610/882 731/610/933
f 731/610/933 570/610/1025 548/610/967
f 552/610/895 730/610/1017 619/610/1024
f 1191/610/1021 1192/610/1321 613/610/1090 1255/610/1089 1252/610/1019
f 1097/610/1001 1095/610/1028 730/610/1017 456/610/831
f 741/610/1322 732/610/1097 598/610/1016
f 1196/610/1121 613/610/1090 1192/610/1321
f 583/610/997 609/610/1062 911/610/1064 909/610/1043
f 522/610/1035 578/610/1034 588/610/1044
f 732/610/1097 741/610/1322 568/610/974
f 1233/610/1054 967/610/1323 968/610/1026 550/610/929
f 557/610/908 604/610/1061 595/610/1039
f 912/610/1125 612/610/1074 1300/610/1076 918/610/1324
f 610/610/1003 586/610/1042 565/610/979
f 609/610/1062 605/610/1056 634/610/1106
f 733/610/1126 614/610/1073 577/610/1022
f 615/610/1083 732/610/1097 647/610/1135
f 732/610/1097 618/610/1065 647/610/1135
f 621/610/1087 687/610/1166 631/610/1059
f 684/610/1184 661/610/1111 695/610/1187
f 734/610/1228 669/610/1108 641/610/1093
f 667/610/1107 702/610/1199 1109/610/1288 1107/610/1207
f 1240/610/1211 1239/610/1201 691/610/1202
f 734/610/1228 698/610/1214 669/610/1108
f 678/610/1146 734/610/1228 641/610/1093
f 1113/610/1306 706/610/1240 1114/610/1241
f 682/610/1185 705/610/1234 701/610/1190
f 697/610/1213 735/610/1212 1025/610/1269 1024/610/1300
f 702/610/1199 1022/610/1266 1016/610/1285
f 106/610/204 165/610/418 746/610/1325
f 151/610/280 92/610/231 86/610/232
f 164/610/287 113/610/283 97/610/285
f 1316/610/273 78/610/158 38/610/140 1261/610/316
f 736/610/384 121/610/275 172/610/373
f 84/610/220 148/610/343 170/610/351
f 1162/610/374 172/610/373 121/610/275 1165/610/274
f 736/610/384 96/610/245 121/610/275
f 717/610/166 746/610/1325 718/610/1315
f 114/610/203 743/610/263 747/610/413
f 182/610/333 188/610/386 216/610/442
f 234/610/480 216/610/442 188/610/386
f 1306/610/575 1283/610/1326 320/610/574
f 248/610/534 306/610/548 335/610/675
f 1078/610/1327 455/610/787 1090/610/786
f 539/610/922 737/610/803 494/610/822
f 479/610/789 954/610/834 962/610/927
f 738/610/878 572/610/931 492/610/798
f 740/610/962 512/610/868 509/610/875
f 1303/610/977 1305/610/1328 522/610/1035 544/610/973
f 509/610/875 1225/610/934 1227/610/1329 740/610/962
f 1230/610/1031 740/610/962 1227/610/1329
f 824/610/1310 822/610/1311 26/610/7
f 865/610/433 864/610/1313 159/610/298
f 717/610/166 718/610/1315 205/610/404
f 737/610/803 403/610/764 494/610/822
f 563/610/964 741/610/1322 556/610/938
f 598/610/1016 556/610/938 741/610/1322
f 741/610/1322 563/610/964 568/610/974
f 631/610/1059 687/610/1166 644/610/1129
f 1033/610/1254 701/610/1190 705/610/1234 1041/610/1305
f 742/610/141 10/610/23 767/610/29 772/610/1330 1256/610/1331
f 742/610/141 1256/610/1331 1263/610/142
f 742/610/141 78/610/158 10/610/23
f 88/610/175 26/610/7 68/610/178
f 1166/610/276 121/610/275 1154/610/1332
f 121/610/275 96/610/245 1153/610/247 1154/610/1332
f 146/610/225 849/610/252 854/610/380
f 92/610/231 744/610/281 115/610/254
f 748/610/256 147/610/309 743/610/263
f 922/610/319 115/610/254 744/610/281 921/610/376
f 151/610/280 923/610/400 924/610/375 744/610/281
f 249/610/352 862/610/381 863/610/523
f 160/610/296 196/610/409 159/610/298
f 872/610/473 194/610/347 745/610/515 870/610/617
f 745/610/515 207/610/411 323/610/514
f 1282/610/602 314/610/601 320/610/574 1283/610/1326
f 356/610/618 745/610/515 323/610/514
f 393/610/535 374/610/695 347/610/607
f 350/610/660 726/610/747 445/610/731
f 120/610/269 129/610/329 1264/610/1333 1265/610/1312
f 71/610/103 746/610/1325 80/610/152
f 106/610/204 746/610/1325 71/610/103
f 80/610/152 746/610/1325 717/610/166
f 165/610/418 247/610/417 746/610/1325
f 718/610/1315 746/610/1325 247/610/417
f 751/610/344 747/610/413 743/610/263
f 248/610/534 335/610/675 304/610/535
f 455/610/787 1078/610/1327 1074/610/811 453/610/813
f 1152/610/246 73/610/173 1140/610/174
f 49/610/180 53/610/195 748/610/256
f 53/610/195 92/610/231 748/610/256
f 749/610/509 237/610/488 220/610/476
f 984/610/1230 712/610/1229 983/610/1284
f 1207/610/1316 751/610/344 147/610/309 1209/610/1314
f 129/610/329 1281/610/332 1264/610/1333
f 988/610/1239 982/610/1334 996/610/1309 707/610/1238
f 133/610/226 100/610/272 87/610/210
f 347/610/607 278/610/543 304/610/535
f 347/610/607 304/610/535 393/610/535
f 513/610/862 489/610/816 425/610/772
f 226/610/472 291/610/519 266/610/491
f 752/610/1173 639/610/1101 1104/610/1162 1103/610/1335
f 652/610/1048 671/610/1134 754/610/1195
f 752/610/1173 685/610/1137 663/610/1047
f 700/610/1197 752/610/1173 1103/610/1335 1120/610/1246
f 133/610/226 201/610/365 750/610/300
f 175/610/315 116/610/243 104/610/156
f 753/610/725 351/610/512 939/610/639 944/610/730
f 351/610/512 753/610/725 319/610/567
f 753/610/725 379/610/693 319/610/567
f 966/610/1079 579/610/1045 567/610/906 969/610/943
f 291/610/519 373/610/662 266/610/491
f 119/610/325 143/610/378 149/610/359
f 1277/610/1336 113/610/283 1276/610/367
f 541/610/951 893/610/1337 906/610/992
f 637/610/1100 609/610/1062 634/610/1106
f 665/610/1150 683/610/1191 735/610/1212
f 30/610/134 22/610/117 778/610/1338 779/610/135
f 104/610/156 111/610/257 175/610/315
f 190/610/363 283/610/489 209/610/448
f 272/610/547 270/610/526 1223/610/623 1208/610/678
f 488/610/809 380/610/707 373/610/662
f 440/610/720 488/610/809 373/610/662
f 475/610/856 949/610/873 956/610/942
f 990/610/1131 652/610/1048 754/610/1195 991/610/1219
f 789/610/76 788/610/121 43/610/75
f 201/610/365 227/610/434 750/610/300
f 125/610/244 213/610/419 165/610/418
f 154/610/248 72/610/207 58/610/201
f 143/610/378 135/610/357 149/610/359
f 125/610/244 165/610/418 106/610/204
f 271/610/486 265/610/490 219/610/370
f 281/610/533 251/610/398 183/610/271
f 46/610/181 45/610/161 37/610/172
f 58/610/201 46/610/181 37/610/172
f 154/610/248 58/610/201 122/610/222
f 1277/610/1336 1269/610/428 143/610/378 113/610/283
f 232/610/455 148/610/343 161/610/209
f 232/610/455 161/610/209 219/610/370
f 153/610/324 271/610/486 219/610/370
f 295/610/556 231/610/465 274/610/495
f 1299/610/1339 1298/610/1036 522/610/1035
f 505/610/891 624/610/1077 526/610/925
f 624/610/1077 591/610/966 526/610/925
f 281/610/533 183/610/271 224/610/405
f 340/610/599 208/610/421 232/610/455
f 1307/610/636 295/610/556 274/610/495 1308/610/590
f 386/610/732 948/610/841 941/610/1340
f 418/610/751 908/610/893 897/610/752
f 893/610/1337 541/610/951 485/610/799 895/610/800
f 522/610/1035 1305/610/1328 1299/610/1339
f 622/610/1096 575/610/1008 484/610/879
f 610/610/1003 609/610/1062 637/610/1100
f 735/610/1212 683/610/1191 1037/610/1222 1026/610/1268
f 22/610/117 780/610/119 778/610/1338
f 186/610/395 94/610/230 83/610/239
f 186/610/395 83/610/239 152/610/452
f 340/610/599 232/610/455 308/610/580
f 938/610/651 356/610/618 386/610/732 941/610/1340
f 514/610/911 484/610/879 575/610/1008
f 572/610/931 622/610/1096 484/610/879
f 561/610/957 596/610/975 671/610/1134
f 561/610/957 671/610/1134 652/610/1048
f 613/610/1090 643/610/1147 1253/610/1149 1254/610/1088
f 655/610/1123 643/610/1147 613/610/1090
