# Blender 5.1.1
# www.blender.org
mtllib REV_8.mtl
o REV_cube_8
v -6.644000 -7.220000 -2.989400
v -5.644000 -8.219999 -3.989400
v -6.637885 -7.305001 -3.876194
v -6.637818 -7.698438 -3.745271
v -6.632920 -7.392183 -3.710163
v -6.633354 -7.857632 -3.273031
v -6.629546 -7.319342 -3.423177
v -6.640922 -7.566591 -3.244335
v -6.637871 -7.628343 -3.409090
v -6.628046 -7.365095 -3.656572
v -6.635475 -7.593669 -3.327523
v -6.604993 -7.802221 -3.407310
v -6.633458 -7.900326 -3.665561
v -6.630174 -7.729224 -3.125168
v -6.623238 -7.275760 -3.300256
v -6.623278 -7.713068 -3.443023
v -6.623240 -7.801594 -3.833970
v -6.622069 -7.368102 -3.844662
v -6.635266 -7.960417 -3.625705
v -6.579269 -7.999374 -3.843449
v -6.625314 -7.759855 -3.378302
v -6.618069 -7.588634 -3.777733
v -6.624583 -8.114197 -3.633119
v -6.596567 -8.095729 -3.875882
v -6.616302 -7.638151 -3.758124
v -6.632581 -8.210693 -3.484368
v -6.617457 -7.580827 -3.024157
v -6.565282 -7.294867 -3.639996
v -6.601144 -7.243814 -3.416414
v -6.605129 -8.158245 -3.536132
v -6.603799 -7.675790 -3.355089
v -6.606940 -7.651248 -3.066391
v -6.611055 -7.310108 -3.342686
v -6.589496 -7.927330 -3.808827
v -6.603545 -8.056284 -3.610434
v -6.602872 -7.725266 -3.295058
v -6.580275 -8.094618 -3.564333
v -6.596200 -7.646276 -3.289752
v -6.594764 -7.624227 -3.217286
v -6.610027 -7.592195 -3.108952
v -6.584497 -7.886115 -3.600414
v -6.594010 -7.691587 -3.184087
v -6.594858 -7.663813 -3.131936
v -6.593166 -8.175564 -3.872584
v -6.601917 -7.930197 -3.217658
v -6.576437 -7.357253 -3.893235
v -6.599501 -8.051371 -3.573850
v -6.604276 -7.233438 -3.620413
v -6.619014 -7.886078 -3.729141
v -6.542482 -7.650126 -3.802263
v -6.572515 -7.746727 -3.790355
v -6.628960 -7.561759 -3.859013
v -6.582573 -7.294422 -3.919153
v -6.570593 -7.397018 -3.778162
v -6.579373 -8.171223 -3.677726
v -6.578381 -8.186568 -3.397751
v -6.577283 -8.212271 -3.742908
v -6.586712 -7.824957 -3.667216
v -6.576380 -7.616570 -3.982588
v -6.583285 -7.230478 -3.333925
v -6.533636 -7.838616 -3.901726
v -6.551152 -7.871621 -3.206921
v -6.581522 -7.776640 -3.324963
v -6.613711 -7.898485 -3.528758
v -6.592671 -8.007477 -3.215993
v -6.575493 -8.084591 -3.247806
v -6.503489 -8.136161 -3.428688
v -6.573929 -7.999972 -3.591560
v -6.562085 -7.830585 -3.754264
v -6.537596 -7.739058 -3.672343
v -6.567277 -7.687552 -3.790097
v -6.563432 -7.819895 -3.939703
v -6.557856 -8.129261 -3.652126
v -6.562461 -8.166525 -3.472307
v -6.538524 -7.778804 -3.717053
v -6.525701 -7.286687 -3.962058
v -6.556531 -7.832632 -3.492783
v -6.568942 -8.143589 -3.312623
v -6.541808 -8.151280 -3.809644
v -6.525688 -8.048149 -3.832779
v -6.529952 -7.396995 -3.846224
v -6.558283 -7.592361 -3.908561
v -6.545888 -7.807931 -3.589353
v -6.526160 -7.365308 -3.708211
v -6.533789 -7.783321 -3.817679
v -6.551740 -7.974958 -3.554552
v -6.559278 -7.808349 -3.245309
v -6.513335 -7.783593 -3.758682
v -6.534419 -7.922891 -3.569322
v -6.537847 -7.762292 -3.425352
v -6.515328 -7.289076 -3.672975
v -6.526319 -7.952025 -3.195674
v -6.522822 -8.064758 -3.619928
v -6.508391 -7.943897 -3.818065
v -6.527554 -8.117067 -3.501759
v -6.513364 -7.713207 -3.348958
v -6.514030 -8.132939 -3.705182
v -6.474963 -8.090760 -3.294131
v -6.520611 -7.741803 -3.257117
v -6.510986 -7.724975 -3.587235
v -6.483964 -8.177574 -3.953816
v -6.508313 -8.135881 -3.357108
v -6.490013 -7.805432 -3.190736
v -6.500050 -7.904593 -3.808852
v -6.499680 -7.393476 -3.889713
v -6.452762 -7.799342 -3.862353
v -6.483346 -8.204767 -3.885592
v -6.492467 -7.641370 -3.661916
v -6.500339 -7.841433 -3.554300
v -6.475747 -7.848608 -3.795195
v -6.456373 -7.888239 -3.174321
v -6.492733 -7.712080 -3.723706
v -6.485091 -7.709050 -3.819801
v -6.470084 -7.796062 -3.491589
v -6.465286 -7.279739 -3.708143
v -6.467154 -7.994295 -3.797183
v -6.505807 -7.891634 -3.526523
v -6.503864 -8.046953 -3.527683
v -6.485695 -7.992727 -3.591249
v -6.479031 -7.642886 -3.863260
v -6.496707 -7.354195 -3.950948
v -6.474897 -7.620208 -3.977718
v -6.455357 -7.860023 -3.936666
v -6.464405 -7.669239 -3.281277
v -6.459867 -7.571094 -3.665483
v -6.474740 -7.640389 -3.584934
v -6.463992 -7.706227 -3.423383
v -6.497642 -8.027774 -3.224266
v -6.469758 -8.067564 -3.674104
v -6.398889 -8.020320 -3.255021
v -6.458899 -7.760774 -3.540735
v -6.401326 -7.738664 -3.873410
v -6.456472 -7.960093 -3.523545
v -6.437912 -8.092756 -3.379064
v -6.434291 -8.184658 -3.225151
v -6.472766 -8.070786 -3.759960
v -6.444263 -7.887632 -3.557924
v -6.449968 -7.653831 -3.362027
v -6.425265 -7.487786 -3.680303
v -6.414826 -7.347098 -3.766505
v -6.407807 -7.899913 -3.770441
v -6.431015 -8.169476 -3.897952
v -6.430741 -7.709141 -3.763350
v -6.448952 -7.967810 -3.198122
v -6.427861 -7.798573 -3.781857
v -6.437942 -7.553802 -3.580832
v -6.423791 -7.639902 -3.747184
v -6.416716 -8.218525 -3.317115
v -6.405709 -7.962049 -3.922393
v -6.422299 -7.825626 -3.543488
v -6.421214 -7.481894 -3.625688
v -6.430363 -8.198747 -3.071947
v -6.439621 -7.717251 -3.192930
v -6.448490 -8.078463 -3.455248
v -6.428842 -7.998024 -3.641001
v -6.395256 -8.172916 -3.827544
v -6.425636 -7.672783 -3.534822
v -6.421444 -8.013736 -3.483844
v -6.411439 -7.873268 -3.510929
v -6.405523 -8.111222 -3.089080
v -6.394327 -7.616121 -3.408377
v -6.429724 -8.160531 -3.146665
v -6.431048 -8.107917 -3.956516
v -6.403830 -7.422455 -3.684928
v -6.402686 -7.944592 -3.613395
v -6.401980 -7.866316 -3.958632
v -6.417825 -7.716197 -3.465830
v -6.430721 -7.386156 -3.827084
v -6.415689 -7.653835 -3.923429
v -6.406404 -7.805573 -3.162982
v -6.393824 -7.815410 -3.901465
v -6.393713 -7.928167 -3.970016
v -6.360740 -8.016525 -3.407486
v -6.361535 -7.723061 -3.762790
v -6.375340 -8.060721 -3.020369
v -6.394573 -7.564535 -3.738997
v -6.398935 -7.969234 -3.709402
v -6.390859 -8.052322 -3.332151
v -6.386112 -7.301036 -3.772659
v -6.394330 -7.621365 -3.235425
v -6.359515 -7.720237 -3.154757
v -6.393904 -7.480435 -3.561538
v -6.397699 -7.243392 -3.765539
v -6.401387 -8.213193 -3.747849
v -6.389701 -8.156349 -3.001689
v -6.374383 -8.041534 -3.880801
v -6.397971 -7.592274 -3.329153
v -6.384170 -7.588657 -3.528625
v -6.403665 -7.392462 -3.918355
v -6.359327 -7.825583 -3.749830
v -6.364478 -7.753169 -3.543019
v -6.372559 -7.325005 -3.701205
v -6.379808 -7.873755 -3.162205
v -6.385107 -7.392418 -3.605350
v -6.348997 -7.374336 -3.875876
v -6.363258 -8.024252 -3.864804
v -6.345871 -7.343636 -3.820980
v -6.365348 -7.261745 -3.629926
v -6.341757 -7.938986 -3.861235
v -6.366609 -7.944459 -3.484770
v -6.354515 -7.426713 -3.548202
v -6.375365 -8.162050 -3.274393
v -6.370514 -7.642542 -3.182079
v -6.371413 -7.848749 -3.577748
v -6.367909 -8.099534 -3.195805
v -6.379710 -7.784901 -3.493057
v -6.356318 -8.030367 -3.104999
v -6.356592 -7.316910 -3.595860
v -6.347941 -7.559234 -3.400065
v -6.376329 -7.944907 -3.198386
v -6.367174 -8.149512 -3.982595
v -6.347600 -7.988485 -3.035641
v -6.322746 -7.575816 -3.188661
v -6.341551 -8.170596 -3.958937
v -6.353899 -8.205379 -3.690333
v -6.349240 -7.539962 -3.268780
v -6.351777 -7.885966 -3.698681
v -6.320479 -7.765377 -3.930530
v -6.338390 -7.856670 -3.638916
v -6.322260 -7.630298 -3.464211
v -6.314361 -7.844737 -3.973285
v -6.328967 -7.657376 -3.746476
v -6.328127 -7.415020 -3.759174
v -6.326155 -7.381288 -3.939456
v -6.311088 -7.778131 -3.608999
v -6.300352 -7.950480 -3.090835
v -6.329796 -7.932312 -2.992811
v -6.314991 -7.687054 -3.976820
v -6.319968 -7.281387 -3.814101
v -6.340630 -7.659757 -3.532917
v -6.292009 -7.736795 -3.486398
v -6.289003 -8.015916 -3.171259
v -6.360493 -7.490702 -3.744637
v -6.327005 -7.564318 -3.756813
v -6.294799 -7.462280 -3.297117
v -6.287904 -7.720669 -3.143546
v -6.331774 -8.200210 -3.332609
v -6.300082 -8.164870 -3.666344
v -6.331759 -7.902259 -3.934225
v -6.343099 -8.155599 -3.891828
v -6.325783 -7.964777 -3.251141
v -6.309111 -7.849934 -3.479932
v -6.320096 -7.817276 -3.152122
v -6.317507 -7.499596 -3.528198
v -6.326892 -7.516903 -3.358212
v -6.291403 -8.142925 -3.845717
v -6.298941 -7.783946 -3.689201
v -6.283078 -7.338952 -3.879950
v -6.280400 -7.916327 -3.802528
v -6.327735 -8.128023 -3.925927
v -6.291842 -7.659275 -3.715209
v -6.285680 -7.690284 -3.568805
v -6.284266 -8.096297 -3.855497
v -6.299170 -7.642655 -3.150322
v -6.300153 -8.138618 -3.277604
v -6.287392 -7.440940 -3.527878
v -6.319172 -8.146288 -3.756010
v -6.304917 -7.899227 -3.196620
v -6.286744 -7.600319 -3.750044
v -6.285197 -7.705543 -3.712579
v -6.266216 -7.874616 -3.883074
v -6.284015 -7.869849 -3.029201
v -6.282287 -7.958654 -3.359225
v -6.302069 -7.343364 -3.772347
v -6.273772 -7.504284 -3.760328
v -6.276722 -8.193210 -3.595446
v -6.273818 -7.581378 -3.464767
v -6.286205 -7.927878 -3.426355
v -6.288847 -7.997877 -3.791660
v -6.242658 -7.887500 -3.093693
v -6.269963 -7.454709 -3.381217
v -6.288593 -7.593628 -3.540384
v -6.308022 -7.365263 -3.548213
v -6.247807 -7.315791 -3.787807
v -6.272610 -8.075604 -3.231464
v -6.245363 -7.891843 -3.960585
v -6.228902 -8.105204 -3.718268
v -6.274513 -8.168612 -3.924650
v -6.244345 -7.420087 -3.243721
v -6.248969 -8.125858 -3.640459
v -6.257513 -7.700418 -3.631876
v -6.239269 -7.269669 -3.883433
v -6.242054 -7.338472 -3.931830
v -6.255567 -7.922256 -3.276128
v -6.239123 -7.969066 -3.748511
v -6.272794 -7.521762 -3.435323
v -6.231226 -7.797190 -3.461705
v -6.246904 -8.203076 -3.314107
v -6.238558 -7.600805 -3.576855
v -6.211900 -8.127492 -3.565271
v -6.228477 -7.557889 -3.718765
v -6.224118 -7.228933 -3.810750
v -6.222235 -7.765203 -3.162795
v -6.216559 -7.814562 -3.055470
v -6.227234 -7.635322 -3.655056
v -6.228960 -7.497312 -3.550596
v -6.222771 -7.420922 -3.546989
v -6.236311 -7.407364 -3.765876
v -6.214781 -7.485453 -3.734572
v -6.187784 -7.567867 -3.477365
v -6.207899 -7.407284 -3.424762
v -6.176727 -7.846296 -3.277502
v -6.236522 -7.375079 -3.335082
v -6.206479 -7.951755 -3.152151
v -6.173765 -8.174525 -3.485729
v -6.228024 -7.843556 -3.204328
v -6.207545 -7.905528 -3.730117
v -6.217424 -8.125079 -3.808152
v -6.218665 -7.895926 -3.354135
v -6.199741 -7.461782 -3.170166
v -6.218874 -8.056665 -3.784421
v -6.193538 -7.725320 -3.010268
v -6.229741 -7.652267 -3.479469
v -6.198639 -7.541503 -3.657944
v -6.203607 -8.131772 -3.256538
v -6.219326 -7.672489 -3.140925
v -6.212996 -7.482510 -3.455679
v -6.219938 -7.853257 -3.419776
v -6.210076 -7.845140 -3.818078
v -6.205726 -8.165946 -3.877627
v -6.181129 -8.211974 -3.275978
v -6.223264 -7.563560 -3.144088
v -6.192033 -8.092711 -3.838464
v -6.195459 -7.311374 -3.973603
v -6.200013 -8.040607 -3.203909
v -6.199964 -7.340075 -3.255625
v -6.192045 -7.480412 -3.604594
v -6.170281 -7.278831 -3.953929
v -6.182690 -7.291986 -3.345730
v -6.191027 -7.729859 -3.462577
v -6.175976 -7.411601 -3.720809
v -6.153472 -7.821620 -3.349764
v -6.182644 -8.088428 -3.954766
v -6.168231 -7.354959 -3.737190
v -6.142754 -7.636448 -2.997237
v -6.171538 -7.860480 -3.913479
v -6.185755 -7.337179 -3.402884
v -6.170204 -7.443792 -3.659560
v -6.158562 -7.233109 -3.776485
v -6.138025 -7.327875 -3.196357
v -6.160256 -7.297687 -3.597254
v -6.169508 -7.389143 -3.601923
v -6.156922 -8.079554 -3.828347
v -6.156882 -7.848551 -3.708939
v -6.154225 -7.263360 -3.272285
v -6.138605 -8.203012 -3.242666
v -6.151177 -8.084052 -3.898297
v -6.179290 -8.076346 -3.641995
v -6.149784 -7.783033 -3.219150
v -6.158391 -7.783127 -3.414840
v -6.152530 -8.059748 -3.570460
v -6.165187 -7.873249 -3.109548
v -6.158737 -8.127607 -3.989099
v -6.140337 -7.931874 -3.966983
v -6.151234 -7.948529 -3.692162
v -6.139253 -7.362091 -3.463881
v -6.134865 -7.654252 -3.461726
v -6.132553 -7.505068 -3.143958
v -6.150880 -8.104217 -3.771496
v -6.141533 -7.340861 -3.662869
v -6.139273 -7.268762 -3.721482
v -6.116699 -7.715880 -3.419948
v -6.134960 -8.091243 -3.197969
v -6.143414 -8.089545 -3.497373
v -6.118158 -8.004397 -3.952478
v -6.145871 -7.808685 -3.758380
v -6.141721 -7.275993 -3.429814
v -6.146984 -7.613392 -3.142247
v -6.126379 -7.811684 -3.837142
v -6.124870 -7.231230 -3.666122
v -6.121812 -8.066396 -3.818229
v -6.124454 -8.071728 -3.709140
v -6.144550 -8.213236 -3.889792
v -6.119920 -8.152144 -3.830274
v -6.121337 -7.780159 -3.287183
v -6.117681 -7.897876 -3.663560
v -6.117596 -8.045080 -3.985263
v -6.133801 -7.787934 -3.070575
v -6.103954 -8.131207 -3.191815
v -6.080427 -7.576053 -3.465827
v -6.133650 -7.477032 -3.479792
v -6.122831 -8.184790 -3.979042
v -6.091870 -7.899611 -3.923957
v -6.093323 -8.014503 -3.534358
v -6.105827 -7.790926 -3.804389
v -6.086073 -7.838233 -3.871716
v -6.077653 -7.573515 -3.156193
v -6.107710 -8.140895 -3.423456
v -6.114470 -7.936725 -3.133525
v -6.120017 -8.011430 -3.161862
v -6.104167 -8.204715 -3.179581
v -6.041658 -7.630917 -3.008404
v -6.073864 -7.758952 -3.740474
v -6.090280 -7.705297 -3.038121
v -6.083283 -7.406370 -3.150109
v -6.097971 -8.084780 -3.937641
v -6.084340 -7.657047 -3.185165
v -6.071610 -8.061827 -3.143733
v -6.079205 -7.969127 -3.930187
v -6.082747 -7.248405 -3.201447
v -6.065275 -8.164447 -3.113417
v -6.085897 -7.737617 -3.349349
v -6.047146 -8.142008 -3.021217
v -6.076323 -7.716709 -3.250175
v -6.080809 -7.855710 -3.640813
v -6.084818 -8.035969 -3.873199
v -6.077194 -8.045297 -3.427812
v -6.078816 -7.785975 -3.670419
v -6.083747 -8.027410 -3.631863
v -6.067865 -8.145014 -3.925510
v -6.038378 -7.783719 -3.050949
v -6.051415 -8.004736 -3.938712
v -6.025706 -8.201177 -3.384148
v -6.064255 -8.110859 -3.765419
v -6.047758 -8.119843 -3.375590
v -6.032596 -8.042030 -3.888518
v -6.069555 -8.020290 -3.733834
v -6.026529 -8.076346 -3.060008
v -6.033168 -7.490548 -3.473220
v -6.037539 -7.813684 -3.616714
v -6.032681 -7.961576 -3.477627
v -6.050528 -7.397936 -3.493441
v -6.020784 -8.063814 -3.352038
v -6.068086 -7.301940 -3.490081
v -6.046751 -7.943007 -3.655332
v -6.060320 -7.877540 -3.088808
v -6.046206 -8.210149 -3.972887
v -6.029223 -7.744409 -3.647171
v -6.017255 -7.811340 -3.844366
v -6.061182 -7.328560 -3.163366
v -6.005265 -7.703832 -3.707632
v -6.040043 -7.986519 -3.095522
v -6.025018 -7.625286 -3.223561
v -6.045920 -7.649920 -3.401544
v -6.026222 -8.065588 -3.706364
v -5.980622 -7.987308 -3.779968
v -6.019367 -7.661694 -3.306706
v -6.028180 -8.189335 -3.799646
v -6.025042 -7.893593 -3.882626
v -5.989946 -7.956050 -3.980927
v -5.997287 -8.193954 -3.945802
v -6.003467 -7.973175 -3.371134
v -5.989817 -7.562186 -3.416142
v -6.016539 -7.974275 -3.579915
v -5.998067 -7.935089 -3.036751
v -5.993173 -7.534855 -3.194782
v -5.982426 -7.857587 -3.013012
v -6.006841 -8.104649 -3.873777
v -5.986307 -8.011698 -3.856315
v -5.992716 -8.000823 -3.004437
v -6.004157 -7.737044 -3.786299
v -5.976267 -8.142135 -3.742382
v -5.993606 -7.888412 -3.617146
v -5.979754 -8.017609 -3.654154
v -5.999161 -7.244995 -3.516685
v -6.035110 -7.474833 -3.154946
v -5.995496 -7.960687 -3.853315
v -5.994397 -7.964395 -3.908431
v -5.988123 -7.380019 -3.163911
v -5.989856 -7.770051 -3.593569
v -5.978737 -7.602849 -3.342019
v -5.923985 -7.501019 -3.264065
v -5.964465 -8.133437 -3.329001
v -5.987522 -7.968502 -3.694320
v -5.962618 -8.157459 -3.892783
v -5.989564 -7.711115 -3.011100
v -5.984733 -7.288786 -3.169954
v -5.977308 -7.699316 -3.623018
v -5.958795 -7.829515 -3.585037
v -5.944338 -7.782612 -3.821526
v -5.956673 -7.992000 -3.836261
v -5.943933 -7.453350 -3.200017
v -5.937878 -7.681441 -3.755554
v -5.970889 -7.901260 -3.435264
v -5.957708 -8.038605 -3.302736
v -5.945729 -7.934814 -3.814170
v -5.937334 -7.484893 -3.422066
v -5.975340 -7.333561 -3.506686
v -5.960997 -7.784992 -2.991988
v -5.964189 -7.919484 -3.528677
v -5.916394 -7.714139 -3.560949
v -5.952228 -7.897089 -3.354232
v -5.908556 -7.636378 -3.592734
v -5.938801 -8.059093 -3.824629
v -5.934169 -8.087094 -3.694905
v -5.890885 -8.089716 -3.282085
v -5.932260 -7.940809 -3.290862
v -5.955883 -7.417270 -3.474493
v -5.932604 -7.964531 -3.609058
v -5.890235 -7.339612 -3.477276
v -5.934406 -7.638846 -3.677377
v -5.898129 -7.849653 -3.809999
v -5.917092 -8.206810 -3.365797
v -5.920454 -8.096711 -3.843257
v -5.933685 -7.533069 -3.345215
v -5.943964 -7.934184 -3.875165
v -5.901099 -7.736835 -3.798434
v -5.886949 -7.881413 -3.894998
v -5.911225 -7.355225 -3.194698
v -5.894830 -8.180356 -3.687898
v -5.909381 -7.834188 -3.409837
v -5.885053 -7.630151 -3.734271
v -5.909756 -7.265522 -3.518227
v -5.928742 -7.925031 -3.967043
v -5.899928 -7.795002 -3.567790
v -5.889533 -8.142145 -3.876574
v -5.903456 -7.851460 -3.311434
v -5.903713 -7.932185 -3.732948
v -5.825633 -8.185843 -3.373337
v -5.868550 -7.576437 -3.662444
v -5.871217 -8.022648 -3.253087
v -5.916918 -7.909855 -3.645435
v -5.892662 -8.172836 -3.953665
v -5.858017 -7.680278 -3.775872
v -5.854175 -7.841583 -3.505358
v -5.885271 -7.987385 -3.784332
v -5.869321 -7.879245 -3.767842
v -5.855908 -7.910014 -3.975429
v -5.887032 -7.904408 -3.818665
v -5.894190 -7.239717 -3.193061
v -5.848487 -7.783635 -3.791423
v -5.874226 -7.887376 -3.250751
v -5.902255 -8.031311 -3.657637
v -5.833702 -7.367181 -3.333977
v -5.860029 -7.586902 -3.575946
v -5.872654 -8.027908 -3.793430
v -5.848847 -7.322978 -3.246331
v -5.855221 -8.095850 -3.656671
v -5.825858 -7.821919 -3.600523
v -5.868295 -7.913760 -3.571066
v -5.846621 -7.849495 -3.861182
v -5.817869 -7.771195 -3.449829
v -5.842791 -8.145142 -3.945964
v -5.852139 -8.077706 -3.811002
v -5.848543 -7.807140 -3.257671
v -5.808437 -7.562081 -3.707858
v -5.846038 -8.007533 -3.623464
v -5.843508 -7.879558 -3.687124
v -5.815396 -7.831861 -3.739650
v -5.800923 -7.289674 -3.306323
v -5.847468 -7.646209 -3.537626
v -5.822872 -7.726409 -3.535904
v -5.815314 -7.510938 -3.633495
v -5.826234 -7.320988 -3.422046
v -5.818004 -7.722147 -3.280157
v -5.817965 -8.159790 -3.611689
v -5.801301 -7.864472 -3.199084
v -5.813194 -7.846965 -3.639380
v -5.826631 -7.926369 -3.752629
v -5.793392 -7.713970 -3.771805
v -5.803040 -7.861310 -3.936037
v -5.840147 -7.270838 -3.481348
v -5.818223 -7.847401 -3.782998
v -5.780848 -7.764072 -3.199208
v -5.809319 -8.010898 -3.763270
v -5.797418 -7.807650 -3.824188
v -5.776780 -7.971840 -3.582436
v -5.801314 -7.825440 -3.874402
v -5.800523 -7.705775 -3.377573
v -5.790347 -7.289442 -3.366519
v -5.793104 -8.101337 -3.878842
v -5.815042 -8.214570 -3.536890
v -5.765697 -7.950521 -3.198715
v -5.777886 -8.187358 -3.453102
v -5.767637 -8.125156 -3.323511
v -5.771382 -7.490923 -3.696144
v -5.795671 -7.626609 -3.752566
v -5.763186 -7.453265 -3.619764
v -5.775250 -7.885465 -3.726349
v -5.773500 -8.076153 -3.961671
v -5.783191 -7.885651 -3.550025
v -5.741195 -7.968801 -3.979635
v -5.774907 -7.644626 -3.301527
v -5.791286 -7.514751 -3.554034
v -5.782315 -8.072254 -3.596412
v -5.782297 -7.581715 -3.521071
v -5.749052 -7.763425 -3.822031
v -5.779088 -7.230657 -3.438208
v -5.760909 -7.787147 -3.712188
v -5.746853 -8.147328 -3.390217
v -5.755114 -7.801199 -3.648242
v -5.760121 -8.057262 -3.813616
v -5.765808 -7.661298 -3.519289
v -5.754145 -8.141752 -3.534585
v -5.765914 -7.765392 -3.570736
v -5.750850 -7.436251 -3.667740
v -5.771537 -7.752984 -3.736390
v -5.749115 -8.162046 -3.963836
v -5.705691 -7.851089 -3.524364
v -5.738149 -7.770892 -3.750242
v -5.758064 -7.674698 -3.205854
v -5.743968 -7.850438 -3.943744
v -5.776902 -8.013986 -3.232410
v -5.738030 -8.015593 -3.768716
v -5.737462 -8.055837 -3.929454
v -5.778422 -7.819739 -3.514389
v -5.729331 -7.591480 -3.225466
v -5.744250 -7.648523 -3.756795
v -5.727304 -7.804346 -3.902009
v -5.720387 -7.879982 -3.166644
v -5.707843 -7.740642 -3.687896
v -5.707458 -8.114791 -3.457541
v -5.732522 -7.708045 -3.450472
v -5.727437 -8.093980 -3.987969
v -5.734705 -7.637136 -3.393345
v -5.733616 -7.840833 -3.713270
v -5.709098 -8.036705 -3.844169
v -5.709772 -7.546154 -3.743194
v -5.720549 -7.775393 -3.493154
v -5.696453 -7.664594 -3.732175
v -5.719829 -7.762209 -3.628891
v -5.727249 -7.569723 -3.326056
v -5.706477 -7.918667 -3.961451
v -5.715001 -7.701125 -3.548417
v -5.688556 -7.700059 -3.796252
v -5.704559 -8.043788 -3.532099
v -5.696009 -7.369226 -3.556564
v -5.694686 -7.503355 -3.504470
v -5.681839 -7.569605 -3.735372
v -5.694111 -7.384542 -3.700789
v -5.695633 -7.727328 -3.147418
v -5.689793 -7.832842 -3.934176
v -5.710287 -8.057065 -3.285161
v -5.710387 -7.366130 -3.625690
v -5.697017 -7.509755 -3.254829
v -5.684294 -8.001976 -3.921344
v -5.691529 -8.144659 -3.919013
v -5.681611 -7.461871 -3.731287
v -5.671426 -7.730254 -3.872363
v -5.644041 -7.451417 -3.184227
v -5.647855 -8.033833 -3.451331
v -5.676458 -7.766910 -3.700668
v -5.702493 -7.935922 -3.539065
v -5.665612 -7.331993 -3.703211
v -5.673968 -7.309549 -3.581825
v -5.690558 -8.031844 -3.976645
v -5.676060 -8.079446 -3.372897
v -5.675554 -7.708591 -3.736730
v -5.704862 -7.930194 -3.716955
v -5.663328 -7.986702 -3.767127
v -5.645816 -7.779343 -3.913548
v -5.682946 -7.634193 -3.145378
v -5.671538 -7.573750 -3.409209
v -5.662359 -7.279005 -3.642560
v -5.683437 -7.980801 -3.228760
v -5.667044 -7.437967 -3.507949
v -5.661267 -8.062263 -3.929521
v -5.665031 -7.542908 -3.157938
v -5.672462 -7.505046 -3.359910
v -5.653180 -7.423469 -3.291884
v -5.645535 -7.904870 -3.187213
v -5.661535 -7.634737 -3.539014
v -5.645775 -7.272091 -3.574218
v -5.669106 -7.697960 -3.624614
v -5.647379 -7.585653 -3.729410
v -5.652078 -7.646834 -3.450274
v -5.651283 -7.850640 -3.683604
v -6.470910 -7.355858 -3.738259
v -6.363482 -7.226125 -3.703686
v -6.240828 -8.122266 -3.918912
v -6.212429 -7.554008 -3.609226
v -6.163431 -7.294006 -3.756763
v -5.959181 -7.874586 -3.845401
v -5.920329 -7.872872 -3.491765
v -5.877123 -7.407989 -3.414805
v -5.885930 -7.460131 -3.340902
v -5.862401 -7.773858 -3.350614
v -5.703139 -7.583800 -3.512319
v -5.728481 -7.432346 -3.556745
v -6.639128 -8.037079 -3.860514
v -6.139211 -7.714826 -3.174542
v -5.879909 -7.417858 -3.263660
v -5.773587 -7.957191 -3.735062
v -6.314776 -7.260717 -3.776052
v -6.044199 -8.027228 -3.806873
v -6.459888 -8.045475 -3.956377
v -6.329111 -7.996836 -3.312464
v -6.282135 -7.500226 -3.208705
v -5.863246 -8.144794 -3.316042
v -5.807167 -8.082980 -3.273598
v -6.435859 -8.020006 -3.734676
v -6.302454 -7.275467 -3.565259
v -5.889740 -7.856845 -3.611416
v -5.652965 -7.981782 -3.495788
v -6.363595 -7.697401 -3.472148
v -6.160231 -8.030134 -3.749925
v -5.972581 -7.584240 -3.275631
v -5.850596 -7.949376 -3.231865
v -6.561130 -7.603957 -3.837091
v -6.230555 -7.314775 -3.552695
v -5.726563 -7.807263 -3.160372
v -6.163692 -7.409607 -3.176852
v -6.644000 -8.210746 -3.501637
v -6.644000 -8.217545 -3.462890
v -6.644000 -8.218162 -3.484277
v -6.644000 -8.219981 -3.408143
v -6.644000 -8.219999 -3.713096
v -6.644000 -8.182611 -3.551800
v -6.644000 -8.187723 -3.680300
v -6.644000 -8.157375 -3.659761
v -6.644000 -8.137655 -3.585833
v -6.644000 -8.192491 -3.335572
v -6.644000 -8.192773 -3.336201
v -6.644000 -8.132678 -3.278625
v -6.644000 -8.153632 -3.904382
v -6.644000 -8.177859 -3.902605
v -6.644000 -8.219999 -3.905785
v -6.644000 -8.195528 -3.692551
v -6.644000 -8.111922 -3.639808
v -6.644000 -8.123652 -3.591558
v -6.644000 -8.130547 -3.591385
v -6.644000 -8.049075 -3.629081
v -6.644000 -8.056718 -3.591561
v -6.644000 -8.088262 -3.637335
v -6.644000 -7.981173 -3.570968
v -6.644000 -7.996195 -3.573185
v -6.644000 -7.977362 -3.629598
v -6.644000 -7.958992 -3.560842
v -6.644000 -7.913851 -3.674606
v -6.644000 -7.953357 -3.646291
v -6.644000 -7.908762 -3.528427
v -6.644000 -8.060200 -3.243654
v -6.644000 -8.036073 -3.233197
v -6.644000 -7.974232 -3.235561
v -6.644000 -8.124096 -3.269480
v -6.644000 -7.946855 -3.234847
v -6.644000 -7.835549 -3.434077
v -6.644000 -7.827727 -3.374870
v -6.644000 -7.842724 -3.445937
v -6.644000 -7.825781 -3.355498
v -6.644000 -7.849092 -3.310723
v -6.644000 -7.857106 -3.462102
v -6.644000 -7.863652 -3.278425
v -6.644000 -7.886384 -3.265102
v -6.644000 -7.775288 -3.378480
v -6.644000 -7.781207 -3.427806
v -6.644000 -7.762586 -3.457170
v -6.644000 -7.890337 -3.508254
v -6.644000 -7.771887 -3.351290
v -6.644000 -7.762799 -3.299082
v -6.644000 -7.757113 -3.232002
v -6.644000 -7.751673 -3.206739
v -6.644000 -7.748879 -3.170656
v -6.644000 -7.723086 -3.081695
v -6.644000 -7.708061 -3.059261
v -6.644000 -7.695096 -3.035041
v -6.644000 -7.591653 -3.330160
v -6.644000 -7.592479 -3.339214
v -6.644000 -7.588321 -3.320934
v -6.644000 -7.249600 -2.989400
v -6.644000 -7.554321 -2.989400
v -6.644000 -7.551969 -3.000245
v -6.644000 -7.560323 -3.178241
v -6.644000 -7.562205 -3.230960
v -6.644000 -7.556607 -3.148983
v -6.644000 -7.558700 -3.086714
v -6.644000 -7.556334 -3.039942
v -6.644000 -7.566099 -3.246758
v -6.644000 -7.565372 -3.242701
v -6.644000 -7.664845 -2.989400
v -6.644000 -7.734715 -3.124790
v -6.644000 -8.093560 -3.883956
v -6.644000 -8.135064 -3.904659
v -6.644000 -7.979764 -3.821520
v -6.644000 -7.998715 -3.834194
v -6.644000 -7.976737 -3.820152
v -6.644000 -8.043968 -3.864179
v -6.644000 -8.036766 -3.858624
v -6.644000 -7.944234 -3.774322
v -6.644000 -7.924390 -3.750309
v -6.644000 -7.915695 -3.707316
v -6.644000 -7.777603 -3.973361
v -6.644000 -7.778992 -3.963970
v -6.644000 -7.809442 -3.894126
v -6.644000 -7.807928 -3.883802
v -6.644000 -7.809896 -3.892450
v -6.644000 -7.785216 -3.813064
v -6.644000 -7.700204 -3.745340
v -6.644000 -7.714889 -3.756269
v -6.644000 -7.648467 -3.742821
v -6.644000 -7.694937 -3.741962
v -6.644000 -7.734257 -3.510105
v -6.644000 -7.679217 -3.473793
v -6.644000 -7.579326 -3.931680
v -6.644000 -7.573899 -3.917763
v -6.644000 -7.645254 -3.989383
v -6.644000 -7.645274 -3.989400
v -6.644000 -7.750649 -3.989400
v -6.644000 -7.764162 -3.792051
v -6.644000 -7.599791 -3.755451
v -6.644000 -7.637722 -3.435901
v -6.644000 -7.625942 -3.413550
v -6.644000 -7.622822 -3.407063
v -6.644000 -7.765232 -3.981982
v -6.644000 -7.554085 -3.844347
v -6.644000 -7.558706 -3.865023
v -6.644000 -7.373232 -3.816258
v -6.644000 -7.381838 -3.788277
v -6.644000 -7.568122 -3.783837
v -6.644000 -7.386976 -3.739416
v -6.644000 -7.365957 -3.655234
v -6.644000 -7.370368 -3.670943
v -6.644000 -7.334865 -3.621231
v -6.644000 -7.351511 -3.424855
v -6.644000 -7.326636 -3.433306
v -6.644000 -7.359605 -3.404987
v -6.644000 -7.313317 -3.436653
v -6.644000 -7.337615 -3.300119
v -6.644000 -7.357180 -3.311847
v -6.644000 -7.565929 -3.888154
v -6.644000 -7.353928 -3.840611
v -6.644000 -7.390650 -3.710111
v -6.644000 -7.387893 -3.357998
v -6.644000 -7.300616 -3.871974
v -6.644000 -7.293828 -3.870957
v -6.644000 -7.307174 -3.871073
v -6.644000 -7.244545 -3.586461
v -6.644000 -7.273391 -3.445663
v -6.644000 -7.283393 -3.595360
v -6.644000 -7.302370 -3.594499
v -6.644000 -7.220000 -3.841291
v -6.644000 -7.230819 -3.858376
v -6.644000 -7.235278 -3.015029
v -6.644000 -7.223978 -3.029353
v -6.644000 -7.220000 -3.030611
v -6.644000 -7.220000 -3.601499
v -6.644000 -7.220000 -3.458880
v -6.644000 -7.220000 -3.258085
v -6.644000 -7.277134 -3.273039
v -6.644000 -7.249999 -3.258707
v -6.644000 -7.575444 -3.765682
v -6.609700 -7.220000 -3.873075
v -6.623342 -7.220000 -3.615617
v -6.639395 -7.220000 -3.454950
v -6.613760 -7.220000 -3.283562
v -6.628853 -7.220000 -3.263249
v -6.637738 -7.220000 -3.029460
v -6.528166 -7.220000 -3.686285
v -6.527186 -7.220000 -3.687074
v -6.527041 -7.220000 -3.687167
v -6.576755 -7.220000 -3.891510
v -6.476109 -7.220000 -3.732307
v -6.582824 -7.220000 -3.886287
v -6.587589 -7.220000 -3.321879
v -6.582103 -7.220000 -3.343465
v -6.581190 -7.220000 -3.334870
v -6.608656 -7.220000 -3.630326
v -6.593951 -7.220000 -3.412023
v -6.586906 -7.220000 -2.989400
v -6.447177 -7.220000 -3.748960
v -6.363026 -7.220000 -3.704178
v -6.361633 -7.220000 -3.694641
v -6.242081 -7.220000 -3.568167
v -6.236169 -7.220000 -3.571579
v -6.308399 -7.220000 -3.585283
v -6.331195 -7.220000 -3.607445
v -6.249517 -7.220000 -3.568848
v -6.140775 -7.220000 -3.367727
v -6.357464 -7.220000 -3.635378
v -6.139833 -7.220000 -3.361165
v -6.138782 -7.220000 -3.372712
v -6.098092 -7.220000 -3.242768
v -6.130664 -7.220000 -3.280677
v -5.988496 -7.220000 -3.182186
v -5.998597 -7.220000 -3.184749
v -5.974964 -7.220000 -3.184273
v -5.885969 -7.220000 -3.197156
v -5.904901 -7.220000 -3.193480
v -6.069554 -7.220000 -3.209423
v -6.533563 -7.220000 -3.932325
v -6.464060 -7.220000 -3.989400
v -6.470390 -7.220000 -3.984046
v -6.531344 -7.220000 -3.934104
v -6.334938 -7.220000 -3.819720
v -6.331617 -7.220000 -3.767691
v -6.402203 -7.220000 -3.787814
v -6.360492 -7.220000 -3.712908
v -6.312686 -7.220000 -3.836633
v -6.223427 -7.220000 -3.813537
v -6.238038 -7.220000 -3.810524
v -6.262671 -7.220000 -3.874455
v -6.300892 -7.220000 -3.846304
v -6.290898 -7.220000 -3.797137
v -6.200451 -7.220000 -3.918622
v -6.185988 -7.220000 -3.933244
v -6.169491 -7.220000 -3.786551
v -6.158568 -7.220000 -3.781351
v -6.152164 -7.220000 -3.771135
v -6.163671 -7.220000 -3.601192
v -6.164066 -7.220000 -3.600517
v -6.132072 -7.220000 -3.733047
v -6.126862 -7.220000 -3.977366
v -6.117693 -7.220000 -3.989400
v -6.124628 -7.220000 -3.679057
v -5.919262 -7.220000 -3.530871
v -5.970703 -7.220000 -3.526494
v -6.124484 -7.220000 -3.667966
v -6.001793 -7.220000 -3.516001
v -6.094643 -7.220000 -3.455469
v -6.079770 -7.220000 -3.466712
v -6.050726 -7.220000 -3.482863
v -5.859745 -7.220000 -3.519994
v -5.833805 -7.220000 -3.507386
v -5.793775 -7.220000 -3.461875
v -5.802956 -7.220000 -3.258010
v -5.804247 -7.220000 -3.255816
v -5.814350 -7.220000 -3.248253
v -5.763216 -7.220000 -3.349995
v -5.764361 -7.220000 -3.343416
v -5.772452 -7.220000 -3.434693
v -5.775579 -7.220000 -3.443463
v -5.768425 -7.220000 -3.388111
v -5.644000 -7.963259 -3.240389
v -5.644000 -7.904080 -3.187524
v -5.644000 -7.905754 -3.189064
v -5.644000 -7.880036 -3.176576
v -5.644000 -7.819426 -3.150131
v -5.644000 -7.815891 -3.149784
v -5.644000 -7.809996 -3.149147
v -5.644000 -7.737010 -3.130478
v -5.644000 -7.696762 -3.466305
v -5.644000 -7.724658 -3.474291
v -5.644000 -7.728390 -3.476552
v -5.644000 -7.666028 -3.128575
v -5.644000 -7.682472 -3.128029
v -5.644000 -7.648264 -3.450469
v -5.644000 -7.547820 -3.414471
v -5.644000 -7.550506 -3.516488
v -5.644000 -7.523236 -3.513446
v -5.644000 -7.575824 -3.419550
v -5.644000 -7.634398 -3.562784
v -5.644000 -7.596571 -3.531209
v -5.644000 -7.639120 -3.449385
v -5.644000 -7.621056 -3.130027
v -5.644000 -7.557768 -3.144595
v -5.644000 -7.530809 -3.146914
v -5.644000 -7.514848 -3.391192
v -5.644000 -7.491215 -3.503871
v -5.644000 -7.458351 -3.505999
v -5.644000 -7.473440 -3.371546
v -5.644000 -7.409142 -3.269819
v -5.644000 -7.425893 -3.311557
v -5.644000 -7.405192 -3.294076
v -5.644000 -7.434231 -3.735684
v -5.644000 -7.396205 -3.722922
v -5.644000 -7.433043 -3.507458
v -5.644000 -7.451445 -3.184181
v -5.644000 -7.451290 -3.184257
v -5.644000 -7.451387 -3.184196
v -5.644000 -7.342924 -3.534413
v -5.644000 -7.334144 -3.714228
v -5.644000 -7.284441 -3.565836
v -5.644000 -7.358023 -3.716364
v -5.644000 -7.356514 -3.524710
v -5.644000 -7.379468 -3.515363
v -5.644000 -7.269928 -3.573794
v -5.644000 -7.271909 -3.573067
v -5.644000 -7.267089 -3.578137
v -5.644000 -7.243353 -3.640696
v -5.644000 -7.261133 -3.677271
v -5.644000 -7.282144 -3.705443
v -5.644000 -8.219999 -3.902719
v -5.644000 -8.206025 -3.900066
v -5.644000 -8.064615 -3.924997
v -5.644000 -8.104047 -3.918570
v -5.644000 -8.156663 -3.908528
v -5.644000 -8.041258 -3.380546
v -5.644000 -7.998867 -3.939806
v -5.644000 -7.998453 -3.939969
v -5.644000 -7.999795 -3.939372
v -5.644000 -8.027430 -3.450312
v -5.644000 -8.030513 -3.444664
v -5.644000 -8.017753 -3.307596
v -5.644000 -8.033077 -3.334939
v -5.644000 -7.998871 -3.287104
v -5.644000 -7.959460 -3.749951
v -5.644000 -7.974035 -3.771828
v -5.644000 -7.979142 -3.838302
v -5.644000 -7.880120 -3.989400
v -5.644000 -7.893991 -3.928267
v -5.644000 -7.915803 -3.974698
v -5.644000 -7.900092 -3.929685
v -5.644000 -7.907722 -3.927238
v -5.644000 -7.944975 -3.495244
v -5.644000 -7.918702 -3.719100
v -5.644000 -7.905179 -3.501674
v -5.644000 -7.891971 -3.499117
v -5.644000 -7.946297 -3.961585
v -5.644000 -7.980606 -3.886200
v -5.644000 -7.983606 -3.872458
v -5.644000 -7.976821 -3.486348
v -5.644000 -7.861697 -3.690170
v -5.644000 -7.852590 -3.685804
v -5.644000 -7.847263 -3.682514
v -5.644000 -7.837168 -3.925595
v -5.644000 -7.782770 -3.913907
v -5.644000 -7.835832 -3.682077
v -5.644000 -7.817451 -3.497619
v -5.644000 -7.779560 -3.913317
v -5.644000 -7.777204 -3.912930
v -5.644000 -7.723226 -3.878941
v -5.644000 -7.701678 -3.707177
v -5.644000 -7.724988 -3.692374
v -5.644000 -7.767061 -3.688086
v -5.644000 -7.804948 -3.492002
v -5.644000 -7.668499 -3.669475
v -5.644000 -7.667973 -3.669871
v -5.644000 -7.668517 -3.668577
v -5.644000 -7.654677 -3.760924
v -5.644000 -7.662672 -3.742855
v -5.644000 -7.670401 -3.827170
v -5.644000 -7.658511 -3.676270
v -5.644000 -7.657524 -3.597931
v -5.644000 -7.645503 -3.576696
v -5.644000 -7.587260 -3.725184
v -5.644000 -7.580245 -3.729222
v -5.644000 -7.544662 -3.731243
v -5.644000 -7.584516 -3.726689
v -5.644000 -7.490731 -3.729208
v -5.644000 -7.688397 -3.854956
v -6.456289 -8.219999 -3.150661
v -6.454346 -8.219999 -3.174708
v -6.449209 -8.219999 -3.117360
v -6.385628 -8.219999 -3.001471
v -6.413141 -8.219999 -3.046127
v -6.373232 -8.219999 -2.989400
v -6.432903 -8.219999 -3.072719
v -6.238101 -8.219999 -3.315788
v -6.183688 -8.219999 -3.281071
v -6.175277 -8.219999 -3.269679
v -6.123055 -8.219999 -3.451437
v -6.109997 -8.219999 -3.440387
v -6.139003 -8.219999 -3.239847
v -6.112826 -8.219999 -3.192166
v -6.257140 -8.219999 -3.331099
v -6.104806 -8.219999 -3.168577
v -5.927932 -8.219999 -3.378070
v -5.999526 -8.219999 -3.392986
v -5.899910 -8.219999 -3.390103
v -6.025917 -8.219999 -3.397235
v -6.078384 -8.219999 -3.420679
v -5.872406 -8.219999 -3.634906
v -5.823802 -8.219999 -3.447065
v -5.822862 -8.219999 -3.521498
v -5.820713 -8.219999 -3.536692
v -5.827878 -8.219999 -3.557342
v -5.674557 -8.219999 -3.903089
v -5.651847 -8.219999 -3.899062
v -5.854569 -8.219999 -3.614005
v -5.846311 -8.219999 -3.410942
v -5.905191 -8.219999 -3.682947
v -6.086628 -8.219999 -3.122089
v -6.086124 -8.219999 -3.050689
v -6.085347 -8.219999 -3.041279
v -6.109761 -8.219999 -2.989400
v -6.089811 -8.219999 -3.027659
v -6.616478 -8.219999 -3.883169
v -6.594131 -8.219999 -3.823884
v -6.623705 -8.219999 -3.887461
v -6.539864 -8.219999 -3.926817
v -6.539063 -8.219999 -3.925699
v -6.540707 -8.219999 -3.927803
v -6.580664 -8.219999 -3.989400
v -6.578551 -8.219999 -3.987916
v -6.587359 -8.219999 -3.811954
v -6.584499 -8.219999 -3.772235
v -6.587646 -8.219999 -3.743759
v -6.404587 -8.219999 -3.747265
v -6.400245 -8.219999 -3.741492
v -6.414877 -8.219999 -3.757920
v -6.443000 -8.219999 -3.811075
v -6.348008 -8.219999 -3.675316
v -6.415009 -8.219999 -3.319471
v -6.417772 -8.219999 -3.318479
v -6.418868 -8.219999 -3.315170
v -6.495082 -8.219999 -3.881626
v -6.479604 -8.219999 -3.856468
v -6.362216 -8.219999 -3.690983
v -6.455774 -8.219999 -3.239884
v -6.272130 -8.219999 -3.588225
v -6.247404 -8.219999 -3.549428
v -6.298410 -8.219999 -3.610428
v -6.238072 -8.219999 -3.538704
v -6.242118 -8.219999 -3.543897
v -6.180575 -8.219999 -3.493795
v -6.207207 -8.219999 -3.943087
v -6.219905 -8.219999 -3.951181
v -6.250719 -8.219999 -3.975909
v -6.312017 -8.219999 -3.344647
v -5.783671 -8.219999 -3.989400
v -5.783846 -8.219999 -3.977942
v -5.784165 -8.219999 -3.981681
v -5.729034 -8.219999 -3.915357
v -5.725745 -8.219999 -3.912288
v -6.088600 -8.219999 -3.849139
v -6.126985 -8.219999 -3.880044
v -6.061040 -8.219999 -3.833999
v -6.027045 -8.219999 -3.803252
v -5.991543 -8.219999 -3.771053
v -5.967149 -8.219999 -3.748243
v -5.939178 -8.219999 -3.727396
v -6.271517 -8.219999 -3.989400
v -6.167683 -8.219999 -3.914551
v -6.143497 -8.219999 -3.891603
v -6.318133 -8.219999 -3.647377
v -6.340116 -8.219999 -3.351043
v -6.490357 -7.279823 -3.989400
v -6.470780 -7.309046 -3.989400
v -6.348963 -7.364613 -3.989400
v -6.356381 -7.364964 -3.989400
v -6.292418 -7.366941 -3.989400
v -6.449481 -7.344343 -3.989400
v -6.415919 -7.351888 -3.989400
v -6.215706 -7.324102 -3.989400
v -6.256266 -7.348711 -3.989400
v -6.188032 -7.312042 -3.989400
v -6.170898 -7.298346 -3.989400
v -5.909829 -7.944260 -3.989400
v -5.858018 -7.926741 -3.989400
v -6.139990 -7.271316 -3.989400
v -5.799594 -7.921966 -3.989400
v -5.801313 -7.920788 -3.989400
v -5.802363 -7.921135 -3.989400
v -5.805349 -7.921390 -3.989400
v -5.797572 -7.925717 -3.989400
v -5.684951 -7.984003 -3.989400
v -5.692628 -8.033218 -3.989400
v -5.682042 -7.976071 -3.989400
v -5.653358 -7.904828 -3.989400
v -5.680718 -7.972699 -3.989400
v -5.727053 -8.093063 -3.989400
v -5.727944 -8.095294 -3.989400
v -5.787841 -8.052299 -3.989400
v -5.756926 -7.983997 -3.989400
v -6.637636 -7.761332 -3.989400
v -6.567003 -7.620690 -3.989400
v -6.579265 -7.625593 -3.989400
v -6.587344 -7.801468 -3.989400
v -6.609402 -7.791253 -3.989400
v -6.519086 -7.850326 -3.989400
v -6.512832 -7.854449 -3.989400
v -6.502102 -7.856763 -3.989400
v -6.491212 -8.045559 -3.989400
v -6.480807 -8.071457 -3.989400
v -6.471138 -7.979974 -3.989400
v -6.540990 -8.191863 -3.989400
v -6.560803 -8.202506 -3.989400
v -6.471048 -7.979657 -3.989400
v -6.479426 -8.178814 -3.989400
v -6.577445 -8.218089 -3.989400
v -6.478106 -7.626100 -3.989400
v -6.426122 -8.178595 -3.989400
v -6.407918 -8.177773 -3.989400
v -6.438142 -8.123837 -3.989400
v -6.470626 -7.979321 -3.989400
v -6.405967 -7.929278 -3.989400
v -6.448218 -7.866483 -3.989400
v -6.415792 -7.868800 -3.989400
v -6.409523 -7.649217 -3.989400
v -6.372080 -7.923405 -3.989400
v -6.333125 -7.910139 -3.989400
v -6.380680 -7.874599 -3.989400
v -6.317369 -8.195221 -3.989400
v -6.327529 -8.145149 -3.989400
v -6.367074 -8.150017 -3.989400
v -6.326638 -7.856795 -3.989400
v -6.385458 -8.176435 -3.989400
v -6.375600 -8.149906 -3.989400
v -6.332543 -7.678942 -3.989400
v -6.317253 -7.681538 -3.989400
v -6.464373 -8.106867 -3.989400
v -6.461959 -7.624887 -3.989400
v -6.249771 -7.777377 -3.989400
v -6.246601 -7.772428 -3.989400
v -6.251011 -7.765397 -3.989400
v -6.281859 -8.211601 -3.989400
v -6.285153 -8.139349 -3.989400
v -6.298080 -7.848734 -3.989400
v -6.285914 -7.902448 -3.989400
v -6.235636 -7.909563 -3.989400
v -6.188200 -7.926208 -3.989400
v -6.188647 -8.044317 -3.989400
v -6.162469 -7.961232 -3.989400
v -6.234447 -8.104376 -3.989400
v -6.206787 -8.091921 -3.989400
v -6.158803 -8.127093 -3.989400
v -6.159051 -8.127799 -3.989400
v -6.139128 -8.177637 -3.989400
v -6.123027 -8.048029 -3.989400
v -6.158810 -8.003839 -3.989400
v -6.129670 -8.191705 -3.989400
v -6.292886 -8.139729 -3.989400
v -6.032805 -8.213477 -3.989400
v -5.993691 -8.207555 -3.989400
v -5.967617 -8.193906 -3.989400
v -5.984080 -7.957226 -3.989400
v -5.938802 -7.938625 -3.989400
v -5.994581 -7.959667 -3.989400
v -6.120161 -8.193319 -3.989400
v -6.056195 -8.218204 -3.989400
v -6.116218 -8.042445 -3.989400
v -6.080747 -8.012051 -3.989400
v -6.040941 -7.996238 -3.989400
v -5.857848 -8.143938 -3.989400
v -5.829107 -8.116651 -3.989400
v -5.748932 -8.157952 -3.989400
v -5.779984 -8.211631 -3.989400
v -5.882441 -8.158479 -3.989400
v -5.911330 -8.181937 -3.989400
v -5.808481 -8.097837 -3.989400
v -6.296047 -7.690749 -3.989400
v -6.303208 -8.199086 -3.989400
v -6.628758 -7.645728 -2.989400
v -6.627573 -7.643788 -2.989400
v -6.627530 -7.640231 -2.989400
v -6.628743 -7.573890 -2.989400
v -6.607316 -7.232689 -2.989400
v -6.267765 -7.813203 -2.989400
v -6.254892 -7.797944 -2.989400
v -6.235969 -7.768021 -2.989400
v -6.011014 -7.582002 -2.989400
v -6.075038 -7.585943 -2.989400
v -6.208230 -7.725602 -2.989400
v -6.197628 -7.702590 -2.989400
v -6.152429 -7.639307 -2.989400
v -6.122019 -7.604370 -2.989400
v -6.145796 -7.628085 -2.989400
v -6.376414 -8.167379 -2.989400
v -6.381051 -8.147515 -2.989400
v -6.362041 -8.033720 -2.989400
v -6.362978 -8.075868 -2.989400
v -6.347933 -7.998532 -2.989400
v -6.331550 -7.939306 -2.989400
v -6.328211 -7.928615 -2.989400
v -6.329149 -7.932997 -2.989400
v -6.291133 -7.868342 -2.989400
v -6.092649 -8.203102 -2.989400
v -6.071176 -8.165698 -2.989400
v -6.049592 -8.134121 -2.989400
v -5.959096 -7.782600 -2.989400
v -5.960098 -7.787078 -2.989400
v -5.969936 -7.849436 -2.989400
v -5.974464 -7.885318 -2.989400
v -5.969592 -7.716461 -2.989400
v -5.965669 -7.671512 -2.989400
v -6.016266 -8.067430 -2.989400
v -6.024383 -8.089244 -2.989400
v -6.003749 -8.034113 -2.989400
v -5.991914 -7.998522 -2.989400
v -5.983112 -7.972682 -2.989400
v -5.977345 -7.925073 -2.989400
v -5.992577 -7.634725 -2.989400
vn -1.0000 -0.0000 -0.0000
vn -0.0000 1.0000 -0.0000
vn 1.0000 -0.0000 -0.0000
vn -0.0000 -1.0000 -0.0000
vn -0.0000 -0.0000 -1.0000
vn -0.0000 -0.0000 1.0000
vn 0.5154 0.8530 0.0822
vn 0.3956 0.9176 -0.0390
vn 0.2891 0.9228 -0.2547
vn -0.5433 0.0490 -0.8381
vn -0.5370 -0.1697 -0.8264
vn -0.5218 -0.3571 -0.7747
vn 0.2406 0.9357 -0.2581
vn 0.2547 -0.7649 0.5917
vn 0.3846 -0.5935 0.7069
vn 0.4992 -0.7221 0.4789
vn 0.6328 -0.7291 0.2606
vn 0.4171 -0.5890 0.6921
vn 0.0879 -0.8674 0.4898
vn 0.2173 -0.7781 0.5893
vn -0.0703 -0.9087 0.4114
vn -0.4455 0.1683 -0.8793
vn 0.3919 -0.1636 0.9054
vn 0.1527 -0.5663 0.8099
vn 0.3536 -0.2972 0.8869
vn 0.1267 -0.5838 0.8020
vn -0.6047 0.5923 0.5325
vn -0.6012 0.5470 0.5825
vn -0.6690 0.6615 0.3389
vn 0.6305 -0.1774 -0.7556
vn 0.8205 -0.3002 -0.4865
vn 0.6324 -0.2232 -0.7417
vn 0.5407 -0.8285 -0.1456
vn 0.5789 -0.7212 -0.3806
vn 0.5424 -0.8089 -0.2268
vn 0.2811 0.9407 -0.1897
vn 0.6542 0.7163 -0.2426
vn 0.5075 0.8123 -0.2874
vn 0.3430 0.8956 -0.2832
vn -0.1340 -0.9746 0.1795
vn -0.1820 -0.9777 -0.1051
vn -0.0116 -0.9754 0.2203
vn -0.5956 0.7984 -0.0884
vn -0.5331 0.8037 -0.2643
vn -0.4374 0.8158 -0.3784
vn 0.5629 0.7513 -0.3445
vn 0.7710 0.5463 -0.3274
vn 0.5619 0.7371 -0.3754
vn -0.4920 0.3960 0.7753
vn -0.4006 -0.7552 -0.5188
vn -0.4885 -0.5662 -0.6639
vn 0.5658 -0.5051 -0.6517
vn 0.5716 -0.6077 -0.5513
vn 0.5940 -0.6117 -0.5224
vn 0.5654 -0.0240 -0.8245
vn 0.6691 0.0559 -0.7411
vn 0.5408 -0.0414 -0.8401
vn 0.4143 -0.8371 0.3573
vn 0.4353 -0.8922 0.1199
vn 0.4803 -0.8672 0.1316
vn -0.3781 0.6997 -0.6062
vn -0.1307 0.5695 -0.8115
vn -0.1984 0.7744 -0.6008
vn -0.4163 -0.1664 0.8939
vn -0.3412 -0.2384 0.9093
vn -0.1366 -0.3872 0.9118
vn 0.8748 -0.3772 -0.3039
vn -0.2518 -0.8996 -0.3569
vn 0.5034 0.3072 0.8076
vn 0.4534 0.0971 0.8860
vn 0.5016 0.1642 0.8494
vn 0.0893 0.3332 -0.9386
vn -0.0751 0.4690 -0.8800
vn -0.1183 0.5515 -0.8257
vn -0.1561 0.4615 -0.8733
vn -0.2170 0.6150 -0.7581
vn -0.8235 0.3290 0.4622
vn -0.5499 0.0927 0.8301
vn -0.6801 0.1879 0.7086
vn 0.5781 0.6083 0.5438
vn 0.5687 0.7886 0.2339
vn 0.5671 0.5891 0.5756
vn 0.2530 0.9409 -0.2252
vn 0.5909 0.7900 -0.1637
vn 0.3335 0.9121 -0.2384
vn 0.7569 0.6523 -0.0397
vn 0.4748 -0.8796 -0.0281
vn 0.7191 -0.6838 0.1236
vn 0.6655 -0.7398 0.0990
vn 0.9021 -0.4316 -0.0011
vn 0.1216 0.8711 -0.4758
vn -0.0559 0.8119 -0.5812
vn -0.1946 0.6357 -0.7470
vn 0.2083 -0.6989 0.6842
vn 0.3661 -0.7915 0.4894
vn 0.3179 -0.7766 0.5438
vn 0.0547 -0.5420 0.8386
vn 0.3367 -0.6898 0.6409
vn 0.1584 -0.7250 0.6703
vn -0.4442 0.7569 -0.4793
vn -0.4487 0.2616 -0.8545
vn -0.4695 0.4963 -0.7302
vn -0.5632 0.2722 -0.7802
vn 0.8461 -0.2245 -0.4834
vn 0.6349 -0.1760 -0.7523
vn 0.6379 -0.1851 -0.7475
vn 0.6447 -0.1704 -0.7452
vn 0.8912 0.3243 -0.3172
vn 0.6387 -0.2105 0.7401
vn 0.3226 -0.0196 0.9463
vn 0.7110 -0.2601 0.6533
vn 0.3625 -0.8950 0.2597
vn 0.7283 -0.6813 0.0730
vn 0.6651 -0.7082 0.2369
vn 0.0899 0.4311 -0.8978
vn -0.3588 -0.0047 0.9334
vn -0.1753 -0.2571 0.9504
vn -0.1760 -0.2054 0.9627
vn -0.2095 -0.2302 0.9503
vn -0.4293 -0.0828 0.8994
vn -0.4064 0.1604 0.8995
vn -0.4260 0.1568 0.8910
vn 0.6548 -0.7461 0.1207
vn 0.6334 -0.7681 0.0940
vn 0.8485 -0.5281 -0.0345
vn 0.8966 -0.4127 -0.1605
vn 0.6352 0.0775 0.7685
vn 0.5480 -0.0163 0.8363
vn 0.5569 0.3284 0.7629
vn 0.1033 -0.5612 0.8212
vn -0.0823 -0.3874 0.9182
vn 0.2340 0.1419 -0.9618
vn 0.1509 0.2708 -0.9507
vn 0.7921 -0.2957 0.5340
vn 0.7693 -0.2838 0.5725
vn 0.8282 -0.2769 0.4872
vn 0.0261 -0.7742 0.6324
vn -0.2535 -0.9408 0.2252
vn -0.1431 -0.8658 0.4794
vn 0.1148 -0.6234 0.7734
vn -0.8315 0.4883 0.2650
vn -0.8341 0.5109 0.2081
vn 0.7604 0.6462 0.0642
vn 0.9178 0.3782 0.1211
vn 0.6939 0.7181 -0.0527
vn 0.7990 -0.5222 0.2980
vn 0.7227 -0.5761 0.3819
vn 0.8124 -0.5108 0.2813
vn 0.2021 0.1746 -0.9637
vn 0.3533 0.0637 -0.9333
vn 0.3541 0.1237 -0.9270
vn 0.3957 -0.0187 -0.9182
vn 0.3963 -0.6415 -0.6568
vn 0.3620 -0.5894 -0.7222
vn 0.1727 -0.2971 -0.9391
vn 0.3733 -0.8098 -0.4526
vn 0.4170 -0.7443 -0.5216
vn 0.4249 -0.7308 -0.5343
vn 0.4387 -0.7055 -0.5566
vn 0.8990 0.3809 0.2159
vn 0.7817 0.6095 0.1322
vn -0.7523 0.5941 -0.2847
vn -0.7863 0.6142 -0.0666
vn 0.7746 -0.5437 0.3231
vn 0.9410 -0.3300 0.0749
vn 0.7438 -0.6596 0.1080
vn -0.6702 0.7264 0.1522
vn -0.6456 0.7566 0.1034
vn -0.5618 -0.4288 -0.7075
vn -0.5429 -0.4557 -0.7054
vn -0.6056 -0.3608 -0.7093
vn 0.2684 -0.3793 0.8855
vn 0.1408 -0.6498 0.7470
vn 0.8078 -0.5878 -0.0439
vn 0.9592 -0.0738 -0.2730
vn 0.9657 -0.0237 -0.2586
vn 0.9233 -0.3306 -0.1954
vn 0.5212 0.4901 0.6987
vn 0.5035 0.4514 0.7367
vn 0.5011 0.6135 0.6103
vn 0.4417 0.1334 -0.8872
vn -0.2387 -0.1816 0.9540
vn 0.5129 -0.2312 0.8267
vn 0.5016 -0.2606 0.8249
vn 0.7764 -0.2982 0.5553
vn 0.1714 0.4034 -0.8988
vn 0.4466 0.1109 -0.8878
vn -0.6209 -0.0438 -0.7827
vn -0.6344 0.3123 -0.7071
vn 0.9088 0.2588 -0.3273
vn 0.8915 0.4518 0.0327
vn 0.6971 0.7168 -0.0148
vn 0.7214 -0.1882 -0.6664
vn 0.5201 -0.0318 -0.8535
vn 0.9634 -0.0066 0.2680
vn 0.9247 -0.3518 0.1458
vn 0.8582 -0.3629 0.3629
vn 0.3355 0.9393 -0.0717
vn 0.2317 0.9239 -0.3046
vn 0.9081 -0.3783 -0.1796
vn 0.6820 -0.1896 -0.7063
vn -0.4435 0.2138 0.8704
vn -0.4514 -0.8586 -0.2431
vn -0.4949 -0.7605 -0.4204
vn -0.2121 0.6311 -0.7461
vn -0.1914 0.6296 -0.7529
vn 0.7723 0.6323 -0.0611
vn 0.7506 0.6588 -0.0513
vn 0.9411 0.3338 -0.0543
vn -0.5349 0.6676 -0.5179
vn -0.3145 0.5329 -0.7856
vn -0.3003 0.5153 -0.8027
vn -0.6288 0.6478 -0.4302
vn 0.5162 -0.2651 -0.8144
vn 0.5211 -0.3324 -0.7861
vn 0.0422 -0.9984 0.0387
vn -0.1706 -0.9632 -0.2076
vn 0.9772 -0.1338 0.1648
vn 0.9547 -0.1954 0.2242
vn -0.6206 0.4861 0.6153
vn 0.9724 0.1071 -0.2075
vn -0.2737 0.6187 -0.7364
vn -0.3743 0.7568 -0.5359
vn -0.5226 0.7197 -0.4570
vn -0.6656 0.2373 0.7076
vn -0.4938 -0.6085 -0.6212
vn -0.1481 -0.9449 0.2920
vn -0.2524 -0.9676 -0.0077
vn 0.9391 -0.2766 0.2038
vn 0.8143 -0.2614 0.5183
vn 0.5674 -0.7664 -0.3010
vn -0.5819 0.6815 0.4437
vn -0.4129 0.6956 0.5879
vn -0.5333 0.6894 0.4902
vn 0.5393 0.3438 0.7687
vn 0.8149 -0.4934 0.3040
vn 0.9252 -0.2631 0.2734
vn 0.3242 -0.5151 0.7935
vn 0.9605 0.2389 -0.1427
vn 0.3979 -0.7324 0.5525
vn -0.8473 0.5254 0.0776
vn -0.1586 -0.1628 0.9738
vn -0.2870 -0.9102 -0.2986
vn -0.3856 -0.8943 -0.2270
vn -0.4402 -0.8871 -0.1392
vn -0.4732 -0.8756 -0.0970
vn 0.7901 -0.4605 -0.4045
vn 0.8893 -0.1920 -0.4152
vn 0.6016 -0.5825 -0.5466
vn -0.6207 0.2790 -0.7328
vn 0.3573 -0.5945 0.7204
vn 0.5293 0.7826 0.3278
vn 0.2275 -0.5761 0.7851
vn -0.5936 0.5391 -0.5976
vn 0.9587 -0.2429 -0.1480
vn -0.7590 0.5114 -0.4030
vn 0.5893 -0.7895 -0.1717
vn 0.6000 0.2782 0.7500
vn 0.4532 -0.0209 0.8911
vn -0.6009 -0.0530 -0.7976
vn 0.5674 -0.0873 -0.8188
vn 0.9717 -0.1806 0.1523
vn -0.6801 0.5794 0.4491
vn 0.2776 -0.4426 0.8527
vn -0.6068 0.2631 -0.7500
vn -0.3963 -0.6326 -0.6654
vn -0.2679 -0.1120 0.9569
vn -0.0971 -0.9915 -0.0869
vn 0.4916 -0.8392 0.2326
vn -0.8812 0.4603 -0.1082
vn -0.7357 0.2860 0.6140
vn 0.1100 0.2378 -0.9651
vn -0.1675 -0.1289 0.9774
vn -0.6895 0.7176 -0.0977
vn -0.4832 0.4325 -0.7612
vn -0.0016 0.2174 -0.9761
vn 0.0696 0.2865 -0.9555
vn 0.4045 -0.7692 0.4946
vn 0.8086 -0.4225 -0.4095
vn 0.8066 -0.5256 -0.2706
vn 0.1466 -0.5276 0.8368
vn 0.2797 0.1771 -0.9436
vn 0.5747 0.6613 0.4821
vn 0.5867 -0.1054 0.8029
vn 0.5659 0.2570 0.7834
vn -0.5579 -0.8298 0.0103
vn 0.5261 0.0858 0.8461
vn 0.2268 0.9640 -0.1384
vn -0.7876 0.3132 0.5306
vn 0.7296 -0.6470 0.2214
vn -0.1819 0.4519 -0.8733
vn 0.3625 -0.0971 -0.9269
vn 0.5162 -0.2910 -0.8055
vn -0.0321 0.8351 -0.5492
vn 0.3224 -0.5460 0.7733
vn -0.5428 0.7446 0.3886
vn -0.4625 0.8018 0.3786
vn -0.4498 0.8192 0.3559
vn -0.2700 0.9546 0.1262
vn -0.4058 0.8618 0.3043
vn -0.0982 0.9940 -0.0472
vn -0.3394 -0.0191 0.9404
vn 0.3923 -0.6931 0.6047
vn -0.3559 -0.9308 0.0836
vn 0.5726 0.0097 0.8198
vn -0.6668 0.4466 -0.5966
vn -0.4583 0.2454 0.8543
vn -0.6162 0.6058 0.5033
vn -0.5423 0.7375 0.4025
vn -0.4756 0.8049 0.3550
vn -0.5736 0.6933 0.4363
vn 0.6538 -0.1733 -0.7365
vn -0.6186 0.2698 -0.7380
vn -0.7045 0.6626 0.2543
vn 0.5482 0.2914 0.7840
vn 0.5319 0.3986 0.7471
vn -0.1529 -0.9451 -0.2887
vn 0.1989 -0.3223 0.9255
vn -0.2973 0.0517 0.9534
vn -0.5702 0.6159 -0.5436
vn 0.2004 -0.9386 0.2809
vn 0.7330 -0.6091 0.3028
vn 0.1047 -0.4325 0.8955
vn -0.8856 0.4323 -0.1695
vn 0.6077 -0.7942 -0.0002
vn -0.2004 -0.9726 0.1175
vn -0.0099 -0.9224 0.3862
vn 0.6315 -0.6337 -0.4468
vn -0.6212 0.2731 -0.7345
vn -0.6080 -0.0294 -0.7934
vn -0.7153 0.6701 -0.1984
vn 0.8189 -0.4736 -0.3241
vn 0.4175 -0.7024 0.5765
vn -0.7996 0.3328 0.4999
vn -0.3311 0.0803 0.9402
vn -0.5475 0.3871 0.7419
vn 0.6100 -0.1874 -0.7699
vn 0.0109 -0.9849 -0.1728
vn -0.2139 0.2657 -0.9400
vn -0.4105 -0.7829 0.4676
vn -0.4997 -0.5827 0.6409
vn -0.6287 -0.4664 0.6223
vn 0.5782 -0.4423 -0.6856
vn -0.9021 0.3586 -0.2401
vn -0.3849 0.2922 -0.8755
vn 0.1553 -0.2177 0.9636
vn -0.8994 0.4339 -0.0536
vn -0.7674 0.5985 -0.2300
vn -0.7976 0.5687 -0.2011
vn 0.1237 0.1077 -0.9864
vn -0.1928 -0.8660 -0.4613
vn -0.3426 -0.7188 -0.6049
vn -0.7179 0.6135 -0.3289
vn -0.4879 0.7216 -0.4913
vn -0.4567 0.7579 -0.4659
vn -0.3347 0.4535 -0.8260
vn -0.7234 0.2077 0.6585
vn -0.7252 -0.0274 0.6880
vn -0.7013 -0.0588 0.7104
vn 0.2104 0.0756 -0.9747
vn -0.4339 0.8719 0.2269
vn -0.5753 0.7195 0.3890
vn 0.7169 -0.5813 0.3849
vn -0.2851 0.9521 0.1108
vn 0.3869 -0.5333 0.7523
vn 0.5832 0.1215 0.8032
vn -0.8723 0.4883 -0.0266
vn -0.9131 0.4044 0.0519
vn -0.7019 0.5846 0.4069
vn -0.2408 0.0499 0.9693
vn -0.4816 0.1612 -0.8615
vn 0.5104 0.7555 0.4108
vn 0.4913 -0.5729 0.6560
vn -0.8128 0.3052 0.4963
vn -0.1189 -0.9873 0.1048
vn -0.9098 0.1870 0.3705
vn -0.9110 0.3534 0.2126
vn -0.7487 0.6625 -0.0251
vn 0.6082 -0.7778 0.1583
vn -0.8804 0.0883 0.4659
vn 0.8460 -0.4688 -0.2540
vn 0.8557 -0.4859 -0.1778
vn -0.0378 0.9952 -0.0899
vn 0.5358 0.3559 0.7657
vn 0.4675 0.4492 0.7613
vn -0.6805 0.4652 0.5662
vn -0.7100 0.3809 0.5923
vn 0.3139 0.9489 -0.0324
vn 0.0028 0.8926 -0.4509
vn -0.6582 0.5966 0.4591
vn -0.6241 0.6873 0.3715
vn -0.6983 0.3802 0.6065
vn -0.9179 0.3495 0.1881
vn -0.8824 0.2978 -0.3642
vn 0.0266 0.1718 -0.9848
vn -0.2705 0.0993 0.9576
vn 0.3458 -0.2380 0.9076
vn 0.5101 -0.3492 -0.7861
vn -0.4154 0.7233 -0.5517
vn -0.6115 0.5919 -0.5251
vn -0.2610 0.7217 -0.6411
vn 0.5873 -0.1551 0.7944
vn 0.6890 -0.5169 0.5079
vn -0.1044 -0.9865 0.1265
vn 0.1050 -0.9050 0.4124
vn -0.2737 -0.8793 0.3897
vn -0.0954 -0.9457 0.3106
vn -0.7347 0.3931 0.5529
vn 0.3911 0.6731 0.6277
vn 0.0550 -0.9957 0.0746
vn 0.6113 -0.3948 0.6859
vn 0.2440 -0.5362 0.8081
vn 0.0230 -0.2842 0.9585
vn 0.3179 -0.0944 -0.9434
vn 0.3564 0.0278 -0.9339
vn -0.6109 0.6555 -0.4440
vn -0.6715 0.2717 0.6895
vn -0.9080 0.4167 0.0432
vn 0.1471 -0.9248 0.3508
vn -0.6133 -0.2905 0.7345
vn -0.0474 0.6858 -0.7263
vn -0.0902 0.6989 -0.7095
vn -0.5774 0.7286 0.3685
vn -0.4465 0.8694 0.2118
vn -0.9049 0.2666 -0.3317
vn -0.8579 0.0754 0.5082
vn -0.4594 0.8548 0.2414
vn -0.2884 0.1135 0.9508
vn -0.5411 0.4174 0.7300
vn 0.6648 -0.6757 -0.3184
vn -0.2869 0.9541 -0.0858
vn -0.9394 0.2850 0.1904
vn 0.6448 -0.1905 -0.7402
vn -0.4686 0.1061 -0.8770
vn -0.3333 0.3265 -0.8845
vn -0.2198 0.3295 -0.9182
vn -0.1691 -0.8577 0.4856
vn -0.0472 0.0289 0.9985
vn -0.8587 0.3412 0.3824
vn -0.6642 0.5413 0.5156
vn -0.7179 0.3825 0.5816
vn -0.7632 0.5992 0.2418
vn 0.5343 -0.5912 0.6041
vn 0.3499 -0.8903 0.2915
vn -0.7891 0.5448 -0.2838
vn -0.6365 0.4127 0.6516
vn 0.4816 0.6841 0.5477
vn 0.3214 0.9343 0.1540
vn 0.3877 0.9163 0.1004
vn 0.1128 -0.2331 0.9659
vn -0.4040 0.9119 0.0721
vn -0.2433 0.9610 -0.1312
vn 0.8571 -0.4629 -0.2261
vn -0.4548 0.8808 0.1322
vn -0.2933 -0.7538 0.5881
vn -0.8425 0.0847 0.5321
vn -0.8927 0.1443 0.4269
vn -0.6888 0.4945 0.5301
vn -0.1056 0.9871 -0.1207
vn -0.1144 -0.0454 -0.9924
vn 0.0940 0.9370 -0.3366
vn 0.0045 0.9809 -0.1944
vn -0.0531 0.9932 -0.1035
vn 0.6273 -0.0777 0.7749
vn -0.9328 0.1165 -0.3411
vn -0.4221 0.0158 -0.9064
vn -0.0781 0.6634 -0.7442
vn 0.3822 -0.1998 -0.9022
vn -0.1042 0.9778 -0.1819
vn -0.5565 0.4655 0.6881
vn -0.5030 0.2798 0.8177
vn -0.6771 -0.1464 0.7212
vn 0.5674 0.2753 0.7761
vn 0.6088 0.2087 0.7654
vn -0.7117 -0.0798 0.6979
vn 0.5191 -0.6913 0.5026
vn 0.6202 -0.7649 0.1739
vn 0.2294 0.8379 -0.4952
vn -0.8045 0.2122 0.5548
vn -0.9185 0.1479 0.3666
vn -0.6324 0.5964 -0.4944
vn 0.8464 -0.4729 0.2449
vn -0.7391 0.6259 -0.2488
vn 0.6031 0.0190 0.7974
vn 0.1480 -0.9573 0.2484
vn 0.7907 -0.4384 0.4273
vn -0.9461 0.2809 0.1614
vn -0.8931 0.4315 -0.1271
vn -0.9432 0.3260 0.0640
vn 0.4353 -0.6359 0.6373
vn 0.2716 -0.8583 0.4354
vn -0.4090 -0.1030 -0.9067
vn -0.2879 0.2211 0.9318
vn -0.9797 0.0433 -0.1957
vn -0.9813 0.1736 0.0831
vn -0.9945 0.0676 -0.0801
vn 0.2163 -0.1303 0.9676
vn -0.4246 0.9054 -0.0013
vn 0.6331 -0.5380 -0.5566
vn 0.4126 -0.5450 0.7299
vn -0.2664 0.1941 0.9441
vn 0.1805 0.6364 -0.7499
vn -0.1409 0.6166 -0.7745
vn 0.0871 0.0279 -0.9958
vn 0.2487 0.9027 0.3511
vn -0.3980 0.6359 -0.6612
vn -0.0191 -0.0565 0.9982
vn 0.4010 -0.2735 -0.8743
vn 0.8815 -0.3656 -0.2988
vn 0.0837 -0.9708 0.2250
vn 0.2472 -0.9689 -0.0116
vn -0.6621 0.5510 -0.5080
vn 0.3543 -0.1489 0.9232
vn -0.9572 0.2785 0.0787
vn -0.9177 0.3930 -0.0590
vn -0.6660 0.6473 0.3706
vn -0.6923 0.1917 0.6957
vn -0.8976 0.2195 0.3823
vn -0.3839 0.2229 0.8961
vn -0.8041 0.5876 0.0903
vn 0.3087 -0.9490 -0.0641
vn 0.0137 -0.9465 -0.3223
vn 0.5853 -0.6306 0.5097
vn -0.6257 -0.1754 0.7601
vn 0.2412 0.8733 -0.4232
vn 0.3188 0.7953 -0.5156
vn 0.6538 -0.3495 0.6712
vn 0.0408 0.0146 -0.9991
vn 0.6853 -0.7182 -0.1204
vn -0.9308 0.2815 0.2331
vn -0.7224 0.4244 0.5460
vn 0.6454 -0.2053 -0.7357
vn 0.2792 -0.1761 -0.9440
vn 0.1771 -0.1256 -0.9762
vn 0.4781 -0.8775 0.0380
vn 0.6148 -0.7159 0.3310
vn -0.6911 0.4806 0.5398
vn 0.0495 0.0970 0.9941
vn -0.7719 0.5015 -0.3908
vn -0.8866 0.4553 -0.0815
vn -0.8742 0.4534 -0.1735
vn 0.7383 -0.1854 -0.6485
vn 0.3605 0.4889 -0.7943
vn 0.3139 -0.3477 0.8835
vn -0.3998 0.9119 -0.0926
vn 0.6701 -0.1634 0.7241
vn 0.6147 0.1904 0.7655
vn 0.4245 -0.3005 -0.8541
vn 0.6109 -0.1508 0.7772
vn -0.5181 0.4437 -0.7313
vn -0.7471 0.5095 -0.4269
vn -0.6254 0.5036 0.5960
vn -0.7180 0.5337 0.4468
vn 0.4992 -0.5761 0.6473
vn -0.5863 -0.1390 -0.7981
vn -0.7748 -0.1971 -0.6006
vn -0.3436 -0.2651 -0.9009
vn 0.5485 0.4791 0.6853
vn 0.0784 -0.1087 0.9910
vn 0.2967 0.5813 -0.7577
vn 0.6404 -0.7019 0.3117
vn -0.3027 0.3165 -0.8990
vn 0.6228 -0.5198 -0.5847
vn 0.8940 -0.4314 0.1208
vn -0.7514 0.3527 0.5576
vn -0.7798 0.3358 0.5284
vn -0.7713 0.0390 0.6352
vn -0.6450 0.7264 0.2373
vn 0.6223 -0.0137 0.7826
vn 0.5972 0.3738 0.7096
vn 0.5631 -0.3622 0.7428
vn 0.2468 0.8007 -0.5459
vn -0.4726 0.5245 -0.7082
vn -0.1358 0.1925 0.9719
vn -0.5195 0.2403 0.8200
vn -0.2343 0.2024 0.9509
vn -0.5428 0.8346 0.0945
vn 0.2396 -0.9636 0.1184
vn 0.2219 -0.9704 0.0957
vn 0.3395 0.4409 -0.8309
vn 0.5830 0.1297 0.8020
vn -0.1252 0.5182 -0.8460
vn -0.8400 0.5315 -0.1090
vn -0.0748 0.9279 -0.3654
vn -0.0997 0.9711 -0.2170
vn 0.0051 0.9146 -0.4042
vn 0.3776 -0.2442 -0.8932
vn 0.1489 0.5060 -0.8496
vn -0.4382 0.2989 -0.8477
vn 0.0660 -0.2233 -0.9725
vn 0.7222 -0.6729 -0.1602
vn -0.5668 -0.1518 0.8098
vn -0.7161 0.5270 -0.4576
vn 0.5024 -0.5572 0.6611
vn -0.7188 0.5487 0.4268
vn -0.7051 0.3175 0.6340
vn -0.7024 0.3699 0.6080
vn 0.5363 0.3550 -0.7657
vn 0.7771 -0.2869 0.5602
vn -0.0492 0.4808 -0.8755
vn 0.2338 0.8615 -0.4508
vn -0.2168 -0.6670 0.7128
vn -0.1237 -0.6887 0.7144
vn -0.6589 0.3622 -0.6593
vn 0.1146 -0.3061 -0.9451
vn -0.2241 -0.3260 -0.9184
vn 0.9164 -0.3714 -0.1490
vn 0.4339 0.7024 -0.5642
vn 0.4312 0.7151 -0.5501
vn 0.4521 0.5567 -0.6969
vn 0.6117 0.2247 -0.7585
vn -0.6651 0.3050 0.6816
vn 0.3980 0.7178 -0.5713
vn -0.4948 0.5180 -0.6978
vn -0.0215 0.8289 -0.5590
vn -0.4118 0.3852 0.8258
vn 0.6808 -0.0132 0.7324
vn 0.5120 0.0055 0.8590
vn -0.5106 0.8597 -0.0133
vn 0.7404 -0.2963 -0.6033
vn 0.4962 -0.8660 0.0617
vn 0.5548 -0.7622 0.3334
vn -0.5551 0.4462 -0.7020
vn -0.6841 0.5069 -0.5244
vn -0.7176 0.4558 -0.5266
vn -0.0310 0.8808 -0.4725
vn 0.4569 0.3855 -0.8016
vn 0.3499 0.7535 -0.5566
vn 0.7084 -0.6659 0.2340
vn 0.3937 0.7044 -0.5906
vn -0.0737 0.0559 -0.9957
vn 0.6932 -0.2703 -0.6681
vn -0.7670 0.5016 0.4002
vn -0.4508 0.3522 0.8202
vn 0.1300 -0.3045 -0.9436
vn -0.0753 0.4221 -0.9034
vn -0.7429 0.4250 -0.5172
vn 0.2762 0.1120 0.9545
vn 0.1948 0.1811 0.9640
vn 0.9547 -0.2831 -0.0923
vn -0.6052 -0.0503 0.7945
vn -0.7017 0.1502 0.6965
vn -0.7252 0.3085 0.6155
vn -0.6300 0.7639 0.1402
vn 0.6097 0.2769 -0.7427
vn 0.5192 -0.8081 0.2783
vn -0.1666 0.0398 -0.9852
vn 0.9126 -0.2622 0.3138
vn 0.5929 0.1563 -0.7900
vn -0.7815 0.4024 -0.4768
vn 0.4751 -0.4026 0.7825
vn 0.8951 -0.2312 0.3813
vn 0.4402 0.6724 -0.5950
vn 0.5123 0.4754 -0.7152
vn 0.1557 -0.9163 0.3690
vn 0.8501 -0.1445 0.5064
vn 0.1924 -0.1318 0.9724
vn 0.7542 -0.6286 -0.1898
vn -0.1662 0.9002 -0.4026
vn -0.4069 0.4088 -0.8169
vn -0.6794 0.4262 -0.5974
vn -0.6410 0.4340 -0.6330
vn 0.8099 -0.2906 -0.5095
vn -0.6449 0.7524 0.1338
vn 0.6239 -0.5762 0.5279
vn 0.6738 -0.2748 -0.6859
vn 0.4222 -0.3038 -0.8541
vn 0.6110 -0.2752 -0.7423
vn 0.6578 -0.4077 -0.6333
vn 0.6053 -0.7035 -0.3723
vn 0.5943 -0.7285 -0.3408
vn 0.6463 -0.4857 -0.5885
vn 0.6433 -0.4659 0.6075
vn 0.6687 -0.0813 0.7391
vn -0.8572 0.5060 -0.0960
vn -0.5507 0.4553 -0.6996
vn 0.3079 0.6570 -0.6882
vn 0.5624 -0.8150 -0.1393
vn 0.4154 0.3307 -0.8474
vn -0.7443 0.4842 0.4599
vn -0.5140 0.1857 -0.8374
vn -0.3995 -0.3455 0.8492
vn 0.6067 0.2923 -0.7393
vn 0.7151 -0.2711 0.6444
vn 0.3522 -0.2522 -0.9013
vn -0.6743 0.0315 0.7378
vn -0.6705 -0.0629 0.7392
vn -0.5997 -0.2818 0.7490
vn -0.4504 -0.5092 0.7334
vn 0.3176 0.3390 -0.8855
vn 0.7485 -0.2571 -0.6113
vn -0.0322 0.0981 0.9947
vn 0.9554 -0.2922 -0.0433
vn -0.2055 0.8921 -0.4024
vn 0.2894 -0.9089 0.3002
vn 0.6723 -0.2788 -0.6858
vn 0.6778 -0.0795 -0.7310
vn 0.6713 -0.3202 -0.6684
vn 0.6534 -0.2250 -0.7228
vn -0.6927 0.2966 0.6574
vn 0.7472 -0.0192 0.6644
vn 0.3798 -0.2182 0.8990
vn -0.4158 -0.6054 0.6787
vn 0.4789 0.3292 -0.8138
vn -0.7782 0.5198 0.3525
vn -0.5409 0.3908 0.7448
vn -0.6303 -0.1251 0.7662
vn -0.7439 0.3440 -0.5729
vn -0.0116 0.3539 -0.9352
vn -0.7048 0.4503 0.5481
vn -0.4806 -0.0757 0.8737
vn -0.8736 0.4608 -0.1567
vn -0.8457 0.5207 0.1171
vn -0.0971 0.1555 0.9830
vn 0.6128 -0.4507 -0.6491
vn 0.7121 0.0573 -0.6997
vn 0.7727 -0.1215 -0.6231
vn 0.6035 -0.7188 -0.3451
vn 0.5648 -0.3953 0.7244
vn 0.9789 -0.2013 0.0356
vn -0.8344 0.4144 -0.3634
vn -0.6849 0.5639 0.4615
vn -0.6830 0.4112 0.6036
vn 0.8615 0.0629 0.5039
vn 0.6502 0.0637 0.7571
vn 0.9782 -0.0629 0.1981
vn -0.4688 0.4127 0.7810
vn 0.7672 -0.6273 0.1334
vn 0.3158 -0.9382 0.1418
vn -0.3458 0.8747 -0.3396
vn -0.1618 0.3317 -0.9294
vn 0.7518 -0.3267 0.5728
vn 0.7221 -0.4563 0.5199
vn -0.2361 -0.7791 0.5807
vn -0.7918 0.4985 0.3528
vn 0.3110 -0.2658 -0.9125
vn 0.1632 -0.8354 0.5248
vn -0.6229 0.7371 0.2621
vn -0.6739 0.0615 0.7363
vn 0.9328 -0.2035 -0.2976
vn -0.0802 -0.1020 -0.9915
vn -0.5875 -0.1531 0.7946
vn 0.7681 -0.6034 -0.2144
vn 0.1385 0.6912 -0.7093
vn -0.6544 0.7540 0.0575
vn 0.4708 0.2529 -0.8452
vn -0.6683 0.4736 0.5737
vn -0.6691 0.1251 0.7326
vn -0.4422 -0.3921 0.8067
vn 0.1261 0.2945 -0.9473
vn 0.8511 -0.2210 -0.4763
vn 0.4025 0.4391 -0.8032
vn -0.0998 -0.5562 0.8250
vn 0.3035 -0.1052 0.9470
vn 0.8075 -0.5151 0.2874
vn 0.7687 -0.5620 0.3053
vn 0.6598 -0.6681 0.3440
vn -0.4016 0.0725 -0.9129
vn -0.0859 0.3330 -0.9390
vn 0.4918 0.4365 -0.7534
vn 0.5592 0.4351 -0.7057
vn -0.7722 0.4113 0.4842
vn 0.2471 0.6962 -0.6739
vn 0.9247 -0.2116 -0.3166
vn 0.9837 -0.1445 -0.1070
vn -0.6702 0.2420 -0.7016
vn -0.5490 0.1559 -0.8212
vn 0.0944 0.7323 -0.6744
vn 0.7374 -0.5899 0.3291
vn -0.3696 0.8485 -0.3789
vn 0.9736 0.0040 0.2284
vn -0.5109 0.0218 0.8594
vn -0.6770 0.5423 0.4976
vn -0.1567 0.2482 0.9559
vn 0.8941 -0.1729 -0.4131
vn 0.8878 -0.1426 -0.4376
vn 0.8990 -0.2800 -0.3367
vn 0.4122 0.2144 -0.8855
vn 0.7433 0.1115 -0.6596
vn 0.5607 0.3116 -0.7671
vn 0.4853 0.3683 -0.7930
vn 0.7483 0.0954 -0.6565
vn 0.6578 -0.5170 -0.5477
vn -0.4792 0.4364 0.7615
vn 0.2595 -0.2764 -0.9254
vn 0.7519 0.0769 -0.6548
vn -0.5680 0.8229 -0.0172
vn 0.6401 -0.1743 -0.7483
vn 0.9113 -0.4075 -0.0580
vn 0.9243 -0.3237 -0.2025
vn 0.9264 -0.2494 -0.2820
vn -0.6548 0.6593 0.3697
vn -0.1370 -0.8551 0.5001
vn -0.0837 -0.8249 0.5590
vn -0.6155 -0.0526 0.7864
vn 0.8967 -0.4394 0.0536
vn 0.8362 -0.5139 0.1917
vn 0.8288 -0.4979 0.2553
vn -0.7092 0.7028 0.0565
vn -0.4167 0.8203 -0.3917
vn 0.7094 -0.4756 0.5202
vn -0.5072 -0.2050 0.8371
vn -0.3565 -0.4148 0.8372
vn -0.2878 0.7367 -0.6120
vn -0.2509 -0.5507 0.7961
vn -0.2503 0.1826 0.9508
vn -0.6562 0.2045 0.7264
vn -0.4898 0.1513 -0.8586
vn -0.2969 -0.0750 -0.9520
vn 0.0798 0.5220 -0.8492
vn 0.0806 0.1297 0.9883
vn -0.0550 0.1719 0.9836
vn 0.1559 -0.9361 0.3152
vn -0.6918 0.5609 0.4548
vn 0.6232 -0.3642 0.6920
vn 0.8864 -0.4555 0.0828
vn 0.7941 -0.6074 0.0199
vn -0.4523 -0.0232 -0.8916
vn 0.1714 0.2616 -0.9498
vn 0.4824 0.2087 -0.8507
vn -0.7842 0.4075 0.4679
vn 0.9307 -0.2104 -0.2991
vn 0.0466 -0.2276 -0.9726
vn 0.2801 -0.0203 0.9597
vn 0.6671 0.1113 -0.7366
vn -0.6333 0.7098 0.3084
vn -0.6529 0.2456 0.7165
vn -0.5395 0.0921 0.8369
vn 0.5163 0.1488 -0.8434
vn 0.6631 -0.4396 -0.6059
vn -0.6680 0.0790 0.7399
vn -0.0533 0.7078 -0.7044
vn -0.6267 0.7754 -0.0780
vn -0.4554 -0.3220 0.8300
vn 0.9271 -0.3718 -0.0468
vn -0.1055 -0.4709 0.8759
vn 0.6308 -0.4705 -0.6170
vn 0.5785 -0.8117 -0.0803
vn 0.3200 -0.8156 0.4821
vn 0.8390 -0.0180 -0.5438
vn 0.7712 -0.0303 -0.6359
vn 0.7987 -0.0071 -0.6016
vn 0.0201 -0.8495 0.5272
vn -0.5139 0.1681 0.8412
vn 0.2944 -0.9051 0.3066
vn -0.4746 0.7904 -0.3874
vn 0.3717 -0.3745 -0.8495
vn -0.4683 0.8779 -0.0999
vn -0.5053 0.8583 -0.0900
vn -0.5196 0.8537 0.0358
vn -0.3099 0.8887 -0.3379
vn -0.5834 -0.0287 0.8117
vn -0.3572 -0.3602 0.8618
vn 0.9327 -0.3489 -0.0915
vn 0.3670 0.2197 -0.9039
vn 0.4661 0.1920 -0.8636
vn -0.7360 0.6769 0.0042
vn 0.5004 0.3504 -0.7917
vn 0.9450 -0.2299 -0.2326
vn 0.6476 -0.4890 -0.5844
vn 0.8116 -0.5203 0.2658
vn 0.8029 -0.5693 -0.1767
vn -0.3931 -0.2858 0.8740
vn 0.3576 0.3872 -0.8498
vn 0.9349 -0.3459 -0.0798
vn -0.0084 -0.6775 0.7355
vn 0.0322 -0.6719 0.7400
vn -0.1559 -0.5891 0.7929
vn -0.7006 0.1902 0.6878
vn 0.6752 0.1295 -0.7262
vn -0.6930 0.5539 0.4614
vn 0.6346 0.1316 -0.7616
vn 0.8098 -0.4792 0.3384
vn 0.6281 -0.2919 0.7213
vn 0.1592 0.3454 -0.9248
vn 0.9476 -0.3194 -0.0016
vn -0.1014 0.7036 -0.7033
vn 0.5519 -0.1477 -0.8207
vn 0.4886 0.0084 -0.8725
vn 0.5537 -0.1645 0.8163
vn 0.6783 -0.4932 -0.5448
vn -0.1604 -0.3105 0.9370
vn -0.6808 0.6774 0.2786
vn -0.6554 0.2625 0.7082
vn -0.1361 -0.2238 -0.9651
vn -0.7940 0.5201 0.3146
vn 0.2865 -0.9383 0.1939
vn -0.3392 0.8750 -0.3455
vn 0.9344 -0.1449 -0.3255
vn 0.9193 -0.0857 -0.3842
vn -0.1211 -0.7375 0.6644
vn -0.1873 -0.5568 0.8093
vn 0.9134 -0.0780 -0.3996
vn -0.6657 0.7410 -0.0879
vn -0.3680 0.6871 -0.6265
vn 0.7400 0.0387 -0.6715
vn 0.3927 -0.0141 0.9196
vn 0.1503 0.1025 0.9833
vn 0.1484 0.1743 0.9734
vn -0.2365 -0.4045 0.8834
vn 0.3790 -0.9147 0.1405
vn 0.1857 -0.3156 -0.9306
vn 0.0296 -0.2618 -0.9647
vn 0.3591 -0.9320 0.0498
vn 0.4876 -0.4253 -0.7624
vn -0.4635 0.1177 0.8782
vn -0.0671 -0.3637 0.9291
vn 0.8288 -0.5399 -0.1466
vn -0.6935 0.5369 0.4804
vn -0.1643 0.8739 -0.4575
vn 0.8943 -0.1302 -0.4281
vn 0.8863 -0.1581 -0.4353
vn -0.7088 0.6963 -0.1128
vn 0.6262 -0.7794 -0.0217
vn 0.7912 0.0318 -0.6107
vn 0.6855 -0.0869 -0.7228
vn 0.6379 0.0520 -0.7684
vn 0.3453 -0.7290 0.5910
vn 0.2449 0.4808 -0.8419
vn -0.3754 0.6888 -0.6202
vn -0.5128 0.7608 -0.3977
vn -0.3350 -0.2286 0.9141
vn 0.7095 -0.5112 -0.4850
vn -0.0819 0.6326 -0.7702
vn 0.0802 0.3656 -0.9273
vn 0.1584 -0.8178 0.5533
vn 0.7392 -0.4963 -0.4553
vn 0.8213 -0.3991 0.4076
vn -0.7936 0.4756 0.3793
vn -0.6897 0.5263 0.4974
vn -0.5669 0.8156 -0.1163
vn 0.7790 -0.2740 -0.5640
vn -0.1009 0.7105 -0.6964
vn -0.4555 -0.0267 0.8899
vn 0.3467 0.3850 -0.8553
vn 0.4736 -0.0918 -0.8759
vn 0.3587 -0.7776 0.5163
vn 0.0381 -0.6414 0.7662
vn 0.2330 -0.7761 0.5859
vn -0.2864 -0.3486 0.8924
vn 0.5657 0.1058 -0.8178
vn -0.1969 0.7411 -0.6418
vn -0.3967 0.6699 -0.6276
vn -0.0211 0.3896 -0.9207
vn -0.6684 0.1893 0.7194
vn -0.6769 0.7159 -0.1709
vn 0.5463 -0.8195 -0.1730
vn -0.0186 -0.6491 0.7605
vn 0.2573 -0.6505 0.7146
vn 0.3390 -0.4054 -0.8490
vn -0.7967 0.6044 0.0082
vn 0.8513 -0.5206 -0.0655
vn 0.4223 -0.7744 0.4711
vn -0.0290 -0.3089 0.9506
vn 0.5774 -0.4432 -0.6856
vn 0.5289 -0.4382 -0.7268
vn -0.7030 0.5141 0.4914
vn -0.6279 0.7782 0.0127
vn 0.6572 -0.7457 0.1096
vn -0.3037 0.7482 -0.5899
vn 0.7565 -0.2941 0.5841
vn -0.5227 0.6656 -0.5327
vn -0.4264 0.1600 0.8902
vn -0.1535 0.6448 -0.7488
vn 0.3109 -0.6809 0.6631
vn 0.3868 -0.6312 0.6723
vn 0.6885 -0.7217 -0.0724
vn 0.7887 -0.4960 -0.3633
vn 0.7178 -0.6702 -0.1887
vn 0.7643 -0.5005 -0.4067
vn 0.5735 -0.7890 -0.2207
vn 0.5558 -0.8312 0.0097
vn 0.8754 -0.4788 0.0664
vn -0.7648 0.3530 0.5390
vn 0.7421 -0.3176 -0.5903
vn -0.4700 0.8017 -0.3693
vn -0.5362 0.0833 0.8399
vn -0.6957 0.5131 0.5027
vn -0.4735 0.5615 -0.6786
vn 0.3675 -0.0689 -0.9275
vn 0.0869 0.4336 -0.8969
vn -0.7611 0.6451 -0.0680
vn 0.6554 -0.7095 -0.2589
vn 0.7143 -0.5278 -0.4596
vn -0.0577 0.6617 -0.7476
vn 0.7435 -0.4324 -0.5102
vn 0.4482 -0.0012 0.8940
vn 0.5888 -0.1757 0.7890
vn 0.5972 -0.8018 0.0206
vn -0.5215 0.0175 0.8531
vn -0.4585 -0.1211 0.8804
vn 0.8411 -0.2914 0.4557
vn 0.7435 -0.2655 0.6138
vn 0.8678 -0.3755 0.3256
vn -0.3525 0.1603 0.9220
vn 0.0848 -0.5606 0.8237
vn -0.6490 0.4939 0.5786
vn -0.1580 -0.4471 0.8804
vn -0.1066 0.3694 -0.9231
vn -0.1446 0.5575 -0.8175
vn 0.6506 -0.0514 -0.7577
vn -0.0057 -0.4873 0.8732
vn 0.4577 -0.8204 0.3427
vn -0.8427 0.4709 0.2611
vn -0.7307 0.6064 -0.3137
vn 0.3974 0.2338 -0.8873
vn -0.6907 0.7218 0.0437
vn 0.4880 -0.8416 0.2315
vn -0.1550 -0.3656 0.9178
vn 0.5844 -0.7818 0.2177
vn 0.6479 -0.7579 0.0762
vn 0.5949 -0.7596 0.2627
vn -0.4466 0.1109 0.8878
vn -0.6645 0.2019 0.7195
vn 0.3859 -0.7204 0.5763
vn 0.6631 -0.7449 0.0740
vn 0.5979 -0.3545 -0.7189
vn 0.8038 -0.4605 -0.3765
vn 0.6800 -0.4111 -0.6071
vn 0.7301 -0.4801 -0.4862
vn 0.2860 0.1601 -0.9448
vn 0.5151 -0.0689 -0.8544
vn 0.6099 -0.1290 -0.7819
vn -0.1285 0.6593 -0.7408
vn 0.8923 -0.4476 -0.0589
vn -0.8552 0.5183 0.0035
vn 0.0193 -0.2088 0.9778
vn -0.6882 0.5332 0.4921
vn -0.6230 0.4843 -0.6143
vn 0.3366 -0.7905 0.5117
vn 0.7023 -0.3181 -0.6368
vn 0.7149 -0.5671 -0.4091
vn 0.6818 -0.6346 -0.3639
vn -0.2046 -0.3023 0.9310
vn -0.7639 0.3106 0.5656
vn 0.2640 0.3035 -0.9155
vn 0.4060 0.0689 -0.9113
vn 0.6881 -0.5561 -0.4661
vn -0.4659 0.1416 0.8735
vn 0.7677 -0.4945 -0.4075
vn 0.9065 -0.3498 0.2365
vn -0.0495 0.5598 -0.8271
vn -0.0369 0.5650 -0.8243
vn -0.3899 0.5162 -0.7626
vn -0.0844 0.4586 -0.8846
vn 0.9280 -0.3709 0.0352
vn 0.2320 0.0288 -0.9723
vn -0.8172 0.5713 0.0766
vn -0.2139 0.0985 0.9719
vn -0.6554 0.7386 -0.1577
vn -0.1360 -0.2732 0.9523
vn 0.7148 -0.2504 -0.6530
vn -0.3440 0.6839 -0.6434
vn -0.6573 0.5161 -0.5491
vn -0.0228 0.1864 -0.9822
vn 0.2411 0.2735 -0.9312
vn 0.7699 -0.6168 -0.1635
vn 0.9292 -0.3481 -0.1237
vn 0.4280 -0.6700 0.6066
vn 0.5560 -0.3062 -0.7728
vn 0.7109 -0.6795 0.1814
vn 0.1867 -0.7054 0.6838
vn -0.7919 0.4896 -0.3650
vn 0.3196 -0.6029 0.7310
vn 0.2896 -0.5028 0.8145
vn 0.6843 -0.6452 -0.3398
vn 0.4745 0.0737 -0.8771
vn -0.8765 0.4793 0.0448
vn -0.9136 0.4025 -0.0585
vn -0.8798 0.4739 0.0371
vn -0.8346 0.5046 -0.2209
vn -0.8391 0.4110 0.3564
vn -0.6635 0.3312 0.6708
vn -0.8049 0.4061 0.4326
vn -0.8498 0.4379 0.2933
vn -0.9139 0.4019 0.0578
vn 0.4565 -0.5357 0.7104
vn -0.4391 0.0024 0.8984
vn 0.8608 -0.4828 -0.1611
vn -0.0406 -0.3858 0.9217
vn 0.7171 -0.5909 -0.3698
vn 0.0810 -0.1694 0.9822
vn 0.6967 -0.6953 0.1766
vn -0.7108 0.4448 0.5449
vn 0.5847 -0.8000 0.1347
vn -0.8642 0.4016 0.3032
vn -0.9432 0.3310 0.0300
vn -0.8664 0.4987 -0.0268
vn -0.2644 0.1797 -0.9475
vn -0.4747 0.6071 -0.6372
vn -0.4975 0.2508 0.8304
vn -0.5677 0.1622 0.8071
vn -0.8864 0.4595 0.0566
vn 0.6624 -0.5362 -0.5232
vn -0.4314 0.2844 0.8562
vn -0.4764 0.2904 0.8299
vn -0.7163 0.6938 -0.0744
vn -0.1329 -0.2075 0.9692
vn 0.2206 -0.0110 -0.9753
vn 0.0445 0.3848 -0.9219
vn -0.2326 0.3399 -0.9113
vn -0.1627 0.4158 -0.8948
vn -0.1915 0.2718 -0.9431
vn 0.7559 -0.6307 0.1753
vn -0.7036 0.5345 0.4682
vn -0.6421 0.3716 -0.6706
vn -0.8821 0.4534 0.1281
vn -0.0618 0.4204 -0.9052
vn -0.5479 0.4010 -0.7342
vn -0.8394 0.3132 0.4442
vn -0.9310 0.3468 0.1137
vn 0.6704 -0.6363 -0.3817
vn 0.6130 -0.7872 -0.0671
vn -0.1731 0.1662 0.9708
vn -0.7637 0.4531 -0.4598
vn 0.5086 -0.4467 0.7361
vn 0.4216 -0.7647 0.4874
vn 0.7451 -0.5717 -0.3435
vn 0.6783 -0.4318 -0.5945
vn -0.3156 0.2005 0.9275
vn -0.7360 0.4225 0.5289
vn -0.3593 0.0102 0.9332
vn -0.3748 0.0305 0.9266
vn 0.5161 0.0575 -0.8546
vn 0.4423 0.1183 -0.8890
vn 0.2492 0.2801 -0.9271
vn 0.1397 0.3254 -0.9352
vn -0.6789 0.2788 0.6792
vn 0.7112 -0.6373 0.2966
vn 0.6571 -0.6227 0.4248
vn 0.6777 -0.5463 0.4921
vn 0.1230 -0.3971 0.9095
vn -0.0653 -0.1850 0.9806
vn -0.6667 0.6772 -0.3113
vn -0.6265 0.6115 -0.4832
vn -0.7912 0.4863 0.3708
vn -0.4772 0.2620 0.8388
vn 0.7975 -0.5099 -0.3225
vn -0.6921 0.2962 -0.6583
vn -0.8846 0.4586 -0.0845
vn -0.7390 0.2531 0.6244
vn 0.4522 0.0044 -0.8919
vn 0.5417 -0.2811 -0.7921
vn 0.6448 -0.7584 0.0945
vn -0.5478 0.4001 0.7347
vn -0.5642 0.4638 0.6831
vn -0.4985 0.2995 0.8135
vn 0.7166 -0.2282 -0.6590
vn 0.4258 -0.2458 -0.8708
vn -0.0695 0.3712 -0.9259
vn 0.4657 -0.6466 0.6042
vn 0.4556 -0.5951 0.6620
vn -0.3439 0.2433 -0.9069
vn -0.2435 0.1797 -0.9531
vn -0.3865 0.1397 -0.9116
vn 0.5614 -0.6674 0.4892
vn 0.5368 -0.6323 0.5587
vn -0.8014 0.3558 0.4808
vn -0.8877 0.4424 -0.1277
vn 0.1940 0.1230 -0.9733
vn 0.1906 0.2017 -0.9607
vn -0.3149 0.3031 -0.8994
vn -0.2222 0.3381 -0.9145
vn -0.3275 0.0639 0.9427
vn -0.3597 0.0878 0.9289
vn 0.6868 -0.4073 -0.6021
vn -0.6120 0.3318 0.7178
vn -0.6618 0.4465 0.6022
vn 0.7700 -0.6380 0.0125
vn -0.3330 -0.1463 0.9315
vn -0.1700 0.1740 0.9700
vn -0.1749 0.1814 0.9677
vn 0.1033 0.0079 -0.9946
vn 0.0501 -0.0066 -0.9987
vn 0.2746 -0.1385 -0.9515
vn 0.3522 0.1749 -0.9194
vn 0.6039 -0.1355 -0.7854
vn 0.0322 0.0536 0.9980
vn -0.0699 0.1105 0.9914
vn 0.6236 -0.7060 0.3357
vn -0.7504 0.6520 0.1088
vn -0.7505 0.5621 0.3477
vn -0.7088 0.2752 0.6495
vn -0.7032 0.2632 0.6604
vn -0.7015 0.2669 0.6608
vn -0.6784 0.2937 0.6734
vn 0.2331 -0.6316 0.7394
vn 0.1278 -0.5191 0.8451
vn 0.7651 -0.6439 -0.0081
vn 0.7848 -0.6002 -0.1549
vn -0.5978 0.4277 -0.6780
vn -0.5142 0.3912 -0.7632
vn -0.7697 0.4821 -0.4186
vn -0.7213 0.4583 -0.5193
vn -0.7335 0.4692 0.4917
vn -0.5564 0.2432 0.7945
vn -0.6140 0.2960 0.7317
vn 0.1225 -0.4458 0.8867
vn -0.9060 0.3484 0.2404
vn -0.9179 0.3709 0.1410
vn -0.6992 0.2788 0.6584
vn -0.7020 0.2791 0.6552
vn -0.7055 0.2739 0.6536
vn -0.6986 0.2761 0.6601
vn -0.4017 0.1318 0.9063
vn -0.4430 0.1643 0.8813
vn -0.8791 0.4003 -0.2589
vn -0.8455 0.3484 -0.4047
vn 0.1673 -0.1757 0.9701
vn 0.1041 -0.1765 0.9788
vn 0.3374 -0.3349 0.8798
vn -0.4425 0.1115 -0.8898
vn -0.6494 0.3610 0.6694
vn 0.0089 -0.0864 0.9962
vn -0.0290 0.0627 0.9976
vn -0.2261 0.1809 0.9572
vn -0.7091 0.2686 0.6519
vn -0.3231 0.5214 -0.7898
vn -0.2250 0.4420 -0.8683
vn -0.7117 0.4841 0.5091
vn -0.8654 0.4610 0.1965
vn 0.5728 -0.7755 0.2654
vn -0.8917 0.4315 -0.1369
vn 0.8012 -0.4135 -0.4326
vn 0.7652 -0.2753 -0.5820
vn -0.0441 0.1076 0.9932
vn 0.0165 0.2259 -0.9740
vn 0.6207 -0.4258 -0.6583
vn 0.1444 0.1703 -0.9748
vn -0.5325 0.3652 0.7636
vn -0.7067 0.2917 0.6446
vn 0.1399 -0.4643 0.8746
vn -0.0435 -0.2206 0.9744
vn 0.4055 -0.4821 0.7766
vn 0.4163 -0.1696 0.8933
vn 0.6547 -0.3740 -0.6569
vn 0.9214 -0.3884 -0.0094
vn -0.5375 -0.3462 -0.7689
vn -0.8422 -0.0284 0.5384
vn -0.8820 -0.2069 -0.4234
vn 0.4739 -0.8628 -0.1761
vn 0.5370 -0.8421 -0.0491
vn 0.7183 -0.3761 -0.5853
vn -0.1769 -0.1309 0.9755
vn -0.8887 0.4583 -0.0131
vn -0.2715 0.5489 -0.7906
vn 0.0949 0.4144 -0.9051
vn -0.6818 -0.2994 0.6675
vn -0.7775 -0.0476 0.6271
vn -0.6970 -0.0421 0.7158
vn -0.0356 -0.9238 -0.3812
vn -0.3474 -0.0257 0.9374
vn -0.1369 -0.1012 0.9854
vn -0.5494 0.8111 0.2009
vn 0.6079 -0.7063 0.3627
vn 0.4625 0.1639 0.8713
vt 0.474504 0.022363
vt 0.475892 0.020586
vt 0.484400 0.009347
vt 0.496941 0.002313
vt 0.501281 0.000460
vt 0.506627 0.000614
vt 0.520314 0.000005
vt 0.538300 0.006807
vt 0.538457 0.006877
vt 0.552694 0.021830
vt 0.554980 0.023976
vt 0.561437 0.039950
vt 0.564051 0.045982
vt 0.563460 0.061442
vt 0.563638 0.068286
vt 0.556075 0.083404
vt 0.552744 0.089087
vt 0.544669 0.092727
vt 0.533476 0.098555
vt 0.528633 0.098068
vt 0.513831 0.096113
vt 0.510866 0.094319
vt 0.506824 0.090723
vt 0.495286 0.082416
vt 0.490243 0.077810
vt 0.482140 0.065252
vt 0.479608 0.059707
vt 0.479054 0.055951
vt 0.474460 0.040821
vt 0.474461 0.024087
vt 0.396185 0.021234
vt 0.396255 0.016592
vt 0.396699 0.010535
vt 0.395904 0.000000
vt 0.444076 0.000000
vt 0.449212 0.006118
vt 0.452275 0.008069
vt 0.457410 0.015656
vt 0.462398 0.027019
vt 0.463016 0.032935
vt 0.465080 0.042731
vt 0.464951 0.060659
vt 0.460777 0.066661
vt 0.453698 0.076537
vt 0.445521 0.076076
vt 0.434773 0.073902
vt 0.428769 0.068942
vt 0.417312 0.060816
vt 0.416970 0.060059
vt 0.413801 0.055321
vt 0.407694 0.045808
vt 0.406305 0.044008
vt 0.401361 0.031610
vt 0.508057 0.114353
vt 0.515399 0.109698
vt 0.527730 0.111178
vt 0.534528 0.112028
vt 0.547579 0.114300
vt 0.564349 0.115722
vt 0.570665 0.117082
vt 0.579686 0.117780
vt 0.591152 0.121321
vt 0.601926 0.124228
vt 0.607535 0.127985
vt 0.613590 0.131226
vt 0.625000 0.138789
vt 0.625000 0.166420
vt 0.622289 0.167008
vt 0.612365 0.165916
vt 0.600672 0.165325
vt 0.585104 0.165848
vt 0.577790 0.164919
vt 0.564610 0.164449
vt 0.561675 0.163657
vt 0.560661 0.163475
vt 0.542117 0.157920
vt 0.539810 0.157087
vt 0.537546 0.156880
vt 0.520584 0.149295
vt 0.518962 0.148514
vt 0.513375 0.145569
vt 0.503902 0.135196
vt 0.494824 0.121436
vt 0.381357 0.110252
vt 0.398818 0.102640
vt 0.399238 0.102526
vt 0.401400 0.103018
vt 0.419084 0.108696
vt 0.424337 0.113959
vt 0.433283 0.126278
vt 0.436015 0.129949
vt 0.436859 0.131266
vt 0.436645 0.142883
vt 0.433487 0.155052
vt 0.430929 0.161139
vt 0.426391 0.162970
vt 0.411263 0.166479
vt 0.406094 0.165323
vt 0.400312 0.163518
vt 0.392909 0.161525
vt 0.389430 0.160169
vt 0.375004 0.143686
vt 0.375000 0.143681
vt 0.375000 0.117338
vt 0.376854 0.113692
vt 0.379010 0.110599
vt 0.514024 0.223341
vt 0.516136 0.217122
vt 0.521103 0.215099
vt 0.532850 0.208027
vt 0.544388 0.215705
vt 0.547320 0.220596
vt 0.554090 0.235716
vt 0.557673 0.242500
vt 0.557829 0.250000
vt 0.507630 0.250000
vt 0.510934 0.236652
vt 0.513187 0.226671
vt 0.425281 0.209540
vt 0.437496 0.208256
vt 0.444822 0.207337
vt 0.454614 0.212408
vt 0.458541 0.213511
vt 0.467042 0.221284
vt 0.473725 0.229407
vt 0.473510 0.234152
vt 0.475735 0.243864
vt 0.471975 0.250000
vt 0.412027 0.250000
vt 0.407756 0.247295
vt 0.404611 0.231543
vt 0.404356 0.229846
vt 0.404582 0.228206
vt 0.412197 0.216518
vt 0.418285 0.211692
vt 0.618593 0.246180
vt 0.625000 0.242600
vt 0.625000 0.250000
vt 0.614697 0.250000
vt 0.615012 0.249006
vt 0.614985 0.251565
vt 0.625000 0.264273
vt 0.400778 0.265294
vt 0.404081 0.258575
vt 0.468446 0.255165
vt 0.464769 0.258836
vt 0.450779 0.278959
vt 0.450582 0.279203
vt 0.450558 0.279240
vt 0.439273 0.291973
vt 0.435110 0.299206
vt 0.425397 0.310449
vt 0.417420 0.327266
vt 0.413192 0.332828
vt 0.410774 0.335777
vt 0.403736 0.345332
vt 0.392695 0.360887
vt 0.389039 0.364503
vt 0.378008 0.379285
vt 0.375000 0.381577
vt 0.375000 0.294985
vt 0.376338 0.293403
vt 0.388824 0.278164
vt 0.389269 0.277609
vt 0.399473 0.266811
vt 0.519344 0.262512
vt 0.508612 0.251151
vt 0.556538 0.253787
vt 0.551459 0.257560
vt 0.541880 0.264103
vt 0.538632 0.265703
vt 0.536484 0.265474
vt 0.479455 0.351958
vt 0.472221 0.369983
vt 0.472052 0.370082
vt 0.455359 0.379879
vt 0.452586 0.379843
vt 0.439088 0.377982
vt 0.429566 0.372959
vt 0.427012 0.371358
vt 0.425712 0.368627
vt 0.418966 0.355143
vt 0.419719 0.351491
vt 0.423066 0.338275
vt 0.430427 0.328096
vt 0.444123 0.320877
vt 0.446305 0.320244
vt 0.448690 0.320592
vt 0.463506 0.321634
vt 0.470489 0.328201
vt 0.476029 0.333900
vt 0.480138 0.348621
vt 0.480308 0.350480
vt 0.529172 0.376305
vt 0.530418 0.375806
vt 0.532059 0.376042
vt 0.552181 0.378334
vt 0.561658 0.386477
vt 0.569994 0.393612
vt 0.576163 0.411351
vt 0.576804 0.413876
vt 0.576282 0.417259
vt 0.573980 0.434775
vt 0.573061 0.439508
vt 0.560287 0.457413
vt 0.558396 0.459938
vt 0.557847 0.460261
vt 0.536496 0.469910
vt 0.534851 0.470196
vt 0.525322 0.468894
vt 0.513677 0.467887
vt 0.511484 0.467105
vt 0.506881 0.462556
vt 0.495504 0.452549
vt 0.492351 0.446064
vt 0.489632 0.431185
vt 0.490727 0.418324
vt 0.493350 0.410552
vt 0.501634 0.398318
vt 0.505672 0.391057
vt 0.508483 0.387339
vt 0.576301 0.557847
vt 0.576305 0.557861
vt 0.585621 0.577702
vt 0.586201 0.584442
vt 0.589843 0.600264
vt 0.590206 0.611507
vt 0.590343 0.615618
vt 0.589730 0.629253
vt 0.585063 0.647499
vt 0.584904 0.648973
vt 0.584817 0.649856
vt 0.578206 0.665009
vt 0.575469 0.671020
vt 0.575084 0.671438
vt 0.562253 0.685815
vt 0.550574 0.694718
vt 0.545451 0.699438
vt 0.538615 0.703269
vt 0.527213 0.705314
vt 0.511184 0.702628
vt 0.509772 0.701857
vt 0.500763 0.689205
vt 0.498539 0.681244
vt 0.496931 0.671295
vt 0.497571 0.667993
vt 0.497945 0.649363
vt 0.499349 0.646237
vt 0.503212 0.627098
vt 0.503777 0.626165
vt 0.505774 0.619191
vt 0.509733 0.607066
vt 0.510004 0.604780
vt 0.517462 0.588956
vt 0.518732 0.581955
vt 0.524552 0.573712
vt 0.529464 0.563360
vt 0.544461 0.551473
vt 0.548831 0.546298
vt 0.554895 0.547286
vt 0.576286 0.557823
vt 0.387398 0.694717
vt 0.387507 0.694949
vt 0.391101 0.711154
vt 0.392708 0.721012
vt 0.395218 0.734166
vt 0.397334 0.746506
vt 0.396670 0.750000
vt 0.375000 0.750000
vt 0.375000 0.665030
vt 0.378676 0.673951
vt 0.381954 0.681574
vt 0.387358 0.694613
vt 0.389929 0.670023
vt 0.390283 0.668498
vt 0.390951 0.654292
vt 0.393873 0.640693
vt 0.394021 0.639890
vt 0.394118 0.639301
vt 0.402615 0.625807
vt 0.408611 0.617099
vt 0.415557 0.612600
vt 0.432119 0.608669
vt 0.436636 0.610668
vt 0.445556 0.620420
vt 0.449256 0.626247
vt 0.450329 0.636765
vt 0.451831 0.653958
vt 0.451721 0.656816
vt 0.450899 0.658148
vt 0.449807 0.660424
vt 0.442575 0.674676
vt 0.434862 0.684865
vt 0.429393 0.688509
vt 0.412774 0.689785
vt 0.404235 0.690902
vt 0.400800 0.690151
vt 0.390540 0.671931
vt 0.454981 0.612125
vt 0.454882 0.611993
vt 0.453283 0.609628
vt 0.441054 0.591815
vt 0.440678 0.591129
vt 0.440045 0.590061
vt 0.439539 0.581165
vt 0.440048 0.567683
vt 0.438429 0.553558
vt 0.441620 0.544051
vt 0.443259 0.534506
vt 0.443793 0.528536
vt 0.445989 0.515536
vt 0.453032 0.510283
vt 0.462176 0.505838
vt 0.477816 0.511772
vt 0.478902 0.512482
vt 0.479083 0.512977
vt 0.480891 0.516110
vt 0.488747 0.530731
vt 0.491172 0.534128
vt 0.493509 0.539867
vt 0.495485 0.553261
vt 0.495850 0.559588
vt 0.496382 0.567804
vt 0.493989 0.575809
vt 0.493228 0.582627
vt 0.489548 0.594143
vt 0.481654 0.603600
vt 0.478176 0.606376
vt 0.472867 0.609381
vt 0.455206 0.612129
vt 0.488177 0.794178
vt 0.491975 0.794716
vt 0.510584 0.794951
vt 0.519614 0.800578
vt 0.524824 0.813977
vt 0.527832 0.820983
vt 0.524104 0.838881
vt 0.523041 0.845479
vt 0.517180 0.858596
vt 0.512253 0.866499
vt 0.509491 0.869764
vt 0.498901 0.884144
vt 0.487674 0.898518
vt 0.486376 0.899529
vt 0.484993 0.900851
vt 0.475294 0.907032
vt 0.469743 0.913603
vt 0.460506 0.918533
vt 0.453521 0.926002
vt 0.449604 0.929554
vt 0.436977 0.939061
vt 0.435534 0.940147
vt 0.432870 0.942719
vt 0.419581 0.949750
vt 0.408233 0.958901
vt 0.401944 0.962770
vt 0.390925 0.973766
vt 0.390646 0.973966
vt 0.390399 0.974177
vt 0.375371 0.983638
vt 0.375000 0.984166
vt 0.375000 0.906879
vt 0.378373 0.901680
vt 0.384555 0.893976
vt 0.386578 0.890802
vt 0.393712 0.880921
vt 0.399449 0.874874
vt 0.402339 0.870746
vt 0.410065 0.861150
vt 0.413850 0.854260
vt 0.421537 0.845761
vt 0.429587 0.836886
vt 0.435289 0.830787
vt 0.440501 0.823794
vt 0.451613 0.815298
vt 0.463624 0.807102
vt 0.468849 0.802642
vt 0.483014 0.795970
vt 0.401558 0.993119
vt 0.416379 0.987533
vt 0.419362 0.985840
vt 0.429291 0.985125
vt 0.436410 0.985911
vt 0.444076 1.000000
vt 0.395904 1.000000
vt 0.400485 0.994926
vt 0.543557 0.943717
vt 0.542730 0.943443
vt 0.542482 0.942752
vt 0.534589 0.924029
vt 0.536188 0.917004
vt 0.539575 0.903285
vt 0.543403 0.898525
vt 0.552082 0.884922
vt 0.554930 0.882819
vt 0.562388 0.873751
vt 0.574309 0.867207
vt 0.580206 0.865201
vt 0.591828 0.860657
vt 0.609678 0.860531
vt 0.612030 0.860337
vt 0.615435 0.861453
vt 0.625000 0.866440
vt 0.625000 0.932308
vt 0.621982 0.935407
vt 0.610818 0.942285
vt 0.604170 0.947226
vt 0.593010 0.951302
vt 0.584685 0.953072
vt 0.578673 0.952586
vt 0.562379 0.952944
vt 0.375000 0.784918
vt 0.397585 0.751962
vt 0.396578 0.757639
vt 0.394278 0.770436
vt 0.393511 0.771259
vt 0.377864 0.784961
vt 0.376930 0.785041
vt 0.238992 0.523011
vt 0.232074 0.526026
vt 0.221934 0.532178
vt 0.212896 0.536735
vt 0.198759 0.536153
vt 0.196905 0.536241
vt 0.182020 0.532972
vt 0.173630 0.531086
vt 0.168305 0.522262
vt 0.163411 0.514956
vt 0.169985 0.500000
vt 0.256577 0.500000
vt 0.251002 0.512829
vt 0.243275 0.519587
vt 0.336101 0.675492
vt 0.336607 0.676429
vt 0.346768 0.690999
vt 0.339040 0.708075
vt 0.333880 0.719459
vt 0.328723 0.724163
vt 0.321538 0.730985
vt 0.315390 0.734620
vt 0.308167 0.740484
vt 0.294096 0.743477
vt 0.287577 0.746889
vt 0.277799 0.748369
vt 0.271951 0.749551
vt 0.255960 0.743330
vt 0.253583 0.742926
vt 0.251218 0.739409
vt 0.246237 0.726950
vt 0.246299 0.726774
vt 0.255243 0.707007
vt 0.256945 0.705611
vt 0.265813 0.698013
vt 0.275765 0.694060
vt 0.287355 0.684917
vt 0.289980 0.684306
vt 0.301300 0.679656
vt 0.308543 0.681065
vt 0.321496 0.676685
vt 0.334663 0.675347
vt 0.335409 0.675284
vt 0.335672 0.675197
vt 0.340082 0.750000
vt 0.341004 0.747908
vt 0.348767 0.734488
vt 0.354014 0.718824
vt 0.354237 0.718266
vt 0.362843 0.703305
vt 0.364762 0.691001
vt 0.365489 0.689018
vt 0.365820 0.688175
vt 0.372660 0.671207
vt 0.150753 0.742966
vt 0.166144 0.739704
vt 0.179470 0.739649
vt 0.184021 0.739443
vt 0.189635 0.739109
vt 0.206658 0.743805
vt 0.210198 0.744772
vt 0.215535 0.747900
vt 0.218121 0.750000
vt 0.140834 0.750000
vt 0.141639 0.749522
vt 0.145799 0.745627
vt 0.169907 0.721717
vt 0.165798 0.712864
vt 0.163197 0.706390
vt 0.168215 0.689994
vt 0.168238 0.689914
vt 0.168343 0.689830
vt 0.184508 0.677320
vt 0.192980 0.675851
vt 0.202719 0.672535
vt 0.214521 0.670612
vt 0.227091 0.672391
vt 0.238950 0.676552
vt 0.245383 0.685308
vt 0.246297 0.695960
vt 0.238838 0.706079
vt 0.234303 0.717980
vt 0.227388 0.721094
vt 0.214712 0.729837
vt 0.212778 0.729932
vt 0.204118 0.731287
vt 0.194232 0.732504
vt 0.192100 0.732477
vt 0.176465 0.725959
vt 0.223557 0.639344
vt 0.211480 0.657184
vt 0.204340 0.659199
vt 0.190830 0.663650
vt 0.182052 0.662200
vt 0.173945 0.661621
vt 0.160474 0.659191
vt 0.157792 0.658612
vt 0.156228 0.657582
vt 0.139164 0.645367
vt 0.133650 0.642813
vt 0.126591 0.635333
vt 0.125000 0.632662
vt 0.125000 0.606319
vt 0.141184 0.601398
vt 0.144249 0.600173
vt 0.166474 0.601525
vt 0.170510 0.601222
vt 0.183619 0.607304
vt 0.202864 0.614736
vt 0.206687 0.615385
vt 0.211988 0.617687
vt 0.223247 0.636349
vt 0.224350 0.638107
vt 0.870883 0.605058
vt 0.871186 0.588473
vt 0.875000 0.583580
vt 0.875000 0.611211
vt 0.871190 0.606432
vt 0.870893 0.605947
vt 0.865829 0.503172
vt 0.860727 0.500000
vt 0.875000 0.500000
vt 0.875000 0.507400
vt 0.744505 0.596092
vt 0.750449 0.602021
vt 0.752107 0.604827
vt 0.763407 0.620648
vt 0.766057 0.626401
vt 0.772992 0.637005
vt 0.777723 0.644486
vt 0.780941 0.648301
vt 0.786783 0.662085
vt 0.796053 0.677154
vt 0.796287 0.678249
vt 0.796887 0.679827
vt 0.800983 0.694633
vt 0.804510 0.703430
vt 0.804745 0.713967
vt 0.809263 0.731879
vt 0.808103 0.736845
vt 0.807308 0.750000
vt 0.741440 0.750000
vt 0.737162 0.745776
vt 0.731794 0.736425
vt 0.726398 0.728530
vt 0.720096 0.717311
vt 0.718067 0.711858
vt 0.714937 0.703528
vt 0.711979 0.694631
vt 0.709778 0.688171
vt 0.708336 0.676268
vt 0.707616 0.666330
vt 0.706484 0.657359
vt 0.704024 0.641770
vt 0.703774 0.640650
vt 0.706398 0.624115
vt 0.705417 0.612878
vt 0.712144 0.603681
vt 0.716754 0.590501
vt 0.732760 0.591486
vt 0.000000 0.000000
s 0
f 711/1/1 701/2/1 698/3/1 693/4/1 695/5/1 694/6/1 696/7/1 703/8/1 702/9/1 704/10/1 725/11/1 722/12/1 723/13/1 724/14/1 726/15/1 734/16/1 733/17/1 731/18/1 730/19/1 728/20/1 727/21/1 729/22/1 732/23/1 738/24/1 721/25/1 718/26/1 715/27/1 716/28/1 713/29/1 710/30/1
f 763/31/1 705/32/1 706/33/1 707/34/1 697/35/1 708/36/1 699/37/1 700/38/1 709/39/1 714/40/1 712/41/1 717/42/1 720/43/1 719/44/1 771/45/1 770/46/1 769/47/1 766/48/1 764/49/1 765/50/1 768/51/1 767/52/1 762/53/1
f 737/54/1 736/55/1 735/56/1 739/57/1 740/58/1 741/59/1 742/60/1 743/61/1 761/62/1 744/63/1 745/64/1 746/65/1 760/66/1 751/67/1 752/68/1 757/69/1 756/70/1 755/71/1 753/72/1 754/73/1 759/74/1 758/75/1 749/76/1 747/77/1 748/78/1 793/79/1 792/80/1 791/81/1 783/82/1 782/83/1
f 773/84/1 774/85/1 776/86/1 775/87/1 777/88/1 789/89/1 779/90/1 778/91/1 781/92/1 780/93/1 790/94/1 831/95/1 799/96/1 795/97/1 796/98/1 810/99/1 785/100/1 784/101/1 786/102/1 787/103/1 788/104/1 794/105/1 772/106/1
f 805/107/1 804/108/1 806/109/1 813/110/1 809/111/1 808/112/1 829/113/1 830/114/1 828/115/1 827/116/1 818/117/1 807/118/1
f 798/119/1 800/120/1 812/121/1 802/122/1 801/123/1 803/124/1 820/125/1 819/126/1 817/127/1 826/128/1 821/129/1 822/130/1 815/131/1 814/132/1 816/133/1 811/134/1 797/135/1
f 823/136/1 750/137/1 1/138/1 825/139/1 824/140/1
f 837/141/2 825/139/2 1/138/2 849/142/2
f 843/143/2 832/144/2 821/129/2 826/128/2 833/145/2 847/146/2 838/147/2 839/148/2 840/149/2 842/150/2 850/151/2 876/152/2 874/153/2 878/154/2 882/155/2 881/156/2 884/157/2 885/158/2 892/159/2 893/160/2 871/161/2 872/162/2 873/163/2 870/164/2 841/165/2
f 848/166/2 834/167/2 827/116/2 828/115/2 836/168/2 835/169/2 844/170/2 846/171/2 845/172/2
f 854/173/2 890/174/2 889/175/2 897/176/2 894/177/2 891/178/2 888/179/2 887/180/2 886/181/2 879/182/2 880/183/2 883/184/2 875/185/2 877/186/2 851/187/2 852/188/2 859/189/2 856/190/2 855/191/2 857/192/2 853/193/2
f 861/194/2 858/195/2 860/196/2 863/197/2 862/198/2 869/199/2 865/200/2 864/201/2 866/202/2 868/203/2 867/204/2 907/205/2 906/206/2 905/207/2 909/208/2 908/209/2 912/210/2 910/211/2 911/212/2 904/213/2 903/214/2 902/215/2 895/216/2 896/217/2 898/218/2 901/219/2 900/220/2 899/221/2
f 949/222/3 947/223/3 936/224/3 935/225/3 934/226/3 924/227/3 925/228/3 920/229/3 919/230/3 918/231/3 917/232/3 916/233/3 914/234/3 915/235/3 913/236/3 975/237/3 973/238/3 974/239/3 967/240/3 972/241/3 971/242/3 991/243/3 984/244/3 986/245/3 987/246/3 998/247/3 1005/248/3 923/249/3 922/250/3 921/251/3 926/252/3 933/253/3 930/254/3 927/255/3 937/256/3 940/257/3 942/258/3 943/259/3 941/260/3 948/261/3
f 968/262/3 970/263/3 964/264/3 965/265/3 966/266/3 963/267/3 962/268/3 2/269/3 979/270/3 981/271/3 988/272/3 969/273/3
f 982/274/3 980/275/3 995/276/3 996/277/3 999/278/3 1000/279/3 1001/280/3 1020/281/3 1011/282/3 1009/283/3 1010/284/3 1002/285/3 1003/286/3 1004/287/3 997/288/3 994/289/3 993/290/3 992/291/3 985/292/3 976/293/3 977/294/3 978/295/3 990/296/3 989/297/3 983/298/3
f 1006/299/3 1007/300/3 1012/301/3 1015/302/3 1018/303/3 1016/304/3 1017/305/3 1019/306/3 944/307/3 945/308/3 953/309/3 951/310/3 961/311/3 960/312/3 959/313/3 958/314/3 956/315/3 957/316/3 952/317/3 950/318/3 954/319/3 955/320/3 946/321/3 939/322/3 938/323/3 929/324/3 928/325/3 932/326/3 931/327/3 1014/328/3 1013/329/3 1008/330/3
f 1045/331/4 1044/332/4 1043/333/4 1050/334/4 1039/335/4 1037/336/4 1038/337/4 1040/338/4 1041/339/4 1032/340/4 1031/341/4 1085/342/4 1083/343/4 1084/344/4 1081/345/4 1080/346/4 1082/347/4 1105/348/4 1072/349/4 1078/350/4 1069/351/4 1068/352/4 1070/353/4 1071/354/4 1077/355/4 1076/356/4 1061/357/4 1060/358/4 1062/359/4 1064/360/4 1063/361/4 1102/362/4 1088/363/4 1087/364/4 1086/365/4 1103/366/4 1104/367/4 1096/368/4 1095/369/4 1097/370/4 1098/371/4 1099/372/4 1100/373/4 1101/374/4 1051/375/4 1042/376/4 1049/377/4 1046/378/4
f 1057/379/4 1058/380/4 1065/381/4 1066/382/4 1067/383/4 697/384/4 707/385/4 1059/386/4
f 1075/387/4 1074/388/4 1073/389/4 1106/390/4 1089/391/4 1035/392/4 1028/393/4 1029/394/4 1030/395/4 1033/396/4 1034/397/4 1036/398/4 1052/399/4 1053/400/4 1054/401/4 1056/402/4 1055/403/4 1026/404/4 1024/405/4 1025/406/4 1027/407/4 1023/408/4 1021/409/4 1022/410/4 1079/411/4
f 1090/412/4 2/269/4 962/268/4 1048/413/4 1047/414/4 1094/415/4 1093/416/4 1091/417/4 1092/418/4
f 1116/419/5 1114/420/5 1115/421/5 1111/422/5 1109/423/5 1110/424/5 1113/425/5 1112/426/5 1108/427/5 1107/428/5 871/429/5 893/430/5 1120/431/5 1117/432/5
f 1121/433/5 1125/434/5 1134/435/5 1133/436/5 1210/437/5 1205/438/5 1204/439/5 1208/440/5 1209/441/5 1195/442/5 1194/443/5 1193/444/5 1200/445/5 1199/446/5 1191/447/5 1188/448/5 1187/449/5 1186/450/5 1189/451/5 1201/452/5 1202/453/5 1203/454/5 1198/455/5 1196/456/5 1197/457/5 1118/458/5 1119/459/5 1124/460/5 1123/461/5 1122/462/5
f 2/269/5 1090/463/5 1207/464/5 1206/465/5 1132/466/5 1131/467/5 1127/468/5 1126/469/5 1128/470/5 1130/471/5 1129/472/5 979/270/5
f 1146/473/5 1149/474/5 1152/475/5 1153/476/5 1167/477/5 1163/478/5 1212/479/5 1176/480/5 1102/481/5 1063/482/5 1150/483/5 1147/484/5
f 1171/485/5 1144/486/5 1143/487/5 1145/488/5 1148/489/5 1155/490/5 1156/491/5 1160/492/5 1161/493/5 1179/494/5 1180/495/5 1181/496/5 1183/497/5 1190/498/5 1182/499/5 1185/500/5 1184/501/5 1177/502/5 1192/503/5 1164/504/5 1165/505/5 1168/506/5 1154/507/5
f 1173/508/5 1178/509/5 1166/510/5 1162/511/5 1158/512/5 1157/513/5 1142/514/5 1141/515/5 1140/516/5 1138/517/5 1139/518/5 1135/519/5 788/520/5 787/521/5 1137/522/5 1136/523/5 1151/524/5 1172/525/5 1159/526/5 1169/527/5 1170/528/5 1211/529/5 1175/530/5 1174/531/5
f 1215/532/6 1216/533/6 751/534/6 760/535/6 1213/536/6 1214/537/6
f 1217/538/6 849/539/6 1/540/6 750/541/6
f 1226/542/6 1227/543/6 1225/544/6 1224/545/6 1223/546/6 1220/547/6 1219/548/6 1218/549/6 1236/550/6 1234/551/6 1235/552/6 1233/553/6 1232/554/6 1230/555/6 1231/556/6 1229/557/6 1228/558/6 1026/559/6 1055/560/6 1237/561/6 1238/562/6 1239/563/6 1247/564/6 1246/565/6 1248/566/6 1249/567/6 1250/568/6 1251/569/6 1243/570/6 1242/571/6 1241/572/6 1240/573/6 1244/574/6 1245/575/6 1252/576/6 1221/577/6 1222/578/6
s 1
f 795/579/7 52/579/8 796/579/9
f 814/579/10 3/579/11 816/579/12
f 796/579/9 52/579/8 810/579/13
f 708/579/14 697/579/15 1067/579/16 57/579/17
f 803/579/18 801/579/19 10/579/20
f 801/579/19 802/579/21 10/579/20
f 815/579/22 3/579/11 814/579/10
f 781/579/23 778/579/24 4/579/25
f 778/579/24 779/579/26 4/579/25
f 733/579/27 6/579/28 731/579/29
f 807/579/30 7/579/31 805/579/32
f 695/579/33 693/579/34 26/579/35
f 747/579/36 11/579/37 748/579/38
f 749/579/39 11/579/37 747/579/36
f 812/579/40 800/579/41 5/579/42
f 728/579/43 12/579/44 727/579/45
f 793/579/46 9/579/47 792/579/48
f 733/579/27 734/579/49 6/579/28
f 3/579/11 18/579/50 811/579/51 816/579/12
f 701/579/52 30/579/53 698/579/54
f 30/579/53 26/579/35 693/579/34 698/579/54
f 1059/579/55 707/579/56 706/579/57
f 703/579/58 696/579/59 56/579/60
f 732/579/61 64/579/62 738/579/63
f 714/579/64 709/579/65 23/579/66
f 805/579/32 7/579/31 804/579/67
f 5/579/42 10/579/20 802/579/21 812/579/40
f 797/579/68 811/579/51 18/579/50
f 11/579/37 9/579/47 793/579/46 748/579/38
f 790/579/69 780/579/70 25/579/71
f 20/579/72 670/579/73 765/579/74 764/579/75
f 738/579/63 64/579/62 721/579/76
f 720/579/77 717/579/78 19/579/79
f 22/579/80 52/579/8 795/579/7 799/579/81
f 831/579/82 22/579/80 799/579/81
f 759/579/83 8/579/84 758/579/85
f 754/579/86 8/579/84 759/579/83
f 694/579/87 695/579/33 26/579/35
f 741/579/88 740/579/89 36/579/90
f 784/579/91 59/579/92 786/579/93
f 704/579/94 702/579/95 78/579/96
f 709/579/65 700/579/97 23/579/66
f 55/579/98 23/579/66 700/579/97 699/579/99
f 821/579/100 832/579/101 822/579/102
f 3/579/11 815/579/22 822/579/102 832/579/101 843/579/103
f 29/579/104 818/579/105 827/579/106 834/579/107
f 792/579/48 9/579/47 791/579/108
f 8/579/84 11/579/37 749/579/39 758/579/85
f 836/579/109 828/579/110 830/579/111
f 761/579/112 743/579/113 14/579/114
f 721/579/76 64/579/62 718/579/115
f 724/579/116 723/579/117 65/579/118
f 35/579/119 19/579/79 717/579/78 712/579/120
f 65/579/118 45/579/121 726/579/122 724/579/116
f 739/579/123 735/579/124 21/579/125
f 735/579/124 736/579/126 21/579/125
f 817/579/127 819/579/128 48/579/129
f 4/579/25 25/579/71 780/579/70 781/579/23
f 45/579/121 6/579/28 734/579/49 726/579/122
f 66/579/130 65/579/118 723/579/117 722/579/131
f 64/579/62 86/579/132 715/579/133 718/579/115
f 15/579/134 829/579/135 808/579/136
f 777/579/137 775/579/138 17/579/139
f 722/579/131 725/579/140 66/579/130
f 19/579/79 13/579/141 719/579/142 720/579/77
f 752/579/143 27/579/144 757/579/145
f 23/579/66 35/579/119 712/579/120 714/579/64
f 1213/579/146 760/579/147 746/579/148
f 716/579/149 47/579/150 713/579/151
f 713/579/151 47/579/150 710/579/152
f 837/579/153 824/579/154 825/579/155
f 86/579/132 47/579/150 716/579/149 715/579/133
f 750/579/156 823/579/157 1217/579/158
f 823/579/157 824/579/154 837/579/153 849/579/159 1217/579/158
f 1216/579/160 27/579/144 752/579/143 751/579/161
f 13/579/141 49/579/162 771/579/163 719/579/142
f 25/579/71 22/579/80 831/579/82 790/579/69
f 26/579/35 56/579/60 696/579/59 694/579/87
f 744/579/164 761/579/112 14/579/114
f 36/579/90 42/579/165 742/579/166 741/579/88
f 6/579/28 63/579/167 730/579/168 731/579/29
f 1135/579/169 794/579/170 788/579/171
f 51/579/172 4/579/25 779/579/26 789/579/173
f 17/579/139 51/579/172 789/579/173 777/579/137
f 1067/579/16 1066/579/174 57/579/17
f 782/579/175 16/579/176 737/579/177
f 737/579/177 16/579/176 21/579/125 736/579/126
f 78/579/96 66/579/130 725/579/140 704/579/94
f 833/579/178 826/579/179 817/579/127 48/579/129
f 847/579/180 833/579/178 48/579/129
f 20/579/72 24/579/181 670/579/73
f 35/579/119 68/579/182 19/579/79
f 10/579/20 28/579/183 820/579/184 803/579/18
f 28/579/183 48/579/129 819/579/128 820/579/184
f 830/579/111 829/579/135 15/579/134 835/579/185 836/579/109
f 762/579/186 24/579/181 763/579/187
f 53/579/188 3/579/11 843/579/103 841/579/189
f 783/579/190 16/579/176 782/579/175
f 791/579/108 9/579/47 16/579/176 783/579/190
f 27/579/144 40/579/191 756/579/192 757/579/145
f 24/579/181 44/579/193 705/579/194 763/579/187
f 57/579/17 55/579/98 699/579/99 708/579/14
f 27/579/144 1216/579/160 1215/579/195
f 33/579/196 15/579/134 808/579/136 809/579/197
f 21/579/125 36/579/90 740/579/89 739/579/123
f 52/579/8 82/579/198 785/579/199 810/579/13
f 82/579/198 59/579/92 784/579/91 785/579/199
f 818/579/105 29/579/104 7/579/31 807/579/30
f 804/579/67 7/579/31 33/579/196 806/579/200
f 1059/579/55 706/579/57 705/579/194 44/579/193 1057/579/201
f 62/579/202 6/579/28 45/579/121
f 1139/579/203 772/579/204 794/579/170 1135/579/169
f 786/579/93 59/579/92 1137/579/205 787/579/206
f 753/579/207 755/579/208 40/579/191 39/579/209
f 42/579/165 14/579/114 743/579/113 742/579/166
f 769/579/210 34/579/211 766/579/212
f 34/579/211 20/579/72 764/579/75 766/579/212
f 49/579/162 34/579/211 769/579/210 770/579/213
f 47/579/150 37/579/214 711/579/215 710/579/152
f 711/579/215 37/579/214 30/579/53 701/579/52
f 54/579/216 5/579/42 800/579/41 798/579/217
f 771/579/163 49/579/162 770/579/213
f 14/579/114 43/579/218 32/579/219
f 42/579/165 43/579/218 14/579/114
f 6/579/28 87/579/220 63/579/167
f 62/579/202 87/579/220 6/579/28
f 754/579/86 753/579/207 39/579/209 8/579/84
f 31/579/221 16/579/176 9/579/47
f 77/579/222 64/579/62 732/579/61 729/579/223
f 90/579/224 77/579/222 12/579/44
f 19/579/79 41/579/225 13/579/141
f 68/579/182 41/579/225 19/579/79
f 3/579/11 53/579/188 18/579/50
f 53/579/188 46/579/226 18/579/50
f 61/579/227 17/579/139 775/579/138 776/579/228
f 15/579/134 33/579/196 60/579/229
f 844/579/230 835/579/185 15/579/134 60/579/229
f 31/579/221 9/579/47 11/579/37
f 31/579/221 21/579/125 16/579/176
f 21/579/125 31/579/221 36/579/90
f 26/579/35 74/579/231 56/579/60
f 1150/579/232 1063/579/233 1064/579/234
f 50/579/235 22/579/80 25/579/71
f 746/579/148 745/579/236 32/579/219 1214/579/237 1213/579/146
f 744/579/164 14/579/114 32/579/219 745/579/236
f 93/579/238 35/579/119 23/579/66
f 1214/579/237 32/579/219 27/579/144 1215/579/195
f 38/579/239 11/579/37 8/579/84
f 39/579/209 38/579/239 8/579/84
f 5/579/42 54/579/216 84/579/240
f 38/579/239 31/579/221 11/579/37
f 13/579/141 58/579/241 49/579/162
f 41/579/225 58/579/241 13/579/141
f 92/579/242 62/579/202 45/579/121
f 40/579/191 27/579/144 32/579/219
f 33/579/196 7/579/31 29/579/104
f 774/579/243 773/579/244 72/579/245
f 1138/579/246 72/579/245 773/579/244 772/579/204 1139/579/203
f 30/579/53 74/579/231 26/579/35
f 1058/579/247 1057/579/201 44/579/193
f 29/579/104 834/579/107 848/579/248
f 30/579/53 95/579/249 74/579/231
f 870/579/250 53/579/188 841/579/189
f 32/579/219 43/579/218 40/579/191
f 60/579/229 33/579/196 29/579/104
f 63/579/167 90/579/224 12/579/44
f 95/579/249 30/579/53 37/579/214
f 35/579/119 93/579/238 68/579/182
f 18/579/50 54/579/216 798/579/217 797/579/68
f 55/579/98 73/579/251 23/579/66
f 52/579/8 22/579/80 689/579/252
f 85/579/253 51/579/172 17/579/139
f 56/579/60 78/579/96 702/579/95 703/579/58
f 38/579/239 36/579/90 31/579/221
f 49/579/162 69/579/254 34/579/211
f 36/579/90 38/579/239 42/579/165
f 60/579/229 29/579/104 848/579/248 845/579/255
f 65/579/118 92/579/242 45/579/121
f 58/579/241 75/579/256 69/579/254
f 74/579/231 67/579/257 56/579/60
f 72/579/245 61/579/227 776/579/228 774/579/243
f 42/579/165 38/579/239 39/579/209
f 48/579/129 838/579/258 847/579/180
f 39/579/209 40/579/191 43/579/218
f 42/579/165 39/579/209 43/579/218
f 25/579/71 4/579/25 71/579/259
f 71/579/259 4/579/25 51/579/172
f 73/579/251 93/579/238 23/579/66
f 53/579/188 76/579/260 46/579/226
f 49/579/162 58/579/241 69/579/254
f 20/579/72 80/579/261 24/579/181
f 60/579/229 846/579/262 844/579/230
f 87/579/220 99/579/263 63/579/167
f 93/579/238 119/579/264 68/579/182
f 76/579/260 53/579/188 870/579/250 873/579/265
f 46/579/226 76/579/260 121/579/266
f 50/579/235 25/579/71 71/579/259
f 41/579/225 68/579/182 89/579/267
f 18/579/50 81/579/268 54/579/216
f 67/579/257 102/579/269 56/579/60
f 102/579/269 78/579/96 56/579/60
f 75/579/256 58/579/241 70/579/270
f 83/579/271 58/579/241 41/579/225
f 83/579/271 70/579/270 58/579/241
f 60/579/229 845/579/255 846/579/262
f 69/579/254 104/579/272 34/579/211
f 111/579/273 62/579/202 92/579/242
f 63/579/167 96/579/274 90/579/224
f 99/579/263 96/579/274 63/579/167
f 88/579/275 110/579/276 69/579/254
f 64/579/62 117/579/277 86/579/132
f 77/579/222 117/579/277 64/579/62
f 78/579/96 98/579/278 66/579/130
f 44/579/193 79/579/279 1065/579/280 1058/579/247
f 66/579/130 128/579/281 65/579/118
f 128/579/281 92/579/242 65/579/118
f 104/579/272 94/579/282 34/579/211
f 98/579/278 128/579/281 66/579/130
f 82/579/198 689/579/252 120/579/283
f 68/579/182 119/579/264 89/579/267
f 75/579/256 88/579/275 69/579/254
f 24/579/181 79/579/279 44/579/193
f 24/579/181 80/579/261 79/579/279
f 838/579/258 48/579/129 91/579/284 839/579/285
f 91/579/284 48/579/129 28/579/183
f 79/579/279 57/579/17 1066/579/174 1065/579/280
f 89/579/267 83/579/271 41/579/225
f 1140/579/286 72/579/245 1138/579/246
f 85/579/253 113/579/287 51/579/172
f 51/579/172 113/579/287 71/579/259
f 59/579/92 82/579/198 122/579/288
f 100/579/289 70/579/270 83/579/271
f 97/579/290 55/579/98 57/579/17
f 97/579/290 73/579/251 55/579/98
f 90/579/224 114/579/291 77/579/222
f 46/579/226 81/579/268 18/579/50
f 117/579/277 133/579/292 86/579/132
f 57/579/17 79/579/279 97/579/290
f 86/579/132 118/579/293 47/579/150
f 118/579/293 37/579/214 47/579/150
f 1136/579/294 1137/579/205 59/579/92
f 106/579/295 85/579/253 61/579/227
f 1147/579/296 1062/579/297 1060/579/298 101/579/299 1146/579/300
f 102/579/269 98/579/278 78/579/96
f 1149/579/301 1146/579/300 101/579/299
f 89/579/267 109/579/302 83/579/271
f 54/579/216 658/579/303 84/579/240
f 1140/579/286 1141/579/304 61/579/227 72/579/245
f 84/579/240 91/579/284 28/579/183
f 91/579/284 84/579/240 115/579/305
f 82/579/198 120/579/283 122/579/288
f 112/579/306 75/579/256 70/579/270
f 118/579/293 95/579/249 37/579/214
f 69/579/254 110/579/276 104/579/272
f 103/579/307 87/579/220 62/579/202
f 111/579/273 103/579/307 62/579/202
f 85/579/253 106/579/295 113/579/287
f 113/579/287 50/579/235 71/579/259
f 1076/579/308 107/579/309 1061/579/310
f 1077/579/311 107/579/309 1076/579/308
f 133/579/292 118/579/293 86/579/132
f 116/579/312 80/579/261 94/579/282
f 99/579/263 87/579/220 103/579/307
f 76/579/260 873/579/265 872/579/313
f 124/579/314 96/579/274 99/579/263
f 91/579/284 115/579/305 840/579/315 839/579/285
f 115/579/305 842/579/316 840/579/315
f 46/579/226 105/579/317 81/579/268
f 121/579/266 105/579/317 46/579/226
f 95/579/249 67/579/257 74/579/231
f 137/579/318 109/579/302 89/579/267
f 119/579/264 137/579/318 89/579/267
f 109/579/302 131/579/319 83/579/271
f 127/579/320 114/579/291 90/579/224
f 81/579/268 105/579/317 168/579/321
f 75/579/256 112/579/306 88/579/275
f 97/579/290 129/579/322 73/579/251
f 73/579/251 129/579/322 93/579/238
f 144/579/323 111/579/273 92/579/242
f 108/579/324 70/579/270 100/579/289
f 70/579/270 108/579/324 112/579/306
f 114/579/291 117/579/277 77/579/222
f 134/579/325 102/579/269 67/579/257
f 144/579/323 92/579/242 128/579/281
f 104/579/272 116/579/312 94/579/282
f 1142/579/326 123/579/327 61/579/227 1141/579/304
f 123/579/327 106/579/295 61/579/227
f 118/579/293 154/579/328 95/579/249
f 154/579/328 67/579/257 95/579/249
f 76/579/260 872/579/313 871/579/329 1107/579/330
f 124/579/314 138/579/331 96/579/274
f 96/579/274 138/579/331 127/579/320
f 129/579/322 97/579/290 136/579/332
f 130/579/333 128/579/281 98/579/278
f 126/579/334 108/579/324 100/579/289
f 131/579/319 157/579/335 100/579/289
f 153/579/336 99/579/263 103/579/307
f 99/579/263 153/579/336 124/579/314
f 134/579/325 98/579/278 102/579/269
f 141/579/337 116/579/312 104/579/272
f 110/579/276 141/579/337 104/579/272
f 105/579/317 121/579/266 189/579/338
f 105/579/317 189/579/338 168/579/321
f 88/579/275 112/579/306 143/579/339
f 120/579/283 50/579/235 113/579/287
f 1154/579/340 163/579/341 1171/579/342
f 1061/579/310 107/579/309 101/579/299 1060/579/298
f 133/579/292 158/579/343 118/579/293
f 108/579/324 126/579/334 125/579/344
f 125/579/344 147/579/345 108/579/324
f 137/579/318 150/579/346 109/579/302
f 150/579/346 131/579/319 109/579/302
f 1022/579/347 135/579/348 1079/579/349
f 154/579/328 134/579/325 67/579/257
f 88/579/275 145/579/350 110/579/276
f 1113/579/351 189/579/338 121/579/266 1112/579/352
f 1075/579/353 148/579/354 1074/579/355
f 135/579/348 148/579/354 1075/579/353 1079/579/349
f 116/579/312 136/579/332 80/579/261
f 127/579/320 167/579/356 114/579/291
f 1145/579/357 1143/579/358 676/579/359
f 114/579/291 159/579/360 117/579/277
f 108/579/324 147/579/345 112/579/306
f 112/579/306 147/579/345 143/579/339
f 159/579/360 133/579/292 117/579/277
f 156/579/361 107/579/309 1077/579/311 1071/579/362
f 93/579/238 155/579/363 119/579/264
f 155/579/363 93/579/238 129/579/322
f 156/579/361 142/579/364 107/579/309
f 106/579/295 123/579/327 171/579/365
f 132/579/366 113/579/287 106/579/295
f 162/579/367 135/579/348 1022/579/347 1021/579/368
f 153/579/336 180/579/369 124/579/314
f 153/579/336 103/579/307 170/579/370
f 125/579/344 176/579/371 147/579/345
f 122/579/288 120/579/283 169/579/372
f 140/579/373 658/579/303 168/579/321
f 158/579/343 154/579/328 118/579/293
f 143/579/339 145/579/350 88/579/275
f 130/579/333 144/579/323 128/579/281
f 146/579/374 125/579/344 126/579/334
f 1157/579/375 123/579/327 1142/579/326
f 84/579/240 658/579/303 115/579/305
f 152/579/376 162/579/367 1021/579/368 1023/579/377
f 187/579/378 138/579/331 124/579/314
f 187/579/378 124/579/314 180/579/369
f 134/579/325 178/579/379 98/579/278
f 178/579/379 130/579/333 98/579/278
f 145/579/350 141/579/337 110/579/276
f 1027/579/380 152/579/376 1023/579/377
f 155/579/363 129/579/322 681/579/381
f 116/579/312 177/579/382 681/579/381
f 101/579/299 1152/579/383 1149/579/301
f 103/579/307 111/579/273 170/579/370
f 115/579/305 183/579/384 850/579/385 842/579/316
f 676/579/359 149/579/386 1148/579/387 1145/579/357
f 116/579/312 141/579/337 177/579/382
f 1172/579/388 1151/579/389 122/579/288
f 184/579/390 156/579/361 1071/579/362 1070/579/391
f 1068/579/392 184/579/390 1070/579/391
f 125/579/344 146/579/374 151/579/393
f 151/579/393 139/579/394 125/579/344
f 139/579/394 176/579/371 125/579/344
f 114/579/291 206/579/395 159/579/360
f 167/579/356 206/579/395 114/579/291
f 188/579/396 146/579/374 126/579/334
f 150/579/346 191/579/397 131/579/319
f 191/579/397 157/579/335 131/579/319
f 200/579/398 158/579/343 133/579/292
f 169/579/372 120/579/283 113/579/287
f 148/579/354 135/579/348 202/579/399
f 138/579/331 161/579/400 127/579/320
f 159/579/360 200/579/398 133/579/292
f 1073/579/401 1074/579/355 148/579/354
f 140/579/373 179/579/402 115/579/305
f 179/579/402 183/579/384 115/579/305
f 119/579/264 165/579/403 137/579/318
f 119/579/264 155/579/363 165/579/403
f 1158/579/404 166/579/405 123/579/327 1157/579/375
f 171/579/365 123/579/327 166/579/405
f 163/579/341 1154/579/340 1168/579/406 211/579/407
f 1069/579/408 184/579/390 1068/579/392
f 850/579/385 183/579/384 876/579/409
f 1165/579/410 211/579/407 1168/579/406
f 150/579/346 137/579/318 204/579/411
f 138/579/331 187/579/378 161/579/400
f 210/579/412 144/579/323 130/579/333
f 111/579/273 210/579/412 193/579/413
f 188/579/396 126/579/334 157/579/335
f 222/579/414 143/579/339 147/579/345
f 143/579/339 222/579/414 174/579/415
f 210/579/412 111/579/273 144/579/323
f 145/579/350 143/579/339 174/579/415
f 111/579/273 193/579/413 170/579/370
f 135/579/348 162/579/367 205/579/416
f 135/579/348 205/579/416 202/579/399
f 182/579/417 151/579/393 146/579/374
f 146/579/374 188/579/396 182/579/417
f 152/579/376 160/579/418 162/579/367
f 171/579/365 132/579/366 106/579/295
f 165/579/403 204/579/411 137/579/318
f 1162/579/419 166/579/405 1158/579/404
f 186/579/420 676/579/359 163/579/341
f 237/579/421 148/579/354 202/579/399
f 148/579/354 237/579/421 1106/579/422 1073/579/401
f 1155/579/423 1148/579/387 149/579/386 172/579/424
f 204/579/411 191/579/397 150/579/346
f 164/579/425 139/579/394 151/579/393
f 185/579/426 160/579/418 152/579/376
f 1156/579/427 1155/579/423 172/579/424
f 181/579/428 153/579/336 170/579/370
f 203/579/429 180/579/369 153/579/336
f 181/579/428 203/579/429 153/579/336
f 173/579/430 154/579/328 158/579/343
f 173/579/430 134/579/325 154/579/328
f 676/579/359 186/579/420 149/579/386
f 1160/579/431 1156/579/427 172/579/424
f 200/579/398 173/579/430 158/579/343
f 175/579/432 160/579/418 185/579/426
f 145/579/350 190/579/433 141/579/337
f 139/579/394 233/579/434 176/579/371
f 160/579/418 205/579/416 162/579/367
f 220/579/435 685/579/436 161/579/400
f 186/579/420 163/579/341 250/579/437
f 188/579/396 244/579/438 182/579/417
f 194/579/439 164/579/425 151/579/393
f 194/579/439 151/579/393 182/579/417
f 163/579/341 211/579/407 250/579/437
f 215/579/440 184/579/390 1069/579/408 1078/579/441
f 187/579/378 180/579/369 216/579/442
f 173/579/430 178/579/379 134/579/325
f 168/579/321 197/579/443 140/579/373
f 168/579/321 195/579/444 197/579/443
f 160/579/418 207/579/445 205/579/416
f 140/579/373 197/579/443 179/579/402
f 189/579/338 195/579/444 168/579/321
f 1072/579/446 215/579/440 1078/579/441
f 177/579/382 165/579/403 155/579/363
f 169/579/372 228/579/447 1169/579/448 1159/579/449
f 243/579/450 170/579/370 193/579/413
f 175/579/432 207/579/445 160/579/418
f 172/579/424 239/579/451 1161/579/452 1160/579/431
f 141/579/337 190/579/433 217/579/453
f 215/579/440 257/579/454 184/579/390
f 186/579/420 250/579/437 253/579/455
f 139/579/394 164/579/425 233/579/434
f 170/579/370 243/579/450 181/579/428
f 175/579/432 185/579/426 1229/579/456 1231/579/457
f 176/579/371 222/579/414 147/579/345
f 141/579/337 217/579/453 177/579/382
f 172/579/424 149/579/386 239/579/451
f 239/579/451 149/579/386 199/579/458
f 156/579/361 240/579/459 142/579/364
f 176/579/371 234/579/460 222/579/414
f 217/579/453 165/579/403 177/579/382
f 176/579/371 233/579/434 234/579/460
f 142/579/364 214/579/461 1167/579/462 1153/579/463
f 142/579/364 240/579/459 214/579/461
f 145/579/350 174/579/415 190/579/433
f 179/579/402 229/579/464 183/579/384
f 164/579/425 192/579/465 223/579/466
f 205/579/416 255/579/467 202/579/399
f 206/579/395 242/579/468 159/579/360
f 156/579/361 246/579/469 240/579/459
f 213/579/470 216/579/442 180/579/369
f 203/579/429 213/579/470 180/579/369
f 201/579/471 194/579/439 182/579/417
f 244/579/438 201/579/471 182/579/417
f 149/579/386 186/579/420 196/579/472
f 199/579/458 149/579/386 196/579/472
f 874/579/473 876/579/409 183/579/384
f 874/579/473 183/579/384 229/579/464 878/579/474
f 257/579/454 156/579/361 184/579/390
f 164/579/425 194/579/439 192/579/465
f 185/579/426 1228/579/475 1229/579/456
f 241/579/476 210/579/412 130/579/333
f 173/579/430 677/579/477 178/579/379
f 1163/579/478 1167/579/462 214/579/461
f 208/579/479 198/579/480 192/579/465
f 187/579/378 209/579/481 161/579/400
f 161/579/400 209/579/481 220/579/435
f 164/579/425 223/579/466 233/579/434
f 219/579/482 204/579/411 165/579/403
f 187/579/378 216/579/442 245/579/483
f 218/579/484 132/579/366 171/579/365
f 196/579/472 186/579/420 253/579/455
f 187/579/378 245/579/483 209/579/481
f 211/579/407 1165/579/410 1164/579/485
f 159/579/360 242/579/468 200/579/398
f 197/579/443 229/579/464 179/579/402
f 219/579/482 165/579/403 217/579/453
f 191/579/397 204/579/411 225/579/486
f 175/579/432 1231/579/457 1230/579/487
f 212/579/488 175/579/432 1230/579/487 1232/579/489
f 212/579/488 207/579/445 175/579/432
f 171/579/365 166/579/405 221/579/490
f 1166/579/491 221/579/490 166/579/405 1162/579/419
f 192/579/465 264/579/492 223/579/466
f 273/579/493 208/579/479 194/579/439
f 273/579/493 194/579/439 201/579/471
f 659/579/494 852/579/495 851/579/496
f 167/579/356 685/579/436 206/579/395
f 257/579/454 246/579/469 156/579/361
f 191/579/397 230/579/497 157/579/335
f 239/579/451 199/579/458 261/579/498
f 268/579/499 173/579/430 200/579/398
f 255/579/467 237/579/421 202/579/399
f 258/579/500 193/579/413 210/579/412
f 254/579/501 213/579/470 203/579/429
f 254/579/501 203/579/429 181/579/428
f 219/579/482 225/579/486 204/579/411
f 1089/579/502 1106/579/422 237/579/421
f 157/579/335 230/579/497 188/579/396
f 275/579/503 255/579/467 205/579/416
f 206/579/395 231/579/504 242/579/468
f 1170/579/505 1169/579/448 228/579/447
f 232/579/506 205/579/416 207/579/445
f 242/579/468 268/579/499 200/579/398
f 232/579/506 275/579/503 205/579/416
f 254/579/501 181/579/428 236/579/507
f 234/579/460 259/579/508 222/579/414
f 190/579/433 174/579/415 247/579/509
f 241/579/476 258/579/500 210/579/412
f 1164/579/485 1192/579/510 250/579/437 211/579/407
f 189/579/338 224/579/511 195/579/444
f 226/579/512 207/579/445 212/579/488
f 188/579/396 272/579/513 244/579/438
f 226/579/512 232/579/506 207/579/445
f 1233/579/514 227/579/515 212/579/488 1232/579/489
f 198/579/480 659/579/494 192/579/465
f 190/579/433 247/579/509 217/579/453
f 238/579/516 257/579/454 215/579/440
f 198/579/480 856/579/517 859/579/518
f 273/579/493 682/579/519 208/579/479
f 216/579/442 235/579/520 245/579/483
f 1111/579/521 224/579/511 1109/579/522
f 197/579/443 248/579/523 229/579/464
f 253/579/455 269/579/524 196/579/472
f 230/579/497 272/579/513 188/579/396
f 243/579/450 236/579/507 181/579/428
f 240/579/459 278/579/525 214/579/461
f 214/579/461 278/579/525 1212/579/526 1163/579/478
f 217/579/453 247/579/509 219/579/482
f 219/579/482 247/579/509 225/579/486
f 227/579/515 226/579/512 212/579/488
f 252/579/527 191/579/397 225/579/486
f 220/579/435 313/579/528 231/579/504
f 263/579/529 677/579/477 173/579/430
f 268/579/499 263/579/529 173/579/430
f 1235/579/530 227/579/515 1233/579/514
f 230/579/497 191/579/397 252/579/527
f 195/579/444 248/579/523 197/579/443
f 1105/579/531 238/579/516 215/579/440 1072/579/446
f 218/579/484 171/579/365 221/579/490
f 222/579/414 251/579/532 174/579/415
f 251/579/532 222/579/414 259/579/508
f 223/579/466 298/579/533 265/579/534
f 195/579/444 224/579/511 248/579/523
f 1115/579/535 283/579/536 224/579/511 1111/579/521
f 261/579/498 199/579/458 249/579/537
f 256/579/538 273/579/493 201/579/471
f 243/579/450 193/579/413 258/579/500
f 262/579/539 227/579/515 1234/579/540 1236/579/541
f 251/579/532 260/579/542 174/579/415
f 199/579/458 196/579/472 269/579/524
f 246/579/469 278/579/525 240/579/459
f 237/579/421 255/579/467 288/579/543
f 293/579/544 236/579/507 243/579/450
f 262/579/539 226/579/512 227/579/515
f 238/579/516 277/579/545 257/579/454
f 878/579/474 229/579/464 282/579/546 882/579/547
f 248/579/523 282/579/546 229/579/464
f 233/579/434 265/579/534 234/579/460
f 234/579/460 265/579/534 259/579/508
f 252/579/527 272/579/513 230/579/497
f 231/579/504 287/579/548 242/579/468
f 296/579/549 244/579/438 272/579/513
f 209/579/481 245/579/483 286/579/550
f 260/579/542 247/579/509 174/579/415
f 244/579/438 256/579/538 201/579/471
f 235/579/520 271/579/551 245/579/483
f 678/579/552 279/579/553 235/579/520
f 1178/579/554 221/579/490 1166/579/491
f 674/579/555 875/579/556 883/579/557
f 1211/579/558 1170/579/505 228/579/447
f 316/579/559 254/579/501 236/579/507
f 237/579/421 288/579/543 1035/579/560 1089/579/502
f 284/579/561 258/579/500 241/579/476
f 224/579/511 283/579/536 248/579/523
f 209/579/481 267/579/562 220/579/435
f 209/579/481 286/579/550 267/579/562
f 287/579/548 318/579/563 242/579/468
f 247/579/509 281/579/564 225/579/486
f 266/579/565 238/579/516 1105/579/531 1082/579/566
f 233/579/434 223/579/466 265/579/534
f 244/579/438 296/579/549 256/579/538
f 223/579/466 264/579/492 298/579/533
f 1080/579/567 266/579/565 1082/579/566
f 266/579/565 280/579/568 238/579/516
f 225/579/486 281/579/564 252/579/527
f 228/579/447 218/579/484 1174/579/569 1175/579/570
f 1173/579/571 1174/579/569 218/579/484 221/579/490
f 271/579/551 286/579/550 245/579/483
f 246/579/469 320/579/572 278/579/525
f 269/579/524 249/579/537 199/579/458
f 293/579/544 316/579/559 236/579/507
f 270/579/573 226/579/512 262/579/539
f 682/579/519 857/579/574 855/579/575
f 322/579/576 678/579/552 213/579/470
f 261/579/498 249/579/537 319/579/577
f 250/579/437 660/579/578 253/579/455
f 1177/579/579 660/579/578 250/579/437 1192/579/510
f 288/579/543 255/579/467 315/579/580
f 263/579/529 284/579/561 677/579/477
f 282/579/546 881/579/581 882/579/547
f 226/579/512 270/579/573 304/579/582
f 260/579/542 281/579/564 247/579/509
f 242/579/468 318/579/563 268/579/499
f 238/579/516 280/579/568 277/579/545
f 322/579/576 254/579/501 316/579/559
f 275/579/503 315/579/580 255/579/467
f 303/579/583 271/579/551 235/579/520
f 226/579/512 304/579/582 232/579/506
f 308/579/584 257/579/454 277/579/545
f 257/579/454 308/579/584 246/579/469
f 1179/579/585 1161/579/452 239/579/451 276/579/586
f 313/579/528 330/579/587 231/579/504
f 231/579/504 330/579/587 287/579/548
f 275/579/503 232/579/506 325/579/588
f 286/579/550 271/579/551 317/579/589
f 276/579/586 239/579/451 261/579/498
f 674/579/555 274/579/590 264/579/492
f 267/579/562 313/579/528 220/579/435
f 232/579/506 304/579/582 325/579/588
f 309/579/591 284/579/561 263/579/529
f 264/579/492 274/579/590 298/579/533
f 249/579/537 269/579/524 285/579/592
f 1218/579/593 262/579/539 1236/579/541
f 258/579/500 306/579/594 243/579/450
f 306/579/594 293/579/544 243/579/450
f 268/579/499 309/579/591 263/579/529
f 246/579/469 308/579/584 320/579/572
f 290/579/595 280/579/568 266/579/565
f 290/579/595 266/579/565 1081/579/596 1084/579/597
f 1028/579/598 1035/579/560 288/579/543
f 289/579/599 272/579/513 252/579/527
f 281/579/564 289/579/599 252/579/527
f 318/579/563 309/579/591 268/579/499
f 270/579/573 352/579/600 304/579/582
f 1180/579/601 1179/579/585 276/579/586
f 269/579/524 253/579/455 311/579/602
f 686/579/603 285/579/592 311/579/602
f 317/579/589 271/579/551 301/579/604
f 303/579/583 301/579/604 271/579/551
f 292/579/605 674/579/555 883/579/557 880/579/606
f 674/579/555 292/579/605 274/579/590
f 251/579/532 295/579/607 260/579/542
f 289/579/599 296/579/549 272/579/513
f 1176/579/608 1088/579/609 1102/579/610
f 1211/579/558 228/579/447 1175/579/570
f 321/579/611 288/579/543 315/579/580
f 221/579/490 1178/579/554 1173/579/571
f 249/579/537 285/579/592 307/579/612
f 319/579/577 249/579/537 307/579/612
f 1212/579/526 278/579/525 1087/579/613 1088/579/609 1176/579/608
f 262/579/539 294/579/614 270/579/573
f 306/579/594 258/579/500 284/579/561
f 276/579/586 261/579/498 336/579/615
f 310/579/616 279/579/553 678/579/552
f 282/579/546 884/579/617 881/579/581
f 297/579/618 256/579/538 296/579/549
f 280/579/568 290/579/595 348/579/619
f 265/579/534 291/579/620 259/579/508
f 283/579/536 1115/579/535 1114/579/621 324/579/622
f 312/579/623 294/579/614 1219/579/624 1220/579/625
f 256/579/538 297/579/618 273/579/493
f 281/579/564 260/579/542 295/579/607
f 325/579/588 315/579/580 275/579/503
f 277/579/545 359/579/626 308/579/584
f 285/579/592 269/579/524 311/579/602
f 276/579/586 354/579/627 1181/579/628 1180/579/601
f 306/579/594 284/579/561 302/579/629
f 278/579/525 320/579/572 1086/579/630 1087/579/613
f 319/579/577 336/579/615 261/579/498
f 300/579/631 313/579/528 267/579/562
f 265/579/534 299/579/632 291/579/620
f 295/579/607 289/579/599 281/579/564
f 279/579/553 326/579/633 303/579/583
f 279/579/553 310/579/616 692/579/634
f 292/579/605 880/579/606 879/579/635
f 280/579/568 348/579/619 277/579/545
f 312/579/623 378/579/636 294/579/614
f 298/579/533 299/579/632 265/579/534
f 286/579/550 300/579/631 267/579/562
f 312/579/623 1220/579/625 1223/579/637
f 294/579/614 352/579/600 270/579/573
f 283/579/536 282/579/546 248/579/523
f 283/579/536 324/579/622 282/579/546
f 286/579/550 317/579/589 300/579/631
f 857/579/574 682/579/519 690/579/638 853/579/639
f 295/579/607 291/579/620 314/579/640
f 1085/579/641 305/579/642 1083/579/643
f 319/579/577 307/579/612 366/579/644
f 310/579/616 678/579/552 322/579/576
f 288/579/543 321/579/611 1029/579/645 1028/579/598
f 354/579/627 276/579/586 336/579/615
f 1116/579/646 324/579/622 1114/579/621
f 301/579/604 381/579/647 317/579/589
f 305/579/642 290/579/595 1084/579/597 1083/579/643
f 289/579/599 661/579/648 296/579/549
f 309/579/591 302/579/629 284/579/561
f 1181/579/628 354/579/627 1183/579/649
f 337/579/650 301/579/604 303/579/583
f 671/579/651 316/579/559 293/579/544
f 294/579/614 378/579/636 352/579/600
f 296/579/549 327/579/652 297/579/618
f 1103/579/653 1086/579/630 320/579/572 373/579/654
f 314/579/640 291/579/620 299/579/632
f 660/579/578 323/579/655 253/579/455
f 311/579/602 253/579/455 323/579/655
f 327/579/652 342/579/656 297/579/618
f 316/579/559 368/579/657 322/579/576
f 318/579/563 332/579/658 309/579/591
f 277/579/545 348/579/619 372/579/659
f 372/579/659 359/579/626 277/579/545
f 335/579/660 312/579/623 1224/579/661 1225/579/662
f 298/579/533 331/579/663 299/579/632
f 290/579/595 351/579/664 348/579/619
f 327/579/652 296/579/549 661/579/648
f 306/579/594 349/579/665 293/579/544
f 349/579/665 671/579/651 293/579/544
f 339/579/666 886/579/667 887/579/668
f 1182/579/669 333/579/670 1185/579/671
f 330/579/587 350/579/672 287/579/548
f 350/579/672 318/579/563 287/579/548
f 282/579/546 328/579/673 885/579/674 884/579/617
f 303/579/583 329/579/675 337/579/650
f 329/579/675 303/579/583 326/579/633
f 1227/579/676 335/579/660 1225/579/662
f 359/579/626 374/579/677 308/579/584
f 347/579/678 660/579/578 333/579/670
f 282/579/546 324/579/622 328/579/673
f 390/579/679 325/579/588 304/579/582
f 323/579/655 660/579/578 347/579/678
f 368/579/657 316/579/559 671/579/651
f 290/579/595 305/579/642 364/579/680
f 337/579/650 356/579/681 301/579/604
f 301/579/604 356/579/681 381/579/647
f 302/579/629 349/579/665 306/579/594
f 364/579/680 351/579/664 290/579/595
f 309/579/591 332/579/658 302/579/629
f 308/579/584 374/579/677 320/579/572
f 307/579/612 285/579/592 355/579/682
f 1104/579/683 1103/579/653 373/579/654
f 328/579/673 892/579/684 885/579/674
f 357/579/685 313/579/528 300/579/631
f 357/579/685 330/579/587 313/579/528
f 353/579/686 1187/579/687 1188/579/688 382/579/689
f 352/579/600 389/579/690 304/579/582
f 274/579/590 334/579/691 298/579/533
f 331/579/663 298/579/533 334/579/691
f 358/579/692 310/579/616 322/579/576
f 338/579/693 299/579/632 331/579/663
f 338/579/693 314/579/640 299/579/632
f 317/579/589 381/579/647 300/579/631
f 350/579/672 332/579/658 318/579/563
f 366/579/644 369/579/694 319/579/577
f 369/579/694 336/579/615 319/579/577
f 343/579/695 311/579/602 323/579/655
f 686/579/603 311/579/602 343/579/695
f 292/579/605 339/579/666 662/579/696
f 1030/579/697 1029/579/645 321/579/611
f 365/579/698 333/579/670 1182/579/669 1190/579/699
f 1186/579/700 1187/579/687 353/579/686
f 342/579/656 341/579/701 690/579/638
f 387/579/702 358/579/692 368/579/657
f 343/579/695 323/579/655 347/579/678
f 339/579/666 292/579/605 879/579/635 886/579/667
f 1188/579/688 1191/579/703 382/579/689
f 320/579/572 374/579/677 373/579/654
f 315/579/580 325/579/588 363/579/704
f 363/579/704 325/579/588 390/579/679
f 345/579/705 329/579/675 326/579/633
f 340/579/706 345/579/705 326/579/633
f 338/579/693 342/579/656 327/579/652
f 1031/579/707 305/579/642 1085/579/641
f 329/579/675 367/579/708 337/579/650
f 312/579/623 394/579/709 378/579/636
f 366/579/644 307/579/612 344/579/710
f 344/579/710 307/579/612 376/579/711
f 858/579/712 329/579/675 345/579/705 860/579/713
f 304/579/582 389/579/690 390/579/679
f 395/579/714 340/579/706 692/579/634
f 362/579/715 350/579/672 330/579/587
f 321/579/611 346/579/716 1033/579/717 1030/579/697
f 357/579/685 362/579/715 330/579/587
f 335/579/660 394/579/709 312/579/623
f 343/579/695 347/579/678 406/579/718
f 376/579/711 307/579/612 355/579/682
f 347/579/678 333/579/670 365/579/698
f 397/579/719 368/579/657 671/579/651
f 367/579/708 356/579/681 337/579/650
f 331/579/663 360/579/720 338/579/693
f 334/579/691 360/579/720 331/579/663
f 329/579/675 858/579/712 861/579/721 367/579/708
f 342/579/656 360/579/720 341/579/701
f 321/579/611 315/579/580 346/579/716
f 342/579/656 338/579/693 360/579/720
f 353/579/686 377/579/722 1189/579/723 1186/579/700
f 889/579/724 890/579/725 341/579/701 370/579/726
f 400/579/727 345/579/705 340/579/706
f 365/579/698 1190/579/699 1183/579/649 354/579/627
f 302/579/629 375/579/728 349/579/665
f 371/579/729 686/579/603 343/579/695
f 348/579/619 351/579/664 409/579/730
f 335/579/660 1227/579/676 1226/579/731
f 893/579/732 892/579/684 328/579/673 1120/579/733
f 1199/579/734 382/579/689 1191/579/703
f 371/579/729 343/579/695 406/579/718
f 375/579/728 302/579/629 332/579/658
f 345/579/705 863/579/735 860/579/713
f 300/579/631 380/579/736 357/579/685
f 355/579/682 686/579/603 417/579/737
f 1201/579/738 1189/579/723 377/579/722
f 395/579/714 692/579/634 358/579/692
f 305/579/642 388/579/739 364/579/680
f 406/579/718 347/579/678 365/579/698
f 334/579/691 361/579/740 360/579/720
f 372/579/659 348/579/619 409/579/730
f 334/579/691 662/579/696 361/579/740
f 356/579/681 422/579/741 381/579/647
f 1032/579/742 388/579/739 305/579/642 1031/579/707
f 362/579/715 402/579/743 350/579/672
f 386/579/744 336/579/615 369/579/694
f 351/579/664 364/579/680 384/579/745
f 402/579/743 332/579/658 350/579/672
f 352/579/600 426/579/746 389/579/690
f 378/579/636 426/579/746 352/579/600
f 863/579/735 345/579/705 400/579/727 862/579/747
f 396/579/748 382/579/689 410/579/749
f 377/579/722 353/579/686 396/579/748
f 353/579/686 382/579/689 396/579/748
f 335/579/660 392/579/750 394/579/709
f 360/579/720 370/579/726 341/579/701
f 339/579/666 887/579/668 888/579/751
f 354/579/627 336/579/615 383/579/752
f 355/579/682 425/579/753 376/579/711
f 456/579/754 395/579/714 358/579/692
f 1056/579/755 1237/579/756 1055/579/757
f 381/579/647 380/579/736 300/579/631
f 367/579/708 424/579/758 356/579/681
f 424/579/758 422/579/741 356/579/681
f 392/579/750 335/579/660 1226/579/731 1222/579/759
f 373/579/654 374/579/677 1095/579/760 1096/579/761
f 364/579/680 388/579/739 407/579/762
f 364/579/680 407/579/762 384/579/745
f 361/579/740 370/579/726 360/579/720
f 372/579/659 414/579/763 359/579/626
f 359/579/626 414/579/763 374/579/677
f 417/579/737 425/579/753 355/579/682
f 361/579/740 339/579/666 888/579/751 891/579/764
f 370/579/726 361/579/740 891/579/764 894/579/765
f 424/579/758 367/579/708 899/579/766 900/579/767
f 384/579/745 409/579/730 351/579/664
f 409/579/730 435/579/768 372/579/659
f 375/579/728 404/579/769 349/579/665
f 404/579/769 397/579/719 671/579/651
f 367/579/708 861/579/721 899/579/766
f 369/579/694 366/579/644 385/579/770
f 386/579/744 369/579/694 385/579/770
f 375/579/728 332/579/658 402/579/743
f 370/579/726 894/579/765 897/579/771
f 344/579/710 376/579/711 405/579/772
f 366/579/644 344/579/710 408/579/773
f 408/579/773 344/579/710 405/579/772
f 430/579/774 340/579/706 395/579/714
f 430/579/774 400/579/727 340/579/706
f 346/579/716 391/579/775 1034/579/776 1033/579/717
f 1036/579/777 1034/579/776 391/579/775
f 378/579/636 394/579/709 411/579/778
f 387/579/702 456/579/754 358/579/692
f 372/579/659 435/579/768 414/579/763
f 373/579/654 1096/579/761 1104/579/683
f 379/579/779 391/579/775 346/579/716
f 374/579/677 438/579/780 1097/579/781 1095/579/760
f 417/579/737 686/579/603 371/579/729
f 363/579/704 390/579/679 398/579/782
f 411/579/778 426/579/746 378/579/636
f 434/579/783 362/579/715 357/579/685
f 383/579/752 336/579/615 386/579/744
f 363/579/704 398/579/782 379/579/779
f 405/579/772 376/579/711 425/579/753
f 400/579/727 869/579/784 862/579/747
f 422/579/741 419/579/785 381/579/647
f 426/579/746 432/579/786 389/579/690
f 366/579/644 408/579/773 393/579/787
f 381/579/647 419/579/785 380/579/736
f 380/579/736 434/579/783 357/579/685
f 432/579/786 390/579/679 389/579/690
f 365/579/698 354/579/627 399/579/788
f 399/579/788 354/579/627 383/579/752
f 406/579/718 365/579/698 399/579/788
f 1053/579/789 1052/579/790 401/579/791
f 414/579/763 438/579/780 374/579/677
f 391/579/775 379/579/779 401/579/791
f 412/579/792 377/579/722 396/579/748
f 385/579/770 366/579/644 393/579/787
f 404/579/769 375/579/728 402/579/743
f 1200/579/793 427/579/794 382/579/689 1199/579/734
f 410/579/749 382/579/689 427/579/794
f 391/579/775 401/579/791 1052/579/790 1036/579/777
f 407/579/762 388/579/739 415/579/795
f 398/579/782 401/579/791 379/579/779
f 403/579/796 1239/579/797 1238/579/798
f 398/579/782 390/579/679 432/579/786
f 407/579/762 421/579/799 384/579/745
f 444/579/800 409/579/730 384/579/745
f 433/579/801 387/579/702 397/579/719
f 388/579/739 1032/579/742 1041/579/802 413/579/803
f 413/579/803 415/579/795 388/579/739
f 393/579/787 451/579/804 385/579/770
f 1040/579/805 413/579/803 1041/579/802
f 362/579/715 434/579/783 402/579/743
f 869/579/784 400/579/727 865/579/806
f 396/579/748 410/579/749 416/579/807
f 412/579/792 396/579/748 416/579/807
f 901/579/808 455/579/809 424/579/758 900/579/767
f 386/579/744 385/579/770 429/579/810
f 404/579/769 433/579/801 397/579/719
f 467/579/811 400/579/727 430/579/774
f 865/579/806 400/579/727 467/579/811 864/579/812
f 1193/579/813 427/579/794 1200/579/793
f 393/579/787 408/579/773 428/579/814
f 446/579/815 456/579/754 387/579/702
f 446/579/815 387/579/702 433/579/801
f 1238/579/798 1237/579/756 1056/579/755 1054/579/816 403/579/796
f 437/579/817 404/579/769 402/579/743
f 455/579/809 901/579/808 898/579/818
f 392/579/750 1222/579/759 1221/579/819
f 383/579/752 386/579/744 439/579/820
f 437/579/817 433/579/801 404/579/769
f 407/579/762 442/579/821 421/579/799
f 429/579/810 385/579/770 451/579/804
f 398/579/782 418/579/822 401/579/791
f 402/579/743 434/579/783 437/579/817
f 421/579/799 444/579/800 384/579/745
f 424/579/758 478/579/823 422/579/741
f 401/579/791 403/579/796 1054/579/816 1053/579/789
f 456/579/754 459/579/824 395/579/714
f 1098/579/825 1097/579/781 438/579/780
f 458/579/826 416/579/807 449/579/827
f 408/579/773 405/579/772 420/579/828
f 466/579/829 394/579/709 392/579/750
f 411/579/778 394/579/709 466/579/829
f 406/579/718 399/579/788 457/579/830
f 415/579/795 423/579/831 407/579/762
f 423/579/831 442/579/821 407/579/762
f 418/579/822 403/579/796 401/579/791
f 454/579/832 409/579/730 444/579/800
f 454/579/832 435/579/768 409/579/730
f 393/579/787 428/579/814 431/579/833
f 451/579/804 393/579/787 431/579/833
f 429/579/810 439/579/820 386/579/744
f 399/579/788 383/579/752 439/579/820
f 416/579/807 410/579/749 448/579/834
f 458/579/826 412/579/792 416/579/807
f 1239/579/797 403/579/796 1247/579/835
f 453/579/836 405/579/772 425/579/753
f 420/579/828 405/579/772 453/579/836
f 443/579/837 434/579/783 380/579/736
f 419/579/785 443/579/837 380/579/736
f 417/579/737 436/579/838 464/579/839
f 467/579/811 430/579/774 459/579/824
f 426/579/746 445/579/840 432/579/786
f 411/579/778 466/579/829 479/579/841
f 411/579/778 447/579/842 426/579/746
f 427/579/794 441/579/843 410/579/749
f 398/579/782 432/579/786 418/579/822
f 428/579/814 420/579/828 460/579/844
f 1194/579/845 441/579/843 427/579/794 1193/579/813
f 421/579/799 480/579/846 444/579/800
f 422/579/741 488/579/847 419/579/785
f 422/579/741 478/579/823 488/579/847
f 412/579/792 440/579/848 1198/579/849 1203/579/850
f 1196/579/851 1198/579/849 440/579/848
f 475/579/852 442/579/821 423/579/831
f 424/579/758 455/579/809 478/579/823
f 463/579/853 423/579/831 415/579/795
f 413/579/803 463/579/853 415/579/795
f 426/579/746 447/579/842 445/579/840
f 1247/579/835 403/579/796 418/579/822 1246/579/854
f 1252/579/855 392/579/750 1221/579/819
f 466/579/829 392/579/750 1252/579/855 1245/579/856
f 420/579/828 428/579/814 408/579/773
f 442/579/821 474/579/857 421/579/799
f 474/579/857 480/579/846 421/579/799
f 414/579/763 452/579/858 438/579/780
f 457/579/830 399/579/788 439/579/820
f 432/579/786 450/579/859 418/579/822
f 419/579/785 477/579/860 443/579/837
f 687/579/861 446/579/815 433/579/801
f 461/579/862 437/579/817 434/579/783
f 443/579/837 461/579/862 434/579/783
f 449/579/827 448/579/834 484/579/863
f 463/579/853 475/579/852 423/579/831
f 435/579/768 454/579/832 485/579/864
f 414/579/763 435/579/768 452/579/858
f 1246/579/854 418/579/822 450/579/859 1248/579/865
f 435/579/768 485/579/864 452/579/858
f 1037/579/866 493/579/867 413/579/803 1038/579/868
f 416/579/807 448/579/834 449/579/827
f 488/579/847 477/579/860 419/579/785
f 411/579/778 479/579/841 447/579/842
f 448/579/834 410/579/749 441/579/843
f 493/579/867 463/579/853 413/579/803
f 487/579/869 442/579/821 475/579/852
f 438/579/780 1099/579/870 1098/579/825
f 431/579/833 428/579/814 468/579/871
f 432/579/786 445/579/840 450/579/859
f 438/579/780 452/579/858 1100/579/872 1099/579/870
f 462/579/873 472/579/874 446/579/815
f 470/579/875 429/579/810 451/579/804
f 450/579/859 1249/579/876 1248/579/865
f 480/579/846 489/579/877 444/579/800
f 492/579/878 663/579/879 470/579/875
f 468/579/871 428/579/814 460/579/844
f 499/579/880 467/579/811 459/579/824
f 436/579/838 457/579/830 476/579/881
f 420/579/828 453/579/836 469/579/882
f 460/579/844 420/579/828 469/579/882
f 496/579/883 449/579/827 471/579/884
f 472/579/874 459/579/824 456/579/754
f 455/579/809 898/579/818 896/579/885
f 482/579/886 474/579/857 442/579/821
f 441/579/843 1194/579/845 1195/579/887
f 433/579/801 437/579/817 687/579/861
f 444/579/800 489/579/877 454/579/832
f 458/579/826 504/579/888 440/579/848
f 1250/579/889 450/579/859 445/579/840 1251/579/890
f 462/579/873 446/579/815 687/579/861
f 465/579/891 448/579/834 441/579/843
f 494/579/892 448/579/834 465/579/891
f 484/579/863 448/579/834 494/579/892
f 487/579/869 482/579/886 442/579/821
f 1251/579/890 445/579/840 447/579/842 1243/579/893
f 431/579/833 468/579/871 491/579/894
f 496/579/883 458/579/826 449/579/827
f 449/579/827 484/579/863 471/579/884
f 473/579/895 451/579/804 431/579/833
f 1249/579/876 450/579/859 1250/579/889
f 466/579/829 1245/579/856 1244/579/896
f 520/579/897 868/579/898 866/579/899
f 425/579/753 464/579/839 453/579/836
f 463/579/853 486/579/900 475/579/852
f 513/579/901 465/579/891 441/579/843
f 455/579/809 503/579/902 478/579/823
f 503/579/902 455/579/809 896/579/885 895/579/903
f 1209/579/904 513/579/901 441/579/843 1195/579/887
f 457/579/830 663/579/879 476/579/881
f 478/579/823 490/579/905 488/579/847
f 504/579/888 458/579/826 496/579/883
f 499/579/880 459/579/824 472/579/874
f 468/579/871 460/579/844 481/579/906
f 460/579/844 505/579/907 481/579/906
f 461/579/862 495/579/908 687/579/861
f 468/579/871 483/579/909 491/579/894
f 495/579/908 461/579/862 443/579/837
f 477/579/860 495/579/908 443/579/837
f 440/579/848 504/579/888 1197/579/910 1196/579/851
f 1242/579/911 447/579/842 479/579/841 1241/579/912
f 482/579/886 501/579/913 474/579/857
f 447/579/842 1242/579/911 1243/579/893
f 460/579/844 469/579/882 505/579/907
f 467/579/811 520/579/897 866/579/899 864/579/812
f 436/579/838 476/579/881 508/579/914
f 1240/579/915 479/579/841 466/579/829 1244/579/896
f 520/579/897 467/579/811 499/579/880
f 483/579/909 468/579/871 481/579/906
f 452/579/858 500/579/916 1101/579/917 1100/579/872
f 469/579/882 453/579/836 512/579/918
f 453/579/836 464/579/839 512/579/918
f 452/579/858 485/579/864 500/579/916
f 489/579/877 523/579/919 454/579/832
f 473/579/895 431/579/833 491/579/894
f 464/579/839 436/579/838 508/579/914
f 501/579/913 515/579/920 664/579/921
f 511/579/922 487/579/869 475/579/852
f 508/579/914 476/579/881 517/579/923
f 517/579/923 476/579/881 492/579/878
f 480/579/846 664/579/921 530/579/924
f 503/579/902 490/579/905 478/579/823
f 454/579/832 523/579/919 485/579/864
f 497/579/925 470/579/875 451/579/804
f 497/579/925 451/579/804 473/579/895
f 479/579/841 1240/579/915 1241/579/912
f 530/579/924 489/579/877 480/579/846
f 462/579/873 687/579/861 495/579/908
f 513/579/901 506/579/926 465/579/891
f 490/579/905 665/579/927 488/579/847
f 672/579/928 472/579/874 462/579/873
f 499/579/880 472/579/874 672/579/928
f 482/579/886 507/579/929 501/579/913
f 487/579/869 507/579/929 482/579/886
f 496/579/883 471/579/884 519/579/930
f 498/579/931 504/579/888 496/579/883
f 500/579/916 1051/579/932 1101/579/917
f 504/579/888 1118/579/933 1197/579/910
f 471/579/884 484/579/863 516/579/934
f 519/579/930 471/579/884 516/579/934
f 530/579/924 537/579/935 489/579/877
f 521/579/936 470/579/875 497/579/925
f 509/579/937 679/579/938 493/579/867
f 1039/579/939 493/579/867 1037/579/866
f 494/579/892 465/579/891 506/579/926
f 484/579/863 494/579/892 526/579/940
f 516/579/934 484/579/863 526/579/940
f 485/579/864 528/579/941 500/579/916
f 523/579/919 528/579/941 485/579/864
f 518/579/942 504/579/888 498/579/931
f 502/579/943 473/579/895 491/579/894
f 514/579/944 473/579/895 502/579/943
f 522/579/945 507/579/929 487/579/869
f 502/579/943 491/579/894 510/579/946
f 1208/579/947 513/579/901 1209/579/904
f 489/579/877 537/579/935 523/579/919
f 491/579/894 483/579/909 510/579/946
f 506/579/926 534/579/948 494/579/892
f 505/579/907 469/579/882 683/579/949
f 503/579/902 895/579/903 902/579/950
f 497/579/925 473/579/895 514/579/944
f 507/579/929 667/579/951 501/579/913
f 477/579/860 666/579/952 495/579/908
f 492/579/878 470/579/875 521/579/936
f 1050/579/953 509/579/937 493/579/867 1039/579/939
f 481/579/906 505/579/907 542/579/954
f 552/579/955 503/579/902 902/579/950 903/579/956
f 483/579/909 525/579/957 510/579/946
f 531/579/958 498/579/931 519/579/930
f 526/579/940 494/579/892 534/579/948
f 462/579/873 666/579/952 672/579/928
f 498/579/931 496/579/883 519/579/930
f 521/579/936 497/579/925 514/579/944
f 538/579/959 512/579/918 508/579/914
f 498/579/931 551/579/960 518/579/942
f 527/579/961 520/579/897 499/579/880
f 532/579/962 515/579/920 501/579/913
f 541/579/963 481/579/906 542/579/954
f 503/579/902 552/579/955 490/579/905
f 504/579/888 518/579/942 1119/579/964 1118/579/933
f 483/579/909 481/579/906 541/579/963
f 517/579/923 492/579/878 521/579/936
f 529/579/965 585/579/966 542/579/954
f 1045/579/967 1046/579/968 562/579/969
f 525/579/957 483/579/909 541/579/963
f 544/579/970 665/579/927 490/579/905
f 1204/579/971 533/579/972 513/579/901 1208/579/947
f 538/579/959 508/579/914 517/579/923
f 665/579/927 524/579/973 666/579/952
f 666/579/952 524/579/973 672/579/928
f 552/579/955 544/579/970 490/579/905
f 522/579/945 535/579/974 507/579/929
f 535/579/974 667/579/951 507/579/929
f 528/579/941 546/579/975 500/579/916
f 524/579/973 527/579/961 672/579/928
f 506/579/926 513/579/901 533/579/972
f 551/579/960 498/579/931 558/579/976
f 558/579/976 498/579/931 531/579/958
f 519/579/930 516/579/934 549/579/977
f 553/579/978 519/579/930 549/579/977
f 536/579/979 502/579/943 510/579/946
f 521/579/936 514/579/944 550/579/980
f 515/579/920 571/579/981 530/579/924
f 529/579/965 683/579/949 538/579/959
f 510/579/946 525/579/957 543/579/982
f 516/579/934 526/579/940 549/579/977
f 1205/579/983 533/579/972 1204/579/971
f 517/579/923 521/579/936 539/579/984
f 1124/579/985 1119/579/964 518/579/942
f 531/579/958 519/579/930 553/579/978
f 546/579/975 562/579/969 1046/579/968 1049/579/986
f 867/579/987 520/579/897 907/579/988
f 1044/579/989 1045/579/967 562/579/969
f 547/579/990 535/579/974 522/579/945
f 547/579/990 522/579/945 688/579/991
f 523/579/919 537/579/935 528/579/941
f 905/579/992 906/579/993 527/579/961 540/579/994
f 525/579/957 541/579/963 576/579/995
f 517/579/923 539/579/984 538/579/959
f 680/579/996 511/579/922 486/579/900
f 543/579/982 525/579/957 574/579/997
f 549/579/977 526/579/940 555/579/998
f 514/579/944 502/579/943 567/579/999
f 502/579/943 536/579/979 567/579/999
f 532/579/962 596/579/1000 515/579/920
f 575/579/1001 546/579/975 528/579/941
f 593/579/1002 688/579/991 511/579/922
f 593/579/1002 511/579/922 680/579/996
f 548/579/1003 529/579/965 538/579/959
f 667/579/951 535/579/974 545/579/1004
f 545/579/1004 559/579/1005 667/579/951
f 530/579/924 557/579/1006 537/579/935
f 530/579/924 571/579/981 557/579/1006
f 558/579/976 531/579/958 556/579/1007
f 534/579/948 506/579/926 561/579/1008
f 561/579/1008 506/579/926 533/579/972
f 665/579/927 544/579/970 524/579/973
f 515/579/920 596/579/1000 571/579/981
f 550/579/980 514/579/944 567/579/999
f 531/579/958 553/579/978 556/579/1007
f 563/579/1009 547/579/990 688/579/991
f 509/579/937 1050/579/953 1043/579/1010 564/579/1011
f 580/579/1012 509/579/937 564/579/1011
f 593/579/1002 563/579/1009 688/579/991
f 553/579/978 549/579/977 569/579/1013
f 554/579/1014 545/579/1004 535/579/974
f 554/579/1014 535/579/974 547/579/990
f 486/579/900 679/579/938 680/579/996
f 580/579/1012 565/579/1015 509/579/937
f 529/579/965 548/579/1003 581/579/1016
f 524/579/973 540/579/994 527/579/961
f 1044/579/989 562/579/969 564/579/1011 1043/579/1010
f 557/579/1006 575/579/1001 537/579/935
f 587/579/1017 521/579/936 550/579/980
f 538/579/959 539/579/984 548/579/1003
f 539/579/984 521/579/936 587/579/1017
f 510/579/946 543/579/982 536/579/979
f 578/579/1018 552/579/955 903/579/956 904/579/1019
f 578/579/1018 904/579/1019 911/579/1020
f 574/579/997 525/579/957 576/579/995
f 1125/579/1021 572/579/1022 1134/579/1023
f 518/579/942 551/579/960 1123/579/1024 1124/579/985
f 544/579/970 560/579/1025 524/579/973
f 545/579/1004 573/579/1026 559/579/1005
f 529/579/965 581/579/1016 585/579/966
f 560/579/1025 540/579/994 524/579/973
f 552/579/955 578/579/1018 544/579/970
f 541/579/963 542/579/954 583/579/1027
f 541/579/963 583/579/1027 576/579/995
f 556/579/1007 553/579/978 590/579/1028
f 536/579/979 543/579/982 566/579/1029
f 534/579/948 582/579/1030 555/579/998
f 582/579/1030 534/579/948 561/579/1008
f 578/579/1018 560/579/1025 544/579/970
f 1133/579/1031 570/579/1032 1210/579/1033
f 1210/579/1033 570/579/1032 533/579/972 1205/579/983
f 549/579/977 555/579/998 673/579/1034
f 591/579/1035 545/579/1004 554/579/1014
f 591/579/1035 573/579/1026 545/579/1004
f 1125/579/1021 1121/579/1036 613/579/1037 572/579/1022
f 1134/579/1023 572/579/1022 570/579/1032 1133/579/1031
f 579/579/1038 548/579/1003 539/579/984
f 581/579/1016 548/579/1003 579/579/1038
f 553/579/978 569/579/1013 606/579/1039
f 584/579/1040 546/579/975 575/579/1001
f 540/579/994 909/579/1041 905/579/992
f 551/579/960 592/579/1042 1122/579/1043 1123/579/1024
f 532/579/962 559/579/1005 603/579/1044
f 532/579/962 609/579/1045 596/579/1000
f 603/579/1044 609/579/1045 532/579/962
f 540/579/994 560/579/1025 908/579/1046 909/579/1041
f 590/579/1028 553/579/978 606/579/1039
f 533/579/972 570/579/1032 561/579/1008
f 584/579/1040 562/579/969 546/579/975
f 598/579/1047 550/579/980 567/579/999
f 568/579/1048 543/579/982 574/579/997
f 618/579/1049 574/579/997 576/579/995
f 579/579/1038 539/579/984 587/579/1017
f 556/579/1007 590/579/1028 577/579/1050
f 558/579/976 556/579/1007 577/579/1050
f 600/579/1051 547/579/990 563/579/1009
f 557/579/1006 616/579/1052 575/579/1001
f 551/579/960 558/579/976 599/579/1053
f 603/579/1044 559/579/1005 605/579/1054
f 566/579/1029 608/579/1055 536/579/979
f 573/579/1026 605/579/1054 559/579/1005
f 543/579/982 568/579/1048 566/579/1029
f 571/579/981 596/579/1000 589/579/1056
f 1121/579/1036 1122/579/1043 592/579/1042 613/579/1037
f 584/579/1040 564/579/1011 562/579/969
f 602/579/1057 580/579/1012 564/579/1011
f 912/579/1058 908/579/1046 560/579/1025 578/579/1018
f 623/579/1059 680/579/996 565/579/1015
f 599/579/1053 558/579/976 577/579/1050
f 610/579/1060 587/579/1017 550/579/980
f 598/579/1047 610/579/1060 550/579/980
f 592/579/1042 551/579/960 599/579/1053
f 680/579/996 623/579/1059 593/579/1002
f 585/579/966 581/579/1016 611/579/1061
f 581/579/1016 579/579/1038 611/579/1061
f 594/579/1062 555/579/998 582/579/1030
f 584/579/1040 602/579/1057 564/579/1011
f 566/579/1029 568/579/1048 586/579/1063
f 645/579/1064 651/579/1065 563/579/1009
f 561/579/1008 570/579/1032 595/579/1066
f 571/579/981 633/579/1067 557/579/1006
f 589/579/1056 633/579/1067 571/579/981
f 1207/579/1068 1090/579/1069 1092/579/1070
f 593/579/1002 645/579/1064 563/579/1009
f 573/579/1026 612/579/1071 605/579/1054
f 633/579/1067 616/579/1052 557/579/1006
f 591/579/1035 597/579/1072 573/579/1026
f 1093/579/1073 588/579/1074 1091/579/1075
f 1091/579/1075 588/579/1074 1206/579/1076 1207/579/1068 1092/579/1070
f 575/579/1001 616/579/1052 584/579/1040
f 585/579/966 614/579/1077 583/579/1027
f 583/579/1027 542/579/954 585/579/966
f 621/579/1078 591/579/1035 554/579/1014
f 578/579/1018 910/579/1079 912/579/1058
f 597/579/1072 612/579/1071 573/579/1026
f 595/579/1066 570/579/1032 572/579/1022
f 594/579/1062 639/579/1080 673/579/1034
f 578/579/1018 911/579/1020 910/579/1079
f 601/579/1081 579/579/1038 587/579/1017
f 611/579/1061 579/579/1038 601/579/1081
f 576/579/995 583/579/1027 668/579/1082
f 580/579/1012 637/579/1083 565/579/1015
f 574/579/997 669/579/1084 568/579/1048
f 567/579/999 536/579/979 608/579/1055
f 598/579/1047 567/579/999 608/579/1055
f 607/579/1085 561/579/1008 595/579/1066
f 582/579/1030 561/579/1008 607/579/1085
f 607/579/1085 594/579/1062 582/579/1030
f 614/579/1077 585/579/966 611/579/1061
f 574/579/997 618/579/1049 669/579/1084
f 588/579/1074 604/579/1086 1132/579/1087 1206/579/1076
f 586/579/1063 568/579/1048 624/579/1088
f 628/579/1089 566/579/1029 586/579/1063
f 565/579/1015 637/579/1083 623/579/1059
f 601/579/1081 587/579/1017 610/579/1060
f 599/579/1053 577/579/1050 629/579/1090
f 616/579/1052 602/579/1057 584/579/1040
f 590/579/1028 606/579/1039 632/579/1091
f 642/579/1092 597/579/1072 591/579/1035
f 621/579/1078 642/579/1092 591/579/1035
f 606/579/1039 569/579/1013 639/579/1080
f 568/579/1048 669/579/1084 624/579/1088
f 637/579/1083 580/579/1012 602/579/1057
f 645/579/1064 593/579/1002 623/579/1059
f 1131/579/1093 1132/579/1087 604/579/1086
f 626/579/1094 595/579/1066 572/579/1022
f 626/579/1094 607/579/1085 595/579/1066
f 596/579/1000 609/579/1045 589/579/1056
f 604/579/1086 588/579/1074 627/579/1095
f 1094/579/1096 627/579/1095 588/579/1074 1093/579/1073
f 629/579/1090 577/579/1050 615/579/1097
f 657/579/1098 606/579/1039 639/579/1080
f 619/579/1099 598/579/1047 608/579/1055
f 566/579/1029 628/579/1089 608/579/1055
f 622/579/1100 613/579/1037 592/579/1042
f 656/579/1101 603/579/1044 605/579/1054
f 922/579/1102 603/579/1044 656/579/1101 921/579/1103
f 592/579/1042 599/579/1053 622/579/1100
f 654/579/1104 614/579/1077 611/579/1061
f 615/579/1097 590/579/1028 638/579/1105
f 577/579/1050 590/579/1028 615/579/1097
f 620/579/1106 586/579/1063 624/579/1088
f 628/579/1089 586/579/1063 620/579/1106
f 625/579/1107 612/579/1071 597/579/1072
f 603/579/1044 922/579/1102 923/579/1108 609/579/1045
f 643/579/1109 656/579/1101 605/579/1054
f 605/579/1054 612/579/1071 643/579/1109
f 604/579/1086 636/579/1110 1127/579/1111 1131/579/1093
f 626/579/1094 572/579/1022 613/579/1037
f 607/579/1085 626/579/1094 989/579/1112 990/579/1113
f 1047/579/1114 627/579/1095 1094/579/1096
f 590/579/1028 632/579/1091 638/579/1105
f 625/579/1107 649/579/1115 612/579/1071
f 606/579/1039 657/579/1098 632/579/1091
f 652/579/1116 583/579/1027 614/579/1077
f 607/579/1085 640/579/1117 594/579/1062
f 1006/579/1118 601/579/1081 610/579/1060 1007/579/1119
f 669/579/1084 646/579/1120 617/579/1121
f 669/579/1084 618/579/1049 646/579/1120
f 925/579/1122 924/579/1123 642/579/1092 621/579/1078
f 986/579/1124 633/579/1067 589/579/1056 987/579/1125
f 598/579/1047 619/579/1099 610/579/1060
f 619/579/1099 608/579/1055 628/579/1089
f 998/579/1126 589/579/1056 609/579/1045 1005/579/1127
f 609/579/1045 923/579/1108 1005/579/1127
f 654/579/1104 611/579/1061 601/579/1081
f 625/579/1107 597/579/1072 648/579/1128
f 642/579/1092 648/579/1128 597/579/1072
f 649/579/1115 643/579/1109 612/579/1071
f 1013/579/1129 1014/579/1130 614/579/1077 654/579/1104
f 931/579/1131 652/579/1116 614/579/1077 1014/579/1130
f 563/579/1009 651/579/1065 600/579/1051
f 916/579/1132 917/579/1133 600/579/1051 651/579/1065
f 615/579/1097 1011/579/1134 1020/579/1135 629/579/1090
f 624/579/1088 617/579/1121 635/579/1136
f 639/579/1080 594/579/1062 640/579/1117
f 636/579/1110 604/579/1086 647/579/1137
f 647/579/1137 604/579/1086 627/579/1095
f 631/579/1138 602/579/1057 616/579/1052
f 620/579/1106 624/579/1088 634/579/1139
f 624/579/1088 644/579/1140 634/579/1139
f 1126/579/1141 1127/579/1111 636/579/1110
f 613/579/1037 982/579/1142 983/579/1143 626/579/1094
f 640/579/1117 607/579/1085 990/579/1113 978/579/1144
f 635/579/1136 617/579/1121 954/579/1145 950/579/1146
f 955/579/1147 954/579/1145 617/579/1121 646/579/1120
f 616/579/1052 633/579/1067 684/579/1148
f 610/579/1060 619/579/1099 655/579/1149
f 641/579/1150 622/579/1100 599/579/1053
f 641/579/1150 599/579/1053 629/579/1090
f 589/579/1056 998/579/1126 987/579/1125
f 913/579/1151 915/579/1152 651/579/1065 645/579/1064
f 620/579/1106 945/579/1153 944/579/1154 628/579/1089
f 945/579/1153 620/579/1106 634/579/1139 953/579/1155
f 645/579/1064 623/579/1059 973/579/1156 975/579/1157
f 625/579/1107 648/579/1128 630/579/1158
f 630/579/1158 650/579/1159 625/579/1107
f 650/579/1159 649/579/1115 625/579/1107
f 995/579/1160 622/579/1100 641/579/1150 996/579/1161
f 643/579/1109 930/579/1162 933/579/1163 656/579/1101
f 997/579/1164 1004/579/1165 632/579/1091 657/579/1098
f 624/579/1088 635/579/1136 644/579/1140
f 610/579/1060 655/579/1149 1012/579/1166 1007/579/1119
f 638/579/1105 632/579/1091 1003/579/1167 1002/579/1168
f 654/579/1104 601/579/1081 1006/579/1118 1008/579/1169
f 989/579/1112 626/579/1094 983/579/1143
f 621/579/1078 920/579/1170 925/579/1122
f 647/579/1137 627/579/1095 966/579/1171 965/579/1172
f 631/579/1138 637/579/1083 602/579/1057
f 1017/579/1173 619/579/1099 628/579/1089 1019/579/1174
f 628/579/1089 944/579/1154 1019/579/1174
f 619/579/1099 1017/579/1173 1016/579/1175 655/579/1149
f 982/579/1142 613/579/1037 622/579/1100 980/579/1176
f 633/579/1067 986/579/1124 984/579/1177 684/579/1148
f 1048/579/1178 963/579/1179 966/579/1171 627/579/1095 1047/579/1114
f 974/579/1180 973/579/1156 623/579/1059 637/579/1083
f 1009/579/1181 615/579/1097 638/579/1105 1010/579/1182
f 615/579/1097 1009/579/1181 1011/579/1134
f 1126/579/1141 636/579/1110 968/579/1183 969/579/1184 1128/579/1185
f 968/579/1183 636/579/1110 647/579/1137 970/579/1186
f 976/579/1187 985/579/1188 639/579/1080 640/579/1117
f 967/579/1189 637/579/1083 631/579/1138 972/579/1190
f 649/579/1115 937/579/1191 927/579/1192 643/579/1109
f 649/579/1115 650/579/1159 942/579/1193 940/579/1194
f 622/579/1100 995/579/1160 980/579/1176
f 644/579/1140 635/579/1136 653/579/1195
f 936/579/1196 947/579/1197 630/579/1158 648/579/1128
f 1002/579/1168 1010/579/1182 638/579/1105
f 657/579/1098 639/579/1080 985/579/1188 992/579/1198
f 650/579/1159 630/579/1158 948/579/1199 941/579/1200
f 988/579/1201 981/579/1202 1129/579/1203 1130/579/1204
f 969/579/1184 988/579/1201 1130/579/1204 1128/579/1185
f 648/579/1128 642/579/1092 934/579/1205 935/579/1206
f 632/579/1091 1004/579/1165 1003/579/1167
f 643/579/1109 927/579/1192 930/579/1162
f 645/579/1064 975/579/1157 913/579/1151
f 634/579/1139 644/579/1140 960/579/1207 961/579/1208
f 928/579/1209 929/579/1210 618/579/1049 668/579/1082
f 652/579/1116 931/579/1131 932/579/1211
f 634/579/1139 961/579/1208 951/579/1212
f 642/579/1092 924/579/1123 934/579/1205
f 637/579/1083 967/579/1189 974/579/1180
f 653/579/1195 635/579/1136 950/579/1146 952/579/1213
f 634/579/1139 951/579/1212 953/579/1155
f 648/579/1128 935/579/1206 936/579/1196
f 649/579/1115 940/579/1194 937/579/1191
f 646/579/1120 618/579/1049 938/579/1214 939/579/1215
f 618/579/1049 929/579/1210 938/579/1214
f 647/579/1137 965/579/1172 964/579/1216
f 981/579/1202 979/579/1217 1129/579/1203
f 629/579/1090 1001/579/1218 1000/579/1219 641/579/1150
f 629/579/1090 1020/579/1135 1001/579/1218
f 956/579/1220 958/579/1221 653/579/1195
f 654/579/1104 1008/579/1169 1013/579/1129
f 640/579/1117 978/579/1144 977/579/1222
f 640/579/1117 977/579/1222 976/579/1187
f 943/579/1223 942/579/1193 650/579/1159
f 971/579/1224 631/579/1138 684/579/1148 991/579/1225
f 646/579/1120 939/579/1215 946/579/1226
f 646/579/1120 946/579/1226 955/579/1147
f 656/579/1101 933/579/1163 926/579/1227
f 655/579/1149 1015/579/1228 1012/579/1166
f 972/579/1190 631/579/1138 971/579/1224
f 641/579/1150 1000/579/1219 999/579/1229
f 653/579/1195 952/579/1213 957/579/1230
f 647/579/1137 964/579/1216 970/579/1186
f 656/579/1101 926/579/1227 921/579/1103
f 949/579/1231 948/579/1199 630/579/1158
f 630/579/1158 947/579/1197 949/579/1231
f 657/579/1098 992/579/1198 993/579/1232
f 991/579/1225 684/579/1148 984/579/1177
f 657/579/1098 994/579/1233 997/579/1164
f 657/579/1098 993/579/1232 994/579/1233
f 641/579/1150 999/579/1229 996/579/1161
f 651/579/1065 914/579/1234 916/579/1132
f 1048/579/1178 962/579/1235 963/579/1179
f 653/579/1195 957/579/1230 956/579/1220
f 651/579/1065 915/579/1152 914/579/1234
f 1018/579/1236 655/579/1149 1016/579/1175
f 655/579/1149 1018/579/1236 1015/579/1228
f 33/579/196 809/579/197 813/579/1237
f 806/579/200 33/579/196 813/579/1237
f 5/579/42 84/579/240 10/579/20
f 1064/579/234 1062/579/297 1147/579/296 1150/579/232
f 20/579/72 34/579/211 94/579/282
f 20/579/72 94/579/282 80/579/261
f 59/579/92 122/579/288 1151/579/389 1136/579/294
f 61/579/227 85/579/253 17/579/139
f 83/579/271 131/579/319 100/579/289
f 157/579/335 126/579/334 100/579/289
f 76/579/260 1107/579/330 1108/579/1238 121/579/266
f 658/579/303 140/579/373 115/579/305
f 122/579/288 169/579/372 1159/579/449 1172/579/388
f 1025/579/1239 152/579/376 1027/579/380
f 178/579/379 677/579/477 130/579/333
f 659/579/494 851/579/496 877/579/1240
f 198/579/480 859/579/518 852/579/495 659/579/494
f 659/579/494 674/579/555 192/579/465
f 264/579/492 192/579/465 674/579/555
f 227/579/515 1235/579/530 1234/579/540
f 322/579/576 213/579/470 254/579/501
f 1219/579/624 294/579/614 262/579/539 1218/579/593
f 1184/579/1241 660/579/578 1177/579/579
f 279/579/553 692/579/634 326/579/633
f 295/579/607 661/579/648 289/579/599
f 661/579/648 295/579/607 314/579/640
f 1185/579/671 333/579/670 660/579/578 1184/579/1241
f 312/579/623 1223/579/637 1224/579/661
f 338/579/693 327/579/652 314/579/640
f 692/579/634 340/579/706 326/579/633
f 274/579/590 662/579/696 334/579/691
f 662/579/696 274/579/590 292/579/605
f 662/579/696 339/579/666 361/579/740
f 397/579/719 387/579/702 368/579/657
f 436/579/838 675/579/1242 457/579/830
f 417/579/737 371/579/729 675/579/1242
f 412/579/792 458/579/826 440/579/848
f 663/579/879 439/579/820 429/579/810
f 472/579/874 456/579/754 446/579/815
f 663/579/879 429/579/810 470/579/875
f 439/579/820 663/579/879 457/579/830
f 663/579/879 492/579/878 476/579/881
f 474/579/857 664/579/921 480/579/846
f 501/579/913 664/579/921 474/579/857
f 664/579/921 515/579/920 530/579/924
f 488/579/847 665/579/927 477/579/860
f 495/579/908 666/579/952 462/579/873
f 665/579/927 666/579/952 477/579/860
f 667/579/951 532/579/962 501/579/913
f 1042/579/1243 1051/579/932 500/579/916
f 529/579/965 542/579/954 505/579/907
f 500/579/916 546/579/975 1049/579/986 1042/579/1243
f 667/579/951 559/579/1005 532/579/962
f 537/579/935 575/579/1001 528/579/941
f 520/579/897 527/579/961 906/579/993 907/579/988
f 555/579/998 526/579/940 534/579/948
f 576/579/995 668/579/1082 618/579/1049
f 668/579/1082 583/579/1027 652/579/1116
f 669/579/1084 617/579/1121 624/579/1088
f 621/579/1078 919/579/1244 920/579/1170
f 932/579/1211 928/579/1209 668/579/1082 652/579/1116
f 644/579/1140 959/579/1245 960/579/1207
f 959/579/1245 644/579/1140 653/579/1195 958/579/1221
f 765/579/74 670/579/73 768/579/1246
f 768/579/1246 670/579/73 767/579/1247
f 670/579/73 24/579/181 762/579/186 767/579/1247
f 1143/579/358 1144/579/1248 676/579/359
f 677/579/477 284/579/561 241/579/476
f 404/579/769 671/579/651 349/579/665
f 464/579/839 425/579/753 417/579/737
f 672/579/928 527/579/961 499/579/880
f 486/579/900 511/579/922 475/579/852
f 549/579/977 673/579/1034 569/579/1013
f 569/579/1013 673/579/1034 639/579/1080
f 594/579/1062 673/579/1034 555/579/998
f 10/579/20 84/579/240 28/579/183
f 1108/579/1238 1112/579/352 121/579/266
f 185/579/426 152/579/376 1025/579/1239 1024/579/1249
f 875/579/556 674/579/555 659/579/494 877/579/1240
f 327/579/652 661/579/648 314/579/640
f 371/579/729 406/579/718 675/579/1242
f 457/579/830 675/579/1242 406/579/718
f 417/579/737 675/579/1242 436/579/838
f 756/579/192 40/579/191 755/579/208
f 80/579/261 136/579/332 79/579/279
f 163/579/341 676/579/359 1144/579/1248 1171/579/342
f 185/579/426 1024/579/1249 1026/579/1250 1228/579/475
f 213/579/470 678/579/552 216/579/442
f 856/579/517 198/579/480 682/579/519 855/579/575
f 678/579/552 235/579/520 216/579/442
f 508/579/914 512/579/918 464/579/839
f 679/579/938 463/579/853 493/579/867
f 463/579/853 679/579/938 486/579/900
f 509/579/937 565/579/1015 679/579/938
f 680/579/996 679/579/938 565/579/1015
f 677/579/477 241/579/476 130/579/333
f 136/579/332 97/579/290 79/579/279
f 681/579/381 129/579/322 136/579/332
f 116/579/312 681/579/381 136/579/332
f 681/579/381 177/579/382 155/579/363
f 194/579/439 208/579/479 192/579/465
f 1109/579/522 224/579/511 189/579/338 1110/579/1251
f 208/579/479 682/579/519 198/579/480
f 1038/579/868 413/579/803 1040/579/805
f 683/579/949 469/579/882 512/579/918
f 505/579/907 683/579/949 529/579/965
f 683/579/949 512/579/918 538/579/959
f 684/579/1148 631/579/1138 616/579/1052
f 600/579/1051 691/579/1252 547/579/990
f 917/579/1133 918/579/1253 691/579/1252 600/579/1051
f 1203/579/850 1202/579/1254 412/579/792
f 1110/579/1251 189/579/338 1113/579/351
f 377/579/722 412/579/792 1202/579/1254 1201/579/738
f 127/579/320 161/579/400 167/579/356
f 685/579/436 167/579/356 161/579/400
f 231/579/504 685/579/436 220/579/435
f 685/579/436 231/579/504 206/579/395
f 303/579/583 235/579/520 279/579/553
f 686/579/603 355/579/682 285/579/592
f 520/579/897 867/579/987 868/579/898
f 90/579/224 96/579/274 127/579/320
f 368/579/657 358/579/692 322/579/576
f 370/579/726 897/579/771 889/579/724
f 461/579/862 687/579/861 437/579/817
f 511/579/922 688/579/991 487/579/869
f 688/579/991 522/579/945 487/579/869
f 12/579/44 77/579/222 729/579/223 727/579/45
f 689/579/252 22/579/80 50/579/235
f 689/579/252 82/579/198 52/579/8
f 689/579/252 50/579/235 120/579/283
f 142/579/364 1153/579/463 1152/579/383 101/579/299
f 690/579/638 273/579/493 297/579/618
f 297/579/618 342/579/656 690/579/638
f 691/579/1252 554/579/1014 547/579/990
f 621/579/1078 554/579/1014 691/579/1252
f 621/579/1078 691/579/1252 918/579/1253 919/579/1244
f 690/579/638 682/579/519 273/579/493
f 730/579/168 63/579/167 12/579/44 728/579/43
f 107/579/309 142/579/364 101/579/299
f 1081/579/596 266/579/565 1080/579/567
f 395/579/714 459/579/824 430/579/774
f 1120/579/733 328/579/673 324/579/622 1117/579/1255
f 346/579/716 363/579/704 379/579/779
f 251/579/532 259/579/508 291/579/620
f 54/579/216 81/579/268 658/579/303
f 169/579/372 113/579/287 132/579/366
f 692/579/634 310/579/616 358/579/692
f 854/579/1256 341/579/701 890/579/725
f 941/579/1200 943/579/1223 650/579/1159
f 690/579/638 341/579/701 854/579/1256 853/579/639
f 324/579/622 1116/579/646 1117/579/1255
f 315/579/580 363/579/704 346/579/716
f 251/579/532 291/579/620 295/579/607
f 658/579/303 81/579/268 168/579/321
f 169/579/372 132/579/366 218/579/484
f 228/579/447 169/579/372 218/579/484
