# Blender 5.1.1
# www.blender.org
mtllib REV_6.mtl
o REV_cube_6
v -8.848898 -5.449289 -6.649794
v -8.838976 -5.318091 -6.554259
v -8.847463 -5.093260 -6.493484
v -8.843206 -5.532588 -6.672972
v -8.840687 -5.242239 -6.499999
v -8.826624 -5.282887 -6.655717
v -8.837064 -5.010940 -6.426938
v -8.837909 -5.163078 -6.454729
v -8.821879 -5.418419 -6.564350
v -8.830576 -5.618807 -6.704112
v -8.825718 -5.364359 -6.693017
v -8.829439 -5.082016 -6.398449
v -8.791106 -5.184526 -6.138636
v -8.819909 -4.973442 -6.339239
v -8.823421 -5.470654 -6.728654
v -8.817588 -5.680149 -6.729226
v -8.823303 -5.128941 -6.584631
v -8.810267 -4.990026 -6.490317
v -8.812673 -4.892768 -6.335670
v -8.808745 -4.922877 -6.264665
v -8.803581 -5.053185 -6.344202
v -8.807327 -4.925695 -6.425282
v -8.797442 -5.049143 -6.557024
v -8.812025 -5.262836 -6.305103
v -8.805843 -5.513310 -6.586409
v -8.794670 -5.316418 -6.708995
v -8.802270 -5.692950 -6.658507
v -8.820946 -5.363445 -6.323191
v -8.796757 -5.196666 -6.655132
v -8.791185 -4.874206 -6.191754
v -8.755249 -5.403074 -6.348512
v -8.777546 -5.604815 -6.790227
v -8.789272 -4.819541 -6.256126
v -8.775896 -5.133988 -6.369482
v -8.780446 -5.687707 -6.796923
v -8.772706 -4.882720 -6.407466
v -8.777458 -5.349120 -6.730572
v -8.784121 -5.257370 -6.450294
v -8.774082 -4.772007 -6.164482
v -8.747851 -5.307166 -6.370796
v -8.770059 -5.240480 -6.692183
v -8.721359 -5.575250 -6.567199
v -8.779918 -5.310194 -6.479219
v -8.756809 -5.096806 -6.615861
v -8.764100 -5.653278 -6.596141
v -8.772529 -5.518105 -6.178692
v -8.762426 -5.201570 -6.409289
v -8.728230 -5.207527 -6.321473
v -8.755875 -4.854722 -6.107796
v -8.756809 -5.520505 -6.789298
v -8.776236 -5.008588 -6.272348
v -8.756830 -5.428399 -6.764116
v -8.790724 -5.464882 -6.279111
v -8.754538 -4.953798 -6.194420
v -8.747736 -4.927378 -6.485856
v -8.752944 -4.927620 -6.162436
v -8.771976 -5.381639 -6.510849
v -8.776434 -5.187731 -6.229874
v -8.703905 -4.965250 -6.520872
v -8.709327 -5.503036 -6.241988
v -8.713514 -5.413807 -6.516060
v -8.737118 -5.073874 -6.309622
v -8.740118 -5.472651 -6.540500
v -8.703770 -5.292089 -6.717627
v -8.717216 -4.849813 -6.410728
v -8.705148 -5.700610 -6.835393
v -8.714465 -5.176777 -6.659328
v -8.716241 -4.737487 -6.232814
v -8.694701 -5.388337 -6.387775
v -8.689835 -5.459956 -6.537484
v -8.709514 -5.010448 -6.560959
v -8.699635 -5.612840 -6.818873
v -8.686410 -5.253412 -6.452981
v -8.692433 -5.125499 -6.351225
v -8.689737 -5.236987 -6.688212
v -8.698832 -5.342792 -6.497794
v -8.685313 -5.474329 -6.322507
v -8.680211 -5.179788 -6.400976
v -8.677733 -5.668439 -6.591294
v -8.683428 -5.457686 -6.769099
v -8.705808 -5.173197 -6.147746
v -8.670526 -5.103338 -6.600037
v -8.663095 -5.522173 -6.567979
v -8.664417 -4.914281 -6.466681
v -8.643836 -4.767980 -6.292743
v -8.683330 -5.238551 -6.385231
v -8.667048 -5.318850 -6.427560
v -8.664289 -4.807867 -6.350852
v -8.661308 -5.001598 -6.226558
v -8.660981 -4.733221 -6.464636
v -8.653742 -5.063293 -6.308544
v -8.670189 -5.504795 -6.159585
v -8.676513 -4.954287 -6.157416
v -8.635104 -5.369959 -6.427608
v -8.623607 -5.496768 -6.237453
v -8.657650 -4.708714 -6.371408
v -8.645161 -5.198206 -6.635227
v -8.635041 -5.580680 -6.599609
v -8.643122 -5.362399 -6.709281
v -8.614755 -4.730118 -6.225541
v -8.626548 -5.174159 -6.345562
v -8.646566 -4.821714 -6.474650
v -8.636534 -4.848934 -6.387691
v -8.637782 -5.279898 -6.661695
v -8.669877 -5.159119 -6.247625
v -8.652082 -5.386084 -6.543531
v -8.633335 -5.153779 -6.594160
v -8.647999 -5.032083 -6.539917
v -8.643070 -4.855679 -6.568699
v -8.640973 -4.755335 -6.555107
v -8.608509 -5.178312 -6.163620
v -8.632405 -4.783112 -6.384903
v -8.634597 -5.626387 -6.801544
v -8.615182 -4.918054 -6.638534
v -8.630314 -5.419882 -6.715527
v -8.624639 -5.160947 -6.449282
v -8.652162 -5.545055 -6.784725
v -8.621065 -5.285882 -6.541152
v -8.614969 -4.812201 -6.328711
v -8.616373 -5.190673 -6.520335
v -8.623100 -5.105207 -6.397728
v -8.627553 -5.110135 -6.552614
v -8.620263 -4.958745 -6.545094
v -8.617936 -5.362920 -6.584385
v -8.616091 -4.903995 -6.470160
v -8.616282 -5.432288 -6.390783
v -8.623424 -5.240891 -6.596581
v -8.622554 -5.330412 -6.624803
v -8.614084 -5.449970 -6.613333
v -8.599254 -4.770628 -6.627639
v -8.612988 -4.921090 -6.118614
v -8.614535 -5.452590 -6.661492
v -8.610878 -4.952305 -6.190537
v -8.600679 -5.547446 -6.659244
v -8.613613 -5.505424 -6.727005
v -8.609360 -5.089184 -6.479597
v -8.614758 -5.024648 -6.622795
v -8.622443 -4.989730 -6.479410
v -8.609606 -5.049129 -6.350646
v -8.580842 -5.147082 -6.260954
v -8.616313 -5.234456 -6.422747
v -8.579803 -4.965840 -6.708883
v -8.597196 -5.021218 -6.425993
v -8.592081 -5.121069 -6.700188
v -8.595781 -4.996005 -6.302344
v -8.594988 -5.593611 -6.732922
v -8.595486 -4.855721 -6.391098
v -8.583349 -4.891325 -6.336277
v -8.580660 -4.960100 -6.344147
v -8.596654 -4.838541 -6.653265
v -8.575672 -5.245854 -6.105861
v -8.593237 -5.114871 -6.628711
v -8.575643 -5.060040 -6.530367
v -8.595150 -5.310043 -6.465007
v -8.571537 -5.205890 -6.729289
v -8.577073 -5.477867 -6.325321
v -8.580441 -5.068591 -6.721346
v -8.573900 -4.712305 -6.151577
v -8.578056 -5.696175 -6.757473
v -8.541696 -4.921154 -6.398303
v -8.609941 -4.738743 -6.309593
v -8.567793 -4.975763 -6.454803
v -8.574059 -4.926185 -6.240945
v -8.558773 -4.878984 -6.706903
v -8.546368 -5.154439 -6.558981
v -8.561726 -4.796943 -6.231399
v -8.568950 -4.858559 -6.268163
v -8.539076 -5.384515 -6.107082
v -8.567993 -5.197003 -6.640659
v -8.557811 -4.872944 -6.205477
v -8.563826 -5.175492 -6.406695
v -8.561000 -4.800106 -6.322397
v -8.550014 -4.705563 -6.105544
v -8.547273 -4.855289 -6.109704
v -8.540597 -4.785928 -6.166140
v -8.552411 -5.150911 -6.771585
v -8.537663 -5.142866 -6.345160
v -8.525317 -5.168941 -6.207900
v -8.514675 -5.452732 -6.406669
v -8.555762 -5.386307 -6.451477
v -8.547194 -5.291235 -6.669915
v -8.533493 -5.228218 -6.794983
v -8.541542 -5.226460 -6.465415
v -8.541250 -4.726400 -6.259404
v -8.550032 -5.201735 -6.145446
v -8.495117 -5.696827 -6.351840
v -8.507222 -5.439291 -6.731410
v -8.510421 -5.082815 -6.804644
v -8.531084 -5.005579 -6.769318
v -8.497910 -5.310780 -6.498610
v -8.503276 -5.099319 -6.487463
v -8.511699 -5.391950 -6.790976
v -8.526274 -5.478967 -6.236619
v -8.496109 -5.348085 -6.607818
v -8.484178 -5.269750 -6.137851
v -8.515666 -5.027881 -6.452587
v -8.519038 -4.729976 -6.658247
v -8.478403 -4.977839 -6.414804
v -8.521023 -5.245975 -6.580439
v -8.482211 -5.681681 -6.248784
v -8.502591 -4.930685 -6.754836
v -8.508774 -4.853916 -6.345366
v -8.493244 -5.334877 -6.844610
v -8.491063 -5.463984 -6.809433
v -8.486012 -5.505387 -6.725456
v -8.475886 -5.450150 -6.637217
v -8.468536 -4.777473 -6.688192
v -8.478400 -5.388715 -6.855287
v -8.491969 -5.424420 -6.176947
v -8.465970 -5.541471 -6.820593
v -8.506214 -5.142756 -6.272281
v -8.473595 -5.366077 -6.140422
v -8.490279 -5.266788 -6.841658
v -8.467926 -5.242885 -6.111885
v -8.476824 -5.172122 -6.840412
v -8.458684 -5.523216 -6.651831
v -8.487244 -4.788535 -6.298388
v -8.467826 -5.188745 -6.517314
v -8.444016 -4.999917 -6.800982
v -8.464349 -4.847139 -6.726754
v -8.414830 -5.093925 -6.836702
v -8.456304 -5.271378 -6.549789
v -8.476989 -5.475338 -6.331702
v -8.462532 -5.592198 -6.730887
v -8.468249 -5.152339 -6.429379
v -8.438865 -5.622261 -6.832784
v -8.439920 -5.588870 -6.659864
v -8.427632 -4.915986 -6.759880
v -8.443036 -5.667832 -6.764205
v -8.439984 -4.732181 -6.271875
v -8.460924 -5.196556 -6.180358
v -8.455487 -5.405128 -6.476243
v -8.424373 -4.809318 -6.331468
v -8.399261 -5.562272 -6.893636
v -8.426354 -5.659935 -6.680056
v -8.458804 -5.225109 -6.502655
v -8.382230 -5.126215 -6.360052
v -8.426832 -5.686080 -6.415586
v -8.432653 -5.176530 -6.115911
v -8.401010 -5.668042 -6.226502
v -8.438179 -5.452901 -6.253801
v -8.415135 -5.645106 -6.325648
v -8.416029 -5.220232 -6.521694
v -8.448070 -4.903841 -6.376056
v -8.388279 -5.463929 -6.339165
v -8.440064 -5.158141 -6.242764
v -8.445422 -5.127710 -6.319217
v -8.407434 -5.300350 -6.110335
v -8.391269 -5.290383 -6.175154
v -8.414600 -5.478076 -6.605466
v -8.406450 -5.279077 -6.540245
v -8.351240 -5.240290 -6.880364
v -8.435642 -5.038875 -6.444927
v -8.406901 -5.393462 -6.197306
v -8.416938 -4.714810 -6.641520
v -8.431679 -5.478323 -6.881917
v -8.395332 -5.184163 -6.504725
v -8.369120 -5.189797 -6.216394
v -8.404082 -5.116168 -6.485775
v -8.386132 -5.553645 -6.610077
v -8.387926 -5.236485 -6.145652
v -8.376797 -5.165763 -6.858696
v -8.386579 -4.791194 -6.682787
v -8.374552 -4.856966 -6.380471
v -8.415295 -5.344720 -6.561747
v -8.415858 -5.349117 -6.523714
v -8.375525 -4.863555 -6.721972
v -8.371895 -5.178783 -6.507195
v -8.380217 -5.404985 -6.906405
v -8.368580 -4.726806 -6.315345
v -8.339302 -5.491569 -6.587141
v -8.367430 -4.951469 -6.766883
v -8.364472 -5.633556 -6.609917
v -8.425160 -5.313037 -6.883111
v -8.364889 -4.789554 -6.352595
v -8.357365 -5.129436 -6.437920
v -8.392139 -4.958527 -6.418612
v -8.373276 -5.167243 -6.147752
v -8.349695 -5.145998 -6.283139
v -8.338683 -5.452785 -6.413445
v -8.381202 -5.639934 -6.889476
v -8.345558 -5.331320 -6.550097
v -8.326913 -5.695438 -6.907550
v -8.351205 -5.028666 -6.799260
v -8.361844 -5.639218 -6.399083
v -8.331460 -5.644780 -6.253748
v -8.348616 -5.670714 -6.465597
v -8.320204 -5.106034 -6.817422
v -8.354172 -5.021627 -6.469431
v -8.327224 -5.611806 -6.343678
v -8.320183 -5.327268 -6.898806
v -8.328886 -4.720819 -6.394240
v -8.325333 -5.185051 -6.533854
v -8.331159 -4.921008 -6.457155
v -8.334720 -4.763044 -6.597304
v -8.355683 -5.410335 -6.497519
v -8.301307 -5.591670 -6.925147
v -8.316928 -5.350595 -6.213152
v -8.323488 -4.818349 -6.444328
v -8.301728 -4.989844 -6.520463
v -8.349754 -5.432955 -6.265544
v -8.335417 -5.494933 -6.919635
v -8.303692 -5.090911 -6.141181
v -8.305850 -4.801470 -6.530394
v -8.309540 -4.851735 -6.624518
v -8.275840 -5.414896 -6.907231
v -8.314918 -5.142305 -6.488306
v -8.297749 -5.183515 -6.242003
v -8.297232 -5.416614 -6.578238
v -8.306664 -4.991048 -6.731188
v -8.293636 -4.885959 -6.525505
v -8.304388 -4.930621 -6.682240
v -8.293859 -5.121443 -6.351021
v -8.288077 -5.185525 -6.829021
v -8.286147 -4.744298 -6.541078
v -8.261882 -5.591338 -6.357135
v -8.281315 -5.318752 -6.572299
v -8.278071 -4.730457 -6.429047
v -8.256392 -5.113338 -6.432984
v -8.281174 -4.820756 -6.566229
v -8.295466 -5.615043 -6.420653
v -8.300038 -5.450058 -6.331148
v -8.272448 -5.244470 -6.577496
v -8.312929 -5.254354 -6.149254
v -8.281034 -4.958006 -6.592822
v -8.289717 -5.162221 -6.181561
v -8.247777 -5.142582 -6.752727
v -8.257362 -5.642752 -6.498673
v -8.275723 -5.058231 -6.741047
v -8.270085 -5.060136 -6.582493
v -8.249686 -5.630177 -6.274131
v -8.265294 -5.087435 -6.161369
v -8.259753 -5.152567 -6.520792
v -8.258866 -5.348076 -6.592148
v -8.265136 -5.018072 -6.659890
v -8.264225 -4.851865 -6.652373
v -8.263591 -4.760873 -6.630526
v -8.263235 -4.815039 -6.467861
v -8.281509 -5.569973 -6.586135
v -8.263835 -5.263918 -6.851218
v -8.234821 -5.278681 -6.115452
v -8.233802 -4.892035 -6.501252
v -8.244511 -5.107072 -6.664426
v -8.275568 -5.386332 -6.539207
v -8.253819 -5.698030 -6.206240
v -8.291285 -5.253937 -6.216225
v -8.247535 -5.450770 -6.388916
v -8.260054 -5.485274 -6.594350
v -8.239832 -4.892708 -6.730782
v -8.217194 -5.228281 -6.168647
v -8.263681 -5.166317 -6.590106
v -8.254528 -4.936173 -6.663607
v -8.242097 -4.991992 -6.727529
v -8.244500 -5.269232 -6.608078
v -8.270295 -5.437648 -6.466276
v -8.271816 -5.402740 -6.268992
v -8.240973 -5.156785 -6.288551
v -8.221791 -4.793459 -6.715818
v -8.226896 -5.083960 -6.181558
v -8.213065 -4.946775 -6.799513
v -8.246079 -5.664473 -6.921212
v -8.229865 -5.346927 -6.857673
v -8.221523 -5.074708 -6.714842
v -8.218792 -5.145349 -6.198842
v -8.224210 -5.228796 -6.771852
v -8.204835 -5.140799 -6.779377
v -8.194156 -5.595896 -6.896356
v -8.191290 -5.305624 -6.729868
v -8.219314 -5.216366 -6.679833
v -8.181739 -4.864757 -6.422761
v -8.211613 -5.050849 -6.814233
v -8.191305 -5.434489 -6.851305
v -8.224798 -5.014464 -6.624907
v -8.206225 -5.323802 -6.655793
v -8.214828 -5.584558 -6.433742
v -8.203444 -5.339492 -6.582129
v -8.226098 -5.504904 -6.904310
v -8.209013 -5.422168 -6.630600
v -8.216273 -5.419790 -6.312115
v -8.201675 -5.445742 -6.450188
v -8.195367 -4.856712 -6.789124
v -8.193275 -5.135487 -6.700313
v -8.194771 -5.168146 -6.554029
v -8.205312 -5.302556 -6.797601
v -8.211953 -5.221387 -6.248373
v -8.181872 -5.376259 -6.783402
v -8.151587 -5.437216 -6.379175
v -8.155330 -5.687721 -6.568621
v -8.162951 -5.697335 -6.893394
v -8.163589 -5.596290 -6.504344
v -8.173452 -5.396131 -6.708446
v -8.207362 -5.330091 -6.246050
v -8.161523 -4.756200 -6.308477
v -8.193863 -5.124379 -6.351552
v -8.189790 -5.517900 -6.627083
v -8.214939 -4.797702 -6.377113
v -8.191679 -4.978519 -6.539204
v -8.177360 -5.215403 -6.830803
v -8.178723 -5.203916 -6.744342
v -8.168037 -5.256356 -6.117938
v -8.163386 -5.106156 -6.426986
v -8.173317 -4.990977 -6.859617
v -8.175929 -5.138202 -6.873165
v -8.198440 -5.418048 -6.519402
v -8.160608 -5.189749 -6.681767
v -8.161381 -5.237686 -6.597075
v -8.146376 -5.022912 -6.176089
v -8.194319 -5.637938 -6.538239
v -8.178761 -5.622533 -6.609962
v -8.147917 -4.916892 -6.850396
v -8.144317 -4.744389 -6.739871
v -8.168452 -5.690093 -6.230507
v -8.154301 -4.995728 -6.104777
v -8.148812 -5.390615 -6.302493
v -8.133684 -5.254663 -6.258955
v -8.147607 -5.255077 -6.714532
v -8.156461 -5.522085 -6.841908
v -8.151524 -5.479013 -6.700037
v -8.084645 -5.203267 -6.158123
v -8.155635 -5.283342 -6.778828
v -8.153278 -5.621365 -6.278985
v -8.156843 -5.577639 -6.357724
v -8.139961 -5.473547 -6.765641
v -8.135815 -5.057751 -6.572698
v -8.122802 -5.598912 -6.100623
v -8.150275 -5.284928 -6.853973
v -8.179537 -5.099451 -6.640553
v -8.146837 -4.935290 -6.474789
v -8.145464 -5.058352 -6.901937
v -8.136152 -5.696685 -6.619783
v -8.128901 -5.071071 -6.204506
v -8.147671 -5.131598 -6.209280
v -8.129413 -5.522588 -6.780500
v -8.117380 -5.327298 -6.902713
v -8.104937 -5.622400 -6.568770
v -8.133400 -5.223620 -6.916364
v -8.131640 -5.565691 -6.687084
v -8.103480 -5.319943 -6.606608
v -8.097607 -4.983202 -6.902816
v -8.129863 -5.359035 -6.821304
v -8.135827 -5.116062 -6.503414
v -8.124505 -5.396998 -6.556161
v -8.106797 -4.851079 -6.828465
v -8.097361 -5.652251 -6.198110
v -8.082038 -4.759645 -6.310534
v -8.133095 -5.176951 -6.294714
v -8.109393 -4.819240 -6.364915
v -8.101633 -5.328513 -6.277112
v -8.124599 -5.607263 -6.835792
v -8.130101 -5.442822 -6.472623
v -8.098672 -5.429049 -6.797843
v -8.069756 -4.792245 -6.788390
v -8.095661 -5.620934 -6.757382
v -8.098145 -5.688237 -6.814474
v -8.102498 -5.350661 -6.733472
v -8.104813 -5.658203 -6.672464
v -8.072264 -4.975169 -6.160194
v -8.075829 -5.590302 -6.190163
v -8.075877 -5.682183 -6.248256
v -8.097623 -5.121226 -6.363500
v -8.099883 -5.131952 -6.943158
v -8.079779 -5.675897 -6.747522
v -8.083320 -5.139036 -6.211953
v -8.095134 -5.004410 -6.522568
v -8.063236 -5.430140 -6.508703
v -8.074134 -5.396520 -6.328991
v -8.068538 -5.234354 -6.613495
v -8.053358 -5.375151 -6.961080
v -8.039448 -5.110968 -6.509770
v -8.076318 -5.553622 -6.121035
v -8.054666 -5.441875 -6.717748
v -8.106355 -5.162660 -6.569538
v -8.106580 -5.546639 -6.431376
v -8.063985 -5.288930 -6.664639
v -8.076407 -5.282925 -6.956847
v -8.055077 -5.480258 -6.921203
v -8.065955 -5.504954 -6.806340
v -8.063523 -5.607817 -6.294661
v -8.055030 -5.684701 -6.221914
v -8.095859 -5.138683 -6.610003
v -8.073091 -5.577747 -6.532719
v -8.076548 -5.216740 -6.643006
v -8.085382 -5.097538 -6.437512
v -8.062312 -4.941372 -6.480690
v -8.046680 -5.436700 -6.410188
v -8.004257 -5.522353 -6.717121
v -8.037898 -5.387094 -6.575706
v -8.060003 -5.557210 -6.371376
v -8.026990 -5.169683 -6.590328
v -8.034792 -5.530763 -6.452423
v -8.046449 -5.058362 -6.939691
v -8.049664 -4.918671 -6.872149
v -8.063732 -5.099151 -6.214062
v -8.011238 -5.517653 -6.192595
v -8.048235 -5.206789 -6.972167
v -8.052361 -4.740364 -6.732945
v -8.048290 -5.027579 -6.211278
v -8.023601 -4.945498 -6.492212
v -7.994822 -5.668682 -6.268447
v -8.029219 -5.564590 -6.886901
v -8.007498 -5.340910 -6.297651
v -8.014118 -5.594844 -6.306754
v -8.013762 -4.875491 -6.448309
v -7.996167 -4.941437 -6.157705
v -8.010622 -4.821506 -6.409718
v -7.998487 -5.479620 -6.132815
v -8.019325 -4.710804 -6.300551
v -7.986310 -5.693684 -6.622010
v -7.970878 -5.434991 -6.491232
v -8.053841 -5.229490 -6.282103
v -8.027401 -5.544049 -6.494367
v -8.013121 -5.592285 -6.789912
v -7.999903 -5.231748 -6.631214
v -7.963850 -5.186152 -6.613595
v -7.986401 -4.743340 -6.683115
v -8.009409 -4.860954 -6.820037
v -8.037845 -5.068943 -6.572031
v -7.997299 -5.236725 -6.631863
v -8.026645 -5.159502 -6.324442
v -7.970244 -5.071974 -6.216378
v -8.035642 -5.627009 -6.224471
v -7.993063 -5.227583 -6.631476
v -8.013814 -5.159074 -6.614251
v -7.990973 -5.186330 -6.118145
v -7.976269 -5.557858 -6.560681
v -7.995338 -5.395163 -6.341886
v -8.007620 -5.289431 -6.990129
v -7.990103 -5.537400 -6.962821
v -7.995008 -5.133513 -6.959630
v -7.960284 -4.982430 -6.206199
v -7.994923 -4.997967 -6.902112
v -8.000790 -5.270992 -6.644298
v -8.013679 -5.355948 -6.665840
v -8.019770 -4.774097 -6.362619
v -8.009022 -5.305840 -6.624069
v -7.953035 -5.132119 -6.181225
v -7.962311 -4.871764 -6.523187
v -7.949281 -5.686697 -6.783076
v -7.965919 -5.614902 -6.611755
v -7.907154 -5.395269 -7.001396
v -7.958518 -4.727566 -6.598744
v -7.967771 -4.707937 -6.384056
v -7.969404 -4.794371 -6.451257
v -7.941467 -5.388739 -6.585872
v -7.946374 -5.453416 -6.193511
v -7.962239 -5.640596 -6.240245
v -7.943785 -5.601849 -6.709901
v -7.973566 -4.811213 -6.744018
v -7.967612 -5.444150 -6.671084
v -7.984078 -5.579981 -6.233573
v -7.895021 -5.224068 -6.953791
v -7.937794 -5.530684 -6.237991
v -7.974350 -5.542250 -6.379351
v -7.951706 -4.931868 -6.564014
v -8.000917 -4.995527 -6.549523
v -7.985129 -5.443827 -6.988484
v -7.955114 -5.201127 -6.302656
v -7.958195 -4.947177 -6.846651
v -7.949633 -4.919964 -6.152701
v -7.980906 -5.655560 -6.875525
v -7.908970 -5.519693 -6.672921
v -7.928985 -5.144062 -6.346570
v -7.941092 -4.798860 -6.554520
v -7.939207 -4.806621 -6.647631
v -7.935163 -5.276915 -6.296494
v -7.934371 -4.910100 -6.777860
v -7.884630 -5.664095 -6.190670
v -7.918764 -4.889687 -6.693383
v -7.926937 -5.682281 -6.943924
v -7.929814 -4.879080 -6.608448
v -7.927780 -5.297043 -6.657533
v -7.931039 -5.607784 -6.987147
v -7.938084 -5.417104 -6.132729
v -7.948205 -5.076008 -6.919777
v -7.886693 -5.150465 -6.598390
v -7.958236 -5.069881 -6.614194
v -7.901875 -5.059543 -6.676157
v -7.925725 -4.975705 -6.633796
v -7.911539 -5.104591 -6.405931
v -7.957175 -5.125670 -6.558146
v -7.945259 -5.417746 -6.388290
v -7.922814 -5.375669 -6.660859
v -7.928016 -5.158583 -6.100897
v -7.925169 -5.358468 -6.323787
v -7.944574 -5.518356 -6.463878
v -7.897143 -5.219769 -6.671706
v -7.864265 -5.582960 -7.011764
v -7.883203 -5.571308 -6.610579
v -7.876502 -5.147110 -6.704998
v -7.898663 -5.043030 -6.210575
v -7.925891 -5.624341 -6.305487
v -7.918162 -5.310129 -6.633281
v -7.896226 -5.407262 -6.192521
v -7.896345 -4.981814 -6.726408
v -7.905187 -5.664349 -6.639849
v -7.861202 -5.434143 -6.668807
v -7.917922 -5.573305 -6.330627
v -7.889084 -5.363060 -6.129910
v -7.878705 -5.517779 -6.534138
v -7.894174 -5.003599 -6.808594
v -7.911251 -5.149880 -6.933930
v -7.923852 -5.026937 -6.869814
v -7.865183 -5.475389 -6.235662
v -7.871095 -5.101859 -6.523252
v -7.887834 -5.431179 -6.437002
v -7.875048 -5.109694 -6.164163
v -7.889698 -5.661506 -6.704959
v -7.896200 -5.671980 -6.289778
v -7.894297 -4.962341 -6.197352
v -7.904773 -5.295164 -6.985671
v -7.881834 -5.670990 -6.995748
v -7.878759 -5.098104 -6.857839
v -7.864841 -5.372210 -6.183530
v -7.860770 -5.329086 -6.111136
v -7.868924 -5.074428 -6.757016
v -7.859058 -5.427350 -6.521162
v -7.890066 -5.506981 -7.006391
v -7.881180 -5.531586 -6.391508
v -7.859218 -5.212743 -6.307868
v -7.854880 -5.507676 -6.456374
v -8.848404 -5.360339 -6.623947
v -8.848184 -5.234420 -6.592125
v -8.767015 -4.837081 -6.354800
v -8.720299 -4.793447 -6.323715
v -8.698709 -5.379755 -6.747168
v -8.600760 -4.939921 -6.410340
v -8.273899 -5.672633 -6.581904
v -8.150304 -5.218197 -6.165114
v -8.087338 -4.881659 -6.425404
v -8.022374 -5.150750 -6.193210
v -7.941968 -5.095346 -6.475591
v -8.003757 -5.104364 -6.407226
v -7.876502 -5.582635 -6.239738
v -7.914073 -5.230822 -6.637064
v -8.812039 -5.548066 -6.750511
v -8.801386 -5.603280 -6.626144
v -8.595477 -5.650271 -6.653984
v -8.540126 -5.306151 -6.769044
v -8.525431 -5.376758 -6.703351
v -8.157137 -5.691415 -6.159225
v -7.975741 -5.356999 -6.996200
v -7.975386 -5.617459 -6.935242
v -7.853094 -5.094158 -6.441907
v -8.714673 -5.024298 -6.257026
v -8.579378 -5.461214 -6.148222
v -8.402284 -5.416011 -6.579357
v -8.430527 -5.225694 -6.871085
v -8.318871 -5.097934 -6.520871
v -8.154152 -4.802483 -6.782735
v -8.545143 -4.801237 -6.689257
v -8.255485 -4.912366 -6.587005
v -8.034340 -5.624997 -6.593716
v -8.203045 -5.122563 -6.493451
v -7.959892 -5.215985 -6.977897
v -7.937135 -5.147369 -6.640546
v -8.417503 -5.452308 -6.421059
v -8.097040 -5.427091 -6.877342
v -8.230622 -4.729505 -6.327416
v -8.313745 -4.740357 -6.504580
v -8.851700 -5.527473 -6.145135
v -8.851700 -5.532435 -6.119876
v -8.851700 -5.537799 -6.100000
v -8.851700 -5.495102 -6.206534
v -8.851700 -5.493622 -6.209437
v -8.851700 -5.436405 -6.267359
v -8.851700 -5.391801 -6.292850
v -8.851700 -5.342764 -6.298297
v -8.851700 -5.293001 -6.286483
v -8.851700 -5.205438 -6.177050
v -8.851700 -5.204541 -6.166139
v -8.851700 -5.238060 -6.243217
v -8.851700 -5.182910 -6.542957
v -8.851700 -5.193270 -6.546747
v -8.851700 -5.182144 -6.555995
v -8.851700 -5.158384 -6.536392
v -8.851700 -5.201783 -6.566866
v -8.851700 -5.245171 -6.252769
v -8.851700 -5.200110 -6.100000
v -8.720756 -4.705400 -6.150164
v -8.729035 -4.705400 -6.129398
v -8.731812 -4.705400 -6.113895
v -8.733150 -4.705400 -6.100000
v -8.650299 -4.705400 -6.491639
v -8.658152 -4.705400 -6.374830
v -8.663151 -4.705400 -6.458955
v -8.680895 -4.705400 -6.198226
v -8.671058 -4.705400 -6.198297
v -8.646909 -4.705400 -6.182184
v -8.658008 -4.705400 -6.369001
v -8.614083 -4.705400 -6.286523
v -8.630363 -4.705400 -6.317019
v -8.565141 -4.705400 -6.257496
v -8.514385 -4.705400 -6.241712
v -8.550018 -4.705400 -6.105310
v -8.550425 -4.705400 -6.105620
v -8.550172 -4.705400 -6.105409
v -8.548668 -4.705400 -6.100000
v -8.595311 -4.705400 -6.592288
v -8.584070 -4.705400 -6.609223
v -8.555658 -4.705400 -6.626123
v -8.547295 -4.705400 -6.243998
v -8.585064 -4.705400 -6.147324
v -8.637316 -4.705400 -6.542630
v -8.415487 -4.705400 -6.633104
v -8.392206 -4.705400 -6.609733
v -8.427453 -4.705400 -6.637270
v -8.508003 -4.705400 -6.643954
v -8.329556 -4.705400 -6.392406
v -8.334436 -4.705400 -6.377433
v -8.329075 -4.705400 -6.408997
v -8.319906 -4.705400 -6.488387
v -8.336791 -4.705400 -6.537107
v -8.361796 -4.705400 -6.321587
v -8.344921 -4.705400 -6.562862
v -8.372971 -4.705400 -6.301120
v -8.421048 -4.705400 -6.269928
v -8.275799 -4.705400 -6.389349
v -8.279401 -4.705400 -6.457160
v -8.250916 -4.705400 -6.336749
v -8.284411 -4.705400 -6.529715
v -8.281877 -4.705400 -6.426172
v -8.080089 -4.705400 -6.260928
v -8.106220 -4.705400 -6.246060
v -8.194500 -4.705400 -6.275559
v -8.176469 -4.705400 -6.262938
v -8.109764 -4.705400 -6.246153
v -8.233247 -4.705400 -6.305462
v -8.455895 -4.705400 -6.245802
v -8.264151 -4.705400 -6.578017
v -8.214937 -4.705400 -6.663275
v -8.251778 -4.705400 -6.618782
v -8.206708 -4.705400 -6.675497
v -8.190808 -4.705400 -6.686206
v -8.126448 -4.705400 -6.714825
v -8.088518 -4.705400 -6.712998
v -7.967121 -4.705400 -6.384982
v -7.967676 -4.705400 -6.381892
v -8.015642 -4.705400 -6.301755
v -7.947925 -4.705400 -6.485569
v -7.947425 -4.705400 -6.488636
v -7.947408 -4.705400 -6.488270
v -7.947386 -4.705400 -6.488346
v -7.992542 -4.705400 -6.633870
v -8.010181 -4.705400 -6.670900
v -7.964986 -4.705400 -6.590003
v -8.033071 -4.705400 -6.689037
v -8.019505 -4.705400 -6.294579
v -7.851700 -5.656874 -6.127216
v -7.851700 -5.668317 -6.108626
v -7.851700 -5.667583 -6.100000
v -7.851700 -5.564312 -6.235248
v -7.851700 -5.485371 -6.233630
v -7.851700 -5.463543 -6.233412
v -7.851700 -5.409992 -6.206287
v -7.851700 -5.393457 -6.363009
v -7.851700 -5.398377 -6.374159
v -7.851700 -5.388394 -6.357477
v -7.851700 -5.320088 -6.100000
v -7.851700 -5.327201 -6.123305
v -7.851700 -5.318098 -6.105204
v -7.851700 -5.310169 -6.310796
v -7.851700 -5.313989 -6.312056
v -7.851700 -5.278439 -6.310245
v -7.851700 -5.369691 -6.186287
v -7.851700 -5.379946 -6.191096
v -7.851700 -5.357478 -6.179060
v -7.851700 -5.171319 -6.616712
v -7.851700 -5.136377 -6.584027
v -7.851700 -5.210405 -6.309405
v -7.851700 -5.217803 -6.307706
v -7.851700 -5.178524 -6.331414
v -7.851700 -5.105275 -6.533519
v -7.851700 -5.099633 -6.513453
v -7.851700 -5.099405 -6.431595
v -7.851700 -5.131011 -6.367350
v -7.851700 -5.136183 -6.359610
v -7.851700 -5.056834 -6.185653
v -7.851700 -4.992768 -6.201282
v -7.851700 -4.966482 -6.197008
v -7.851700 -5.094471 -6.441158
v -7.851700 -5.094116 -6.442709
v -7.851700 -4.910748 -6.170769
v -7.851700 -4.902524 -6.164817
v -7.851700 -4.894847 -6.144928
v -7.851700 -4.871140 -6.100000
v -7.851700 -5.089986 -6.166846
v -7.851700 -5.117579 -6.100000
v -7.851700 -5.705400 -6.988321
v -7.851700 -5.684577 -7.000699
v -7.851700 -5.705400 -6.647728
v -7.851700 -5.705400 -6.709095
v -7.851700 -5.696078 -6.649612
v -7.851700 -5.653234 -7.002147
v -7.851700 -5.666512 -6.693170
v -7.851700 -5.643166 -6.650799
v -7.851700 -5.603647 -6.634974
v -7.851700 -5.705400 -6.307477
v -7.851700 -5.612046 -6.322718
v -7.851700 -5.657014 -6.305142
v -7.851700 -5.669976 -6.299303
v -7.851700 -5.635197 -6.184571
v -7.851700 -5.519228 -6.550258
v -7.851700 -5.511762 -6.523997
v -7.851700 -5.549418 -6.594684
v -7.851700 -5.508284 -6.454358
v -7.851700 -5.528700 -6.396832
v -7.851700 -5.595079 -6.679664
v -7.851700 -5.573965 -7.010592
v -7.851700 -5.518875 -7.006054
v -7.851700 -5.589256 -6.678491
v -7.851700 -5.513755 -6.678648
v -7.851700 -5.584662 -6.677001
v -7.851700 -5.568719 -6.617095
v -7.851700 -5.543736 -6.371451
v -7.851700 -5.602742 -6.327076
v -7.851700 -5.554542 -6.355132
v -7.851700 -5.589934 -7.012158
v -7.851700 -5.592209 -6.213820
v -7.851700 -5.433567 -6.676401
v -7.851700 -5.475617 -6.998901
v -7.851700 -5.426695 -6.995659
v -7.851700 -5.427438 -6.509526
v -7.851700 -5.429801 -6.436076
v -7.851700 -5.507202 -6.458545
v -7.851700 -5.370109 -6.974771
v -7.851700 -5.360667 -6.688889
v -7.851700 -5.375700 -6.685452
v -7.851700 -5.358102 -6.688844
v -7.851700 -5.365117 -6.609914
v -7.851700 -5.373346 -6.605240
v -7.851700 -5.401205 -6.561668
v -7.851700 -5.445879 -6.671161
v -7.851700 -5.427756 -6.519846
v -7.851700 -5.425414 -6.525687
v -7.851700 -5.261287 -6.644962
v -7.851700 -5.276933 -6.703901
v -7.851700 -5.228108 -6.727985
v -7.851700 -5.206746 -6.636138
v -7.851700 -5.281957 -6.942590
v -7.851700 -5.339585 -6.970277
v -7.851700 -5.260415 -6.935073
v -7.851700 -5.292392 -6.704906
v -7.851700 -5.291865 -6.643734
v -7.851700 -5.192939 -6.894259
v -7.851700 -5.190686 -6.892630
v -7.851700 -5.194120 -6.894839
v -7.851700 -5.125175 -6.778542
v -7.851700 -5.142572 -6.815918
v -7.851700 -5.158425 -6.763650
v -7.851700 -5.197896 -6.731040
v -8.499091 -5.705400 -6.356775
v -8.515196 -5.705400 -6.337338
v -8.525468 -5.705400 -6.278772
v -8.515547 -5.705400 -6.205804
v -8.492544 -5.705400 -6.363914
v -8.461461 -5.705400 -6.196973
v -8.430744 -5.705400 -6.179798
v -8.275450 -5.705400 -6.580134
v -8.292042 -5.705400 -6.515071
v -8.332437 -5.705400 -6.607749
v -8.323925 -5.705400 -6.498075
v -8.369034 -5.705400 -6.471653
v -8.441835 -5.705400 -6.419851
v -8.419273 -5.705400 -6.433381
v -8.255939 -5.705400 -6.202855
v -8.301585 -5.705400 -6.190882
v -8.342493 -5.705400 -6.184741
v -8.352165 -5.705400 -6.184628
v -8.202117 -5.705400 -6.554951
v -8.217950 -5.705400 -6.582205
v -8.190984 -5.705400 -6.586462
v -8.220213 -5.705400 -6.547650
v -8.227141 -5.705400 -6.543095
v -8.173100 -5.705400 -6.225500
v -8.172180 -5.705400 -6.156509
v -8.247531 -5.705400 -6.206057
v -8.218199 -5.705400 -6.112499
v -8.155199 -5.705400 -6.568271
v -8.157507 -5.705400 -6.605748
v -8.136705 -5.705400 -6.616271
v -8.125395 -5.705400 -6.625634
v -8.155056 -5.705400 -6.231226
v -8.135212 -5.705400 -6.173481
v -8.153602 -5.705400 -6.162167
v -8.229551 -5.705400 -6.100000
v -8.075843 -5.705400 -6.598933
v -8.071148 -5.705400 -6.600273
v -8.076443 -5.705400 -6.598726
v -8.077252 -5.705400 -6.762859
v -8.075816 -5.705400 -6.725351
v -8.087487 -5.705400 -6.679839
v -8.079209 -5.705400 -6.597825
v -8.018083 -5.705400 -6.209289
v -8.058140 -5.705400 -6.255410
v -8.001443 -5.705400 -6.270520
v -8.063896 -5.705400 -6.217507
v -7.960337 -5.705400 -6.283718
v -7.972230 -5.705400 -6.206997
v -8.071004 -5.705400 -6.741636
v -7.974320 -5.705400 -6.621345
v -7.989140 -5.705400 -6.618564
v -8.084452 -5.705400 -6.244085
v -8.086501 -5.705400 -6.205161
v -7.923562 -5.705400 -6.766857
v -7.937008 -5.705400 -6.787906
v -7.939371 -5.705400 -6.816742
v -7.907364 -5.705400 -6.294786
v -7.899982 -5.705400 -6.158614
v -7.942657 -5.705400 -6.193338
v -7.893092 -5.705400 -6.100000
v -7.874763 -5.705400 -6.978350
v -7.878219 -5.705400 -6.718753
v -7.908261 -5.705400 -6.945776
v -7.925374 -5.705400 -6.912462
v -7.906142 -5.705400 -6.631265
v -7.869511 -5.705400 -6.303479
v -7.889802 -5.705400 -6.135373
v -7.945088 -5.705400 -6.872867
v -8.092408 -5.705400 -6.810097
v -8.101216 -5.705400 -6.823671
v -8.095235 -5.705400 -6.655671
v -8.812765 -5.705400 -6.723799
v -8.803694 -5.705400 -6.675906
v -8.779019 -5.705400 -6.797922
v -8.803021 -5.705400 -6.753725
v -8.779842 -5.705400 -6.631119
v -8.797906 -5.705400 -6.656672
v -8.767129 -5.705400 -6.613767
v -8.705516 -5.705400 -6.835873
v -8.694165 -5.705400 -6.834240
v -8.711452 -5.705400 -6.832263
v -8.627990 -5.705400 -6.820024
v -8.589224 -5.705400 -6.773851
v -8.611860 -5.705400 -6.631319
v -8.677030 -5.705400 -6.597198
v -8.753510 -5.705400 -6.612210
v -8.649740 -5.705400 -6.604102
v -8.576369 -5.705400 -6.744700
v -8.576503 -5.705400 -6.759836
v -8.430037 -5.705400 -6.739526
v -8.422930 -5.705400 -6.706820
v -8.413787 -5.705400 -6.823361
v -8.411016 -5.705400 -6.833170
v -8.406507 -5.705400 -6.838102
v -8.377313 -5.705400 -6.861857
v -8.156042 -5.705400 -6.887927
v -8.163478 -5.705400 -6.893527
v -8.176148 -5.705400 -6.896464
v -8.250130 -5.705400 -6.918257
v -8.328635 -5.705400 -6.903679
v -8.314561 -5.705400 -6.908790
v -8.382351 -5.705400 -6.638576
v -8.364743 -5.705400 -6.619600
v -8.580242 -5.705400 -6.673037
v -8.807702 -5.534797 -6.100000
v -8.819906 -5.535225 -6.100000
v -8.753617 -4.853382 -6.100000
v -8.738688 -4.870386 -6.100000
v -8.757079 -4.843881 -6.100000
v -8.767669 -4.780439 -6.100000
v -8.759789 -4.738475 -6.100000
v -8.744976 -4.719253 -6.100000
v -8.829716 -5.193517 -6.100000
v -8.772713 -5.193504 -6.100000
v -8.694668 -4.916859 -6.100000
v -8.674124 -5.206433 -6.100000
v -8.657980 -4.913033 -6.100000
v -8.733762 -5.507764 -6.100000
v -8.721900 -5.506386 -6.100000
v -8.651397 -5.472368 -6.100000
v -8.611498 -4.913105 -6.100000
v -8.628036 -4.913872 -6.100000
v -8.650085 -5.210036 -6.100000
v -8.555386 -4.859602 -6.100000
v -8.638014 -5.466630 -6.100000
v -8.596793 -5.423213 -6.100000
v -8.596660 -5.239359 -6.100000
v -8.737558 -5.189891 -6.100000
v -8.711720 -4.910315 -6.100000
v -8.546609 -5.328194 -6.100000
v -8.546425 -5.326452 -6.100000
v -8.548053 -5.322922 -6.100000
v -8.546464 -5.325837 -6.100000
v -8.525442 -4.767394 -6.100000
v -8.534225 -4.750726 -6.100000
v -8.537721 -4.820735 -6.100000
v -8.542818 -4.720127 -6.100000
v -8.482460 -5.239674 -6.100000
v -8.480840 -5.270181 -6.100000
v -8.450878 -5.296156 -6.100000
v -8.462019 -5.194248 -6.100000
v -8.550482 -5.386036 -6.100000
v -8.370973 -5.125993 -6.100000
v -8.412787 -5.151249 -6.100000
v -8.437309 -5.168483 -6.100000
v -8.282345 -5.065809 -6.100000
v -8.295835 -5.070166 -6.100000
v -8.339231 -5.093614 -6.100000
v -8.155302 -4.997908 -6.100000
v -8.201262 -5.018685 -6.100000
v -8.208041 -5.022431 -6.100000
v -8.207346 -5.021932 -6.100000
v -8.139072 -4.989497 -6.100000
v -8.149468 -4.995457 -6.100000
v -8.208509 -5.022635 -6.100000
v -8.546786 -4.853488 -6.100000
v -8.580941 -5.251168 -6.100000
v -8.426498 -5.309125 -6.100000
v -8.403955 -5.309061 -6.100000
v -8.386925 -5.307794 -6.100000
v -8.324380 -5.301252 -6.100000
v -8.268835 -5.296175 -6.100000
v -8.241551 -5.284818 -6.100000
v -8.232504 -5.279437 -6.100000
v -8.212420 -5.683801 -6.100000
v -8.206852 -5.677420 -6.100000
v -8.162235 -5.254100 -6.100000
v -8.142356 -5.245708 -6.100000
v -8.180067 -5.262100 -6.100000
v -8.122342 -5.598854 -6.100000
v -8.122787 -5.599184 -6.100000
v -8.133946 -5.608767 -6.100000
v -8.123575 -5.599586 -6.100000
v -8.083953 -5.213821 -6.100000
v -8.075202 -5.562712 -6.100000
v -8.047755 -5.531927 -6.100000
v -7.988698 -4.923763 -6.100000
v -7.995697 -4.926805 -6.100000
v -7.922296 -5.155797 -6.100000
v -7.856174 -5.326627 -6.100000
v -7.861413 -5.332465 -6.100000
v -7.879201 -5.356468 -6.100000
v -7.852709 -5.118382 -6.100000
v -7.898475 -5.377381 -6.100000
v -7.868831 -4.881376 -6.100000
v -8.011434 -5.498577 -6.100000
v -7.977673 -5.462119 -6.100000
v -7.957680 -5.441423 -6.100000
v -7.921551 -5.403005 -6.100000
v -8.019283 -5.197031 -6.100000
v -8.008737 -5.192331 -6.100000
v -7.974811 -5.173882 -6.100000
v -7.928465 -5.158385 -6.100000
v -7.948081 -4.912010 -6.100000
v -7.906087 -4.889789 -6.100000
v -8.070735 -4.964973 -6.100000
v -8.050020 -4.955898 -6.100000
vn -1.0000 -0.0000 -0.0000
vn -0.0000 1.0000 -0.0000
vn 1.0000 -0.0000 -0.0000
vn -0.0000 -1.0000 -0.0000
vn -0.0000 -0.0000 1.0000
vn 0.0424 -0.9778 -0.2051
vn 0.0779 -0.9625 -0.2598
vn 0.0484 -0.9755 -0.2144
vn -0.5845 0.1000 -0.8052
vn -0.5568 -0.1334 -0.8199
vn -0.4600 -0.3665 -0.8088
vn -0.5521 0.4751 -0.6852
vn -0.5809 0.2960 -0.7582
vn -0.4640 0.6710 -0.5783
vn -0.1640 0.9847 0.0589
vn -0.2826 0.9564 -0.0734
vn -0.2867 0.9559 -0.0640
vn -0.2178 0.9759 0.0094
vn -0.3495 0.9174 -0.1904
vn -0.3513 0.8985 -0.2631
vn -0.4217 0.7612 -0.4927
vn -0.1792 -0.8442 -0.5051
vn -0.3966 -0.5443 -0.7392
vn -0.3339 -0.7110 -0.6188
vn -0.9851 0.1345 -0.1069
vn -0.9845 -0.0554 0.1663
vn -0.8733 -0.2195 0.4350
vn -0.9800 0.1675 -0.1077
vn -0.8212 0.1677 -0.5454
vn -0.9985 0.0507 -0.0216
vn -0.8679 0.2057 -0.4521
vn -0.9981 -0.0547 0.0289
vn -0.8003 0.1216 -0.5871
vn -0.8803 -0.2579 0.3981
vn -0.9870 -0.1087 0.1187
vn -0.3626 -0.4529 0.8145
vn -0.9324 -0.1814 0.3125
vn -0.9771 0.0542 -0.2060
vn -0.9665 0.0390 -0.2538
vn -0.9911 -0.1263 0.0428
vn -0.8885 -0.1646 0.4284
vn -0.4577 0.7154 -0.5280
vn -0.9852 0.1705 0.0190
vn -0.6818 -0.2844 0.6739
vn -0.7588 0.3705 -0.5357
vn -0.8808 0.2557 -0.3985
vn -0.3679 -0.3439 0.8639
vn -0.7683 -0.2489 0.5897
vn -0.8001 0.0286 -0.5992
vn -0.5225 0.3181 -0.7911
vn 0.0339 -0.9708 -0.2374
vn -0.0964 -0.8845 -0.4566
vn -0.5491 0.3935 -0.7373
vn -0.7027 0.4806 -0.5245
vn -0.9875 -0.1331 -0.0844
vn -0.6105 0.0605 -0.7897
vn -0.9711 -0.1192 -0.2066
vn -0.2740 0.2796 -0.9202
vn -0.7755 -0.3308 0.5378
vn -0.9765 -0.0603 0.2071
vn -0.7990 0.5040 -0.3281
vn -0.9514 -0.1129 0.2864
vn -0.9379 0.3273 -0.1148
vn -0.5885 0.5260 -0.6140
vn -0.1988 0.5223 -0.8293
vn -0.3673 -0.4695 0.8029
vn -0.6400 -0.5188 0.5668
vn -0.1927 -0.3501 0.9167
vn -0.4493 -0.4129 -0.7922
vn -0.8953 -0.2036 0.3962
vn -0.9805 -0.1939 -0.0308
vn -0.9634 -0.1743 0.2036
vn -0.5804 0.6679 -0.4659
vn -0.2855 0.6275 -0.7244
vn -0.8944 -0.0913 -0.4378
vn -0.0627 0.9651 0.2541
vn -0.4772 -0.2060 0.8543
vn -0.7798 -0.2059 0.5912
vn -0.8732 0.4724 -0.1196
vn -0.0842 -0.2479 0.9651
vn -0.3776 0.2966 -0.8772
vn -0.3155 0.3965 -0.8621
vn -0.9461 -0.0992 0.3084
vn -0.4477 -0.5056 0.7375
vn 0.1379 0.4911 -0.8601
vn -0.8609 -0.2353 0.4510
vn -0.5622 0.1455 -0.8141
vn -0.6848 0.0487 -0.7271
vn -0.6840 -0.0140 -0.7293
vn -0.3163 0.8228 -0.4721
vn -0.6059 0.6856 -0.4037
vn -0.2639 -0.5407 0.7988
vn 0.2131 0.3689 -0.9047
vn -0.0376 -0.9616 -0.2719
vn 0.4274 -0.4970 0.7552
vn -0.7978 -0.1563 0.5823
vn -0.5358 -0.2424 0.8088
vn 0.1679 -0.2967 0.9401
vn -0.2205 -0.6388 0.7371
vn -0.2944 0.2181 -0.9305
vn -0.1866 -0.8226 -0.5371
vn 0.0985 0.6178 -0.7802
vn -0.0057 0.2110 -0.9775
vn -0.9265 0.3750 -0.0315
vn -0.8740 -0.3251 0.3611
vn -0.1358 0.1546 -0.9786
vn -0.5569 -0.6142 0.5592
vn -0.0016 0.9685 0.2492
vn 0.0116 0.9415 0.3369
vn -0.4657 0.0350 -0.8843
vn -0.9718 -0.1990 0.1266
vn -0.9951 -0.0044 0.0984
vn 0.2230 -0.1518 0.9629
vn -0.6367 -0.5820 0.5058
vn 0.1576 0.8564 0.4916
vn -0.8778 0.4761 -0.0530
vn -0.7795 0.6134 -0.1270
vn -0.7777 0.6167 -0.1220
vn -0.7582 0.6197 -0.2029
vn 0.2269 -0.6361 0.7375
vn 0.3283 -0.3590 0.8737
vn -0.8153 -0.4831 0.3191
vn -0.1382 0.7620 -0.6327
vn 0.0653 0.6201 -0.7818
vn -0.1198 -0.2914 0.9491
vn -0.1901 0.9798 -0.0618
vn 0.1966 -0.9800 0.0319
vn 0.2687 -0.9534 0.1373
vn 0.2040 -0.9672 0.1512
vn -0.4131 0.7984 -0.4382
vn 0.3304 0.2843 -0.9000
vn -0.0341 -0.8492 0.5270
vn 0.2494 -0.7795 0.5746
vn 0.4674 0.4532 -0.7590
vn -0.4436 -0.4086 -0.7977
vn 0.3673 -0.3073 0.8779
vn 0.3929 0.5902 -0.7052
vn -0.2101 0.1134 -0.9711
vn 0.0299 -0.1571 0.9871
vn 0.2373 0.3201 -0.9172
vn -0.4888 -0.7024 0.5174
vn -0.6854 -0.4790 0.5485
vn -0.6609 0.6867 -0.3027
vn -0.1599 -0.8493 0.5031
vn 0.1369 0.7902 -0.5974
vn 0.4770 0.2999 -0.8262
vn -0.7585 0.6476 -0.0730
vn -0.1886 0.8086 -0.5574
vn 0.4084 -0.6807 0.6081
vn 0.3499 0.4087 -0.8429
vn 0.4028 -0.5762 0.7112
vn -0.3602 0.8464 -0.3922
vn 0.2406 0.8041 -0.5436
vn 0.6635 -0.2408 0.7083
vn 0.3835 -0.8566 0.3452
vn -0.5112 0.0146 -0.8594
vn -0.3864 -0.4057 -0.8283
vn -0.4846 0.5161 -0.7063
vn 0.4412 -0.8290 0.3436
vn 0.0710 -0.8414 0.5358
vn 0.8260 0.2194 -0.5193
vn 0.7505 0.2468 -0.6131
vn 0.5070 0.6017 -0.6172
vn 0.5257 -0.1876 0.8297
vn 0.5519 0.2510 -0.7953
vn 0.3943 0.7613 -0.5148
vn 0.0664 0.8034 -0.5917
vn -0.2623 -0.6946 -0.6698
vn 0.6746 0.4137 -0.6114
vn 0.9854 -0.1306 0.1092
vn 0.8601 -0.3698 0.3515
vn -0.1428 -0.7275 0.6711
vn -0.0058 -0.9339 0.3574
vn 0.1532 -0.9874 -0.0406
vn 0.7764 0.3190 -0.5436
vn -0.0240 -0.9571 -0.2887
vn 0.9185 -0.1520 0.3650
vn 0.7199 0.3169 -0.6175
vn 0.4932 0.0732 0.8668
vn 0.6633 -0.0682 0.7452
vn -0.4761 0.4915 -0.7292
vn 0.1198 0.8838 0.4523
vn 0.2312 0.8019 0.5510
vn -0.9330 -0.2758 0.2314
vn -0.8935 -0.3230 0.3121
vn -0.9939 -0.0983 0.0506
vn 0.1961 0.2196 -0.9557
vn -0.9925 -0.1013 -0.0686
vn -0.9904 -0.0510 -0.1285
vn -0.9562 0.1002 -0.2750
vn 0.8579 0.2678 -0.4386
vn 0.8887 0.2220 -0.4011
vn 0.4935 0.2370 -0.8368
vn 0.9365 -0.0534 0.3466
vn 0.8260 0.2555 -0.5024
vn -0.8297 -0.3967 0.3927
vn -0.1002 0.9892 0.1069
vn 0.3847 0.6766 0.6278
vn 0.4891 0.3807 0.7848
vn 0.3898 0.4751 0.7889
vn 0.8288 -0.4294 0.3586
vn -0.8877 0.1717 -0.4272
vn -0.9207 0.1123 -0.3737
vn 0.3366 0.8244 -0.4550
vn 0.5995 0.6675 -0.4415
vn 0.2346 0.9048 -0.3554
vn -0.4091 -0.0021 -0.9125
vn 0.6231 0.5762 -0.5288
vn -0.3035 -0.4826 -0.8216
vn -0.9625 -0.2353 0.1348
vn -0.6409 -0.4951 0.5866
vn -0.5906 -0.5075 0.6274
vn -0.8091 -0.3996 0.4309
vn 0.4192 -0.8460 0.3294
vn 0.8738 0.2363 -0.4250
vn -0.9796 -0.0666 -0.1895
vn -0.7789 0.3037 -0.5487
vn 0.9777 0.0804 -0.1942
vn -0.8522 -0.3698 0.3701
vn 0.6060 -0.7276 0.3215
vn 0.8565 0.3320 -0.3952
vn -0.6557 -0.4806 0.5823
vn 0.9830 0.0865 -0.1621
vn 0.9655 -0.0660 0.2517
vn 0.8418 -0.4614 0.2802
vn 0.9836 0.1484 -0.1027
vn -0.9251 0.0053 -0.3797
vn -0.9492 -0.2615 0.1751
vn -0.7260 0.2786 -0.6287
vn 0.0921 0.8935 0.4396
vn 0.9093 -0.3963 0.1274
vn -0.2108 -0.5954 0.7753
vn -0.4432 -0.5673 0.6941
vn -0.3994 -0.5673 0.7202
vn 0.9257 0.2126 -0.3127
vn -0.6502 0.3428 -0.6781
vn 0.8224 -0.4886 0.2916
vn -0.7907 0.1688 -0.5885
vn -0.9853 -0.1591 -0.0620
vn 0.9394 0.1990 -0.2791
vn 0.9914 -0.0073 -0.1306
vn 0.9702 0.0826 0.2278
vn 0.4300 -0.7735 0.4656
vn 0.4343 -0.7861 0.4398
vn -0.5854 0.2425 -0.7736
vn -0.2226 0.9606 -0.1666
vn -0.7877 -0.3821 0.4833
vn -0.6395 -0.4411 0.6297
vn -0.3902 0.7513 -0.5322
vn -0.7939 0.1299 -0.5940
vn 0.3757 0.7794 -0.5014
vn 0.7306 0.5405 -0.4172
vn 0.4015 0.8404 -0.3639
vn 0.2091 0.6737 0.7088
vn 0.2594 -0.9394 0.2240
vn 0.9229 0.2336 -0.3061
vn -0.3998 -0.5109 0.7611
vn 0.9843 -0.0733 -0.1607
vn -0.8855 0.0478 -0.4622
vn -0.3953 0.4389 -0.8069
vn -0.2203 0.5009 -0.8370
vn -0.4488 0.3852 -0.8063
vn -0.9575 -0.2536 0.1376
vn 0.9897 -0.1101 -0.0913
vn 0.8597 0.2738 -0.4312
vn 0.3779 0.2041 0.9030
vn 0.7435 0.2206 -0.6312
vn -0.0311 0.9691 0.2445
vn 0.9552 0.0551 -0.2907
vn -0.2767 -0.6189 0.7351
vn -0.1517 -0.8420 -0.5178
vn -0.9816 -0.0364 -0.1874
vn -0.3798 -0.4658 0.7993
vn -0.9245 -0.2970 0.2391
vn 0.5104 -0.3437 0.7883
vn 0.4692 -0.0481 0.8818
vn 0.5205 -0.4067 0.7508
vn 0.5171 -0.5715 0.6371
vn -0.7907 0.0258 -0.6117
vn 0.8889 0.2483 -0.3849
vn 0.9540 -0.2970 -0.0397
vn 0.8905 0.0635 0.4505
vn 0.8639 -0.5028 0.0295
vn 0.7798 0.5218 -0.3459
vn -0.1271 -0.5548 0.8222
vn -0.5738 0.2381 -0.7836
vn -0.7361 -0.3789 0.5609
vn 0.6463 -0.7322 0.2149
vn 0.0155 0.5008 -0.8654
vn -0.4204 0.3759 -0.8258
vn -0.5312 0.1922 -0.8251
vn 0.0249 -0.6625 0.7486
vn 0.8391 -0.5409 0.0584
vn -0.3770 -0.0971 -0.9211
vn 0.0907 -0.9932 -0.0732
vn 0.9716 0.2330 0.0400
vn -0.3544 0.3582 -0.8638
vn -0.4161 0.4024 -0.8155
vn 0.9409 0.1691 -0.2934
vn 0.1186 -0.4731 0.8730
vn -0.7094 -0.3458 0.6142
vn -0.9310 -0.3019 0.2053
vn -0.9594 -0.1712 -0.2242
vn -0.3874 -0.4440 0.8079
vn 0.4276 -0.6797 0.5960
vn -0.2786 0.9158 0.2893
vn -0.3629 0.9110 0.1962
vn -0.4643 0.8852 -0.0304
vn -0.4762 0.8670 -0.1469
vn -0.5526 0.7613 -0.3393
vn -0.2625 0.8515 -0.4539
vn -0.7861 -0.0262 -0.6175
vn -0.1088 -0.4699 0.8760
vn -0.0773 0.5269 -0.8464
vn 0.4018 0.2372 0.8845
vn 0.4513 0.0975 0.8870
vn 0.8569 0.2522 -0.4496
vn 0.9044 0.3593 -0.2300
vn -0.3293 -0.3741 0.8670
vn 0.0505 -0.5726 0.8183
vn 0.8472 0.3886 -0.3622
vn -0.2461 -0.6116 -0.7519
vn 0.9490 0.1703 -0.2652
vn -0.0649 0.4401 -0.8956
vn -0.4570 0.1695 -0.8732
vn -0.0430 0.9943 0.0973
vn 0.9634 -0.2255 -0.1451
vn 0.3302 -0.5124 0.7927
vn 0.2882 -0.8740 0.3914
vn -0.6500 0.0468 -0.7585
vn -0.9332 -0.1833 -0.3093
vn -0.6997 -0.3434 0.6265
vn -0.1032 0.3703 -0.9232
vn 0.1903 -0.6244 0.7575
vn 0.2590 0.6205 0.7402
vn -0.9441 -0.3034 0.1292
vn -0.7264 -0.0238 -0.6869
vn 0.4846 -0.2842 0.8273
vn 0.4860 0.0017 0.8740
vn 0.0953 0.8776 0.4697
vn 0.0867 -0.4434 0.8921
vn -0.9332 -0.2067 -0.2940
vn -0.2114 0.8539 0.4756
vn -0.7572 -0.3102 0.5748
vn -0.5132 0.6734 -0.5321
vn -0.5453 0.5610 -0.6229
vn -0.5989 0.5872 -0.5445
vn -0.9066 -0.2380 -0.3484
vn -0.9541 -0.2823 0.0998
vn -0.9542 -0.2950 0.0498
vn -0.7007 -0.0846 -0.7084
vn -0.0380 0.3086 -0.9504
vn 0.3539 0.5494 -0.7569
vn 0.1274 0.5229 -0.8428
vn -0.3726 -0.3506 0.8592
vn -0.2689 -0.2645 0.9262
vn 0.4014 -0.5345 0.7438
vn 0.0330 0.4427 -0.8961
vn 0.4565 0.4981 -0.7372
vn 0.3172 -0.4940 0.8096
vn -0.8928 -0.2384 -0.3821
vn -0.3292 0.0967 -0.9393
vn -0.2719 0.1897 -0.9434
vn -0.9571 -0.2749 0.0919
vn -0.6131 0.1167 -0.7813
vn -0.4761 -0.0197 -0.8792
vn -0.3536 -0.2277 -0.9072
vn -0.5230 0.4578 -0.7190
vn -0.5942 0.3235 -0.7364
vn -0.5611 0.6608 -0.4984
vn -0.2483 -0.3142 -0.9163
vn -0.1126 -0.5881 -0.8009
vn 0.1555 -0.3250 0.9328
vn -0.1379 0.8711 0.4714
vn -0.1517 0.8167 0.5567
vn -0.5954 -0.1035 -0.7968
vn -0.0702 0.9972 0.0245
vn -0.3027 -0.3687 -0.8789
vn -0.8651 -0.4927 0.0945
vn -0.7799 -0.2861 0.5567
vn 0.3850 0.0541 0.9213
vn -0.4389 -0.2594 0.8603
vn -0.7796 -0.2767 0.5618
vn -0.3935 0.9191 -0.0185
vn -0.0275 -0.9184 -0.3947
vn -0.8631 -0.2379 -0.4454
vn -0.2640 -0.3167 0.9110
vn 0.5031 0.5318 -0.6813
vn -0.9667 0.0434 0.2524
vn -0.5464 -0.1265 -0.8279
vn -0.9535 -0.2963 -0.0560
vn 0.1344 -0.9890 0.0623
vn -0.5213 0.6721 0.5259
vn -0.4190 -0.1745 0.8910
vn 0.5041 -0.4116 0.7593
vn 0.7165 -0.3114 0.6242
vn 0.6395 -0.3302 0.6943
vn 0.4583 0.4687 -0.7551
vn -0.8475 -0.2733 0.4550
vn -0.4343 0.6989 -0.5682
vn -0.1933 0.9410 -0.2776
vn 0.2775 -0.8003 0.5314
vn -0.1446 -0.7334 -0.6642
vn -0.4768 -0.1158 0.8713
vn 0.4156 0.4378 -0.7972
vn -0.2392 0.0701 -0.9684
vn 0.0263 -0.9733 -0.2281
vn 0.0167 0.7557 0.6547
vn -0.8282 -0.2751 -0.4883
vn -0.9130 -0.3273 -0.2436
vn -0.5137 0.4638 -0.7218
vn 0.0993 0.3202 -0.9421
vn 0.1428 0.2761 -0.9505
vn -0.2538 -0.1612 -0.9537
vn 0.3988 -0.3893 0.8303
vn 0.0790 0.8962 0.4366
vn 0.2307 0.5935 0.7710
vn -0.9169 -0.2515 0.3099
vn -0.9574 -0.2764 0.0835
vn -0.4660 0.6086 -0.6422
vn -0.5119 0.4311 -0.7431
vn -0.4370 0.2996 -0.8481
vn -0.5512 0.6444 -0.5301
vn -0.0749 0.8644 0.4972
vn 0.4086 0.4016 -0.8196
vn -0.5579 -0.2016 -0.8051
vn -0.4348 0.8385 -0.3285
vn -0.6831 -0.2688 -0.6790
vn 0.5947 -0.3580 0.7198
vn 0.4983 0.3594 -0.7890
vn 0.8012 0.4018 -0.4434
vn 0.6180 0.4797 -0.6228
vn 0.8101 0.3997 -0.4289
vn -0.5956 -0.3352 -0.7300
vn -0.3795 -0.1851 -0.9065
vn -0.1207 0.0347 -0.9921
vn 0.0697 0.8795 0.4708
vn 0.6430 -0.1583 0.7494
vn 0.0331 -0.7587 -0.6506
vn 0.0725 -0.7355 -0.6737
vn -0.5234 -0.2285 -0.8209
vn -0.2938 0.9516 0.0900
vn 0.3094 0.1564 0.9380
vn -0.2560 -0.9646 0.0639
vn -0.1014 -0.1388 0.9851
vn 0.5560 -0.2941 0.7775
vn 0.3439 -0.3402 0.8752
vn 0.1663 0.2262 -0.9598
vn 0.6902 -0.3342 0.6418
vn -0.4322 0.4330 -0.7910
vn 0.8872 0.3172 -0.3351
vn 0.7872 -0.1917 0.5862
vn 0.1822 -0.9482 0.2603
vn -0.0140 0.9746 0.2234
vn -0.2057 0.8448 -0.4940
vn 0.8349 0.3632 -0.4137
vn 0.0513 0.0210 0.9985
vn 0.2575 -0.1175 0.9591
vn 0.0484 0.7465 0.6636
vn -0.0638 -0.5009 -0.8632
vn 0.2979 0.1861 -0.9363
vn -0.0584 -0.0136 -0.9982
vn 0.7431 0.4053 -0.5325
vn 0.9591 -0.0577 0.2771
vn -0.1077 0.9874 -0.1161
vn 0.5771 0.3608 -0.7327
vn 0.5810 0.3489 -0.7353
vn 0.8807 -0.1479 0.4499
vn -0.4311 0.6701 -0.6043
vn -0.5737 0.6842 -0.4502
vn 0.3317 0.0195 0.9432
vn -0.0663 -0.9230 -0.3790
vn -0.3909 0.8591 -0.3304
vn 0.9264 -0.0822 0.3674
vn -0.2872 0.0464 -0.9568
vn 0.0939 -0.9936 0.0628
vn 0.6152 0.7785 0.1245
vn 0.9054 -0.1185 0.4077
vn -0.1689 -0.6342 -0.7545
vn 0.2159 0.6084 0.7637
vn -0.3493 0.8619 -0.3676
vn -0.1874 -0.1109 -0.9760
vn 0.8163 0.3641 -0.4485
vn 0.0723 -0.7307 -0.6789
vn -0.0231 0.8169 0.5764
vn 0.8679 -0.0796 0.4904
vn -0.0976 0.0607 0.9934
vn -0.4332 0.6248 -0.6496
vn -0.3982 0.4322 -0.8091
vn 0.1075 0.7238 0.6816
vn 0.1920 0.5276 0.8275
vn 0.2764 0.3344 0.9010
vn 0.8711 0.3227 -0.3701
vn 0.9907 0.1003 0.0921
vn 0.9830 0.0211 0.1822
vn -0.2229 0.9619 0.1580
vn 0.6688 0.2802 -0.6887
vn 0.1589 0.7710 0.6167
vn 0.9821 0.1745 -0.0715
vn 0.9796 0.1950 -0.0483
vn 0.9006 0.3229 -0.2911
vn 0.9795 0.0574 0.1929
vn 0.9840 0.1769 -0.0226
vn 0.1362 -0.0125 -0.9906
vn 0.2549 0.3303 0.9088
vn 0.3047 -0.6709 0.6761
vn 0.5964 -0.7731 -0.2157
vn 0.6050 -0.0348 0.7954
vn -0.4741 0.3455 -0.8098
vn 0.4424 0.1460 -0.8849
vn -0.4510 0.5403 -0.7104
vn -0.3686 0.8399 -0.3984
vn 0.2884 -0.2901 0.9125
vn 0.9240 0.0527 0.3787
vn 0.9836 0.1685 0.0636
vn 0.2417 -0.8610 -0.4474
vn 0.1096 -0.7692 -0.6296
vn 0.4221 -0.8905 -0.1699
vn 0.0572 -0.0775 -0.9953
vn -0.1886 0.7474 -0.6370
vn 0.9552 0.2755 -0.1078
vn -0.9404 -0.2625 0.2161
vn -0.9866 -0.1555 0.0494
vn -0.9993 -0.0143 0.0345
vn 0.2733 0.2563 0.9271
vn -0.9892 0.0799 -0.1225
vn -0.9954 0.0206 -0.0941
vn 0.7564 0.2808 -0.5907
vn -0.9235 0.2320 -0.3056
vn -0.1879 -0.0532 -0.9808
vn -0.0939 -0.8104 -0.5783
vn -0.3289 0.9174 -0.2242
vn 0.8101 0.0601 0.5832
vn 0.8674 0.4043 -0.2903
vn -0.1680 -0.3553 -0.9195
vn -0.8263 -0.4538 0.3337
vn 0.8394 0.0382 0.5421
vn -0.9867 -0.1626 0.0086
vn -0.9682 -0.0027 -0.2502
vn -0.9228 -0.3338 0.1926
vn -0.8987 0.1951 -0.3927
vn -0.9840 -0.1715 -0.0480
vn 0.2330 -0.8024 0.5494
vn -0.8551 -0.3892 0.3425
vn 0.9773 0.2040 0.0580
vn -0.7287 -0.5111 0.4558
vn -0.3691 0.7888 -0.4914
vn 0.0560 -0.5514 -0.8323
vn 0.4054 -0.9080 -0.1052
vn 0.4967 0.2162 0.8405
vn 0.8748 0.3475 -0.3377
vn -0.5486 -0.5973 0.5850
vn -0.6335 -0.5661 0.5275
vn -0.3944 0.4659 -0.7921
vn -0.4628 0.7558 -0.4632
vn -0.7411 0.3485 -0.5738
vn 0.0411 0.9198 0.3903
vn -0.8516 0.2757 -0.4458
vn -0.7635 0.3488 -0.5435
vn -0.3760 -0.6471 0.6632
vn -0.6627 0.4026 -0.6314
vn -0.9174 0.1105 -0.3824
vn 0.6302 0.1661 0.7584
vn 0.4950 0.1329 -0.8587
vn 0.7159 0.1195 0.6879
vn 0.8812 0.1466 0.4494
vn 0.2720 -0.0801 -0.9590
vn 0.5287 0.0612 -0.8466
vn 0.0049 -0.9863 -0.1647
vn -0.3453 0.8069 -0.4793
vn -0.4142 0.5154 -0.7502
vn -0.5650 -0.5746 0.5921
vn -0.0790 0.9960 0.0419
vn -0.1583 0.9001 -0.4059
vn 0.4150 -0.0121 -0.9098
vn 0.1652 0.4146 0.8949
vn 0.1236 -0.9501 0.2863
vn 0.8704 0.3000 -0.3903
vn -0.9805 -0.1304 -0.1470
vn -0.8296 0.1416 -0.5400
vn 0.9611 0.2227 0.1636
vn -0.8344 -0.4301 0.3446
vn -0.1904 0.2121 -0.9585
vn -0.1891 0.6230 -0.7590
vn -0.9472 -0.3043 0.1010
vn -0.9166 -0.0509 -0.3966
vn 0.1320 0.2164 0.9673
vn -0.2109 0.0627 0.9755
vn -0.0070 0.7334 0.6797
vn -0.2427 -0.6415 0.7277
vn 0.1493 0.6116 0.7769
vn -0.0978 -0.7143 -0.6930
vn 0.3267 -0.8904 -0.3171
vn 0.3419 -0.9371 -0.0708
vn 0.7911 0.2517 -0.5575
vn 0.2650 0.2261 0.9373
vn -0.9655 -0.2499 -0.0730
vn -0.6774 0.1965 -0.7089
vn -0.4432 0.3833 -0.8104
vn 0.9241 0.2863 -0.2530
vn 0.1388 -0.6536 -0.7440
vn -0.2679 0.5865 -0.7644
vn -0.4701 0.4688 -0.7478
vn 0.9673 0.2533 0.0116
vn -0.1574 0.9263 0.3423
vn -0.2584 0.9656 -0.0304
vn -0.6016 0.5145 -0.6110
vn -0.6125 0.5123 -0.6020
vn -0.6384 0.5063 -0.5798
vn -0.5338 0.4332 -0.7262
vn -0.5753 0.5434 -0.6113
vn -0.5620 0.3518 -0.7486
vn -0.1576 -0.2703 -0.9498
vn -0.1277 -0.1367 -0.9823
vn -0.8423 -0.0717 -0.5342
vn 0.2418 0.1231 0.9625
vn -0.3181 -0.0211 -0.9478
vn -0.3528 0.2328 -0.9063
vn -0.3348 0.1434 -0.9313
vn -0.8845 -0.3544 0.3033
vn 0.8221 0.2065 -0.5306
vn 0.3969 -0.9178 -0.0130
vn 0.9411 0.2495 0.2281
vn 0.2115 -0.6790 0.7030
vn -0.9187 -0.3474 0.1881
vn -0.5985 0.1570 -0.7855
vn -0.3561 -0.5645 0.7447
vn 0.3019 0.2186 0.9279
vn -0.6894 -0.4593 0.5602
vn -0.2098 0.2472 -0.9460
vn 0.0151 -0.9781 -0.2075
vn -0.3871 0.6564 -0.6475
vn -0.4993 0.7633 -0.4100
vn -0.4310 0.9020 -0.0243
vn -0.4404 0.8293 -0.3440
vn 0.8678 0.2841 0.4076
vn -0.6497 0.3520 -0.6738
vn -0.1381 0.5212 -0.8422
vn -0.9418 -0.2593 -0.2139
vn -0.3817 0.8685 0.3163
vn -0.4306 0.8143 0.3893
vn -0.1150 0.5737 -0.8110
vn -0.1464 0.6432 -0.7516
vn -0.1220 0.9029 -0.4122
vn -0.6973 -0.4291 0.5742
vn 0.9050 0.2435 0.3488
vn 0.2376 -0.3151 0.9188
vn 0.1419 -0.7449 0.6519
vn 0.7169 0.1531 -0.6801
vn -0.2345 0.3768 -0.8961
vn -0.3161 0.5117 -0.7989
vn -0.3064 0.7910 -0.5296
vn -0.4340 -0.6627 0.6103
vn -0.5863 -0.5794 0.5661
vn 0.0525 -0.6955 0.7166
vn -0.2271 -0.7030 0.6739
vn 0.0276 0.8778 0.4782
vn 0.9572 0.2775 -0.0825
vn -0.9145 -0.3798 0.1392
vn -0.6281 0.7758 0.0602
vn -0.6817 0.7298 -0.0511
vn -0.5520 0.5868 -0.5924
vn -0.0137 -0.6015 0.7988
vn -0.7463 -0.1088 -0.6567
vn -0.7536 -0.4156 0.5093
vn -0.0294 0.9991 0.0312
vn -0.4427 0.1216 -0.8884
vn -0.1212 0.9023 0.4136
vn -0.2054 0.2207 -0.9535
vn 0.5096 0.2936 0.8088
vn 0.5916 0.2861 0.7537
vn 0.4856 0.1857 0.8542
vn -0.9232 -0.2806 -0.2626
vn 0.8341 0.3227 0.4473
vn 0.1034 0.5078 -0.8553
vn 0.1151 -0.6419 0.7581
vn 0.2620 0.0761 0.9621
vn 0.2011 0.2733 0.9407
vn 0.2113 0.1394 0.9674
vn 0.8672 0.1854 -0.4622
vn 0.7758 0.1844 -0.6034
vn -0.3454 -0.3737 0.8608
vn 0.0863 -0.9724 0.2166
vn -0.8315 -0.2509 -0.4956
vn -0.3062 0.2138 -0.9276
vn -0.3115 0.2262 -0.9229
vn 0.9469 0.2869 -0.1451
vn -0.9348 -0.3548 0.0174
vn -0.7574 -0.3808 0.5304
vn -0.2702 -0.4645 0.8434
vn 0.2226 -0.7002 0.6783
vn -0.0611 -0.7482 0.6606
vn 0.1200 -0.7370 0.6651
vn -0.6176 0.2400 -0.7489
vn -0.5076 0.0106 -0.8615
vn -0.5419 0.0071 -0.8404
vn -0.0760 0.9288 -0.3626
vn 0.0079 -0.9346 -0.3556
vn -0.3655 0.5436 -0.7556
vn 0.1435 0.6326 -0.7611
vn 0.2953 0.6408 -0.7087
vn -0.4838 0.7977 0.3600
vn 0.6489 0.3461 0.6776
vn 0.1418 -0.6162 0.7748
vn -0.0471 0.3267 -0.9439
vn -0.1613 0.3402 -0.9264
vn 0.1613 0.2204 0.9620
vn 0.7889 0.3418 0.5108
vn -0.5790 -0.0814 -0.8113
vn 0.0107 -0.0635 -0.9979
vn -0.3401 0.8076 -0.4818
vn -0.8870 -0.3574 -0.2925
vn -0.3512 0.9314 -0.0954
vn 0.0761 -0.3336 -0.9396
vn -0.6073 -0.1731 -0.7754
vn 0.4586 -0.8783 -0.1352
vn -0.4399 -0.3448 0.8292
vn -0.2967 0.1158 -0.9479
vn 0.1228 0.5846 -0.8020
vn 0.9571 0.2874 -0.0375
vn 0.4064 0.5617 -0.7206
vn 0.1945 -0.4514 0.8708
vn -0.2498 0.9000 -0.3573
vn -0.0653 -0.6915 -0.7195
vn -0.8999 -0.3876 0.1998
vn 0.5766 -0.5074 0.6403
vn 0.5625 -0.5662 0.6025
vn 0.6002 -0.5640 0.5671
vn 0.3828 -0.6326 0.6733
vn 0.4996 -0.6348 0.5894
vn 0.2939 -0.8093 -0.5086
vn 0.3666 -0.9146 -0.1704
vn -0.1682 0.6261 -0.7614
vn 0.1112 0.2980 -0.9481
vn -0.7216 0.6915 -0.0329
vn -0.6631 0.4383 -0.6067
vn -0.2118 -0.1167 -0.9703
vn -0.2505 -0.0978 -0.9632
vn -0.5664 0.7468 0.3486
vn -0.6314 0.6990 0.3356
vn 0.0762 0.6746 0.7342
vn 0.0107 0.6899 0.7238
vn 0.0203 0.6739 0.7386
vn -0.3485 0.1594 -0.9237
vn 0.9609 0.2756 -0.0279
vn 0.9188 0.2966 0.2604
vn -0.3675 0.9185 -0.1462
vn -0.6823 -0.3452 0.6445
vn -0.3109 -0.2341 0.9212
vn 0.3081 0.4553 -0.8353
vn 0.8971 0.1993 -0.3943
vn 0.9186 0.3088 0.2468
vn 0.5298 -0.4348 0.7282
vn 0.9293 0.2299 -0.2892
vn 0.2071 0.2026 0.9571
vn -0.8790 -0.4511 0.1546
vn 0.0022 0.9571 0.2899
vn 0.4013 -0.8983 -0.1789
vn 0.2767 -0.9521 -0.1298
vn 0.9564 0.2906 0.0307
vn 0.1484 -0.3752 0.9150
vn -0.1390 -0.2653 -0.9541
vn 0.0652 -0.4323 -0.8994
vn 0.1430 -0.2913 0.9459
vn -0.1968 0.9790 -0.0528
vn -0.6125 -0.3807 0.6928
vn 0.4219 -0.8992 0.1156
vn -0.0670 -0.2784 0.9581
vn -0.9863 -0.0439 0.1590
vn -0.8604 -0.4385 -0.2596
vn -0.7937 -0.3384 -0.5054
vn -0.3445 0.7983 -0.4941
vn -0.4144 0.8955 -0.1623
vn -0.4225 0.8794 -0.2195
vn -0.2060 0.0431 -0.9776
vn -0.1985 -0.2321 -0.9522
vn -0.2676 0.1821 -0.9462
vn -0.2280 -0.0266 -0.9733
vn -0.3000 0.2152 -0.9294
vn -0.2961 0.4262 -0.8548
vn -0.8213 -0.4888 0.2940
vn 0.5729 0.5017 -0.6482
vn 0.0758 -0.2365 -0.9687
vn 0.2080 -0.4717 -0.8569
vn -0.2743 0.7866 -0.5531
vn -0.5938 0.5488 -0.5884
vn -0.2786 0.1910 -0.9412
vn 0.4681 0.4011 -0.7874
vn 0.4156 -0.5679 0.7105
vn 0.0060 -0.9834 -0.1813
vn -0.7092 0.6983 -0.0975
vn 0.1300 -0.7566 0.6408
vn -0.6770 0.7124 0.1845
vn -0.6878 0.7123 0.1401
vn -0.3897 -0.1384 -0.9105
vn -0.6073 -0.2586 -0.7512
vn -0.0807 0.9079 0.4115
vn 0.5480 -0.5089 0.6639
vn 0.1144 -0.1709 -0.9786
vn -0.2537 -0.2070 0.9449
vn 0.2377 -0.5889 -0.7725
vn 0.6772 0.5332 -0.5070
vn 0.0052 0.9273 0.3742
vn -0.0653 0.9938 -0.0895
vn 0.1044 0.3760 0.9207
vn -0.1113 0.8301 -0.5463
vn -0.1073 0.5398 -0.8349
vn -0.0917 -0.8668 -0.4902
vn 0.0477 0.7172 0.6952
vn -0.1768 0.0106 -0.9842
vn 0.8883 -0.3106 0.3383
vn -0.8275 -0.5394 -0.1557
vn 0.3289 -0.6600 -0.6754
vn -0.2695 0.4091 -0.8718
vn -0.2358 0.0743 -0.9689
vn 0.6951 0.5411 -0.4733
vn 0.0873 -0.9028 0.4211
vn -0.0908 0.4167 -0.9045
vn 0.3118 0.8460 0.4325
vn -0.7448 -0.4209 -0.5178
vn 0.1241 -0.0837 0.9887
vn 0.1587 0.4235 0.8919
vn -0.5205 -0.3695 0.7697
vn 0.0611 0.6510 0.7566
vn 0.8766 -0.2841 0.3885
vn 0.3408 -0.8889 0.3062
vn -0.7204 0.6877 0.0902
vn 0.2263 -0.1852 0.9563
vn 0.2778 -0.1040 0.9550
vn -0.1508 -0.2092 -0.9662
vn -0.0699 -0.7222 -0.6882
vn -0.1592 0.9872 -0.0126
vn -0.1561 -0.1699 0.9730
vn 0.8580 -0.2487 0.4495
vn 0.6094 0.0274 0.7924
vn 0.5505 -0.0886 0.8301
vn 0.8030 0.4538 -0.3863
vn 0.6126 -0.1939 0.7662
vn -0.0858 0.2052 -0.9749
vn -0.7688 -0.5296 0.3584
vn -0.2762 0.8284 -0.4873
vn -0.3552 0.9137 -0.1974
vn -0.3768 0.9175 -0.1274
vn -0.7138 0.6876 -0.1329
vn -0.7192 0.6900 0.0821
vn -0.2295 0.2189 -0.9484
vn -0.5430 0.5816 -0.6057
vn -0.2050 0.9248 -0.3204
vn 0.9016 0.3522 -0.2512
vn 0.7451 0.5529 -0.3729
vn 0.8754 0.3755 -0.3044
vn 0.4022 -0.9155 0.0108
vn 0.3219 -0.8777 0.3550
vn 0.1334 -0.5410 0.8304
vn 0.6347 0.5669 -0.5251
vn 0.5386 0.3780 -0.7530
vn 0.1627 0.2516 -0.9541
vn 0.8220 -0.2544 0.5095
vn -0.1292 0.0114 -0.9916
vn -0.5169 -0.2260 -0.8256
vn -0.2102 -0.1954 -0.9579
vn 0.2898 -0.0566 0.9554
vn 0.1079 -0.0314 0.9937
vn 0.9379 0.3101 -0.1553
vn 0.0373 -0.9807 0.1921
vn 0.6550 0.4194 -0.6285
vn -0.7981 -0.5819 -0.1561
vn -0.8142 -0.5750 0.0798
vn 0.9764 0.1702 -0.1326
vn -0.0968 -0.2890 -0.9524
vn 0.2081 0.0953 0.9735
vn 0.2076 -0.2124 0.9549
vn 0.9666 -0.1820 0.1804
vn 0.8481 -0.3620 0.3870
vn 0.3033 0.2257 -0.9258
vn -0.1476 -0.0267 -0.9887
vn 0.9614 -0.1388 0.2378
vn 0.9691 -0.1626 0.1854
vn -0.0513 0.9050 0.4222
vn -0.0132 -0.9570 -0.2897
vn 0.2649 -0.2561 -0.9296
vn -0.6997 -0.4918 -0.5182
vn -0.2757 0.9146 -0.2959
vn 0.2160 -0.1636 -0.9626
vn 0.4296 -0.7021 -0.5679
vn -0.0819 0.6791 -0.7295
vn 0.9641 0.2577 -0.0643
vn -0.2428 0.6069 -0.7568
vn 0.2984 0.0667 0.9521
vn 0.9913 0.0239 0.1298
vn 0.0813 0.1040 -0.9912
vn 0.3471 0.2037 -0.9154
vn 0.1915 0.1612 -0.9682
vn 0.8981 -0.0600 0.4356
vn 0.9881 -0.0386 0.1486
vn 0.4034 -0.5180 -0.7542
vn 0.5580 -0.5761 -0.5973
vn 0.6629 -0.5970 -0.4518
vn -0.7360 0.6719 0.0823
vn 0.0734 0.2911 0.9539
vn 0.8315 0.3759 -0.4090
vn -0.0340 0.3977 -0.9169
vn -0.4577 -0.3342 0.8239
vn -0.7422 -0.5571 -0.3725
vn -0.2542 -0.1338 -0.9579
vn -0.2842 -0.1899 -0.9398
vn 0.9765 0.0228 0.2141
vn 0.4330 0.2138 -0.8757
vn -0.6826 -0.4200 0.5981
vn -0.7761 -0.5757 0.2572
vn -0.5042 -0.3761 0.7774
vn 0.9634 0.2509 0.0943
vn 0.8722 0.3869 -0.2993
vn -0.4169 -0.3123 -0.8536
vn -0.0494 -0.6578 -0.7516
vn -0.0825 -0.4725 -0.8774
vn 0.0209 -0.8417 -0.5395
vn -0.2749 0.2090 -0.9385
vn -0.2975 0.3731 -0.8788
vn -0.0833 0.2295 -0.9697
vn -0.4815 0.5686 -0.6670
vn 0.4553 -0.8560 -0.2449
vn 0.0428 0.7225 0.6900
vn 0.0387 0.8514 0.5231
vn -0.7054 0.6870 -0.1744
vn -0.6712 -0.4982 -0.5489
vn 0.8427 0.1179 0.5253
vn 0.3506 0.0811 0.9330
vn 0.4174 0.0549 0.9071
vn -0.2117 0.7754 -0.5950
vn -0.1511 0.5485 -0.8224
vn -0.2400 0.9009 -0.3617
vn -0.3228 0.8657 -0.3827
vn 0.6639 0.3453 -0.6633
vn 0.5149 0.3347 -0.7892
vn 0.6850 0.3683 -0.6285
vn 0.8610 0.0479 0.5064
vn -0.0511 0.9473 -0.3162
vn 0.0561 -0.8155 0.5761
vn 0.0651 -0.6713 0.7383
vn -0.0914 0.9846 0.1493
vn 0.1117 -0.9059 0.4086
vn 0.0784 0.5534 0.8292
vn 0.3391 0.2063 0.9179
vn 0.5353 -0.7920 -0.2936
vn 0.0839 -0.3814 0.9206
vn -0.7376 0.6694 0.0889
vn -0.7728 0.6236 0.1179
vn 0.9643 0.2362 0.1200
vn -0.2817 -0.2503 0.9263
vn -0.1898 -0.2273 0.9551
vn -0.2970 -0.1867 0.9365
vn 0.0858 -0.2042 0.9752
vn 0.1547 -0.0180 0.9878
vn 0.2033 0.1096 0.9730
vn 0.1665 0.3877 0.9066
vn 0.2150 -0.2185 0.9519
vn 0.5244 0.0668 0.8488
vn 0.6201 0.0521 0.7828
vn -0.4996 -0.4704 -0.7274
vn -0.1269 0.9914 0.0305
vn -0.1626 0.9758 -0.1459
vn -0.4617 0.5920 -0.6606
vn -0.0989 -0.1981 -0.9752
vn 0.9152 0.2037 0.3477
vn 0.9541 0.2861 0.0890
vn 0.0358 0.2882 -0.9569
vn -0.7317 0.6730 -0.1080
vn 0.5340 -0.4873 -0.6910
vn 0.6122 -0.5855 -0.5314
vn 0.6031 0.2071 0.7703
vn -0.0206 0.8414 0.5400
vn 0.0454 0.7301 0.6818
vn 0.1453 0.3946 0.9073
vn 0.1523 0.4489 0.8805
vn -0.7715 0.6198 0.1435
vn -0.5620 0.6547 -0.5055
vn -0.6310 0.6850 -0.3642
vn 0.7489 0.4135 -0.5179
vn -0.2556 0.7813 -0.5694
vn -0.2257 0.8611 -0.4555
vn 0.0211 -0.9996 -0.0208
vn 0.0315 -0.9745 0.2221
vn 0.0065 0.0415 0.9991
vn 0.0308 0.0867 -0.9958
vn -0.0700 -0.0699 -0.9951
vn 0.7791 0.1667 0.6044
vn 0.8348 0.1339 0.5340
vn -0.3194 -0.3591 0.8769
vn -0.3176 -0.2712 0.9086
vn 0.3444 -0.3790 -0.8589
vn 0.4280 -0.5992 -0.6766
vn 0.7530 -0.6248 -0.2064
vn 0.7311 -0.6737 -0.1074
vn 0.6732 -0.7368 0.0626
vn -0.0809 -0.8620 -0.5004
vn -0.7818 0.5934 0.1917
vn 0.2136 -0.2196 0.9519
vn 0.1263 0.0651 -0.9899
vn 0.7471 -0.5818 -0.3215
vn -0.0766 0.7987 -0.5968
vn -0.1151 0.5396 -0.8340
vn 0.5526 0.3069 -0.7749
vn 0.1042 -0.0472 0.9934
vn 0.2435 0.0026 0.9699
vn -0.2928 -0.3213 -0.9006
vn -0.3484 -0.4790 -0.8058
vn -0.2091 0.5989 -0.7730
vn -0.2409 0.4383 -0.8660
vn -0.1370 0.3331 -0.9329
vn -0.0146 0.9107 0.4127
vn -0.8067 0.5519 0.2112
vn -0.7770 0.6290 0.0230
vn 0.9088 0.3685 -0.1957
vn 0.0072 0.9834 0.1811
vn -0.0169 0.9996 0.0235
vn -0.0399 0.9885 -0.1456
vn -0.0276 -0.9882 -0.1508
vn -0.4672 0.7820 -0.4126
vn 0.5930 -0.7443 -0.3072
vn -0.2471 0.4297 -0.8685
vn -0.1385 -0.1192 -0.9832
vn 0.1049 0.8920 0.4397
vn 0.1614 0.0171 -0.9867
vn 0.0460 0.4411 0.8963
vn -0.2654 0.4525 -0.8514
vn -0.6085 0.5885 -0.5323
vn -0.1948 -0.5407 -0.8184
vn -0.3569 -0.0953 0.9293
vn -0.5604 -0.1085 0.8211
vn -0.4571 0.2926 -0.8399
vn 0.4602 0.5849 -0.6679
vn 0.7813 -0.4320 0.4505
vn 0.1171 0.0928 -0.9888
vn 0.3028 -0.1806 -0.9358
vn -0.1106 0.0310 -0.9934
vn -0.0135 0.9512 0.3082
vn -0.7540 -0.1454 0.6405
vn -0.4324 0.0796 -0.8982
vn 0.2964 -0.0671 0.9527
vn -0.1242 0.3573 -0.9257
vn 0.6625 0.1079 0.7412
vn 0.0018 0.9238 0.3828
vn 0.5900 0.3219 -0.7404
vn -0.0128 -0.9549 -0.2967
vn 0.1471 -0.9789 -0.1419
vn -0.7735 -0.5009 0.3882
vn -0.2978 -0.6843 0.6656
vn -0.0755 0.8947 -0.4403
vn 0.0443 0.1149 -0.9924
vn 0.9473 0.1674 0.2731
vt 0.511001 0.130814
vt 0.508283 0.125904
vt 0.513313 0.128033
vt 0.514261 0.130622
vt 0.515902 0.136754
vt 0.586807 0.115057
vt 0.578379 0.103100
vt 0.575426 0.090659
vt 0.576787 0.078400
vt 0.583160 0.067249
vt 0.597641 0.052944
vt 0.598366 0.052574
vt 0.613716 0.044482
vt 0.620031 0.043241
vt 0.625000 0.041900
vt 0.625000 0.126322
vt 0.608465 0.125215
vt 0.605738 0.124991
vt 0.589196 0.116835
vt 0.623672 0.325420
vt 0.623648 0.325382
vt 0.623595 0.325319
vt 0.613169 0.316659
vt 0.604454 0.301198
vt 0.600426 0.295161
vt 0.600444 0.292701
vt 0.612459 0.282736
vt 0.617650 0.280666
vt 0.621526 0.279972
vt 0.625000 0.279638
vt 0.625000 0.325758
vt 0.501928 0.314097
vt 0.514343 0.303596
vt 0.527090 0.300350
vt 0.535261 0.297137
vt 0.556292 0.298387
vt 0.557750 0.298423
vt 0.570745 0.305334
vt 0.578369 0.309404
vt 0.585626 0.321640
vt 0.589001 0.326101
vt 0.589572 0.334329
vt 0.588549 0.348951
vt 0.582518 0.357663
vt 0.574720 0.369682
vt 0.569603 0.372476
vt 0.555642 0.379316
vt 0.551898 0.380536
vt 0.547751 0.380656
vt 0.527903 0.382948
vt 0.515723 0.378727
vt 0.509284 0.376695
vt 0.497567 0.364873
vt 0.491724 0.359053
vt 0.490682 0.356062
vt 0.489011 0.335924
vt 0.493469 0.324010
vt 0.497694 0.316907
vt 0.527933 0.476073
vt 0.527913 0.476078
vt 0.527841 0.476069
vt 0.502499 0.471679
vt 0.491533 0.464789
vt 0.482275 0.460380
vt 0.477741 0.454657
vt 0.471750 0.440795
vt 0.471294 0.431313
vt 0.478449 0.415223
vt 0.481126 0.411248
vt 0.484181 0.409191
vt 0.495305 0.399981
vt 0.505496 0.396887
vt 0.517571 0.391822
vt 0.535710 0.393075
vt 0.543457 0.392456
vt 0.552663 0.393975
vt 0.565813 0.400196
vt 0.573635 0.404613
vt 0.581110 0.414300
vt 0.584265 0.418808
vt 0.588462 0.435484
vt 0.588485 0.436370
vt 0.584768 0.442903
vt 0.576355 0.458049
vt 0.574561 0.459014
vt 0.554527 0.471006
vt 0.553755 0.471145
vt 0.528608 0.475944
vt 0.625000 0.653672
vt 0.625000 0.740546
vt 0.622843 0.740729
vt 0.618196 0.737869
vt 0.603857 0.732449
vt 0.596545 0.721702
vt 0.591188 0.714728
vt 0.591592 0.694993
vt 0.591647 0.689536
vt 0.598428 0.676148
vt 0.602226 0.668636
vt 0.603428 0.666073
vt 0.605235 0.663020
vt 0.619174 0.655450
vt 0.623699 0.653174
vt 0.539323 0.597179
vt 0.539710 0.597268
vt 0.542101 0.598501
vt 0.558162 0.606403
vt 0.560098 0.607696
vt 0.567147 0.618281
vt 0.572649 0.626251
vt 0.573073 0.628101
vt 0.572439 0.643260
vt 0.572301 0.651192
vt 0.571986 0.652147
vt 0.560631 0.670749
vt 0.559248 0.672014
vt 0.556460 0.673244
vt 0.540981 0.681100
vt 0.522618 0.680509
vt 0.520039 0.680589
vt 0.518578 0.680003
vt 0.509583 0.673951
vt 0.498690 0.666986
vt 0.497521 0.664929
vt 0.489066 0.646616
vt 0.488759 0.638972
vt 0.490966 0.625336
vt 0.495822 0.616480
vt 0.503993 0.607744
vt 0.516620 0.599969
vt 0.521637 0.598558
vt 0.608288 0.596147
vt 0.603587 0.587859
vt 0.599680 0.571842
vt 0.600748 0.565270
vt 0.607308 0.551337
vt 0.608796 0.549281
vt 0.613768 0.547362
vt 0.625000 0.541435
vt 0.625000 0.603045
vt 0.573714 0.737904
vt 0.575174 0.741144
vt 0.573131 0.750000
vt 0.488068 0.750000
vt 0.487597 0.747670
vt 0.487300 0.734442
vt 0.491256 0.724562
vt 0.495726 0.715830
vt 0.501329 0.711005
vt 0.512436 0.703457
vt 0.519001 0.701590
vt 0.535364 0.700451
vt 0.536411 0.700721
vt 0.550792 0.705825
vt 0.557137 0.709584
vt 0.561217 0.712285
vt 0.568231 0.724336
vt 0.569320 0.726661
vt 0.426435 0.621885
vt 0.426843 0.621322
vt 0.446020 0.609293
vt 0.455365 0.604944
vt 0.459087 0.613256
vt 0.467240 0.623124
vt 0.468004 0.630677
vt 0.474025 0.642883
vt 0.473773 0.646748
vt 0.477789 0.663175
vt 0.477778 0.663817
vt 0.478637 0.667575
vt 0.480900 0.682042
vt 0.482210 0.685120
vt 0.480338 0.702089
vt 0.480750 0.719816
vt 0.480377 0.720964
vt 0.480084 0.722420
vt 0.476708 0.740278
vt 0.472726 0.750000
vt 0.402920 0.750000
vt 0.399825 0.744794
vt 0.399463 0.736958
vt 0.396960 0.721133
vt 0.397352 0.717141
vt 0.398487 0.703369
vt 0.400275 0.692554
vt 0.401085 0.680324
vt 0.406307 0.666177
vt 0.407431 0.658546
vt 0.414352 0.644139
vt 0.416232 0.638754
vt 0.426290 0.622180
vt 0.500267 0.806036
vt 0.499932 0.804862
vt 0.495359 0.784360
vt 0.494664 0.780655
vt 0.492184 0.763610
vt 0.574130 0.754453
vt 0.576303 0.763916
vt 0.579071 0.777159
vt 0.582370 0.787436
vt 0.586147 0.801610
vt 0.588979 0.808188
vt 0.592193 0.825839
vt 0.593625 0.830350
vt 0.598486 0.848958
vt 0.599286 0.851060
vt 0.602279 0.862471
vt 0.603815 0.872698
vt 0.603843 0.875116
vt 0.605051 0.894761
vt 0.600757 0.902440
vt 0.598549 0.915962
vt 0.580307 0.918442
vt 0.565665 0.915874
vt 0.560806 0.911848
vt 0.559021 0.910211
vt 0.545037 0.897534
vt 0.541655 0.891894
vt 0.532087 0.879334
vt 0.525481 0.868056
vt 0.521232 0.860085
vt 0.514226 0.843860
vt 0.513087 0.842128
vt 0.511262 0.837604
vt 0.507932 0.825875
vt 0.500544 0.806877
vt 0.500318 0.806186
vt 0.595623 0.803049
vt 0.597678 0.791596
vt 0.598251 0.780133
vt 0.601665 0.772739
vt 0.610346 0.762071
vt 0.616157 0.759526
vt 0.625000 0.760348
vt 0.625000 0.844463
vt 0.621875 0.841625
vt 0.610873 0.830120
vt 0.609458 0.825476
vt 0.606630 0.820878
vt 0.598710 0.808700
vt 0.405412 0.755766
vt 0.470312 0.756630
vt 0.458286 0.767965
vt 0.453023 0.771327
vt 0.445814 0.771918
vt 0.431783 0.773347
vt 0.421885 0.768419
vt 0.413556 0.764140
vt 0.441032 0.963454
vt 0.441440 0.960616
vt 0.444994 0.944072
vt 0.456537 0.934381
vt 0.460041 0.931201
vt 0.463825 0.931167
vt 0.481741 0.932136
vt 0.492170 0.940040
vt 0.498975 0.949510
vt 0.500700 0.956332
vt 0.496948 0.975453
vt 0.496558 0.978857
vt 0.492220 0.982036
vt 0.485832 0.986552
vt 0.481024 0.987999
vt 0.469050 0.990266
vt 0.461569 0.987830
vt 0.450520 0.981830
vt 0.441934 0.964938
vt 0.425884 0.831112
vt 0.426618 0.827945
vt 0.428018 0.826086
vt 0.444082 0.812379
vt 0.447476 0.810177
vt 0.459285 0.806388
vt 0.464591 0.804826
vt 0.468662 0.806029
vt 0.480040 0.808947
vt 0.486082 0.810884
vt 0.493592 0.818424
vt 0.495932 0.821251
vt 0.498563 0.826452
vt 0.503385 0.834821
vt 0.504449 0.841563
vt 0.504966 0.855937
vt 0.498063 0.870184
vt 0.495100 0.878261
vt 0.490356 0.882663
vt 0.473295 0.892808
vt 0.465119 0.894584
vt 0.444160 0.890522
vt 0.441707 0.889829
vt 0.440474 0.888702
vt 0.434536 0.881403
vt 0.424080 0.869234
vt 0.422802 0.865715
vt 0.420436 0.849607
vt 0.850479 0.536995
vt 0.846747 0.541247
vt 0.840005 0.551229
vt 0.835742 0.552865
vt 0.826570 0.551908
vt 0.819084 0.552118
vt 0.814950 0.551926
vt 0.800921 0.538550
vt 0.798772 0.537022
vt 0.796505 0.528834
vt 0.793436 0.515499
vt 0.795631 0.511331
vt 0.797780 0.503682
vt 0.799242 0.500000
vt 0.845362 0.500000
vt 0.848319 0.503463
vt 0.852022 0.508269
vt 0.853992 0.518760
vt 0.851345 0.534620
vt 0.869504 0.622029
vt 0.875000 0.623678
vt 0.875000 0.708100
vt 0.867051 0.707456
vt 0.864001 0.707349
vt 0.845515 0.700591
vt 0.842550 0.700247
vt 0.824924 0.691742
vt 0.821578 0.690308
vt 0.811273 0.679453
vt 0.799695 0.670159
vt 0.798727 0.655699
vt 0.798681 0.655263
vt 0.798691 0.655109
vt 0.799088 0.654380
vt 0.807310 0.636442
vt 0.811240 0.633490
vt 0.824596 0.626159
vt 0.830606 0.625258
vt 0.846465 0.621123
vt 0.855253 0.622026
vt 0.696843 0.571024
vt 0.699442 0.572514
vt 0.700901 0.573127
vt 0.712391 0.578321
vt 0.713911 0.579133
vt 0.714085 0.579258
vt 0.714202 0.579309
vt 0.732661 0.590102
vt 0.736034 0.591191
vt 0.746883 0.597054
vt 0.754818 0.605148
vt 0.765272 0.611462
vt 0.771402 0.615771
vt 0.777580 0.622212
vt 0.782690 0.633568
vt 0.782285 0.641195
vt 0.774795 0.647689
vt 0.768700 0.650931
vt 0.763064 0.650915
vt 0.758806 0.650599
vt 0.743170 0.648963
vt 0.729284 0.647694
vt 0.722463 0.644855
vt 0.720201 0.643509
vt 0.707092 0.639175
vt 0.702634 0.637175
vt 0.697664 0.635077
vt 0.683063 0.627105
vt 0.666896 0.622908
vt 0.664259 0.621733
vt 0.655778 0.617120
vt 0.644191 0.613246
vt 0.642649 0.612599
vt 0.625252 0.603246
vt 0.629283 0.543994
vt 0.638597 0.546097
vt 0.649095 0.551653
vt 0.659249 0.554591
vt 0.660999 0.555351
vt 0.674580 0.562624
vt 0.679759 0.564893
vt 0.715180 0.744600
vt 0.719463 0.750000
vt 0.635348 0.750000
vt 0.626118 0.655307
vt 0.627428 0.656766
vt 0.631875 0.662767
vt 0.636694 0.667995
vt 0.642463 0.674401
vt 0.651495 0.684006
vt 0.656493 0.689180
vt 0.664934 0.698294
vt 0.674014 0.706632
vt 0.680875 0.714328
vt 0.692661 0.723363
vt 0.692772 0.723446
vt 0.692969 0.723547
vt 0.695562 0.725842
vt 0.713788 0.743005
vt 0.000000 0.000000
s 0
f 674/1/1 676/2/1 673/3/1 672/4/1 675/5/1
f 677/6/1 668/7/1 667/8/1 666/9/1 665/10/1 664/11/1 663/12/1 660/13/1 661/14/1 662/15/1 678/16/1 670/17/1 669/18/1 671/19/1
f 694/20/2 696/21/2 695/22/2 702/23/2 688/24/2 687/25/2 686/26/2 679/27/2 680/28/2 681/29/2 682/30/2 697/31/2
f 698/32/2 703/33/2 683/34/2 685/35/2 684/36/2 689/37/2 691/38/2 690/39/2 692/40/2 701/41/2 693/42/2 728/43/2 716/44/2 715/45/2 713/46/2 709/47/2 708/48/2 710/49/2 711/50/2 712/51/2 714/52/2 705/53/2 704/54/2 706/55/2 707/56/2 700/57/2 699/58/2
f 741/59/2 742/60/2 740/61/2 745/62/2 743/63/2 744/64/2 746/65/2 735/66/2 734/67/2 733/68/2 732/69/2 730/70/2 731/71/2 729/72/2 720/73/2 718/74/2 721/75/2 717/76/2 719/77/2 727/78/2 724/79/2 725/80/2 726/81/2 723/82/2 722/83/2 747/84/2 738/85/2 737/86/2 736/87/2 739/88/2
f 758/89/3 750/90/3 749/91/3 748/92/3 801/93/3 818/94/3 751/95/3 752/96/3 753/97/3 754/98/3 765/99/3 764/100/3 766/101/3 759/102/3 760/103/3
f 781/104/3 780/105/3 774/106/3 775/107/3 776/108/3 771/109/3 769/110/3 770/111/3 763/112/3 761/113/3 762/114/3 757/115/3 755/116/3 756/117/3 823/118/3 822/119/3 833/120/3 834/121/3 831/122/3 830/123/3 829/124/3 843/125/3 835/126/3 838/127/3 767/128/3 768/129/3 772/130/3 773/131/3
f 786/132/3 777/133/3 778/134/3 779/135/3 782/136/3 783/137/3 784/138/3 785/139/3 787/140/3
f 799/141/3 800/142/3 797/143/3 790/144/3 792/145/3 795/146/3 796/147/3 813/148/3 804/149/3 802/150/3 803/151/3 824/152/3 805/153/3 806/154/3 814/155/3 816/156/3 815/157/3 798/158/3
f 844/159/3 845/160/3 848/161/3 847/162/3 849/163/3 850/164/3 837/165/3 836/166/3 842/167/3 828/168/3 826/169/3 827/170/3 819/171/3 832/172/3 811/173/3 812/174/3 810/175/3 807/176/3 794/177/3 791/178/3 788/179/3 789/180/3 793/181/3 817/182/3 808/183/3 809/184/3 820/185/3 821/186/3 825/187/3 840/188/3 839/189/3 841/190/3 846/191/3
f 886/192/4 887/193/4 901/194/4 900/195/4 915/196/4 790/144/4 797/143/4 916/197/4 907/198/4 897/199/4 895/200/4 894/201/4 902/202/4 882/203/4 874/204/4 876/205/4 865/206/4 866/207/4 867/208/4 868/209/4 857/210/4 856/211/4 854/212/4 853/213/4 852/214/4 851/215/4 855/216/4 863/217/4 864/218/4 862/219/4 861/220/4 859/221/4 873/222/4 872/223/4 869/224/4 878/225/4 892/226/4 888/227/4
f 896/228/4 893/229/4 898/230/4 909/231/4 908/232/4 917/233/4 910/234/4 885/235/4 877/236/4 875/237/4 884/238/4 883/239/4 903/240/4
f 911/241/4 788/179/4 791/178/4 912/242/4 904/243/4 905/244/4 906/245/4 918/246/4 914/247/4 913/248/4
f 929/249/4 930/250/4 932/251/4 933/252/4 939/253/4 938/254/4 954/255/4 934/256/4 937/257/4 935/258/4 936/259/4 928/260/4 926/261/4 927/262/4 923/263/4 922/264/4 925/265/4 924/266/4 931/267/4
f 948/268/4 947/269/4 946/270/4 920/271/4 919/272/4 889/273/4 899/274/4 890/275/4 891/276/4 921/277/4 881/278/4 880/279/4 879/280/4 871/281/4 870/282/4 858/283/4 860/284/4 953/285/4 952/286/4 941/287/4 940/288/4 942/289/4 943/290/4 944/291/4 945/292/4 950/293/4 951/294/4 949/295/4
f 957/296/5 958/297/5 979/298/5 965/299/5 967/300/5 972/301/5 971/302/5 974/303/5 1006/304/5 986/305/5 984/306/5 985/307/5 987/308/5 697/309/5 682/310/5 962/311/5 961/312/5 960/313/5 959/314/5
f 963/315/5 678/316/5 662/317/5 956/318/5 955/319/5 968/320/5 969/321/5 970/322/5 975/323/5 976/324/5 992/325/5 980/326/5 981/327/5 983/328/5 982/329/5 1007/330/5 977/331/5 973/332/5 966/333/5 978/334/5 964/335/5
f 1003/336/5 1004/337/5 999/338/5 1000/339/5 1002/340/5 1001/341/5 1005/342/5 996/343/5 997/344/5 998/345/5 993/346/5 994/347/5 995/348/5 991/349/5 988/350/5 989/351/5 990/352/5 1008/353/5 1009/354/5 1010/355/5 1011/356/5 1012/357/5 1013/358/5 1014/359/5 1019/360/5 1017/361/5 1018/362/5 1024/363/5 1040/364/5 1041/365/5 1042/366/5 1043/367/5 1029/368/5 1033/369/5 787/140/5 785/139/5 1035/370/5 1045/371/5 1044/372/5 1027/373/5 1028/374/5 1047/375/5 1046/376/5
f 1015/377/5 885/378/5 910/379/5 750/90/5 758/89/5 1030/380/5 1031/381/5 1032/382/5 1034/383/5 1039/384/5 1038/385/5 1037/386/5 1036/387/5 1026/388/5 1025/389/5 1020/390/5 1021/391/5 1023/392/5 1022/393/5 1016/394/5
s 1
f 956/395/6 662/395/7 661/395/8
f 667/395/9 28/395/10 666/395/11
f 24/395/12 668/395/13 677/395/14
f 668/395/13 24/395/12 28/395/10 667/395/9
f 13/395/15 670/395/16 678/395/17 963/395/18
f 669/395/19 58/395/20 671/395/21
f 664/395/22 665/395/23 53/395/24
f 28/395/10 53/395/24 665/395/23 666/395/11
f 675/395/25 672/395/26 8/395/27 3/395/28
f 11/395/29 621/395/30 6/395/31
f 1/395/32 11/395/29 15/395/33
f 621/395/30 11/395/29 1/395/32
f 5/395/34 8/395/27 672/395/26 673/395/35
f 43/395/36 5/395/34 2/395/37
f 5/395/34 673/395/35 676/395/38 622/395/39
f 4/395/40 1/395/32 15/395/33
f 13/395/15 58/395/20 669/395/19 670/395/16
f 12/395/41 3/395/28 8/395/27
f 48/395/42 24/395/12 58/395/20
f 12/395/41 7/395/43 3/395/28
f 25/395/44 1/395/32 4/395/40
f 675/395/25 3/395/28 17/395/45 674/395/46
f 57/395/47 2/395/37 9/395/48
f 57/395/47 43/395/36 2/395/37
f 4/395/40 15/395/33 635/395/49
f 9/395/48 1/395/32 25/395/44
f 11/395/29 6/395/31 26/395/50
f 53/395/24 46/395/51 663/395/52 664/395/22
f 29/395/53 6/395/31 622/395/39
f 622/395/39 17/395/45 29/395/53
f 3/395/28 7/395/43 18/395/54
f 10/395/55 32/395/56 16/395/57
f 15/395/33 11/395/29 52/395/58
f 21/395/59 7/395/43 12/395/41
f 14/395/60 7/395/43 21/395/59
f 7/395/43 22/395/61 18/395/54
f 14/395/60 22/395/61 7/395/43
f 20/395/62 19/395/63 14/395/60
f 14/395/60 19/395/63 22/395/61
f 17/395/45 3/395/28 23/395/64
f 17/395/45 23/395/64 44/395/65
f 38/395/66 5/395/34 43/395/36
f 51/395/67 20/395/62 14/395/60
f 57/395/47 9/395/48 63/395/68
f 28/395/10 31/395/69 53/395/24
f 44/395/65 29/395/53 17/395/45
f 27/395/70 16/395/57 922/395/71 923/395/72
f 10/395/55 16/395/57 27/395/70
f 23/395/64 3/395/28 18/395/54
f 19/395/63 36/395/73 22/395/61
f 8/395/27 5/395/34 38/395/66
f 55/395/74 22/395/61 36/395/73
f 9/395/48 25/395/44 63/395/68
f 922/395/71 16/395/57 925/395/75
f 13/395/15 963/395/18 964/395/76
f 45/395/77 636/395/78 27/395/70
f 20/395/62 33/395/79 19/395/63
f 51/395/67 14/395/60 21/395/59
f 42/395/80 25/395/44 636/395/78
f 26/395/50 37/395/81 11/395/29
f 26/395/50 6/395/31 41/395/82
f 30/395/83 33/395/79 20/395/62
f 12/395/41 8/395/27 34/395/84
f 29/395/53 44/395/65 67/395/85
f 927/395/86 27/395/70 923/395/72
f 6/395/31 29/395/53 41/395/82
f 21/395/59 12/395/41 34/395/84
f 40/395/87 28/395/10 24/395/12
f 40/395/87 31/395/69 28/395/10
f 32/395/56 35/395/88 16/395/57
f 925/395/75 16/395/57 35/395/88 924/395/89
f 624/395/90 623/395/91 33/395/79
f 48/395/42 40/395/87 24/395/12
f 11/395/29 37/395/81 52/395/58
f 34/395/84 8/395/27 47/395/92
f 64/395/93 37/395/81 26/395/50
f 47/395/92 8/395/27 38/395/66
f 53/395/24 60/395/94 46/395/51
f 73/395/95 38/395/66 43/395/36
f 45/395/77 27/395/70 926/395/96 928/395/97
f 926/395/96 27/395/70 927/395/86
f 61/395/98 57/395/47 63/395/68
f 62/395/99 51/395/67 21/395/59
f 41/395/82 29/395/53 67/395/85
f 15/395/33 52/395/58 50/395/100
f 50/395/100 32/395/56 635/395/49
f 77/395/101 53/395/24 31/395/69
f 18/395/54 22/395/61 55/395/74
f 55/395/74 59/395/102 18/395/54
f 42/395/80 63/395/68 25/395/44
f 35/395/88 32/395/56 72/395/103
f 30/395/83 39/395/104 33/395/79
f 30/395/83 49/395/105 39/395/104
f 26/395/50 41/395/82 64/395/93
f 66/395/106 35/395/88 72/395/103
f 20/395/62 54/395/107 30/395/83
f 51/395/67 54/395/107 20/395/62
f 81/395/108 13/395/15 964/395/76 978/395/109
f 13/395/15 81/395/108 58/395/20
f 35/395/88 66/395/106 931/395/110 924/395/89
f 73/395/95 47/395/92 38/395/66
f 39/395/104 49/395/105 959/395/111 960/395/112
f 42/395/80 45/395/77 79/395/113
f 54/395/107 56/395/114 30/395/83
f 81/395/108 978/395/109 966/395/115
f 39/395/104 960/395/112 961/395/116
f 962/395/117 681/395/118 680/395/119 39/395/104 961/395/116
f 34/395/84 47/395/92 74/395/120
f 32/395/56 50/395/100 72/395/103
f 76/395/121 43/395/36 57/395/47
f 73/395/95 43/395/36 76/395/121
f 957/395/122 959/395/111 49/395/105
f 55/395/74 36/395/73 65/395/123
f 44/395/65 23/395/64 71/395/124
f 45/395/77 928/395/97 936/395/125 79/395/113
f 81/395/108 105/395/126 58/395/20
f 56/395/114 49/395/105 30/395/83
f 968/395/127 46/395/51 92/395/128 969/395/129
f 46/395/51 60/395/94 92/395/128
f 39/395/104 68/395/130 33/395/79
f 50/395/100 52/395/58 80/395/131
f 77/395/101 60/395/94 53/395/24
f 93/395/132 56/395/114 54/395/107
f 93/395/132 54/395/107 89/395/133
f 33/395/79 68/395/130 624/395/90
f 44/395/65 71/395/124 82/395/134
f 76/395/121 57/395/47 61/395/98
f 69/395/135 31/395/69 40/395/87
f 58/395/20 105/395/126 48/395/42
f 82/395/134 67/395/85 44/395/65
f 63/395/68 70/395/136 61/395/98
f 55/395/74 65/395/123 84/395/137
f 929/395/138 931/395/110 66/395/106
f 935/395/139 79/395/113 936/395/125
f 31/395/69 69/395/135 77/395/101
f 37/395/81 64/395/93 625/395/140
f 49/395/105 56/395/114 979/395/141 958/395/142
f 49/395/105 958/395/142 957/395/122
f 39/395/104 680/395/119 679/395/143 68/395/130
f 979/395/141 56/395/114 93/395/132 965/395/144
f 88/395/145 65/395/123 624/395/90
f 50/395/100 117/395/146 72/395/103
f 962/395/117 682/395/147 681/395/118
f 68/395/130 679/395/143 686/395/148
f 91/395/149 62/395/99 74/395/120
f 41/395/82 67/395/85 75/395/150
f 64/395/93 41/395/82 75/395/150
f 47/395/92 78/395/151 74/395/120
f 105/395/126 101/395/152 48/395/42
f 52/395/58 37/395/81 625/395/140
f 624/395/90 68/395/130 85/395/153
f 76/395/121 61/395/98 106/395/154
f 106/395/154 61/395/98 70/395/136
f 92/395/128 970/395/155 969/395/129
f 78/395/151 47/395/92 73/395/95
f 50/395/100 80/395/131 117/395/146
f 40/395/87 87/395/156 69/395/135
f 87/395/156 94/395/157 69/395/135
f 86/395/158 87/395/156 40/395/87
f 624/395/90 85/395/153 88/395/145
f 55/395/74 84/395/137 59/395/102
f 101/395/152 86/395/158 48/395/42
f 93/395/132 131/395/159 967/395/160 965/395/144
f 64/395/93 104/395/161 99/395/162
f 65/395/123 88/395/145 103/395/163
f 63/395/68 42/395/80 83/395/164
f 70/395/136 63/395/68 83/395/164
f 66/395/106 72/395/103 113/395/165
f 100/395/166 68/395/130 686/395/148 687/395/167
f 68/395/130 100/395/166 85/395/153
f 69/395/135 126/395/168 77/395/101
f 94/395/157 126/395/168 69/395/135
f 64/395/93 75/395/150 104/395/161
f 108/395/169 71/395/124 59/395/102
f 120/395/170 116/395/171 73/395/95
f 91/395/149 89/395/133 644/395/172
f 972/395/173 967/395/160 131/395/159
f 60/395/94 95/395/174 92/395/128
f 59/395/102 84/395/137 138/395/175
f 77/395/101 126/395/168 156/395/176
f 73/395/95 76/395/121 118/395/177
f 75/395/150 67/395/85 97/395/178
f 67/395/85 82/395/134 97/395/178
f 79/395/113 935/395/139 937/395/179
f 77/395/101 95/395/174 60/395/94
f 156/395/176 95/395/174 77/395/101
f 98/395/180 42/395/80 79/395/113
f 98/395/180 83/395/164 42/395/80
f 141/395/181 87/395/156 86/395/158
f 84/395/137 65/395/123 103/395/163
f 111/395/182 81/395/108 966/395/115 973/395/183
f 120/395/170 73/395/95 118/395/177
f 82/395/134 71/395/124 108/395/169
f 96/395/184 689/395/185 684/395/186
f 81/395/108 111/395/182 105/395/126
f 930/395/187 929/395/138 66/395/106
f 625/395/140 64/395/93 99/395/162
f 90/395/188 685/395/189 683/395/190
f 104/395/161 75/395/150 97/395/178
f 685/395/189 90/395/188 96/395/184 684/395/186
f 82/395/134 107/395/191 97/395/178
f 82/395/134 108/395/169 122/395/192
f 117/395/146 113/395/165 72/395/103
f 66/395/106 113/395/165 932/395/193 930/395/187
f 106/395/154 70/395/136 129/395/194
f 59/395/102 138/395/175 108/395/169
f 625/395/140 115/395/195 80/395/131
f 625/395/140 99/395/162 115/395/195
f 90/395/188 112/395/196 96/395/184
f 140/395/197 105/395/126 111/395/182
f 106/395/154 118/395/177 76/395/121
f 977/395/198 1007/395/199 151/395/200
f 101/395/152 141/395/181 86/395/158
f 977/395/198 151/395/200 111/395/182 973/395/183
f 83/395/164 129/395/194 70/395/136
f 91/395/149 74/395/120 121/395/201
f 121/395/201 74/395/120 78/395/151
f 703/395/202 110/395/203 90/395/188 683/395/190
f 702/395/204 158/395/205 688/395/206
f 87/395/156 154/395/207 94/395/157
f 141/395/181 154/395/207 87/395/156
f 119/395/208 103/395/163 88/395/145
f 154/395/207 180/395/209 94/395/157
f 110/395/203 102/395/210 90/395/188
f 102/395/210 112/395/196 90/395/188
f 82/395/134 122/395/192 107/395/191
f 161/395/211 690/395/212 691/395/213
f 116/395/171 121/395/201 78/395/151
f 126/395/168 94/395/157 180/395/209
f 131/395/159 971/395/214 972/395/173
f 80/395/131 135/395/215 117/395/146
f 80/395/131 115/395/195 135/395/215
f 116/395/171 78/395/151 73/395/95
f 109/395/216 102/395/210 110/395/203
f 110/395/203 703/395/202 698/395/217
f 97/395/178 127/395/218 104/395/161
f 97/395/178 107/395/191 127/395/218
f 112/395/196 161/395/211 96/395/184
f 109/395/216 125/395/219 102/395/210
f 133/395/220 93/395/132 89/395/133
f 133/395/220 131/395/159 93/395/132
f 166/395/221 85/395/153 100/395/166
f 88/395/145 85/395/153 119/395/208
f 102/395/210 147/395/222 112/395/196
f 102/395/210 125/395/219 147/395/222
f 688/395/206 158/395/205 100/395/166 687/395/167
f 127/395/218 128/395/223 104/395/161
f 124/395/224 106/395/154 129/395/194
f 140/395/197 101/395/152 105/395/126
f 104/395/161 128/395/223 99/395/162
f 124/395/224 118/395/177 106/395/154
f 139/395/225 91/395/149 121/395/201
f 99/395/162 132/395/226 115/395/195
f 114/395/227 123/395/228 109/395/216
f 123/395/228 125/395/219 109/395/216
f 130/395/229 109/395/216 110/395/203
f 178/395/230 140/395/197 111/395/182
f 163/395/231 133/395/220 89/395/133
f 161/395/211 184/395/232 692/395/233 690/395/212
f 112/395/196 147/395/222 172/395/234
f 103/395/163 119/395/208 148/395/235
f 699/395/236 130/395/229 110/395/203 698/395/217
f 145/395/237 89/395/133 91/395/149
f 145/395/237 91/395/149 139/395/225
f 99/395/162 128/395/223 132/395/226
f 127/395/218 107/395/191 120/395/170
f 150/395/238 109/395/216 130/395/229
f 150/395/238 114/395/227 109/395/216
f 137/395/239 123/395/228 114/395/227
f 117/395/146 146/395/240 113/395/165
f 117/395/146 135/395/215 146/395/240
f 166/395/221 119/395/208 85/395/153
f 122/395/192 120/395/170 107/395/191
f 108/395/169 138/395/175 136/395/241
f 134/395/242 83/395/164 98/395/180
f 83/395/164 134/395/242 129/395/194
f 108/395/169 136/395/241 122/395/192
f 112/395/196 172/395/234 161/395/211
f 970/395/155 92/395/128 645/395/243 975/395/244
f 128/395/223 118/395/177 124/395/224
f 127/395/218 118/395/177 128/395/223
f 164/395/245 114/395/227 150/395/238
f 132/395/226 135/395/215 115/395/195
f 101/395/152 140/395/197 177/395/246
f 122/395/192 136/395/241 120/395/170
f 137/395/239 153/395/247 123/395/228
f 120/395/170 118/395/177 127/395/218
f 123/395/228 162/395/248 125/395/219
f 136/395/241 121/395/201 116/395/171
f 136/395/241 116/395/171 120/395/170
f 123/395/228 153/395/247 162/395/248
f 95/395/174 645/395/243 92/395/128
f 128/395/223 124/395/224 132/395/226
f 171/395/249 141/395/181 101/395/152
f 129/395/194 132/395/226 124/395/224
f 163/395/231 89/395/133 145/395/237
f 142/395/250 137/395/239 114/395/227
f 696/395/251 173/395/252 695/395/253
f 151/395/200 185/395/254 111/395/182
f 156/395/176 193/395/255 95/395/174
f 113/395/165 146/395/240 159/395/256
f 160/395/257 147/395/222 125/395/219
f 162/395/248 160/395/257 125/395/219
f 143/395/258 139/395/225 121/395/201
f 164/395/245 142/395/250 114/395/227
f 121/395/201 136/395/241 143/395/258
f 157/395/259 137/395/239 142/395/250
f 141/395/181 183/395/260 154/395/207
f 197/395/261 130/395/229 699/395/236 700/395/262
f 157/395/259 152/395/263 137/395/239
f 137/395/239 152/395/263 153/395/247
f 138/395/175 143/395/258 136/395/241
f 149/395/264 143/395/258 626/395/265
f 982/395/266 151/395/200 1007/395/199
f 113/395/165 159/395/256 933/395/267 932/395/193
f 211/395/268 177/395/246 140/395/197
f 185/395/254 178/395/230 111/395/182
f 148/395/235 119/395/208 167/395/269
f 184/395/232 701/395/270 692/395/233
f 135/395/215 134/395/242 146/395/240
f 143/395/258 149/395/264 139/395/225
f 126/395/168 180/395/209 179/395/271
f 126/395/168 179/395/271 156/395/176
f 144/395/272 152/395/263 157/395/259
f 145/395/237 139/395/225 149/395/264
f 166/395/221 167/395/269 119/395/208
f 695/395/253 173/395/252 158/395/205 702/395/204
f 162/395/248 153/395/247 196/395/273
f 144/395/272 169/395/274 152/395/263
f 168/395/275 980/395/276 992/395/277
f 183/395/260 141/395/181 171/395/249
f 84/395/137 103/395/163 626/395/265
f 645/395/243 976/395/278 975/395/244
f 157/395/259 176/395/279 144/395/272
f 939/395/280 933/395/267 159/395/256
f 131/395/159 133/395/220 170/395/281
f 170/395/281 133/395/220 163/395/231
f 159/395/256 146/395/240 637/395/282
f 131/395/159 170/395/281 174/395/283
f 149/395/264 163/395/231 145/395/237
f 148/395/235 167/395/269 163/395/231
f 694/395/284 173/395/252 696/395/251
f 202/395/285 147/395/222 160/395/257
f 172/395/234 147/395/222 202/395/285
f 189/395/286 157/395/259 142/395/250
f 169/395/274 165/395/287 152/395/263
f 148/395/235 163/395/231 149/395/264
f 153/395/247 152/395/263 165/395/287
f 971/395/214 131/395/159 174/395/283 974/395/288
f 207/395/289 650/395/290 197/395/261
f 189/395/286 188/395/291 157/395/259
f 184/395/232 693/395/292 701/395/270
f 177/395/246 171/395/249 101/395/152
f 174/395/283 1006/395/293 974/395/288
f 183/395/260 190/395/294 154/395/207
f 154/395/207 190/395/294 180/395/209
f 188/395/291 176/395/279 157/395/259
f 223/395/295 193/395/255 156/395/176
f 938/395/296 939/395/280 159/395/256
f 164/395/245 201/395/297 142/395/250
f 201/395/297 189/395/286 142/395/250
f 156/395/176 179/395/271 223/395/295
f 236/395/298 190/395/294 183/395/260
f 100/395/166 158/395/205 175/395/299
f 166/395/221 100/395/166 175/395/299
f 202/395/285 160/395/257 244/395/300
f 184/395/232 161/395/211 172/395/234
f 167/395/269 170/395/281 163/395/231
f 165/395/287 169/395/274 199/395/301
f 178/395/230 211/395/268 140/395/197
f 181/395/302 169/395/274 155/395/303
f 153/395/247 191/395/304 196/395/273
f 166/395/221 170/395/281 167/395/269
f 645/395/243 209/395/305 168/395/275
f 169/395/274 181/395/302 199/395/301
f 854/395/306 200/395/307 853/395/308
f 852/395/309 853/395/308 200/395/307 186/395/310
f 171/395/249 225/395/311 183/395/260
f 177/395/246 225/395/311 171/395/249
f 166/395/221 175/395/299 170/395/281
f 153/395/247 165/395/287 191/395/304
f 176/395/279 182/395/312 155/395/303
f 162/395/248 198/395/313 160/395/257
f 196/395/273 198/395/313 162/395/248
f 197/395/261 700/395/262 707/395/314
f 151/395/200 195/395/315 185/395/254
f 983/395/316 195/395/315 151/395/200 982/395/266
f 175/395/299 174/395/283 170/395/281
f 987/395/317 173/395/252 694/395/284 697/395/318
f 165/395/287 199/395/301 218/395/319
f 165/395/287 218/395/319 191/395/304
f 184/395/232 172/395/234 217/395/320
f 158/395/205 173/395/252 987/395/317 985/395/321
f 190/395/294 232/395/322 180/395/209
f 984/395/323 175/395/299 158/395/205 985/395/321
f 160/395/257 198/395/313 244/395/300
f 220/395/324 201/395/297 164/395/245
f 207/395/289 220/395/324 650/395/290
f 215/395/325 182/395/312 176/395/279
f 247/395/326 225/395/311 177/395/246
f 1006/395/293 174/395/283 986/395/327
f 180/395/209 232/395/322 179/395/271
f 230/395/328 184/395/232 217/395/320
f 211/395/268 247/395/326 177/395/246
f 223/395/295 241/395/329 193/395/255
f 213/395/330 638/395/331 182/395/312
f 199/395/301 181/395/302 194/395/332
f 188/395/291 189/395/286 219/395/333
f 225/395/311 236/395/298 183/395/260
f 693/395/292 184/395/232 230/395/328 728/395/334
f 231/395/335 178/395/230 185/395/254
f 195/395/315 231/395/335 185/395/254
f 172/395/234 202/395/285 217/395/320
f 213/395/330 182/395/312 215/395/325
f 181/395/302 638/395/331 639/395/336
f 203/395/337 638/395/331 213/395/330
f 168/395/275 212/395/338 981/395/339 980/395/276
f 981/395/339 212/395/338 195/395/315 983/395/316
f 209/395/305 212/395/338 168/395/275
f 219/395/333 189/395/286 201/395/297
f 246/395/340 211/395/268 178/395/230
f 231/395/335 246/395/340 178/395/230
f 191/395/304 253/395/341 196/395/273
f 192/395/342 638/395/331 203/395/337
f 200/395/307 854/395/306 856/395/343
f 198/395/313 196/395/273 253/395/341
f 194/395/332 639/395/336 206/395/344
f 241/395/329 209/395/305 193/395/255
f 186/395/310 238/395/345 863/395/346 855/395/347
f 204/395/348 205/395/349 187/395/350
f 208/395/351 192/395/342 203/395/337
f 219/395/333 221/395/352 188/395/291
f 255/395/353 197/395/261 707/395/314 706/395/354
f 205/395/349 206/395/344 187/395/350
f 199/395/301 222/395/355 218/395/319
f 194/395/332 206/395/344 646/395/356
f 209/395/305 254/395/357 212/395/338
f 241/395/329 254/395/357 209/395/305
f 228/395/358 219/395/333 201/395/297
f 204/395/348 192/395/342 208/395/351
f 255/395/353 263/395/359 207/395/289
f 233/395/360 202/395/285 244/395/300
f 210/395/361 205/395/349 204/395/348
f 199/395/301 194/395/332 222/395/355
f 274/395/362 213/395/330 647/395/363
f 220/395/324 228/395/358 201/395/297
f 205/395/349 210/395/361 224/395/364
f 988/395/365 214/395/366 989/395/367
f 239/395/368 991/395/369 995/395/370
f 991/395/369 239/395/368 214/395/366 988/395/365
f 990/395/371 989/395/367 214/395/366 248/395/372
f 253/395/341 191/395/304 259/395/373
f 218/395/319 259/395/373 191/395/304
f 240/395/374 200/395/307 856/395/343 857/395/375
f 263/395/359 220/395/324 207/395/289
f 256/395/376 204/395/348 208/395/351
f 256/395/376 210/395/361 204/395/348
f 225/395/311 247/395/326 237/395/377
f 190/395/294 266/395/378 232/395/322
f 236/395/298 251/395/379 190/395/294
f 205/395/349 216/395/380 206/395/344
f 246/395/340 247/395/326 211/395/268
f 254/395/357 249/395/381 212/395/338
f 206/395/344 216/395/380 250/395/382
f 216/395/380 224/395/364 227/395/383
f 200/395/307 240/395/374 242/395/384
f 274/395/362 203/395/337 213/395/330
f 274/395/362 208/395/351 203/395/337
f 232/395/322 656/395/385 179/395/271
f 226/395/386 224/395/364 210/395/361
f 194/395/332 265/395/387 222/395/355
f 179/395/271 656/395/385 223/395/295
f 255/395/353 706/395/354 704/395/388
f 195/395/315 212/395/338 249/395/381
f 218/395/319 222/395/355 243/395/389
f 205/395/349 224/395/364 216/395/380
f 234/395/390 210/395/361 256/395/376
f 234/395/390 226/395/386 210/395/361
f 229/395/391 224/395/364 226/395/386
f 656/395/385 245/395/392 223/395/295
f 225/395/311 257/395/393 236/395/298
f 249/395/381 231/395/335 195/395/315
f 216/395/380 227/395/383 260/395/394
f 716/395/395 230/395/328 270/395/396 715/395/397
f 223/395/295 245/395/392 241/395/329
f 267/395/398 220/395/324 263/395/359
f 229/395/391 235/395/399 224/395/364
f 224/395/364 235/395/399 227/395/383
f 239/395/368 995/395/370 994/395/400
f 222/395/355 251/395/379 243/395/389
f 276/395/401 225/395/311 237/395/377
f 276/395/401 257/395/393 225/395/311
f 241/395/329 245/395/392 301/395/402
f 266/395/378 296/395/403 232/395/322
f 227/395/383 273/395/404 260/395/394
f 272/395/405 219/395/333 228/395/358
f 269/395/406 256/395/376 208/395/351
f 274/395/362 269/395/406 208/395/351
f 296/395/403 280/395/407 656/395/385
f 240/395/374 857/395/375 868/395/408
f 229/395/391 226/395/386 943/395/409 942/395/410
f 864/395/411 863/395/346 238/395/345
f 262/395/412 252/395/413 647/395/363
f 221/395/352 262/395/412 215/395/325
f 230/395/328 716/395/395 728/395/334
f 248/395/372 214/395/366 261/395/414
f 253/395/341 277/395/415 198/395/313
f 246/395/340 279/395/416 247/395/326
f 198/395/313 277/395/415 244/395/300
f 258/395/417 246/395/340 231/395/335
f 249/395/381 258/395/417 231/395/335
f 265/395/387 251/395/379 222/395/355
f 216/395/380 260/395/394 250/395/382
f 941/395/418 235/395/399 229/395/391 940/395/419
f 243/395/389 251/395/379 236/395/298
f 227/395/383 235/395/399 273/395/404
f 238/395/345 287/395/420 862/395/421 864/395/411
f 940/395/419 229/395/391 942/395/410
f 278/395/422 239/395/368 994/395/400 993/395/423
f 240/395/374 286/395/424 242/395/384
f 243/395/389 257/395/393 218/395/319
f 218/395/319 257/395/393 259/395/373
f 241/395/329 301/395/402 254/395/357
f 219/395/333 284/395/425 221/395/352
f 261/395/414 214/395/366 239/395/368
f 281/395/426 226/395/386 234/395/390
f 238/395/345 242/395/384 285/395/427
f 226/395/386 281/395/426 944/395/428 943/395/409
f 264/395/429 244/395/300 277/395/415
f 288/395/430 262/395/412 221/395/352
f 295/395/431 255/395/353 705/395/432 714/395/433
f 945/395/434 944/395/428 281/395/426 283/395/435
f 267/395/398 228/395/358 220/395/324
f 302/395/436 234/395/390 256/395/376
f 284/395/425 288/395/430 221/395/352
f 233/395/360 244/395/300 264/395/429
f 258/395/417 279/395/416 246/395/340
f 259/395/373 257/395/393 268/395/437
f 268/395/437 648/395/438 259/395/373
f 272/395/405 228/395/358 267/395/398
f 237/395/377 247/395/326 279/395/416
f 276/395/401 268/395/437 257/395/393
f 1009/395/439 248/395/372 1010/395/440
f 287/395/420 238/395/345 285/395/427
f 950/395/441 945/395/434 283/395/435
f 285/395/427 242/395/384 290/395/442
f 242/395/384 286/395/424 290/395/442
f 261/395/414 239/395/368 278/395/422
f 346/395/443 258/395/417 249/395/381
f 251/395/379 282/395/444 266/395/378
f 250/395/382 271/395/445 646/395/356
f 265/395/387 282/395/444 251/395/379
f 253/395/341 289/395/446 277/395/415
f 289/395/446 253/395/341 259/395/373
f 298/395/447 249/395/381 254/395/357
f 295/395/431 263/395/359 255/395/353
f 291/395/448 274/395/362 252/395/413
f 270/395/396 230/395/328 233/395/360
f 233/395/360 264/395/429 275/395/449
f 269/395/406 302/395/436 256/395/376
f 284/395/425 219/395/333 272/395/405
f 861/395/450 862/395/421 287/395/420
f 289/395/446 259/395/373 648/395/438
f 305/395/451 263/395/359 295/395/431
f 298/395/447 254/395/357 301/395/402
f 245/395/392 656/395/385 280/395/407
f 277/395/415 294/395/452 264/395/429
f 245/395/392 322/395/453 301/395/402
f 280/395/407 322/395/453 245/395/392
f 305/395/451 267/395/398 263/395/359
f 237/395/377 313/395/454 276/395/401
f 276/395/401 307/395/455 268/395/437
f 312/395/456 267/395/398 305/395/451
f 260/395/394 339/395/457 271/395/445
f 265/395/387 646/395/356 309/395/458
f 286/395/424 240/395/374 868/395/408 867/395/459
f 282/395/444 296/395/403 266/395/378
f 279/395/416 313/395/454 237/395/377
f 267/395/398 312/395/456 272/395/405
f 324/395/460 261/395/414 278/395/422
f 306/395/461 302/395/436 269/395/406
f 297/395/462 281/395/426 234/395/390
f 302/395/436 297/395/462 234/395/390
f 291/395/448 269/395/406 274/395/362
f 291/395/448 306/395/461 269/395/406
f 310/395/463 284/395/425 272/395/405
f 275/395/449 292/395/464 270/395/396
f 273/395/404 339/395/457 260/395/394
f 310/395/463 272/395/405 312/395/456
f 319/395/465 307/395/455 276/395/401
f 314/395/466 252/395/413 262/395/412
f 340/395/467 291/395/448 252/395/413
f 270/395/396 713/395/468 715/395/397
f 261/395/414 324/395/460 248/395/372
f 303/395/469 278/395/422 993/395/423 998/395/470
f 271/395/445 348/395/471 309/395/458
f 277/395/415 289/395/446 294/395/452
f 296/395/403 355/395/472 280/395/407
f 287/395/420 285/395/427 321/395/473
f 299/395/474 264/395/429 294/395/452
f 326/395/475 324/395/460 278/395/422
f 278/395/422 303/395/469 326/395/475
f 314/395/466 340/395/467 252/395/413
f 313/395/454 319/395/465 276/395/401
f 280/395/407 347/395/476 322/395/453
f 355/395/472 347/395/476 280/395/407
f 268/395/437 307/395/455 293/395/477
f 268/395/437 293/395/477 648/395/438
f 275/395/449 264/395/429 299/395/474
f 275/395/449 299/395/474 292/395/464
f 709/395/478 713/395/468 270/395/396 292/395/464
f 297/395/462 283/395/435 281/395/426
f 262/395/412 288/395/430 314/395/466
f 321/395/473 285/395/427 290/395/442
f 249/395/381 298/395/447 346/395/443
f 271/395/445 339/395/457 348/395/471
f 282/395/444 344/395/479 296/395/403
f 346/395/443 308/395/480 258/395/417
f 258/395/417 308/395/480 279/395/416
f 303/395/469 998/395/470 997/395/481
f 951/395/482 950/395/441 283/395/435
f 329/395/483 284/395/425 310/395/463
f 329/395/483 288/395/430 284/395/425
f 1010/395/440 248/395/372 324/395/460 1011/395/484
f 290/395/442 286/395/424 331/395/485
f 289/395/446 300/395/486 294/395/452
f 273/395/404 627/395/487 339/395/457
f 287/395/420 321/395/473 328/395/488
f 287/395/420 328/395/488 859/395/489 861/395/450
f 866/395/490 345/395/491 286/395/424 867/395/459
f 865/395/492 345/395/491 866/395/490
f 314/395/466 288/395/430 327/395/493
f 292/395/464 710/395/494 708/395/495
f 321/395/473 290/395/442 316/395/496
f 306/395/461 291/395/448 362/395/497
f 279/395/416 357/395/498 313/395/454
f 279/395/416 308/395/480 357/395/498
f 292/395/464 659/395/499 711/395/500 710/395/494
f 362/395/497 291/395/448 340/395/467
f 659/395/499 712/395/501 711/395/500
f 311/395/502 299/395/474 294/395/452
f 304/395/503 305/395/451 295/395/431
f 355/395/472 296/395/403 344/395/479
f 299/395/474 659/395/499 292/395/464
f 361/395/504 283/395/435 297/395/462
f 327/395/493 288/395/430 329/395/483
f 299/395/474 304/395/503 659/395/499
f 300/395/486 311/395/502 294/395/452
f 385/395/505 308/395/480 346/395/443
f 322/395/453 356/395/506 301/395/402
f 282/395/444 317/395/507 344/395/479
f 317/395/507 282/395/444 334/395/508
f 356/395/506 298/395/447 301/395/402
f 299/395/474 311/395/502 304/395/503
f 873/395/509 859/395/489 328/395/488
f 377/395/510 297/395/462 302/395/436
f 377/395/510 302/395/436 306/395/461
f 332/395/511 303/395/469 997/395/481 996/395/512
f 316/395/496 290/395/442 331/395/485
f 311/395/502 305/395/451 304/395/503
f 356/395/506 392/395/513 298/395/447
f 300/395/486 330/395/514 325/395/515
f 311/395/502 300/395/486 325/395/515
f 324/395/460 341/395/516 1012/395/517 1011/395/484
f 1013/395/518 1012/395/517 341/395/516
f 283/395/435 361/395/504 949/395/519 951/395/482
f 307/395/455 333/395/520 293/395/477
f 385/395/505 357/395/498 308/395/480
f 335/395/521 329/395/483 310/395/463
f 319/395/465 333/395/520 307/395/455
f 325/395/515 305/395/451 311/395/502
f 325/395/515 312/395/456 305/395/451
f 312/395/456 335/395/521 310/395/463
f 318/395/522 721/395/523 718/395/524
f 876/395/525 345/395/491 865/395/492
f 720/395/526 315/395/527 318/395/522 718/395/524
f 306/395/461 362/395/497 372/395/528
f 392/395/513 346/395/443 298/395/447
f 315/395/527 720/395/526 729/395/529
f 326/395/475 303/395/469 364/395/530
f 303/395/469 332/395/511 364/395/530
f 404/395/531 355/395/472 344/395/479
f 316/395/496 375/395/532 321/395/473
f 317/395/507 354/395/533 323/395/534
f 317/395/507 334/395/508 354/395/533
f 323/395/534 376/395/535 317/395/507
f 318/395/522 717/395/536 721/395/523
f 293/395/477 323/395/534 351/395/537
f 320/395/538 336/395/539 651/395/540
f 328/395/488 321/395/473 375/395/532
f 336/395/539 320/395/538 337/395/541
f 651/395/540 336/395/539 352/395/542
f 322/395/453 379/395/543 356/395/506
f 315/395/527 320/395/538 338/395/544
f 318/395/522 315/395/527 338/395/544
f 347/395/476 379/395/543 322/395/453
f 335/395/521 343/395/545 329/395/483
f 325/395/515 335/395/521 312/395/456
f 335/395/521 325/395/515 330/395/514
f 342/395/546 320/395/538 651/395/540
f 338/395/544 320/395/538 342/395/546
f 286/395/424 345/395/491 331/395/485
f 332/395/511 996/395/512 1005/395/547
f 350/395/548 324/395/460 326/395/475
f 324/395/460 350/395/548 341/395/516
f 317/395/507 376/395/535 344/395/479
f 341/395/516 1014/395/549 1013/395/518
f 627/395/487 409/395/550 339/395/457
f 364/395/530 350/395/548 326/395/475
f 343/395/545 327/395/493 329/395/483
f 365/395/551 340/395/467 314/395/466
f 396/395/552 658/395/553 318/395/522
f 351/395/537 343/395/545 330/395/514
f 343/395/545 335/395/521 330/395/514
f 364/395/530 332/395/511 359/395/554
f 1001/395/555 359/395/554 332/395/511 1005/395/547
f 337/395/541 358/395/556 336/395/539
f 313/395/454 394/395/557 319/395/465
f 372/395/528 377/395/510 306/395/461
f 337/395/541 731/395/558 730/395/559
f 370/395/560 396/395/552 338/395/544
f 396/395/552 318/395/522 338/395/544
f 337/395/541 730/395/559 732/395/561 358/395/556
f 344/395/479 376/395/535 404/395/531
f 336/395/539 358/395/556 349/395/562
f 370/395/560 338/395/544 342/395/546
f 339/395/457 395/395/563 348/395/471
f 339/395/457 409/395/550 395/395/563
f 377/395/510 367/395/564 297/395/462
f 334/395/508 378/395/565 374/395/566
f 948/395/567 949/395/519 361/395/504 389/395/568
f 355/395/472 380/395/569 347/395/476
f 365/395/551 314/395/466 327/395/493
f 328/395/488 375/395/532 390/395/570
f 408/395/571 328/395/488 390/395/570
f 397/395/572 342/395/546 651/395/540
f 319/395/465 401/395/573 653/395/574
f 351/395/537 323/395/534 354/395/533
f 355/395/472 404/395/531 380/395/569
f 947/395/575 948/395/567 389/395/568
f 345/395/491 412/395/576 331/395/485
f 297/395/462 367/395/564 361/395/504
f 385/395/505 346/395/443 392/395/513
f 357/395/498 394/395/557 313/395/454
f 347/395/476 387/395/577 379/395/543
f 340/395/467 365/395/551 384/395/578
f 378/395/565 348/395/471 395/395/563
f 353/395/579 349/395/562 360/395/580
f 369/395/581 343/395/545 351/395/537
f 373/395/582 352/395/542 353/395/579
f 369/395/581 327/395/493 343/395/545
f 369/395/581 365/395/551 327/395/493
f 406/395/583 323/395/534 383/395/584
f 323/395/534 406/395/583 376/395/535
f 373/395/582 353/395/579 363/395/585
f 354/395/533 369/395/581 351/395/537
f 384/395/578 362/395/497 340/395/467
f 353/395/579 371/395/586 363/395/585
f 371/395/586 353/395/579 360/395/580
f 401/395/573 319/395/465 394/395/557
f 389/395/568 361/395/504 367/395/564
f 334/395/508 374/395/566 354/395/533
f 870/395/587 627/395/487 858/395/588
f 421/395/589 331/395/485 412/395/576
f 428/395/590 342/395/546 397/395/572
f 380/395/569 387/395/577 347/395/476
f 354/395/533 374/395/566 369/395/581
f 379/395/543 392/395/513 356/395/506
f 357/395/498 446/395/591 394/395/557
f 376/395/535 442/395/592 404/395/531
f 1014/395/549 341/395/516 400/395/593 1019/395/594
f 370/395/560 342/395/546 428/395/590
f 417/395/595 367/395/564 377/395/510
f 874/395/596 412/395/576 345/395/491 876/395/525
f 366/395/597 363/395/585 371/395/586
f 402/395/598 371/395/586 360/395/580
f 410/395/599 402/395/598 360/395/580
f 386/395/600 372/395/528 362/395/497
f 386/395/600 362/395/497 384/395/578
f 628/395/601 350/395/548 364/395/530
f 411/395/602 358/395/556 732/395/561 733/395/603
f 368/395/604 384/395/578 365/395/551
f 333/395/520 653/395/574 383/395/584
f 375/395/532 422/395/605 473/395/606
f 1015/395/607 877/395/608 885/395/609
f 875/395/610 877/395/608 1015/395/607 1016/395/611 640/395/612
f 406/395/583 438/395/613 376/395/535
f 359/395/554 432/395/614 364/395/530
f 628/395/601 364/395/530 432/395/614
f 369/395/581 368/395/604 365/395/551
f 403/395/615 366/395/597 371/395/586
f 446/395/591 357/395/498 385/395/505
f 415/395/616 385/395/505 392/395/513
f 878/395/617 869/395/618 388/395/619
f 382/395/620 363/395/585 366/395/597
f 449/395/621 389/395/568 367/395/564
f 400/395/593 1017/395/622 1019/395/594
f 341/395/516 350/395/548 400/395/593
f 374/395/566 368/395/604 369/395/581
f 378/395/565 391/395/623 374/395/566
f 414/395/624 379/395/543 387/395/577
f 382/395/620 366/395/597 399/395/625
f 371/395/586 429/395/626 403/395/615
f 371/395/586 402/395/598 429/395/626
f 424/395/627 397/395/572 373/395/582
f 377/395/510 372/395/528 417/395/595
f 871/395/628 409/395/550 627/395/487 870/395/587
f 424/395/627 373/395/582 427/395/629
f 359/395/554 431/395/630 432/395/614
f 404/395/531 450/395/631 380/395/569
f 386/395/600 384/395/578 368/395/604
f 473/395/606 390/395/570 375/395/532
f 376/395/535 438/395/613 442/395/592
f 407/395/632 359/395/554 1001/395/555 1002/395/633
f 407/395/632 431/395/630 359/395/554
f 413/395/634 407/395/632 1002/395/633 1000/395/635
f 395/395/563 409/395/550 437/395/636
f 379/395/543 414/395/624 392/395/513
f 391/395/623 368/395/604 374/395/566
f 450/395/631 387/395/577 380/395/569
f 381/395/637 443/395/638 410/395/599
f 398/395/639 366/395/597 403/395/615
f 366/395/597 398/395/639 399/395/625
f 400/395/593 350/395/548 628/395/601
f 413/395/634 999/395/640 1004/395/641
f 411/395/602 733/395/603 734/395/642
f 406/395/583 383/395/584 472/395/643
f 413/395/634 1000/395/635 999/395/640
f 441/395/644 472/395/643 383/395/584
f 405/395/645 382/395/620 399/395/625
f 427/395/629 382/395/620 405/395/645
f 415/395/616 446/395/591 385/395/505
f 378/395/565 395/395/563 418/395/646
f 391/395/623 378/395/565 418/395/646
f 414/395/624 448/395/647 392/395/513
f 386/395/600 368/395/604 391/395/623
f 449/395/621 367/395/564 417/395/595
f 466/395/648 414/395/624 387/395/577
f 946/395/649 947/395/575 389/395/568
f 402/395/598 410/395/599 439/395/650
f 435/395/651 390/395/570 481/395/652
f 658/395/553 724/395/653 727/395/654
f 448/395/647 415/395/616 392/395/513
f 447/395/655 393/395/656 396/395/552
f 460/395/657 401/395/573 394/395/557
f 423/395/658 372/395/528 386/395/600
f 423/395/658 417/395/595 372/395/528
f 420/395/659 399/395/625 398/395/639
f 395/395/563 437/395/636 418/395/646
f 396/395/552 370/395/560 447/395/655
f 1023/395/660 425/395/661 1022/395/662
f 428/395/590 397/395/572 464/395/663
f 464/395/663 397/395/572 424/395/627
f 403/395/615 436/395/664 398/395/639
f 416/395/665 399/395/625 420/395/659
f 405/395/645 399/395/625 416/395/665
f 391/395/623 423/395/658 386/395/600
f 418/395/646 423/395/658 391/395/623
f 483/395/666 441/395/644 401/395/573
f 402/395/598 439/395/650 429/395/626
f 403/395/615 429/395/626 461/395/667
f 403/395/615 461/395/667 436/395/664
f 442/395/592 450/395/631 404/395/531
f 473/395/606 422/395/605 488/395/668
f 467/395/669 438/395/613 406/395/583
f 880/395/670 430/395/671 879/395/672
f 388/395/619 408/395/571 435/395/651
f 408/395/571 390/395/570 435/395/651
f 426/395/673 398/395/639 436/395/664
f 460/395/657 394/395/557 446/395/591
f 420/395/659 398/395/639 426/395/673
f 409/395/550 430/395/671 456/395/674
f 439/395/650 410/395/599 492/395/675
f 409/395/550 871/395/628 879/395/672 430/395/671
f 447/395/655 370/395/560 629/395/676
f 902/395/677 459/395/678 412/395/576 882/395/679
f 454/395/680 389/395/568 449/395/621
f 946/395/649 389/395/568 454/395/680 920/395/681
f 882/395/679 412/395/576 874/395/596
f 482/395/682 405/395/645 416/395/665
f 387/395/577 485/395/683 466/395/648
f 466/395/648 448/395/647 414/395/624
f 426/395/673 436/395/664 434/395/684
f 388/395/619 892/395/685 878/395/617
f 435/395/651 888/395/686 892/395/685 388/395/619
f 423/395/658 433/395/687 417/395/595
f 460/395/657 483/395/666 401/395/573
f 481/395/652 390/395/570 473/395/606
f 420/395/659 426/395/673 440/395/688
f 455/395/689 420/395/659 440/395/688
f 480/395/690 424/395/627 427/395/629
f 445/395/691 393/395/656 447/395/655
f 418/395/646 433/395/687 423/395/658
f 437/395/636 433/395/687 418/395/646
f 726/395/692 393/395/656 445/395/691 723/395/693
f 640/395/612 444/395/694 903/395/695 883/395/696
f 420/395/659 455/395/689 416/395/665
f 406/395/583 472/395/643 467/395/669
f 440/395/688 426/395/673 434/395/684
f 469/395/697 441/395/644 483/395/666
f 433/395/687 449/395/621 417/395/595
f 442/395/592 465/395/698 450/395/631
f 480/395/690 427/395/629 405/395/645
f 381/395/637 649/395/699 443/395/638
f 452/395/700 411/395/602 496/395/701
f 425/395/661 1023/395/660 1021/395/702
f 410/395/599 443/395/638 492/395/675
f 881/395/703 430/395/671 880/395/670
f 482/395/682 480/395/690 405/395/645
f 464/395/663 484/395/704 428/395/590
f 428/395/590 484/395/704 629/395/676
f 429/395/626 439/395/650 491/395/705
f 429/395/626 491/395/705 461/395/667
f 407/395/632 497/395/706 431/395/630
f 448/395/647 510/395/707 415/395/616
f 921/395/708 456/395/674 430/395/671 881/395/703
f 436/395/664 475/395/709 434/395/684
f 493/395/710 432/395/614 431/395/630
f 497/395/706 493/395/710 431/395/630
f 457/395/711 407/395/632 413/395/634
f 407/395/632 457/395/711 497/395/706
f 440/395/688 434/395/684 657/395/712
f 1004/395/641 1003/395/713 413/395/634
f 450/395/631 485/395/683 387/395/577
f 432/395/614 463/395/714 628/395/601
f 493/395/710 463/395/714 432/395/614
f 657/395/712 434/395/684 468/395/715
f 1017/395/622 400/395/593 1018/395/716
f 416/395/665 455/395/689 474/395/717
f 436/395/664 461/395/667 495/395/718
f 436/395/664 495/395/718 475/395/709
f 496/395/701 411/395/602 734/395/642 735/395/719
f 437/395/636 453/395/720 433/395/687
f 443/395/638 452/395/700 516/395/721
f 517/395/722 424/395/627 480/395/690
f 481/395/652 473/395/606 511/395/723
f 456/395/674 453/395/720 437/395/636
f 468/395/715 434/395/684 475/395/709
f 438/395/613 487/395/724 442/395/592
f 469/395/697 472/395/643 441/395/644
f 440/395/688 657/395/712 451/395/725
f 455/395/689 440/395/688 451/395/725
f 505/395/726 534/395/727 447/395/655
f 445/395/691 507/395/728 722/395/729 723/395/693
f 722/395/729 507/395/728 747/395/730
f 419/395/731 628/395/601 463/395/714
f 453/395/720 449/395/621 433/395/687
f 1018/395/716 400/395/593 419/395/731 1024/395/732
f 487/395/724 465/395/698 442/395/592
f 472/395/643 489/395/733 467/395/669
f 461/395/667 491/395/705 529/395/734
f 425/395/661 470/395/735 458/395/736
f 444/395/694 425/395/661 458/395/736
f 443/395/638 516/395/721 492/395/675
f 444/395/694 479/395/737 896/395/738 903/395/695
f 464/395/663 424/395/627 517/395/722
f 1021/395/702 1020/395/739 425/395/661
f 470/395/735 425/395/661 1020/395/739 1025/395/740
f 519/395/741 460/395/657 446/395/591
f 415/395/616 510/395/707 446/395/591
f 478/395/742 502/395/743 488/395/668
f 444/395/694 458/395/736 521/395/744
f 474/395/717 482/395/682 416/395/665
f 629/395/676 505/395/726 447/395/655
f 456/395/674 462/395/745 453/395/720
f 921/395/708 891/395/746 456/395/674
f 457/395/711 413/395/634 1003/395/713 1046/395/747
f 462/395/745 454/395/680 453/395/720
f 454/395/680 449/395/621 453/395/720
f 465/395/698 485/395/683 450/395/631
f 451/395/725 471/395/748 455/395/689
f 471/395/748 533/395/749 455/395/689
f 521/395/744 479/395/737 444/395/694
f 439/395/650 531/395/750 491/395/705
f 919/395/751 920/395/681 454/395/680
f 533/395/749 474/395/717 455/395/689
f 462/395/745 456/395/674 891/395/746 890/395/752
f 555/395/753 484/395/704 464/395/663
f 454/395/680 462/395/745 889/395/754 919/395/751
f 478/395/742 459/395/678 499/395/755
f 471/395/748 451/395/725 477/395/756
f 460/395/657 632/395/757 483/395/666
f 519/395/741 632/395/757 460/395/657
f 477/395/756 451/395/725 657/395/712
f 461/395/667 529/395/734 495/395/718
f 1024/395/732 419/395/731 524/395/758 1040/395/759
f 890/395/752 899/395/760 462/395/745
f 501/395/761 448/395/647 466/395/648
f 535/395/762 438/395/613 467/395/669
f 535/395/762 487/395/724 438/395/613
f 893/395/763 896/395/738 479/395/737
f 523/395/764 480/395/690 482/395/682
f 899/395/760 889/395/754 462/395/745
f 472/395/643 469/395/697 489/395/733
f 511/395/723 473/395/606 490/395/765
f 486/395/766 471/395/748 477/395/756
f 473/395/606 488/395/668 490/395/765
f 492/395/675 531/395/750 439/395/650
f 1041/395/767 1040/395/759 524/395/758
f 474/395/717 532/395/768 513/395/769
f 555/395/753 464/395/663 517/395/722
f 500/395/770 477/395/756 476/395/771
f 504/395/772 1047/395/773 1028/395/774
f 475/395/709 495/395/718 527/395/775
f 501/395/761 510/395/707 448/395/647
f 901/395/776 887/395/777 508/395/778
f 887/395/777 886/395/779 652/395/780 508/395/778
f 512/395/781 477/395/756 500/395/770
f 486/395/766 477/395/756 512/395/781
f 478/395/742 499/395/755 502/395/743
f 516/395/721 558/395/782 492/395/675
f 479/395/737 546/395/783 898/395/784 893/395/763
f 517/395/722 480/395/690 523/395/764
f 481/395/652 525/395/785 652/395/780
f 481/395/652 511/395/723 525/395/785
f 470/395/735 494/395/786 458/395/736
f 494/395/786 550/395/787 458/395/736
f 497/395/706 457/395/711 504/395/772
f 491/395/705 531/395/750 574/395/788
f 498/395/789 484/395/704 555/395/753
f 509/395/790 485/395/683 465/395/698
f 504/395/772 457/395/711 1046/395/747 1047/395/773
f 550/395/787 521/395/744 458/395/736
f 470/395/735 506/395/791 494/395/786
f 526/395/792 501/395/761 466/395/648
f 485/395/683 526/395/792 466/395/648
f 470/395/735 1025/395/740 1026/395/793
f 506/395/791 470/395/735 1026/395/793 1036/395/794
f 474/395/717 513/395/769 482/395/682
f 523/395/764 482/395/682 513/395/769
f 476/395/771 556/395/795 528/395/796
f 532/395/768 474/395/717 533/395/749
f 534/395/727 507/395/728 445/395/691
f 488/395/668 502/395/743 553/395/797
f 484/395/704 503/395/798 629/395/676
f 498/395/789 503/395/798 484/395/704
f 497/395/706 520/395/799 493/395/710
f 521/395/744 546/395/783 479/395/737
f 533/395/749 471/395/748 549/395/800
f 549/395/800 471/395/748 486/395/766
f 520/395/799 630/395/801 493/395/710
f 487/395/724 509/395/790 465/395/698
f 505/395/726 629/395/676 503/395/798
f 548/395/802 452/395/700 496/395/701
f 452/395/700 548/395/802 516/395/721
f 488/395/668 553/395/797 490/395/765
f 579/395/803 631/395/804 632/395/757
f 557/395/805 519/395/741 510/395/707
f 469/395/697 580/395/806 489/395/733
f 513/395/769 489/395/733 514/395/807
f 580/395/806 514/395/807 489/395/733
f 532/395/768 518/395/808 513/395/769
f 500/395/770 476/395/771 528/395/796
f 535/395/762 467/395/669 513/395/769
f 513/395/769 518/395/808 535/395/762
f 491/395/705 574/395/788 529/395/734
f 519/395/741 562/395/809 632/395/757
f 492/395/675 558/395/782 531/395/750
f 524/395/758 419/395/731 630/395/801
f 468/395/715 641/395/810 556/395/795
f 513/395/769 467/395/669 489/395/733
f 542/395/811 507/395/728 534/395/727
f 512/395/781 500/395/770 560/395/812
f 536/395/813 630/395/801 520/395/799
f 508/395/778 539/395/814 595/395/815
f 496/395/701 515/395/816 548/395/802
f 509/395/790 581/395/817 485/395/683
f 581/395/817 526/395/792 485/395/683
f 530/395/818 497/395/706 504/395/772
f 530/395/818 520/395/799 497/395/706
f 522/395/819 523/395/764 513/395/769
f 560/395/812 500/395/770 642/395/820
f 501/395/761 565/395/821 510/395/707
f 502/395/743 499/395/755 591/395/822
f 486/395/766 512/395/781 547/395/823
f 597/395/824 502/395/743 591/395/822
f 543/395/825 505/395/726 503/395/798
f 524/395/758 1042/395/826 1041/395/767
f 543/395/825 534/395/727 505/395/726
f 562/395/809 579/395/803 632/395/757
f 553/395/797 502/395/743 597/395/824
f 506/395/791 1036/395/794 1037/395/827
f 897/395/828 499/395/755 895/395/829
f 900/395/830 901/395/776 508/395/778
f 535/395/762 544/395/831 487/395/724
f 565/395/821 557/395/805 510/395/707
f 585/395/832 525/395/785 511/395/723
f 490/395/765 585/395/832 511/395/723
f 544/395/831 509/395/790 487/395/724
f 490/395/765 553/395/797 585/395/832
f 561/395/833 549/395/800 486/395/766
f 486/395/766 547/395/823 561/395/833
f 537/395/834 503/395/798 498/395/789
f 514/395/807 522/395/819 513/395/769
f 522/395/819 586/395/835 655/395/836
f 516/395/721 566/395/837 558/395/782
f 516/395/721 548/395/802 566/395/837
f 555/395/753 517/395/722 576/395/838
f 518/395/808 532/395/768 522/395/819
f 522/395/819 634/395/839 518/395/808
f 512/395/781 560/395/812 538/395/840
f 538/395/840 547/395/823 512/395/781
f 559/395/841 1027/395/842 1044/395/843
f 573/395/844 506/395/791 1037/395/827 1038/395/845
f 552/395/846 550/395/787 494/395/786
f 506/395/791 545/395/847 494/395/786
f 545/395/847 552/395/846 494/395/786
f 557/395/805 562/395/809 519/395/741
f 525/395/785 585/395/832 599/395/848
f 521/395/744 550/395/787 546/395/783
f 514/395/807 634/395/839 522/395/819
f 541/395/849 743/395/850 745/395/851
f 503/395/798 537/395/834 543/395/825
f 1042/395/826 524/395/758 583/395/852 1043/395/853
f 524/395/758 536/395/813 583/395/852
f 584/395/854 501/395/761 526/395/792
f 541/395/849 515/395/816 744/395/855 743/395/850
f 529/395/734 601/395/856 654/395/857
f 554/395/858 537/395/834 498/395/789
f 555/395/753 554/395/858 498/395/789
f 528/395/796 617/395/859 572/395/860
f 573/395/844 545/395/847 506/395/791
f 508/395/778 595/395/815 915/395/861 900/395/830
f 533/395/749 571/395/862 532/395/768
f 582/395/863 533/395/749 549/395/800
f 559/395/841 504/395/772 1028/395/774 1027/395/842
f 515/395/816 564/395/864 548/395/802
f 541/395/849 564/395/864 515/395/816
f 530/395/818 504/395/772 559/395/841
f 581/395/817 509/395/790 605/395/865
f 501/395/761 584/395/854 565/395/821
f 574/395/788 531/395/750 602/395/866
f 538/395/840 560/395/812 918/395/867 906/395/868
f 571/395/862 522/395/819 532/395/768
f 601/395/856 529/395/734 574/395/788
f 571/395/862 533/395/749 582/395/863
f 541/395/849 745/395/851 740/395/869
f 518/395/808 634/395/839 592/395/870
f 542/395/811 534/395/727 543/395/825
f 535/395/762 592/395/870 544/395/831
f 608/395/871 591/395/822 499/395/755
f 907/395/872 608/395/871 499/395/755 897/395/828
f 528/395/796 556/395/795 617/395/859
f 542/395/811 736/395/873 737/395/874
f 527/395/775 654/395/857 610/395/875
f 527/395/775 610/395/875 641/395/810
f 617/395/859 587/395/876 572/395/860
f 542/395/811 543/395/825 741/395/877 739/395/878
f 553/395/797 597/395/824 618/395/879
f 544/395/831 616/395/880 509/395/790
f 633/395/881 546/395/783 550/395/787
f 560/395/812 642/395/820 569/395/882
f 1044/395/843 1045/395/883 559/395/841
f 536/395/813 590/395/884 606/395/885
f 580/395/806 575/395/886 514/395/807
f 575/395/886 634/395/839 514/395/807
f 548/395/802 568/395/887 566/395/837
f 548/395/802 564/395/864 568/395/887
f 525/395/785 599/395/848 588/395/888
f 596/395/889 549/395/800 561/395/833
f 582/395/863 549/395/800 596/395/889
f 581/395/817 584/395/854 526/395/792
f 633/395/881 550/395/787 552/395/846
f 542/395/811 739/395/878 736/395/873
f 605/395/865 509/395/790 616/395/880
f 563/395/890 543/395/825 537/395/834
f 553/395/797 618/395/879 585/395/832
f 540/395/891 825/395/892 821/395/893
f 523/395/764 522/395/819 655/395/836
f 522/395/819 571/395/862 586/395/835
f 555/395/753 578/395/894 554/395/858
f 742/395/895 741/395/877 543/395/825 563/395/890
f 556/395/795 540/395/891 617/395/859
f 909/395/896 898/395/784 546/395/783 567/395/897
f 567/395/897 908/395/898 909/395/896
f 573/395/844 1038/395/845 1039/395/899
f 531/395/750 558/395/782 602/395/866
f 619/395/900 562/395/809 557/395/805
f 574/395/788 602/395/866 612/395/901
f 541/395/849 563/395/890 564/395/864
f 609/395/902 530/395/818 559/395/841
f 740/395/869 742/395/895 563/395/890 541/395/849
f 530/395/818 590/395/884 520/395/799
f 538/395/840 607/395/903 547/395/823
f 560/395/812 569/395/882 914/395/904 918/395/867
f 595/395/815 792/395/905 790/395/906 915/395/861
f 570/395/907 537/395/834 554/395/858
f 563/395/890 537/395/834 570/395/907
f 825/395/892 540/395/891 610/395/875 840/395/908
f 904/395/909 538/395/840 905/395/910
f 607/395/903 538/395/840 904/395/909 912/395/911
f 570/395/907 554/395/858 578/395/894
f 530/395/818 609/395/902 590/395/884
f 564/395/864 563/395/890 570/395/907
f 566/395/837 568/395/887 594/395/912
f 602/395/866 558/395/782 600/395/913
f 558/395/782 566/395/837 600/395/913
f 572/395/860 611/395/914 569/395/882
f 830/395/915 544/395/831 592/395/870 829/395/916
f 616/395/880 544/395/831 830/395/915 831/395/917
f 564/395/864 570/395/907 568/395/887
f 795/395/918 595/395/815 588/395/888 796/395/919
f 603/395/920 545/395/847 593/395/921
f 573/395/844 593/395/921 545/395/847
f 565/395/821 619/395/900 557/395/805
f 583/395/852 1029/395/922 1043/395/853
f 546/395/783 633/395/881 567/395/897
f 594/395/912 600/395/913 566/395/837
f 603/395/920 552/395/846 545/395/847
f 562/395/809 776/395/923 775/395/924 579/395/803
f 598/395/925 593/395/921 573/395/844
f 583/395/852 536/395/813 606/395/885
f 914/395/904 569/395/882 913/395/926
f 589/395/927 655/395/836 586/395/835
f 571/395/862 582/395/863 826/395/928 828/395/929
f 559/395/841 783/395/930 782/395/931 609/395/902
f 784/395/932 783/395/930 559/395/841 1045/395/883 1035/395/933
f 552/395/846 603/395/920 633/395/881
f 574/395/788 612/395/901 601/395/856
f 846/395/934 551/395/935 601/395/856 844/395/936
f 568/395/887 570/395/907 578/395/894
f 589/395/927 577/395/937 655/395/836
f 577/395/937 594/395/912 578/395/894
f 568/395/887 578/395/894 594/395/912
f 604/395/938 575/395/886 580/395/806
f 755/395/939 757/395/940 584/395/854 581/395/817
f 585/395/832 618/395/879 620/395/941
f 756/395/942 755/395/939 581/395/817 605/395/865
f 771/395/943 776/395/923 562/395/809 619/395/900
f 827/395/944 826/395/928 582/395/863 596/395/889
f 1029/395/922 583/395/852 606/395/885 1033/395/945
f 584/395/854 757/395/940 762/395/946
f 598/395/925 1034/395/947 1032/395/948
f 598/395/925 573/395/844 1039/395/899 1034/395/947
f 585/395/832 620/395/941 599/395/848
f 590/395/884 536/395/813 520/395/799
f 594/395/912 577/395/937 615/395/949
f 561/395/833 547/395/823 810/395/950 812/395/951
f 807/395/952 810/395/950 547/395/823 607/395/903
f 762/395/946 761/395/953 565/395/821 584/395/854
f 619/395/900 565/395/821 761/395/953 763/395/954
f 577/395/937 589/395/927 615/395/949
f 591/395/822 608/395/871 800/395/955 799/395/956
f 916/395/957 608/395/871 907/395/872
f 586/395/835 571/395/862 842/395/958 836/395/959
f 569/395/882 611/395/914 911/395/960 913/395/926
f 620/395/941 824/395/961 803/395/962 599/395/848
f 598/395/925 613/395/963 593/395/921
f 592/395/870 843/395/964 829/395/916
f 594/395/912 615/395/949 600/395/913
f 589/395/927 849/395/965 847/395/966 615/395/949
f 609/395/902 782/395/931 779/395/967
f 614/395/968 613/395/963 598/395/925
f 633/395/881 818/395/969 801/395/970 567/395/897
f 595/395/815 795/395/918 792/395/905
f 596/395/889 819/395/971 827/395/944
f 814/395/972 618/395/879 597/395/824 816/395/973
f 597/395/824 591/395/822 798/395/974 815/395/975
f 614/395/968 598/395/925 1032/395/948 1031/395/976
f 766/395/977 613/395/963 614/395/968 759/395/978
f 601/395/856 612/395/901 845/395/979 844/395/936
f 571/395/862 828/395/929 842/395/958
f 804/395/980 588/395/888 599/395/848 802/395/981
f 822/395/982 823/395/983 605/395/865 616/395/880
f 602/395/866 600/395/913 612/395/901
f 600/395/913 615/395/949 612/395/901
f 619/395/900 763/395/954 770/395/984
f 587/395/876 808/395/985 817/395/986
f 586/395/835 837/395/987 850/395/988 589/395/927
f 837/395/987 586/395/835 836/395/959
f 791/395/989 794/395/990 607/395/903 912/395/911
f 590/395/884 777/395/991 786/395/992 606/395/885
f 917/395/993 749/395/994 750/395/995 910/395/995
f 616/395/880 831/395/917 834/395/996
f 849/395/965 589/395/927 850/395/988
f 605/395/865 823/395/983 756/395/942
f 614/395/968 1031/395/976 1030/395/997
f 607/395/903 794/395/990 807/395/952
f 916/395/957 797/395/998 800/395/955 608/395/871
f 591/395/822 799/395/956 798/395/974
f 609/395/902 779/395/967 778/395/999 590/395/884
f 567/395/897 748/395/1000 749/395/994 917/395/993 908/395/898
f 575/395/886 768/395/1001 767/395/1002
f 610/395/875 839/395/1003 840/395/908
f 561/395/833 812/395/951 811/395/1004
f 596/395/889 561/395/833 811/395/1004 832/395/1005
f 611/395/914 789/395/1006 788/395/1007 911/395/960
f 599/395/848 803/395/962 802/395/981
f 588/395/888 804/395/980 813/395/1008
f 588/395/888 813/395/1008 796/395/919
f 593/395/921 754/395/1009 753/395/1010 603/395/920
f 618/395/879 814/395/972 806/395/1011
f 758/395/1012 760/395/1013 614/395/968 1030/395/997
f 614/395/968 760/395/1013 759/395/978
f 612/395/901 615/395/949 847/395/966 848/395/1014
f 643/395/1015 781/395/1016 773/395/1017 604/395/938
f 616/395/880 833/395/1018 822/395/982
f 616/395/880 834/395/996 833/395/1018
f 1035/395/933 785/395/1019 784/395/932
f 590/395/884 778/395/999 777/395/991
f 1033/395/945 606/395/885 786/395/992 787/395/1020
f 613/395/963 765/395/1021 754/395/1009 593/395/921
f 612/395/901 848/395/1014 845/395/979
f 611/395/914 793/395/1022 789/395/1006
f 579/395/803 775/395/924 774/395/1023 643/395/1015
f 603/395/920 753/395/1010 752/395/1024
f 567/395/897 801/395/970 748/395/1000
f 619/395/900 769/395/1025 771/395/943
f 596/395/889 832/395/1005 819/395/971
f 619/395/900 770/395/984 769/395/1025
f 613/395/963 766/395/977 764/395/1026
f 613/395/963 764/395/1026 765/395/1021
f 621/395/30 2/395/37 6/395/31
f 2/395/37 621/395/30 9/395/48
f 1/395/32 9/395/48 621/395/30
f 2/395/37 622/395/39 6/395/31
f 622/395/39 2/395/37 5/395/34
f 17/395/45 622/395/39 676/395/38 674/395/46
f 623/395/91 19/395/63 33/395/79
f 19/395/63 623/395/91 36/395/73
f 36/395/73 623/395/91 65/395/123
f 624/395/90 65/395/123 623/395/91
f 48/395/42 86/395/158 40/395/87
f 52/395/58 625/395/140 80/395/131
f 79/395/113 637/395/282 98/395/180
f 84/395/137 626/395/265 138/395/175
f 134/395/242 98/395/180 637/395/282
f 626/395/265 143/395/258 138/395/175
f 637/395/282 146/395/240 134/395/242
f 851/395/1027 186/395/310 855/395/347
f 148/395/235 626/395/265 103/395/163
f 626/395/265 148/395/235 149/395/264
f 155/395/303 169/395/274 144/395/272
f 176/395/279 155/395/303 144/395/272
f 986/395/327 174/395/283 175/395/299 984/395/323
f 204/395/348 187/395/350 192/395/342
f 990/395/371 248/395/372 1008/395/1028
f 207/395/289 197/395/261 255/395/353
f 248/395/372 1009/395/439 1008/395/1028
f 282/395/444 309/395/458 334/395/508
f 292/395/464 708/395/495 709/395/478
f 860/395/1029 627/395/487 273/395/404 953/395/1030
f 858/395/588 627/395/487 860/395/1029
f 309/395/458 348/395/471 378/395/565
f 309/395/458 378/395/565 334/395/508
f 328/395/488 408/395/571 872/395/1031 873/395/509
f 869/395/618 872/395/1031 408/395/571 388/395/619
f 349/395/562 381/395/637 360/395/580
f 400/395/593 628/395/601 419/395/731
f 629/395/676 370/395/560 428/395/590
f 534/395/727 445/395/691 447/395/655
f 496/395/701 735/395/719 746/395/1032
f 476/395/771 468/395/715 556/395/795
f 515/395/816 496/395/701 746/395/1032 744/395/855
f 419/395/731 463/395/714 630/395/801
f 630/395/801 463/395/714 493/395/710
f 483/395/666 632/395/757 469/395/697
f 524/395/758 630/395/801 536/395/813
f 507/395/728 738/395/1033 747/395/730
f 737/395/874 738/395/1033 507/395/728 542/395/811
f 469/395/697 631/395/804 580/395/806
f 518/395/808 592/395/870 535/395/762
f 631/395/804 604/395/938 580/395/806
f 540/395/891 821/395/893 820/395/1034 617/395/859
f 603/395/920 752/395/1024 751/395/1035 633/395/881
f 843/395/964 592/395/870 634/395/839 835/395/1036
f 633/395/881 751/395/1035 818/395/969
f 618/395/879 806/395/1011 805/395/1037 620/395/941
f 620/395/941 805/395/1037 824/395/961
f 58/395/20 24/395/12 677/395/14 671/395/21
f 10/395/55 635/395/49 32/395/56
f 635/395/49 10/395/55 4/395/40
f 4/395/40 636/395/78 25/395/44
f 10/395/55 636/395/78 4/395/40
f 636/395/78 10/395/55 27/395/70
f 42/395/80 636/395/78 45/395/77
f 50/395/100 635/395/49 15/395/33
f 62/395/99 21/395/59 34/395/84
f 645/395/243 168/395/275 992/395/277 976/395/278
f 150/395/238 650/395/290 164/395/245
f 215/395/325 176/395/279 188/395/291
f 650/395/290 220/395/324 164/395/245
f 181/395/302 639/395/336 194/395/332
f 215/395/325 188/395/291 221/395/352
f 187/395/350 639/395/336 192/395/342
f 639/395/336 187/395/350 206/395/344
f 250/395/382 260/395/394 271/395/445
f 952/395/1038 235/395/399 941/395/418
f 273/395/404 235/395/399 952/395/1038 953/395/1030
f 646/395/356 271/395/445 309/395/458
f 270/395/396 233/395/360 275/395/449
f 265/395/387 309/395/458 282/395/444
f 352/395/542 336/395/539 349/395/562
f 352/395/542 349/395/562 353/395/579
f 884/395/1039 875/395/610 640/395/612
f 894/395/1040 459/395/678 902/395/677
f 657/395/712 468/395/715 476/395/771
f 895/395/829 499/395/755 459/395/678 894/395/1040
f 475/395/709 527/395/775 468/395/715
f 641/395/810 540/395/891 556/395/795
f 572/395/860 642/395/820 528/395/796
f 642/395/820 500/395/770 528/395/796
f 641/395/810 610/395/875 540/395/891
f 579/395/803 643/395/1015 631/395/804
f 642/395/820 572/395/860 569/395/882
f 905/395/910 538/395/840 906/395/868
f 634/395/839 575/395/886 767/395/1002 838/395/1041
f 655/395/836 577/395/937 576/395/838
f 643/395/1015 604/395/938 631/395/804
f 634/395/839 838/395/1041 835/395/1036
f 62/395/99 34/395/84 74/395/120
f 89/395/133 54/395/107 644/395/172
f 934/395/1042 637/395/282 79/395/113 937/395/179
f 638/395/331 181/395/302 155/395/303
f 182/395/312 638/395/331 155/395/303
f 381/395/637 410/395/599 360/395/580
f 632/395/757 631/395/804 469/395/697
f 91/395/149 644/395/172 62/395/99
f 193/395/255 645/395/243 95/395/174
f 209/395/305 645/395/243 193/395/255
f 217/395/320 202/395/285 233/395/360
f 646/395/356 206/395/344 250/395/382
f 647/395/363 213/395/330 215/395/325
f 252/395/413 274/395/362 647/395/363
f 194/395/332 646/395/356 265/395/387
f 262/395/412 647/395/363 215/395/325
f 648/395/438 300/395/486 289/395/446
f 648/395/438 330/395/514 300/395/486
f 351/395/537 330/395/514 648/395/438
f 381/395/637 349/395/562 358/395/556
f 411/395/602 649/395/699 358/395/556
f 381/395/637 358/395/556 649/395/699
f 649/395/699 411/395/602 452/395/700
f 421/395/589 412/395/576 459/395/678
f 421/395/589 459/395/678 478/395/742
f 425/395/661 444/395/694 640/395/612
f 649/395/699 452/395/700 443/395/638
f 640/395/612 883/395/696 884/395/1039
f 576/395/838 517/395/722 523/395/764
f 539/395/814 525/395/785 588/395/888
f 595/395/815 539/395/814 588/395/888
f 597/395/824 815/395/975 816/395/973
f 643/395/1015 774/395/1023 780/395/1043
f 643/395/1015 780/395/1043 781/395/1016
f 639/395/336 638/395/331 192/395/342
f 351/395/537 648/395/438 293/395/477
f 527/395/775 641/395/810 468/395/715
f 655/395/836 576/395/838 523/395/764
f 644/395/172 54/395/107 51/395/67
f 62/395/99 644/395/172 51/395/67
f 197/395/261 650/395/290 130/395/229
f 236/395/298 257/395/393 243/395/389
f 230/395/328 217/395/320 233/395/360
f 333/395/520 383/395/584 323/395/534
f 409/395/550 456/395/674 437/395/636
f 422/395/605 421/395/589 478/395/742
f 422/395/605 478/395/742 488/395/668
f 435/395/651 481/395/652 652/395/780
f 435/395/651 652/395/780 886/395/779 888/395/686
f 652/395/780 539/395/814 508/395/778
f 652/395/780 525/395/785 539/395/814
f 578/395/894 555/395/753 576/395/838
f 551/395/935 846/395/934 841/395/1044
f 839/395/1003 610/395/875 551/395/935 841/395/1044
f 578/395/894 576/395/838 577/395/937
f 650/395/290 150/395/238 130/395/229
f 1022/395/662 425/395/661 640/395/612 1016/395/611
f 333/395/520 323/395/534 293/395/477
f 251/395/379 266/395/378 190/395/294
f 255/395/353 704/395/388 705/395/432
f 319/395/465 653/395/574 333/395/520
f 422/395/605 375/395/532 316/395/496
f 401/395/573 441/395/644 653/395/574
f 653/395/574 441/395/644 383/395/584
f 373/395/582 363/395/585 427/395/629
f 529/395/734 654/395/857 495/395/718
f 495/395/718 654/395/857 527/395/775
f 654/395/857 601/395/856 551/395/935
f 654/395/857 551/395/935 610/395/875
f 316/395/496 331/395/485 421/395/589
f 373/395/582 397/395/572 651/395/540
f 422/395/605 316/395/496 421/395/589
f 373/395/582 651/395/540 352/395/542
f 296/395/403 656/395/385 232/395/322
f 731/395/558 337/395/541 315/395/527 729/395/529
f 320/395/538 315/395/527 337/395/541
f 477/395/756 657/395/712 476/395/771
f 427/395/629 363/395/585 382/395/620
f 661/395/8 660/395/1045 46/395/51 955/395/1046 956/395/6
f 660/395/1045 663/395/52 46/395/51
f 46/395/51 968/395/127 955/395/1046
f 658/395/553 719/395/1047 717/395/536 318/395/522
f 658/395/553 727/395/654 719/395/1047
f 393/395/656 658/395/553 396/395/552
f 393/395/656 726/395/692 725/395/1048
f 724/395/653 658/395/553 393/395/656 725/395/1048
f 604/395/938 772/395/1049 768/395/1001 575/395/886
f 604/395/938 773/395/1017 772/395/1049
f 587/395/876 817/395/986 793/395/1022 611/395/914
f 572/395/860 587/395/876 611/395/914
f 689/395/185 96/395/184 161/395/211 691/395/213
f 186/395/310 200/395/307 242/395/384
f 186/395/310 242/395/384 238/395/345
f 714/395/433 712/395/501 659/395/499 295/395/431
f 659/395/499 304/395/503 295/395/431
f 617/395/859 820/395/1034 809/395/1050
f 808/395/985 587/395/876 617/395/859 809/395/1050
f 159/395/256 637/395/282 954/395/1051 938/395/296
f 132/395/226 129/395/194 134/395/242
f 132/395/226 134/395/242 135/395/215
f 852/395/309 186/395/310 851/395/1027
f 510/395/707 519/395/741 446/395/591
f 934/395/1042 954/395/1051 637/395/282
f 71/395/124 23/395/64 18/395/54
f 71/395/124 18/395/54 59/395/102
