# Blender 5.1.1
# www.blender.org
mtllib REV_3.mtl
o REV_cube_3
v -7.500000 -7.000000 -3.500000
v -6.500000 -6.000000 -3.500000
v -7.476287 -6.216022 -3.548217
v -7.496066 -6.111598 -3.753180
v -7.479671 -6.735429 -3.649179
v -7.496468 -6.055265 -4.259424
v -7.469362 -6.654256 -3.667113
v -7.491070 -6.828768 -4.294120
v -7.490103 -6.439071 -3.973225
v -7.453282 -6.537796 -3.849818
v -7.468738 -6.070613 -4.107145
v -7.488747 -6.276083 -3.989784
v -7.469365 -6.321211 -3.538147
v -7.469810 -6.229630 -4.483692
v -7.474882 -6.198369 -3.753458
v -7.480475 -6.577041 -3.841614
v -7.472006 -6.188446 -4.192585
v -7.478536 -6.856676 -3.543526
v -7.481661 -6.097656 -3.976440
v -7.475893 -6.750066 -3.895893
v -7.455924 -6.535695 -3.931628
v -7.489134 -6.691919 -4.453404
v -7.455276 -6.147096 -4.354180
v -7.485510 -6.897207 -3.612893
v -7.486640 -6.983355 -4.439519
v -7.492133 -6.810174 -3.841701
v -7.430889 -6.373971 -4.341107
v -7.435598 -6.919528 -4.483344
v -7.474287 -6.363743 -4.485683
v -7.460763 -6.023904 -3.785514
v -7.489961 -6.697259 -4.367032
v -7.474755 -6.367720 -4.259461
v -7.468195 -6.826181 -3.810450
v -7.434124 -6.138997 -3.520458
v -7.454699 -6.265489 -3.754280
v -7.454413 -6.822522 -4.288848
v -7.468366 -6.737418 -4.310331
v -7.451466 -6.687317 -3.899876
v -7.457807 -6.273152 -4.163898
v -7.468812 -6.385384 -4.413773
v -7.474190 -6.333645 -3.754138
v -7.435793 -6.378848 -3.757860
v -7.435970 -6.224158 -4.141922
v -7.435312 -6.272852 -4.454965
v -7.456650 -6.333202 -3.994292
v -7.425921 -6.133319 -4.234463
v -7.434826 -6.143949 -3.793440
v -7.451493 -6.186844 -3.965522
v -7.430369 -6.186866 -4.413167
v -7.469591 -6.016767 -4.054000
v -7.455462 -6.467815 -3.783533
v -7.419435 -6.905733 -3.556010
v -7.435324 -6.767729 -3.877940
v -7.432021 -6.069015 -3.918137
v -7.431097 -6.083127 -3.825752
v -7.428298 -6.130131 -3.922740
v -7.410951 -6.287136 -4.128238
v -7.451226 -6.971254 -3.616241
v -7.381837 -6.786673 -3.622510
v -7.408687 -6.512533 -3.992099
v -7.415526 -6.880333 -4.319001
v -7.416770 -6.638952 -3.856270
v -7.405794 -6.851604 -3.756635
v -7.401279 -6.623331 -3.805434
v -7.392288 -6.591135 -3.863898
v -7.411139 -6.697382 -3.881650
v -7.409092 -6.214118 -3.805140
v -7.432644 -6.605312 -3.752160
v -7.416514 -6.261972 -3.963725
v -7.387546 -6.530385 -3.791073
v -7.392520 -6.203259 -3.503124
v -7.415318 -6.402876 -4.002432
v -7.385170 -6.132927 -4.294249
v -7.411544 -6.157463 -3.856858
v -7.382491 -6.583307 -3.959525
v -7.411634 -6.329897 -4.409628
v -7.419235 -6.938853 -4.412004
v -7.427262 -6.614487 -4.408973
v -7.388424 -6.240803 -3.834764
v -7.439576 -6.031396 -4.251427
v -7.411748 -6.662091 -4.323089
v -7.394982 -6.999379 -3.858798
v -7.384055 -6.147274 -4.160731
v -7.381968 -6.434470 -3.764276
v -7.393563 -6.220468 -3.896595
v -7.391577 -6.910624 -3.850291
v -7.345314 -6.173185 -4.340806
v -7.407179 -6.357131 -4.205462
v -7.374146 -6.852322 -3.679002
v -7.386534 -6.695457 -3.623492
v -7.371061 -6.335506 -3.788465
v -7.403121 -6.077950 -4.158123
v -7.358207 -6.207664 -4.088795
v -7.378999 -6.935977 -3.945714
v -7.378325 -6.878284 -4.469165
v -7.377775 -6.556376 -4.484712
v -7.396686 -6.780293 -4.295206
v -7.381448 -6.828523 -3.942950
v -7.353228 -6.650506 -3.820406
v -7.349700 -6.890347 -4.025782
v -7.372882 -6.260615 -3.904002
v -7.372075 -6.898420 -4.386416
v -7.388689 -6.051117 -4.065451
v -7.349218 -6.459087 -4.008803
v -7.363970 -6.364706 -3.981218
v -7.366203 -6.793171 -3.997775
v -7.393598 -6.624222 -3.704587
v -7.364386 -6.276801 -3.846869
v -7.363572 -6.343271 -4.156155
v -7.373569 -6.534346 -4.415814
v -7.357686 -6.879347 -3.797199
v -7.355936 -6.840242 -3.837451
v -7.355784 -6.996584 -3.941823
v -7.362091 -6.583816 -4.341455
v -7.359551 -6.256979 -4.382070
v -7.343790 -6.017100 -4.224149
v -7.343887 -6.059550 -4.081612
v -7.325398 -6.827264 -3.802850
v -7.366486 -6.977687 -3.579031
v -7.327518 -6.331251 -3.851242
v -7.351575 -6.325118 -4.336500
v -7.341127 -6.782826 -3.893270
v -7.316117 -6.647336 -3.886857
v -7.333699 -6.068305 -4.152170
v -7.333342 -6.982836 -3.709435
v -7.342051 -6.317022 -3.917534
v -7.320098 -6.117033 -4.179752
v -7.348593 -6.291565 -4.090489
v -7.292922 -6.599137 -3.800735
v -7.318204 -6.718699 -3.843902
v -7.317085 -6.501433 -4.363462
v -7.326560 -6.126312 -4.257324
v -7.287056 -6.780344 -4.483172
v -7.308367 -6.839207 -4.431294
v -7.322506 -6.843237 -3.630398
v -7.330896 -6.455052 -4.449892
v -7.310985 -6.724313 -3.953121
v -7.321017 -6.868430 -3.718422
v -7.298664 -6.283665 -4.329695
v -7.309344 -6.507708 -3.775572
v -7.327994 -6.730560 -4.067183
v -7.319536 -6.931282 -3.735821
v -7.294240 -6.346721 -4.200943
v -7.308505 -6.066683 -4.081890
v -7.304554 -6.631786 -3.970007
v -7.326093 -6.717681 -3.599677
v -7.322807 -6.676271 -4.303990
v -7.286870 -6.207335 -4.037805
v -7.301672 -6.785658 -4.157949
v -7.316671 -6.414258 -3.790838
v -7.299525 -6.342935 -4.132653
v -7.308538 -6.818873 -4.355371
v -7.296717 -6.945148 -3.512741
v -7.313141 -6.648357 -3.660571
v -7.286168 -6.951396 -4.013566
v -7.302178 -6.697959 -4.153112
v -7.303679 -6.151517 -4.095143
v -7.241996 -6.454413 -3.968749
v -7.289093 -6.841280 -3.797593
v -7.303464 -6.217923 -4.334488
v -7.263917 -6.771581 -4.223741
v -7.286283 -6.350543 -4.463428
v -7.254219 -6.205458 -4.295990
v -7.287845 -6.401362 -3.952676
v -7.271210 -6.469103 -3.790610
v -7.311326 -6.034209 -4.043088
v -7.274900 -6.419693 -4.385063
v -7.266611 -6.683619 -4.225420
v -7.284591 -6.783491 -3.588124
v -7.278757 -6.330458 -4.265396
v -7.302481 -6.160909 -4.292252
v -7.265213 -6.793108 -4.429756
v -7.270124 -6.578681 -4.321189
v -7.263259 -6.335601 -4.190020
v -7.241052 -6.691706 -3.894846
v -7.267423 -6.749741 -4.340982
v -7.274659 -6.813690 -3.809747
v -7.276509 -6.285132 -4.044896
v -7.271612 -6.397069 -3.864659
v -7.240902 -6.129179 -4.213733
v -7.253083 -6.628080 -4.008883
v -7.252560 -6.885107 -3.776150
v -7.249758 -6.683030 -3.797203
v -7.226475 -6.152057 -4.035643
v -7.239878 -6.851065 -4.163787
v -7.234618 -6.865939 -3.665010
v -7.239860 -6.678092 -3.965297
v -7.228905 -6.628939 -4.149518
v -7.259379 -6.674123 -4.008810
v -7.210549 -6.740457 -3.808599
v -7.253440 -6.763209 -3.879398
v -7.238389 -6.671606 -3.608525
v -7.252756 -6.337287 -4.094097
v -7.242924 -6.338966 -4.412917
v -7.228293 -6.720648 -3.578850
v -7.244874 -6.858085 -3.754678
v -7.197736 -6.778481 -3.566227
v -7.233310 -6.635822 -3.810023
v -7.248499 -6.981058 -3.538898
v -7.213170 -6.213250 -3.993957
v -7.237428 -6.826201 -3.827284
v -7.218516 -6.747950 -4.306798
v -7.238986 -6.484306 -4.344435
v -7.225312 -6.849399 -3.608875
v -7.206639 -6.563407 -3.789598
v -7.212577 -6.719851 -4.398744
v -7.221453 -6.278182 -4.435641
v -7.231389 -6.675893 -4.290485
v -7.242492 -6.962451 -3.717623
v -7.219197 -6.278893 -4.010821
v -7.217030 -6.854406 -3.806889
v -7.215301 -6.900679 -3.775696
v -7.198751 -6.638481 -4.067594
v -7.222172 -6.981246 -3.970698
v -7.204033 -6.820828 -4.235480
v -7.152691 -6.718001 -3.558527
v -7.210773 -6.620290 -4.229454
v -7.214354 -6.067200 -4.098319
v -7.217648 -6.715862 -3.941216
v -7.228555 -6.720493 -4.476165
v -7.236977 -6.114066 -4.098917
v -7.225733 -6.266253 -4.277472
v -7.225215 -6.053750 -4.045030
v -7.201820 -6.622128 -4.276503
v -7.195213 -6.965075 -3.742841
v -7.191612 -6.327080 -4.199654
v -7.190205 -6.498030 -3.998152
v -7.199796 -6.428056 -4.366498
v -7.152410 -6.175808 -4.220599
v -7.145400 -6.476984 -3.915972
v -7.192820 -6.559836 -4.346217
v -7.176705 -6.666935 -3.819039
v -7.162901 -6.110548 -4.140015
v -7.143583 -6.653893 -3.590958
v -7.187013 -6.484691 -3.825552
v -7.194469 -6.212982 -4.458201
v -7.169749 -6.749722 -4.383275
v -7.179850 -6.673412 -4.410820
v -7.146889 -6.604698 -4.180912
v -7.157125 -6.725772 -3.903582
v -7.168372 -6.610572 -4.383129
v -7.151504 -6.848386 -3.607894
v -7.184313 -6.810685 -3.874087
v -7.170394 -6.261314 -4.239994
v -7.167077 -6.921822 -3.831284
v -7.169753 -6.046865 -4.030704
v -7.182464 -6.667193 -4.371473
v -7.187730 -6.563513 -4.028826
v -7.146619 -6.107761 -4.054591
v -7.187807 -6.818490 -3.784595
v -7.164494 -6.923976 -3.939492
v -7.144078 -6.155094 -3.988277
v -7.161547 -6.771413 -3.930660
v -7.162356 -6.976254 -3.874762
v -7.192496 -6.052335 -4.165431
v -7.182477 -6.637758 -3.677459
v -7.176738 -6.018240 -4.189936
v -7.158640 -6.797023 -4.322721
v -7.155916 -6.879663 -3.896112
v -7.172251 -6.507586 -4.362154
v -7.154157 -6.341540 -4.396955
v -7.174133 -6.329710 -4.041925
v -7.130785 -6.859609 -3.690826
v -7.139246 -6.600324 -4.462516
v -7.147993 -6.853553 -3.926479
v -7.149382 -6.283868 -4.417063
v -7.146681 -6.958502 -4.065800
v -7.140380 -6.654209 -4.429317
v -7.143786 -6.567715 -4.392427
v -7.137785 -6.947475 -4.030190
v -7.127668 -6.743565 -4.459775
v -7.137684 -6.067379 -4.086801
v -7.133809 -6.997038 -4.129683
v -7.163998 -6.671348 -3.764210
v -7.142921 -6.693078 -4.019826
v -7.132012 -6.257596 -3.962956
v -7.128716 -6.471810 -4.389319
v -7.158063 -6.647964 -4.024372
v -7.140607 -6.614873 -4.131327
v -7.104200 -6.254005 -4.202137
v -7.113357 -6.826446 -4.084840
v -7.112948 -6.820908 -4.305017
v -7.123902 -6.326284 -4.157923
v -7.070677 -6.150035 -4.164457
v -7.173249 -6.347332 -4.116333
v -7.111998 -6.504529 -4.425224
v -7.132525 -6.604599 -4.342484
v -7.100857 -6.797348 -3.768647
v -7.116570 -6.631277 -3.697758
v -7.092000 -6.323600 -3.996666
v -7.086489 -6.523126 -3.991276
v -7.115162 -6.417957 -4.405104
v -7.095906 -6.914519 -4.132376
v -7.107838 -6.729383 -3.783833
v -7.096210 -6.597106 -3.795434
v -7.093728 -6.975904 -4.163869
v -7.122240 -6.588776 -4.245531
v -7.082012 -6.106184 -4.102451
v -7.123450 -6.520021 -3.826304
v -7.129101 -6.718432 -3.973699
v -7.098803 -6.948081 -3.977763
v -7.094040 -6.136404 -3.995989
v -7.119788 -6.831711 -4.191358
v -7.073787 -6.748743 -3.907847
v -7.107078 -6.770997 -4.023762
v -7.100592 -6.198216 -4.462171
v -7.103876 -6.528526 -4.463871
v -7.094460 -6.803020 -3.555491
v -7.056942 -6.180761 -3.937773
v -7.104180 -6.674000 -4.494546
v -7.091502 -6.668964 -3.758310
v -7.081038 -6.573225 -4.026892
v -7.099985 -6.663709 -4.090262
v -7.079220 -6.001441 -4.202318
v -7.082943 -6.807159 -4.462358
v -7.108104 -6.011221 -3.993097
v -7.032400 -6.263857 -3.927063
v -7.087211 -6.150030 -4.490846
v -7.115966 -6.796566 -4.389132
v -7.084414 -6.343915 -4.059002
v -7.083579 -6.615298 -3.676641
v -7.086024 -6.687456 -3.555581
v -7.081337 -6.105260 -4.030495
v -7.062059 -6.639187 -3.564141
v -7.065105 -6.868847 -4.041811
v -7.076152 -6.738435 -4.085877
v -7.098336 -6.059312 -4.148570
v -7.077756 -6.444069 -4.454850
v -7.079725 -6.990122 -4.040538
v -7.050627 -6.511137 -3.901664
v -7.074493 -6.347367 -4.444142
v -7.069832 -6.730862 -3.532277
v -7.048557 -6.837143 -3.693547
v -7.053152 -6.818110 -4.364655
v -7.067666 -6.647997 -4.145755
v -7.021481 -6.626369 -3.729180
v -7.039697 -6.736364 -3.983113
v -7.022651 -6.609884 -4.462278
v -7.056405 -6.725921 -3.841559
v -7.070948 -6.329935 -4.119820
v -7.055701 -6.723013 -4.124340
v -7.054601 -6.811285 -4.265365
v -7.033940 -6.590243 -3.643775
v -7.047616 -6.014288 -3.991740
v -7.067393 -6.066230 -4.058832
v -7.067813 -6.781689 -4.158439
v -7.049613 -6.838542 -4.144577
v -7.041285 -6.227449 -4.175211
v -7.053899 -6.587455 -4.308392
v -6.993103 -6.764271 -3.747836
v -7.050323 -6.835067 -3.602338
v -7.011628 -6.106041 -4.007896
v -7.037271 -6.909634 -4.193579
v -7.055285 -6.294641 -4.147326
v -7.030365 -6.318648 -3.968040
v -7.029620 -6.974844 -3.939143
v -7.025417 -6.335854 -4.086088
v -6.988647 -6.801713 -4.328825
v -7.005537 -6.106864 -4.080132
v -7.041813 -6.549407 -3.828206
v -7.048859 -6.659270 -4.033596
v -6.976460 -6.536016 -3.973316
v -7.041916 -6.709544 -3.770540
v -7.015597 -6.670712 -3.801228
v -7.033397 -6.786440 -3.548671
v -7.010529 -6.602485 -3.801579
v -7.005768 -6.836174 -4.425116
v -7.007035 -6.195865 -3.913525
v -6.994864 -6.790172 -4.076272
v -6.982108 -6.762805 -3.913815
v -7.003569 -6.918814 -3.972845
v -7.018440 -6.620749 -4.255051
v -6.980392 -6.612509 -3.545141
v -7.000435 -6.203331 -4.160905
v -6.999178 -6.852818 -4.488848
v -7.019706 -6.042828 -4.164480
v -7.013781 -6.072083 -4.119639
v -7.028031 -6.138258 -3.968647
v -6.989102 -6.315103 -3.950130
v -6.983674 -6.277211 -4.131018
v -6.972173 -6.560402 -3.843849
v -6.983996 -6.563013 -3.608539
v -6.963969 -6.667098 -3.759676
v -6.959464 -6.735908 -3.998822
v -6.977975 -6.727460 -4.268817
v -6.996772 -6.701258 -3.523592
v -6.988072 -6.603774 -4.381197
v -6.938244 -6.741044 -4.268341
v -6.991953 -6.580646 -4.022985
v -6.977280 -6.955266 -4.210575
v -6.912603 -6.673923 -3.797363
v -6.990397 -6.732828 -3.837240
v -6.965549 -6.569643 -3.679842
v -6.986259 -6.035625 -4.183939
v -6.984832 -6.065142 -4.041639
v -6.962303 -6.079957 -4.099569
v -6.971386 -6.880809 -4.235919
v -6.984101 -6.341523 -4.012722
v -6.922388 -6.637373 -4.440485
v -6.970024 -6.719405 -4.169868
v -6.899005 -6.607944 -3.800446
v -6.937241 -6.213160 -4.139884
v -6.933034 -6.256080 -3.895777
v -6.976721 -6.005013 -3.986565
v -6.964696 -6.636748 -4.319872
v -6.970617 -6.139255 -4.118765
v -6.966602 -6.812761 -3.678762
v -6.946070 -6.536787 -3.880155
v -6.940011 -6.983923 -4.198799
v -6.957899 -6.759332 -3.542614
v -6.938519 -6.796371 -4.375045
v -6.958960 -6.321101 -4.087827
v -6.913517 -6.665833 -4.035244
v -6.969521 -6.844289 -4.019586
v -6.952359 -6.886605 -3.993429
v -6.932434 -6.744012 -3.735848
v -6.918571 -6.829750 -4.278938
v -6.939632 -6.724714 -4.325571
v -6.876781 -6.092937 -4.121741
v -6.923831 -6.053272 -4.183128
v -6.925126 -6.116369 -4.032450
v -6.897798 -6.739014 -3.833637
v -6.895876 -6.587103 -4.019066
v -6.920231 -6.123316 -3.946294
v -6.935859 -6.981724 -3.983745
v -6.895776 -6.070899 -4.040369
v -6.917524 -6.765626 -3.921288
v -6.936998 -6.722864 -4.095036
v -6.874955 -6.615753 -3.753079
v -6.913722 -6.340837 -3.991343
v -6.924679 -6.783648 -4.042111
v -6.894782 -6.127646 -4.082366
v -6.909855 -6.791216 -3.659971
v -6.923529 -6.674381 -4.223075
v -6.906431 -6.010314 -3.990263
v -6.920000 -6.672981 -4.378078
v -6.902581 -6.725883 -4.008282
v -6.918628 -6.512917 -3.653975
v -6.920373 -6.313819 -3.941555
v -6.884284 -6.754631 -4.412704
v -6.895802 -6.304844 -4.088768
v -6.923270 -6.594946 -3.729020
v -6.890951 -6.531308 -3.707210
v -6.875894 -6.771805 -4.314610
v -6.899184 -6.907856 -4.236763
v -6.878848 -6.833996 -4.480615
v -6.878246 -6.703752 -4.433046
v -6.881882 -6.639969 -4.263977
v -6.837491 -6.739991 -3.678091
v -6.900853 -6.632659 -3.517127
v -6.877050 -6.483256 -3.683074
v -6.913167 -6.547742 -3.563102
v -6.847886 -6.108883 -3.951514
v -6.894365 -6.169613 -3.895720
v -6.888261 -6.552021 -3.849682
v -6.886223 -6.724347 -3.538527
v -6.864429 -6.462983 -3.612806
v -6.885875 -6.536250 -3.939987
v -6.861651 -6.246370 -3.878914
v -6.889758 -6.666357 -4.141706
v -6.837876 -6.021143 -3.999031
v -6.849729 -6.447745 -3.687241
v -6.872530 -6.697330 -4.319643
v -6.857155 -6.572888 -3.521461
v -6.872427 -6.933125 -4.035095
v -6.873598 -6.846047 -4.029895
v -6.836012 -6.110785 -4.039213
v -6.860747 -6.940747 -4.180594
v -6.840249 -6.715991 -4.081410
v -6.846304 -6.760024 -4.472946
v -6.870763 -6.764227 -3.596713
v -6.827511 -6.405914 -3.617487
v -6.828249 -6.677976 -4.024744
v -6.850138 -6.239037 -4.109197
v -6.837229 -6.333381 -4.033483
v -6.836361 -6.938667 -4.120463
v -6.858805 -6.069934 -4.188347
v -6.834111 -6.671092 -3.790878
v -6.858004 -6.675842 -3.743841
v -6.807495 -6.084999 -4.051928
v -6.778049 -6.554748 -3.818324
v -6.848835 -6.197654 -4.114900
v -6.847163 -6.614693 -4.193469
v -6.845871 -6.331863 -3.953933
v -6.842258 -6.006090 -4.232182
v -6.846450 -6.764009 -3.893984
v -6.811577 -6.484619 -3.741434
v -6.811387 -6.384853 -3.697057
v -6.809672 -6.871366 -4.222836
v -6.800091 -6.894090 -4.167511
v -6.824810 -6.099833 -4.117831
v -6.813025 -6.617326 -4.326154
v -6.834836 -6.556046 -3.740166
v -6.804729 -6.321764 -4.052465
v -6.820568 -6.676693 -3.535218
v -6.812174 -6.872405 -4.086662
v -6.780760 -6.102241 -4.013107
v -6.833769 -6.837996 -4.283652
v -6.802988 -6.272560 -4.090394
v -6.813375 -6.795257 -4.067387
v -6.815775 -6.750223 -3.964750
v -6.814879 -6.155591 -4.082732
v -6.812132 -6.467782 -3.540718
v -6.772998 -6.604202 -4.366135
v -6.778503 -6.246711 -4.476224
v -6.787123 -6.091397 -3.712596
v -6.782720 -6.318499 -3.713984
v -6.782876 -6.045782 -3.790766
v -6.765908 -6.098082 -4.199894
v -6.806852 -6.013980 -3.705632
v -6.801090 -6.565361 -3.514338
v -6.799244 -6.636879 -4.148258
v -6.792770 -6.326188 -3.645302
v -6.803863 -6.528420 -3.907406
v -6.769252 -6.678630 -3.685735
v -6.805857 -6.724566 -3.815002
v -6.774248 -6.407187 -3.749429
v -6.743934 -6.122133 -4.128487
v -6.779427 -6.319225 -4.061058
v -6.777837 -6.409649 -3.550685
v -6.792529 -6.709294 -3.594832
v -6.796777 -6.773159 -4.332649
v -6.798662 -6.157093 -3.887650
v -6.793959 -6.571696 -4.283767
v -6.774378 -6.755621 -3.869447
v -6.721688 -6.241343 -4.098982
v -6.773877 -6.196135 -3.701515
v -6.749665 -6.109295 -3.939243
v -6.750312 -6.031460 -4.013898
v -6.747900 -6.220628 -3.864181
v -6.768129 -6.757704 -3.930793
v -6.765129 -6.631522 -3.783267
v -6.770477 -6.336051 -4.011572
v -6.764777 -6.081894 -3.652542
v -6.775935 -6.265993 -3.668699
v -6.759741 -6.378288 -3.555362
v -6.739455 -6.828737 -4.201099
v -6.755840 -6.146502 -3.638557
v -6.753552 -6.296560 -3.590289
v -6.779971 -6.306714 -4.474825
v -6.751232 -6.223526 -3.616894
v -6.767029 -6.673320 -4.119994
v -6.748829 -6.344796 -3.758507
v -6.760913 -6.618625 -3.535142
v -6.732197 -6.186361 -4.492138
v -6.763713 -6.038043 -4.247064
v -6.777431 -6.694238 -4.380746
v -6.757076 -6.749719 -4.107396
v -6.763124 -6.574930 -4.212232
v -6.750606 -6.050948 -3.831522
v -6.740921 -6.094518 -4.059497
v -6.742975 -6.279282 -3.761173
v -6.738327 -6.229093 -4.441257
v -6.746529 -6.491725 -3.520904
v -6.737339 -6.543670 -4.305725
v -6.772937 -6.197744 -4.097946
v -6.714932 -6.538267 -3.970313
v -6.708984 -6.706574 -3.798909
v -6.728726 -6.374652 -4.461321
v -6.745903 -6.703760 -3.995093
v -6.673261 -6.723453 -3.946190
v -6.774398 -6.277444 -3.889138
v -6.736108 -6.812179 -4.268661
v -6.717905 -6.453220 -3.770239
v -6.722186 -6.115745 -3.821342
v -6.753078 -6.509567 -3.756110
v -6.663564 -6.103127 -3.999213
v -6.718575 -6.311646 -4.388416
v -6.724419 -6.649330 -4.421915
v -6.729078 -6.513268 -3.883351
v -6.731202 -6.142558 -4.075603
v -6.658875 -6.650393 -4.003891
v -6.706667 -6.767064 -4.163265
v -6.683963 -6.122386 -4.228839
v -6.679757 -6.392856 -4.392093
v -6.694842 -6.226324 -4.392370
v -6.697343 -6.555981 -3.728779
v -6.694242 -6.368657 -3.783436
v -6.691937 -6.607097 -3.681319
v -6.710071 -6.404062 -3.533282
v -6.686236 -6.274898 -3.562330
v -6.669099 -6.110816 -4.076777
v -6.669133 -6.586524 -4.001943
v -6.691327 -6.609842 -4.443714
v -6.711224 -6.633081 -3.594078
v -6.695121 -6.002181 -3.860856
v -6.712072 -6.323153 -4.051176
v -6.704300 -6.764140 -4.347467
v -6.713084 -6.614261 -4.177369
v -6.674909 -6.740215 -3.860018
v -6.663692 -6.041288 -4.034359
v -6.705785 -6.154412 -3.882010
v -6.681277 -6.111238 -3.933304
v -6.702075 -6.612565 -3.768524
v -6.680868 -6.141564 -4.153226
v -6.680331 -6.535887 -4.265965
v -6.677614 -6.717124 -4.414626
v -6.666361 -6.269517 -3.804003
v -6.691402 -6.543920 -3.544997
v -6.695193 -6.553769 -4.401042
v -6.691994 -6.400988 -4.463416
v -6.673769 -6.257025 -4.341189
v -6.653744 -6.486804 -3.859217
v -6.671957 -6.342787 -3.546426
v -6.689913 -6.535882 -3.794209
v -6.674770 -6.341928 -3.981971
v -6.695160 -6.172664 -3.591877
v -6.686471 -6.065691 -4.272161
v -6.677473 -6.766564 -4.215423
v -6.657638 -6.358256 -4.295621
v -6.641360 -6.664620 -4.469360
v -6.692424 -6.020513 -3.617399
v -6.649860 -6.174430 -4.485917
v -6.655857 -6.107967 -3.838224
v -6.653633 -6.492137 -3.742527
v -6.639160 -6.504221 -3.944926
v -6.690845 -6.097766 -3.603046
v -6.623024 -6.607062 -4.215066
v -6.683807 -6.696093 -4.169859
v -6.630358 -6.331856 -4.037766
v -6.649809 -6.207131 -3.571989
v -6.648442 -6.521667 -4.325881
v -6.636481 -6.541965 -3.676008
v -6.622686 -6.191487 -4.404232
v -6.624175 -6.235242 -4.102165
v -6.656021 -6.533508 -4.371959
v -6.656140 -6.565493 -3.603364
v -6.651214 -6.469426 -3.550488
v -6.595168 -6.172917 -4.192886
v -6.618950 -6.224342 -3.859982
v -6.617772 -6.161160 -3.878078
v -6.632508 -6.411347 -3.764086
v -6.608245 -6.402129 -4.226331
v -6.627177 -6.002899 -3.625574
v -6.621270 -6.301715 -4.262620
v -6.646100 -6.763453 -4.282917
v -6.611595 -6.578277 -3.743529
v -6.637419 -6.136825 -3.586218
v -6.669026 -6.177301 -3.820693
v -6.571343 -6.107146 -3.986923
v -6.627278 -6.142307 -4.254725
v -6.640989 -6.007732 -4.290770
v -6.645709 -6.291176 -4.078218
v -6.625617 -6.088802 -4.300720
v -6.636549 -6.611341 -4.481853
v -6.605017 -6.153251 -4.073968
v -6.610842 -6.330391 -3.780288
v -6.639481 -6.307739 -3.899316
v -6.598983 -6.057512 -3.816854
v -6.618016 -6.405274 -3.565787
v -6.592756 -6.692903 -4.233014
v -6.590612 -6.740849 -4.296329
v -6.604390 -6.238445 -4.302787
v -6.612973 -6.501163 -3.615796
v -6.618400 -6.539981 -4.452734
v -6.621697 -6.669452 -3.773439
v -6.582674 -6.449770 -3.831239
v -6.595459 -6.222960 -3.800188
v -6.590965 -6.445263 -3.701663
v -6.588905 -6.488903 -3.761804
v -6.622931 -6.433911 -4.325737
v -6.614487 -6.435712 -4.413888
v -6.553150 -6.613887 -4.251470
v -6.589432 -6.363466 -3.579452
v -6.588766 -6.297997 -3.578593
v -6.600001 -6.329921 -4.224515
v -6.589145 -6.095119 -4.081299
v -6.560579 -6.459907 -3.914963
v -6.580405 -6.506945 -4.368770
v -6.576714 -6.027572 -3.556971
v -6.546826 -6.276977 -4.232737
v -6.573077 -6.545795 -4.280650
v -6.591690 -6.712176 -3.847605
v -6.581398 -6.470641 -4.271104
v -6.542708 -6.208382 -4.400898
v -6.579815 -6.433931 -3.630559
v -6.574449 -6.182877 -3.604041
v -6.549193 -6.307687 -3.889127
v -6.564580 -6.367738 -3.718671
v -6.562694 -6.047886 -3.674235
v -6.605763 -6.744898 -4.364306
v -6.564235 -6.458903 -4.182816
v -6.568429 -6.123737 -3.623074
v -6.567957 -6.118507 -3.517014
v -6.591992 -6.118683 -3.934310
v -6.563665 -6.342370 -3.976031
v -6.593548 -6.723459 -4.439012
v -6.584517 -6.698748 -3.934197
v -6.566229 -6.543489 -4.498610
v -6.586012 -6.134867 -3.805645
v -6.553394 -6.040372 -4.074111
v -6.545144 -6.475799 -4.355679
v -6.561120 -6.490046 -4.206495
v -6.561882 -6.278677 -3.619003
v -6.577534 -6.410708 -4.482182
v -6.560074 -6.236588 -4.103789
v -6.563675 -6.001319 -3.627094
v -6.578670 -6.554329 -3.978451
v -6.534175 -6.170353 -3.878963
v -6.572508 -6.172721 -4.277635
v -6.594334 -6.707970 -3.889802
v -6.527390 -6.242204 -3.863238
v -6.548406 -6.286828 -3.731477
v -6.550181 -6.388738 -4.145125
v -6.549920 -6.068273 -3.600466
v -6.555361 -6.356837 -3.641410
v -6.568961 -6.635022 -3.976461
v -6.556293 -6.213078 -4.466096
v -6.567966 -6.034198 -4.328781
v -6.556783 -6.044955 -3.764458
v -6.545267 -6.704889 -4.496902
v -6.544625 -6.733428 -4.343403
v -6.543601 -6.108529 -3.752726
v -6.541051 -6.205592 -3.742820
v -6.539916 -6.429064 -4.438970
v -6.539275 -6.146636 -3.749603
v -6.529305 -6.468374 -4.105888
v -6.542206 -6.131666 -3.672025
v -6.538816 -6.272326 -3.653280
v -6.534132 -6.192064 -3.667871
v -6.533639 -6.533887 -4.311117
v -6.558554 -6.105117 -4.341347
v -6.530468 -6.677498 -3.919827
v -6.509167 -6.208167 -4.226401
v -6.527951 -6.340268 -4.042060
v -6.539694 -6.523454 -3.718702
v -6.506954 -6.181712 -4.360250
v -6.537530 -6.637311 -3.753511
v -6.570657 -6.293650 -4.077741
v -6.516144 -6.318212 -4.170405
v -6.513617 -6.208644 -4.297604
v -6.512580 -6.529576 -3.956729
v -6.524417 -6.530155 -4.165030
v -6.506587 -6.569778 -3.716357
v -6.505798 -6.376575 -4.469812
v -6.526519 -6.156621 -3.567773
v -6.505227 -6.734724 -4.422884
v -6.503388 -6.119726 -4.384079
v -6.500292 -6.529742 -4.262476
v -6.500839 -6.025982 -3.663083
v -6.504386 -6.121996 -3.954390
v -6.515350 -6.511207 -4.452632
v -7.448983 -6.811197 -3.681211
v -7.469355 -6.946929 -4.346283
v -7.372792 -6.360631 -4.254252
v -7.390281 -6.792673 -3.847775
v -7.373667 -6.975835 -3.772044
v -7.362104 -6.826400 -4.325411
v -7.281397 -6.534051 -4.014596
v -7.260078 -6.051732 -4.171079
v -7.221201 -6.648243 -4.337800
v -7.061482 -6.613472 -4.210006
v -7.024285 -6.677597 -4.192550
v -7.024592 -6.745519 -4.199625
v -6.994961 -6.817814 -4.221025
v -6.994564 -6.757877 -4.170537
v -6.942158 -6.799609 -3.596724
v -6.832462 -6.597696 -3.802694
v -6.743783 -6.328590 -3.930820
v -6.750952 -6.146382 -3.780484
v -6.668360 -6.149770 -4.073644
v -6.683394 -6.222233 -3.863015
v -6.580813 -6.146347 -4.120907
v -6.595354 -6.062255 -3.622673
v -6.516509 -6.670305 -4.282868
v -6.518266 -6.405787 -3.781541
v -6.532541 -6.000030 -4.104623
v -7.415917 -6.632082 -4.488362
v -7.359646 -6.728374 -4.300189
v -7.203632 -6.191272 -4.257583
v -7.056305 -6.288063 -4.478930
v -6.783343 -6.604088 -3.746536
v -6.750925 -6.810170 -4.133782
v -6.528853 -6.151380 -4.062603
v -7.487410 -6.824203 -3.741539
v -6.911320 -6.813425 -4.429691
v -7.336430 -6.645446 -3.751828
v -7.265564 -6.887997 -4.086678
v -7.276682 -6.662773 -4.087298
v -7.241440 -6.643016 -3.716815
v -7.115694 -6.694444 -3.831424
v -7.182868 -6.904631 -4.036032
v -7.085472 -6.607121 -4.409638
v -7.321733 -6.831419 -4.091565
v -7.134823 -6.847556 -3.985200
v -7.226589 -6.436289 -3.887376
v -7.185879 -6.864123 -4.139729
v -6.725700 -6.214224 -3.785384
v -6.792786 -6.563571 -3.993906
v -7.353328 -6.541370 -4.003345
v -6.981207 -6.663313 -4.035853
v -6.780494 -6.611764 -4.014942
v -6.541730 -6.683194 -3.817504
v -7.500000 -6.989933 -3.621426
v -7.500000 -7.000000 -3.618818
v -7.500000 -6.989603 -4.429160
v -7.500000 -6.989604 -4.445113
v -7.500000 -6.973357 -4.470597
v -7.500000 -6.908605 -4.315843
v -7.500000 -6.950551 -4.340018
v -7.500000 -6.971678 -4.361715
v -7.500000 -6.947179 -3.639290
v -7.500000 -6.904471 -3.624675
v -7.500000 -6.849295 -3.527055
v -7.500000 -6.853673 -3.571587
v -7.500000 -6.844471 -3.550483
v -7.500000 -6.820873 -3.748809
v -7.500000 -6.818979 -3.797626
v -7.500000 -6.813296 -3.733721
v -7.500000 -6.821979 -4.300340
v -7.500000 -6.830111 -4.295291
v -7.500000 -6.848701 -4.295705
v -7.500000 -6.738296 -3.906933
v -7.500000 -6.703677 -3.913966
v -7.500000 -6.753334 -3.892725
v -7.500000 -6.809837 -3.832947
v -7.500000 -6.806237 -3.845165
v -7.500000 -6.745992 -3.665227
v -7.500000 -6.790718 -3.692663
v -7.500000 -6.724517 -3.657832
v -7.500000 -6.885951 -4.302182
v -7.500000 -6.869406 -4.296042
v -7.500000 -6.886638 -3.619438
v -7.500000 -6.856822 -3.500000
v -7.500000 -6.572227 -3.792130
v -7.500000 -6.574469 -3.763473
v -7.500000 -6.591377 -3.740019
v -7.500000 -6.641773 -3.917862
v -7.500000 -6.639176 -3.916875
v -7.500000 -6.631490 -3.909317
v -7.500000 -6.633505 -3.685077
v -7.500000 -6.668316 -3.672301
v -7.500000 -6.489682 -3.911614
v -7.500000 -6.489477 -3.885685
v -7.500000 -6.563726 -3.858084
v -7.500000 -6.395851 -3.775509
v -7.500000 -6.459532 -3.817379
v -7.500000 -6.416614 -3.780533
v -7.500000 -6.484224 -3.841491
v -7.500000 -6.563702 -3.840582
v -7.500000 -6.324193 -3.561210
v -7.500000 -6.310843 -3.752344
v -7.500000 -6.301819 -3.562128
v -7.500000 -6.351875 -3.558750
v -7.500000 -6.331634 -3.762223
v -7.500000 -6.375775 -3.770333
v -7.500000 -6.362992 -3.544430
v -7.500000 -6.381524 -3.512200
v -7.500000 -6.384506 -3.500000
v -7.500000 -6.248670 -3.564580
v -7.500000 -6.262232 -3.752116
v -7.500000 -6.290480 -3.752055
v -7.500000 -6.104152 -3.500000
v -7.500000 -6.119475 -3.506447
v -7.500000 -6.168577 -3.533446
v -7.500000 -6.202630 -3.544845
v -7.500000 -6.953750 -4.500000
v -7.500000 -6.955290 -4.499384
v -7.500000 -6.763303 -4.500000
v -7.500000 -6.748515 -4.322002
v -7.500000 -6.448121 -3.950566
v -7.500000 -6.427878 -3.968163
v -7.500000 -6.405346 -3.976852
v -7.500000 -6.388852 -4.467257
v -7.500000 -6.401103 -4.432836
v -7.500000 -6.699783 -4.445734
v -7.500000 -6.703855 -4.372068
v -7.500000 -6.705801 -4.459507
v -7.500000 -6.707072 -4.364312
v -7.500000 -6.356031 -4.263829
v -7.500000 -6.375761 -4.292352
v -7.500000 -6.381094 -4.328949
v -7.500000 -6.244027 -3.988928
v -7.500000 -6.273618 -3.985964
v -7.500000 -6.285084 -3.986278
v -7.500000 -6.305459 -4.215703
v -7.500000 -6.321113 -4.230817
v -7.500000 -6.265351 -4.209645
v -7.500000 -6.292992 -4.205169
v -7.500000 -6.312678 -3.986282
v -7.500000 -6.364274 -3.984842
v -7.500000 -6.351922 -3.984951
v -7.500000 -6.380916 -4.500000
v -7.500000 -6.383670 -4.493784
v -7.500000 -6.387669 -4.388586
v -7.500000 -6.387041 -4.381076
v -7.500000 -6.214594 -4.481425
v -7.500000 -6.224360 -4.500000
v -7.500000 -6.198117 -4.462162
v -7.500000 -6.093589 -3.979884
v -7.500000 -6.096951 -3.753803
v -7.500000 -6.111089 -3.753593
v -7.500000 -6.132596 -3.981138
v -7.500000 -6.117029 -3.753201
v -7.500000 -6.155539 -4.292043
v -7.500000 -6.154881 -4.279218
v -7.500000 -6.162675 -4.266191
v -7.500000 -6.202153 -4.212430
v -7.500000 -6.087462 -4.182688
v -7.500000 -6.180377 -3.980100
v -7.500000 -6.199747 -3.753482
v -7.500000 -6.087108 -4.180952
v -7.500000 -6.086788 -4.183819
v -7.500000 -6.081437 -4.197373
v -7.500000 -6.075143 -4.120913
v -7.500000 -6.057046 -4.257153
v -7.500000 -6.056355 -4.259828
v -7.500000 -6.054817 -4.261327
v -7.500000 -6.046681 -4.265886
v -7.500000 -6.048141 -4.094135
v -7.500000 -6.014601 -4.284897
v -7.500000 -6.000000 -4.289598
v -7.500000 -6.000000 -4.063235
v -7.500000 -6.000000 -3.997237
v -7.500000 -6.020177 -4.064744
v -7.500000 -6.000000 -3.770068
v -7.500000 -6.023323 -3.766546
v -7.500000 -6.178230 -4.438787
v -7.500000 -6.166276 -4.416577
v -7.500000 -6.154520 -4.358910
v -7.497461 -6.000000 -3.996865
v -7.484823 -6.000000 -4.058000
v -7.456464 -6.000000 -4.047752
v -7.465147 -6.000000 -4.273410
v -7.475686 -6.000000 -3.781877
v -7.455300 -6.000000 -3.793601
v -7.427942 -6.000000 -3.854691
v -7.424503 -6.000000 -3.864669
v -7.424426 -6.000000 -3.861396
v -7.436312 -6.000000 -3.947660
v -7.448514 -6.000000 -3.964404
v -7.340053 -6.000000 -4.023923
v -7.336616 -6.000000 -4.228605
v -7.315107 -6.000000 -4.226082
v -7.360765 -6.000000 -4.236607
v -7.407458 -6.000000 -4.047139
v -7.364467 -6.000000 -4.027361
v -7.428399 -6.000000 -4.259787
v -7.278596 -6.000000 -4.008972
v -7.209795 -6.000000 -3.995930
v -7.190586 -6.000000 -3.993603
v -7.262045 -6.000000 -4.006201
v -7.253536 -6.000000 -4.204738
v -7.212993 -6.000000 -3.996411
v -7.037523 -6.000000 -3.989286
v -6.817559 -6.000000 -3.777220
v -7.054005 -6.000000 -3.990185
v -7.105439 -6.000000 -3.991656
v -7.116779 -6.000000 -3.990964
v -6.776029 -6.000000 -3.649116
v -6.798118 -6.000000 -3.686847
v -6.728724 -6.000000 -3.630041
v -6.809815 -6.000000 -3.699852
v -6.817479 -6.000000 -3.725042
v -6.630466 -6.000000 -3.625752
v -6.695827 -6.000000 -3.620314
v -6.580603 -6.000000 -3.563734
v -6.560273 -6.000000 -3.500000
v -7.199334 -6.000000 -4.202727
v -7.077863 -6.000000 -4.202401
v -7.080324 -6.000000 -4.202417
v -7.085127 -6.000000 -4.203272
v -7.177170 -6.000000 -4.202576
v -7.015563 -6.000000 -4.194232
v -6.981782 -6.000000 -4.195297
v -6.931612 -6.000000 -4.210266
v -6.908263 -6.000000 -3.989493
v -6.971881 -6.000000 -3.986464
v -6.978351 -6.000000 -3.985992
v -6.843489 -6.000000 -4.231045
v -6.855557 -6.000000 -4.230623
v -6.835321 -6.000000 -4.233043
v -6.828378 -6.000000 -3.997981
v -6.804305 -6.000000 -3.809819
v -6.887954 -6.000000 -3.991302
v -6.774423 -6.000000 -4.006381
v -6.770108 -6.000000 -4.244048
v -6.727114 -6.000000 -4.018525
v -6.699852 -6.000000 -3.860552
v -6.748523 -6.000000 -3.849650
v -6.759072 -6.000000 -3.835817
v -6.906779 -6.000000 -4.213659
v -6.694183 -6.000000 -3.860488
v -6.684218 -6.000000 -4.028536
v -6.677991 -6.000000 -3.852792
v -6.613014 -6.000000 -3.822355
v -6.622066 -6.000000 -4.054909
v -6.591455 -6.000000 -4.065907
v -6.606159 -6.000000 -3.814237
v -6.654416 -6.000000 -4.283891
v -6.633574 -6.000000 -4.287443
v -6.586434 -6.000000 -3.669860
v -6.626224 -6.000000 -3.627834
v -6.564394 -6.000000 -3.625391
v -6.564019 -6.000000 -3.627513
v -6.562183 -6.000000 -3.629112
v -6.508789 -6.000000 -4.317049
v -6.500000 -6.000000 -4.317027
v -6.536360 -6.000000 -4.308527
v -6.500000 -6.000000 -4.130132
v -6.532681 -6.000000 -4.104543
v -6.532562 -6.000000 -4.104633
v -6.532506 -6.000000 -4.104671
v -6.500000 -6.000000 -3.675362
v -6.505002 -6.000000 -3.675578
v -6.569839 -6.000000 -3.739364
v -6.572025 -6.000000 -3.709662
v -6.585374 -6.000000 -4.300483
v -6.575099 -6.000000 -3.779982
v -6.727358 -6.000000 -4.254494
v -6.697088 -6.000000 -4.263399
v -6.500000 -6.634232 -3.767701
v -6.500000 -6.659962 -3.804757
v -6.500000 -6.570150 -3.716973
v -6.500000 -6.576279 -3.724141
v -6.500000 -6.563135 -3.713260
v -6.500000 -6.449885 -3.716327
v -6.500000 -6.453718 -3.715103
v -6.500000 -6.442728 -3.724000
v -6.500000 -6.414241 -3.885218
v -6.500000 -6.411696 -3.876238
v -6.500000 -6.456213 -3.917943
v -6.500000 -6.518996 -3.705940
v -6.500000 -6.536049 -3.950389
v -6.500000 -6.529278 -3.952729
v -6.500000 -6.515809 -3.950291
v -6.500000 -6.353201 -3.976380
v -6.500000 -6.352456 -4.008463
v -6.500000 -6.334679 -3.933006
v -6.500000 -6.319086 -4.065971
v -6.500000 -6.301669 -4.081896
v -6.500000 -6.287122 -4.088244
v -6.500000 -6.297788 -4.200806
v -6.500000 -6.317401 -4.171378
v -6.500000 -6.337213 -4.152709
v -6.500000 -6.349023 -4.029624
v -6.500000 -6.277328 -3.878677
v -6.500000 -6.318408 -3.895461
v -6.500000 -6.391086 -3.781605
v -6.500000 -6.407085 -3.848949
v -6.500000 -6.392328 -3.763767
v -6.500000 -6.257967 -3.530492
v -6.500000 -6.311969 -3.500000
v -6.500000 -6.189797 -4.186168
v -6.500000 -6.185782 -4.178220
v -6.500000 -6.216991 -4.102589
v -6.500000 -6.125442 -3.968864
v -6.500000 -6.122622 -3.954961
v -6.500000 -6.126546 -3.948606
v -6.500000 -6.178599 -4.081832
v -6.500000 -6.185135 -4.176637
v -6.500000 -6.122957 -4.119252
v -6.500000 -6.148550 -4.058695
v -6.500000 -6.216713 -3.872576
v -6.500000 -6.171945 -3.882907
v -6.500000 -6.026114 -3.663027
v -6.500000 -6.025456 -3.663296
v -6.500000 -6.036110 -3.658024
v -6.500000 -6.017273 -4.334929
v -6.500000 -6.028372 -4.110067
v -6.500000 -6.103625 -4.379282
v -6.500000 -6.053800 -4.357527
v -6.500000 -6.041209 -4.355942
v -6.500000 -6.104742 -4.110662
v -6.500000 -6.046977 -4.101474
v -6.500000 -6.105318 -3.618933
v -6.500000 -6.118610 -3.611189
v -6.500000 -6.211292 -4.228812
v -6.500000 -6.116507 -4.114469
v -6.500000 -6.245061 -3.865973
v -6.500000 -6.162011 -3.583866
v -6.500000 -6.223135 -3.552255
v -6.500000 -6.244570 -3.534727
v -6.500000 -6.734576 -4.424467
v -6.500000 -6.721556 -4.363304
v -6.500000 -6.712422 -4.500000
v -6.500000 -6.717409 -4.351304
v -6.500000 -6.719846 -4.354315
v -6.500000 -6.621325 -3.942180
v -6.500000 -6.624683 -3.942295
v -6.500000 -6.604271 -3.944021
v -6.500000 -6.629467 -3.938571
v -6.500000 -6.664819 -3.893815
v -6.500000 -6.665261 -3.844752
v -6.500000 -6.610713 -4.290566
v -6.500000 -6.665312 -4.294006
v -6.500000 -6.543658 -4.177804
v -6.500000 -6.550711 -4.167395
v -6.500000 -6.540743 -4.195792
v -6.500000 -6.529963 -4.262259
v -6.500000 -6.529771 -4.262489
v -6.500000 -6.532234 -4.226637
v -6.500000 -6.510260 -4.458325
v -6.500000 -6.511141 -4.435462
v -6.500000 -6.524625 -4.500000
v -6.500000 -6.529118 -4.263587
v -6.500000 -6.582538 -4.295717
v -6.500000 -6.538704 -4.326955
v -6.500000 -6.587423 -4.292278
v -6.500000 -6.531652 -4.084669
v -6.500000 -6.563046 -4.111619
v -6.500000 -6.522173 -4.356398
v -6.500000 -6.592807 -4.289208
v -6.500000 -6.458541 -4.388152
v -6.500000 -6.476353 -4.356486
v -6.500000 -6.509846 -4.390793
v -6.500000 -6.452564 -4.078015
v -6.500000 -6.438088 -4.104635
v -6.500000 -6.389884 -4.122898
v -6.500000 -6.422875 -4.412816
v -6.500000 -6.382571 -4.458241
v -6.500000 -6.374962 -4.463957
v -6.500000 -6.364133 -4.466135
v -6.500000 -6.322806 -4.481303
v -6.500000 -6.273283 -4.265539
v -6.500000 -6.281062 -4.234738
v -6.500000 -6.267112 -4.456040
v -6.500000 -6.248155 -4.427552
v -6.500000 -6.243801 -4.409057
v -6.500000 -6.239177 -4.336195
v -6.500000 -6.242434 -4.327825
v -6.500000 -6.244955 -4.374512
v -6.500000 -6.245793 -4.320073
v -6.500000 -6.217285 -4.301737
v -6.500000 -6.119925 -4.386936
v -6.500000 -6.117515 -4.384553
v -6.500000 -6.128129 -4.385180
v -6.500000 -6.208189 -4.326932
v -6.500000 -6.186267 -4.366572
v -6.500000 -6.212986 -4.290317
v -6.500000 -6.293447 -4.476786
v -6.500000 -6.508717 -4.056605
v -7.379735 -7.000000 -3.580848
v -7.359687 -7.000000 -3.578429
v -7.322949 -7.000000 -3.574854
v -7.281064 -7.000000 -3.693308
v -7.276137 -7.000000 -3.549427
v -7.254921 -7.000000 -3.550734
v -7.222056 -7.000000 -3.700596
v -7.219387 -7.000000 -3.549211
v -7.159540 -7.000000 -3.787442
v -7.185612 -7.000000 -3.730437
v -7.203598 -7.000000 -3.720335
v -7.166994 -7.000000 -3.509416
v -6.985804 -7.000000 -3.948985
v -6.995063 -7.000000 -3.944820
v -7.015584 -7.000000 -3.973089
v -7.157056 -7.000000 -3.792376
v -7.157293 -7.000000 -3.799771
v -7.147416 -7.000000 -3.500000
v -6.893672 -7.000000 -4.056782
v -6.907135 -7.000000 -4.035880
v -6.896739 -7.000000 -4.050006
v -6.937917 -7.000000 -3.985216
v -6.969354 -7.000000 -3.957947
v -7.150025 -7.000000 -3.503227
v -7.454661 -7.000000 -3.609500
v -7.411375 -7.000000 -3.591427
v -7.394761 -7.000000 -3.858827
v -7.394361 -7.000000 -3.859403
v -7.394923 -7.000000 -3.858350
v -7.376709 -7.000000 -3.778117
v -7.242754 -7.000000 -3.964388
v -7.228873 -7.000000 -3.960395
v -7.204191 -7.000000 -3.934245
v -7.274565 -7.000000 -3.975181
v -7.344880 -7.000000 -3.943649
v -7.338437 -7.000000 -3.709615
v -7.368079 -7.000000 -3.753433
v -7.317588 -7.000000 -3.695927
v -7.355092 -7.000000 -3.939588
v -7.160169 -7.000000 -3.862814
v -7.178874 -7.000000 -3.892845
v -7.054436 -7.000000 -4.178607
v -7.071440 -7.000000 -4.050047
v -7.086475 -7.000000 -4.164110
v -7.127862 -7.000000 -4.127766
v -7.130549 -7.000000 -4.131466
v -6.971483 -7.000000 -4.188345
v -7.018025 -7.000000 -4.192999
v -6.949316 -7.000000 -4.189974
v -7.031922 -7.000000 -4.188220
v -6.888431 -7.000000 -4.127770
v -6.894095 -7.000000 -4.142765
v -6.924424 -7.000000 -4.168021
v -7.059095 -7.000000 -4.033038
v -7.185326 -7.000000 -3.910363
v -7.219196 -6.197000 -4.500000
v -7.169780 -6.126223 -4.500000
v -7.170596 -6.126281 -4.500000
v -7.167423 -6.126452 -4.500000
v -7.081308 -6.139039 -4.500000
v -7.090157 -6.130742 -4.500000
v -7.079327 -6.149209 -4.500000
v -7.064652 -6.404682 -4.500000
v -7.062313 -6.365738 -4.500000
v -7.073164 -6.162576 -4.500000
v -7.044031 -6.253998 -4.500000
v -6.798958 -6.292067 -4.500000
v -6.797317 -6.253569 -4.500000
v -7.047896 -6.290276 -4.500000
v -7.059471 -6.201700 -4.500000
v -6.776972 -6.332856 -4.500000
v -6.793478 -6.318091 -4.500000
v -6.748765 -6.376596 -4.500000
v -6.696861 -6.392054 -4.500000
v -6.780756 -6.230818 -4.500000
v -6.730269 -6.184722 -4.500000
v -6.738471 -6.186855 -4.500000
v -7.055887 -6.322860 -4.500000
v -6.647309 -6.176710 -4.500000
v -6.659622 -6.173578 -4.500000
v -6.629344 -6.186279 -4.500000
v -6.563256 -6.543089 -4.500000
v -6.564884 -6.544630 -4.500000
v -6.566989 -6.547796 -4.500000
v -6.603585 -6.632841 -4.500000
v -6.609211 -6.611422 -4.500000
v -6.683413 -6.401810 -4.500000
v -6.621609 -6.407031 -4.500000
v -6.584803 -6.403612 -4.500000
v -6.556172 -6.375510 -4.500000
v -6.565067 -6.215322 -4.500000
v -6.521188 -6.274034 -4.500000
v -6.521616 -6.273046 -4.500000
v -6.523113 -6.271430 -4.500000
v -6.506053 -6.712056 -4.500000
v -6.507176 -6.525986 -4.500000
v -6.514480 -6.327954 -4.500000
v -6.540318 -6.705004 -4.500000
v -6.549584 -6.692663 -4.500000
v -6.520531 -6.351395 -4.500000
v -7.487609 -6.230043 -4.500000
v -7.437706 -6.884933 -4.500000
v -7.461319 -6.908162 -4.500000
v -7.478827 -6.753141 -4.500000
v -7.433634 -6.692853 -4.500000
v -7.482588 -6.364990 -4.500000
v -7.478509 -6.337595 -4.500000
v -7.467556 -6.283780 -4.500000
v -7.476118 -6.252929 -4.500000
v -7.361377 -6.542341 -4.500000
v -7.364048 -6.572187 -4.500000
v -7.342766 -6.522021 -4.500000
v -7.395910 -6.627522 -4.500000
v -7.359106 -6.802409 -4.500000
v -7.372438 -6.821257 -4.500000
v -7.331668 -6.788107 -4.500000
v -7.295470 -6.756516 -4.500000
v -7.266262 -6.719460 -4.500000
v -7.412620 -6.652568 -4.500000
v -7.332361 -6.496424 -4.500000
v -7.414357 -6.855181 -4.500000
v -7.314207 -6.435379 -4.500000
v -7.297002 -6.392823 -4.500000
v -7.282628 -6.349370 -4.500000
v -7.263009 -6.268301 -4.500000
v -7.101810 -6.683475 -4.500000
v -7.105843 -6.746001 -4.500000
v -7.084281 -6.777573 -4.500000
v -7.198479 -6.666050 -4.500000
v -7.239666 -6.698795 -4.500000
v -7.186488 -6.648102 -4.500000
v -7.177902 -6.636819 -4.500000
v -7.097761 -6.672457 -4.500000
v -7.140395 -6.577254 -4.500000
v -7.255708 -6.256844 -4.500000
v -7.258783 -6.261395 -4.500000
v -7.016737 -6.840445 -4.500000
v -7.000748 -6.853222 -4.500000
v -6.981845 -6.860646 -4.500000
v -6.895655 -6.852201 -4.500000
v -6.948220 -6.629237 -4.500000
v -6.977119 -6.621437 -4.500000
v -7.034369 -6.633604 -4.500000
v -6.865290 -6.686589 -4.500000
v -6.871851 -6.677310 -4.500000
v -6.858751 -6.704544 -4.500000
v -6.834157 -6.784177 -4.500000
v -6.851021 -6.815632 -4.500000
v -6.835373 -6.761337 -4.500000
v -6.863663 -6.838325 -4.500000
v -7.073440 -6.806531 -4.500000
v -7.123220 -6.542835 -4.500000
v -7.104439 -6.505703 -4.500000
v -7.090596 -6.457665 -4.500000
v -7.484441 -6.865495 -3.500000
v -7.474217 -6.356877 -3.500000
v -7.469678 -6.351304 -3.500000
v -7.467655 -6.348223 -3.500000
v -7.426931 -6.291609 -3.500000
v -7.425271 -6.247754 -3.500000
v -7.444218 -6.870824 -3.500000
v -7.455282 -6.094800 -3.500000
v -6.560193 -6.001277 -3.500000
v -7.389860 -6.118856 -3.500000
v -7.387435 -6.196255 -3.500000
v -6.571268 -6.057350 -3.500000
v -7.392557 -6.209249 -3.500000
v -7.390898 -6.204674 -3.500000
v -7.394231 -6.143910 -3.500000
v -7.410510 -6.056953 -3.500000
v -7.419989 -6.889490 -3.500000
v -7.364297 -6.910313 -3.500000
v -7.353875 -6.920491 -3.500000
v -7.324402 -6.928177 -3.500000
v -7.290850 -6.947734 -3.500000
v -7.302054 -6.943617 -3.500000
v -7.249071 -6.976312 -3.500000
v -7.184746 -6.986622 -3.500000
v -7.168480 -6.993839 -3.500000
v -7.155251 -6.996825 -3.500000
v -6.566164 -6.119744 -3.500000
v -6.568522 -6.096312 -3.500000
v -6.564261 -6.160092 -3.500000
v -6.543498 -6.209064 -3.500000
v -6.555211 -6.188066 -3.500000
v -6.526921 -6.264459 -3.500000
vn -1.0000 -0.0000 -0.0000
vn -0.0000 1.0000 -0.0000
vn 1.0000 -0.0000 -0.0000
vn -0.0000 -1.0000 -0.0000
vn -0.0000 -0.0000 -1.0000
vn -0.0000 -0.0000 1.0000
vn 0.2470 -0.9110 -0.3303
vn 0.3090 -0.8267 -0.4701
vn 0.3494 -0.7328 -0.5840
vn 0.3457 -0.5384 -0.7685
vn 0.2337 0.1079 -0.9663
vn -0.0112 0.0699 -0.9975
vn -0.3293 -0.0414 -0.9433
vn -0.3031 0.0078 -0.9529
vn 0.5108 -0.8469 0.1480
vn 0.4990 -0.8225 -0.2729
vn 0.5425 -0.8295 -0.1329
vn -0.3125 -0.9176 -0.2456
vn -0.1220 -0.7819 -0.6114
vn -0.0799 -0.8561 -0.5105
vn -0.1022 -0.9306 -0.3515
vn -0.2642 -0.9573 -0.1177
vn 0.1763 -0.4561 -0.8723
vn -0.0050 -0.6766 -0.7363
vn 0.3242 -0.4802 -0.8151
vn -0.0671 -0.8776 0.4748
vn -0.2168 -0.4029 0.8892
vn -0.1982 -0.6937 0.6924
vn -0.0437 -0.9153 0.4004
vn 0.2345 -0.3648 -0.9011
vn 0.4902 0.6745 -0.5521
vn 0.3761 0.8201 -0.4312
vn 0.3405 0.7660 -0.5453
vn 0.6054 0.4889 -0.6281
vn 0.3152 0.7224 -0.6154
vn -0.0458 -0.1298 0.9905
vn -0.3066 -0.2912 0.9062
vn -0.0056 -0.1247 0.9922
vn -0.2156 -0.2325 0.9484
vn 0.4628 0.8592 0.2182
vn 0.5137 0.8468 -0.1382
vn 0.5199 0.8457 -0.1204
vn -0.3288 -0.0741 0.9415
vn -0.3253 -0.0705 0.9430
vn -0.2477 -0.4665 0.8492
vn 0.3289 0.0793 0.9410
vn -0.0015 0.0097 1.0000
vn 0.0419 0.0045 0.9991
vn 0.5852 -0.7748 -0.2392
vn 0.6405 -0.7317 -0.2332
vn 0.7675 -0.4952 -0.4070
vn 0.5178 -0.7242 -0.4555
vn 0.3915 0.1438 0.9089
vn -0.0995 0.0380 0.9943
vn 0.2957 0.0905 0.9510
vn 0.0468 -0.9789 0.1989
vn 0.4458 0.0474 -0.8939
vn 0.4171 0.0196 -0.9087
vn 0.2132 -0.2984 -0.9303
vn -0.5618 -0.3321 -0.7577
vn -0.7276 -0.4657 -0.5038
vn -0.6999 -0.3330 -0.6319
vn -0.0198 0.0104 0.9997
vn -0.4199 -0.6293 0.6539
vn -0.4196 -0.6825 0.5985
vn -0.2013 -0.8839 0.4222
vn 0.0007 -0.9715 0.2370
vn -0.2069 -0.0300 -0.9779
vn 0.4149 -0.7004 0.5808
vn 0.4695 -0.8060 0.3604
vn 0.0449 0.6909 0.7216
vn -0.2817 0.2747 0.9193
vn -0.1333 0.5662 0.8134
vn -0.3892 -0.1331 0.9115
vn -0.3698 0.0469 0.9279
vn 0.4731 0.8488 0.2361
vn 0.3130 0.9217 0.2292
vn 0.6415 -0.7013 -0.3108
vn 0.7727 -0.4884 -0.4055
vn -0.3338 -0.8654 0.3737
vn -0.4084 -0.7152 0.5672
vn -0.1824 -0.9692 -0.1653
vn 0.3911 -0.3576 -0.8480
vn 0.5290 -0.5756 -0.6236
vn 0.4867 -0.5859 -0.6480
vn 0.4007 -0.3400 -0.8508
vn 0.6282 0.4839 -0.6093
vn 0.5973 0.4554 -0.6602
vn 0.5253 0.2640 -0.8089
vn 0.7576 -0.5329 -0.3769
vn 0.7567 -0.5351 -0.3756
vn 0.7293 -0.6031 -0.3229
vn 0.7286 -0.6347 -0.2575
vn -0.3588 0.3285 0.8737
vn -0.1617 0.2404 0.9571
vn -0.2045 0.1501 0.9673
vn 0.4820 -0.0322 -0.8756
vn 0.1645 -0.0901 -0.9823
vn 0.1428 -0.1804 -0.9732
vn 0.3262 -0.1427 -0.9345
vn 0.4011 -0.8520 -0.3365
vn -0.4142 -0.4254 0.8047
vn 0.4520 0.1484 0.8796
vn 0.4329 0.1346 0.8913
vn 0.4324 0.1446 0.8900
vn 0.6860 0.0794 0.7233
vn 0.1856 -0.9724 0.1416
vn 0.4937 -0.8644 -0.0949
vn 0.4952 -0.8645 -0.0862
vn -0.3285 -0.1958 -0.9240
vn -0.1379 -0.0170 0.9903
vn -0.5186 0.6757 0.5239
vn -0.6195 0.6946 0.3656
vn -0.5953 0.7886 0.1538
vn 0.7124 0.6053 -0.3552
vn 0.5963 0.7661 -0.2398
vn 0.4906 0.6045 -0.6276
vn 0.2827 -0.2509 -0.9258
vn 0.1951 -0.2460 -0.9494
vn -0.1526 0.9832 -0.0999
vn 0.0279 0.9630 -0.2680
vn 0.1964 0.8889 -0.4140
vn 0.7422 -0.3630 -0.5634
vn 0.7244 -0.2740 -0.6326
vn 0.7591 -0.5147 -0.3985
vn -0.4436 0.4481 0.7762
vn -0.3266 0.3907 0.8606
vn 0.7351 0.2437 -0.6326
vn -0.6279 -0.7058 0.3281
vn -0.6535 -0.6341 0.4134
vn -0.7303 -0.6823 0.0320
vn -0.3711 -0.4354 0.8202
vn -0.5644 -0.5613 0.6053
vn -0.5098 0.7329 0.4505
vn -0.6489 0.3398 0.6807
vn -0.6226 0.4768 0.6205
vn 0.4993 0.1991 -0.8433
vn 0.4286 0.0575 -0.9017
vn 0.3181 -0.1355 -0.9383
vn 0.7211 -0.6730 -0.1645
vn 0.3511 -0.9326 -0.0829
vn 0.1241 -0.9838 0.1293
vn -0.2343 0.9715 -0.0366
vn 0.8287 -0.1599 -0.5364
vn 0.5387 0.6711 -0.5094
vn -0.7513 -0.6070 -0.2591
vn -0.6761 -0.6573 -0.3330
vn -0.3148 -0.3261 0.8914
vn 0.5673 0.1523 -0.8093
vn 0.2936 0.0500 -0.9546
vn 0.6095 -0.7923 0.0265
vn 0.0200 0.1199 -0.9926
vn -0.2033 -0.0177 -0.9790
vn -0.0582 0.0639 -0.9963
vn -0.2353 -0.0746 -0.9691
vn 0.4686 0.6276 -0.6217
vn 0.2990 0.7801 -0.5495
vn 0.3289 -0.6142 -0.7174
vn 0.3751 -0.3562 -0.8558
vn -0.0664 0.4242 -0.9031
vn 0.2041 0.2182 -0.9543
vn 0.0132 0.3772 -0.9260
vn 0.3697 0.0846 0.9253
vn 0.0538 -0.0086 0.9985
vn 0.0646 -0.0306 0.9974
vn -0.1989 -0.2362 0.9511
vn 0.2541 -0.4804 -0.8394
vn 0.1461 -0.9778 -0.1505
vn 0.1491 -0.9654 -0.2141
vn 0.4273 -0.5054 0.7497
vn 0.2039 -0.4236 0.8826
vn 0.2060 -0.5023 0.8398
vn 0.2707 -0.0126 -0.9626
vn -0.1053 -0.2738 0.9560
vn 0.1332 -0.9868 0.0924
vn 0.4372 -0.3684 -0.8204
vn 0.3159 0.9213 0.2267
vn 0.4291 0.8995 0.0818
vn 0.3601 0.8896 0.2810
vn -0.3825 -0.3357 0.8608
vn -0.6622 0.6473 -0.3775
vn -0.7765 0.6165 0.1304
vn 0.0665 -0.0544 0.9963
vn 0.1226 -0.2659 0.9562
vn 0.4851 0.8687 -0.1001
vn 0.7693 0.0411 -0.6376
vn 0.8126 0.0043 -0.5828
vn -0.4159 -0.3206 -0.8510
vn 0.5436 0.3364 -0.7690
vn 0.7905 0.0263 0.6118
vn 0.1203 0.9293 0.3491
vn 0.2518 -0.8467 -0.4687
vn -0.0948 -0.7644 0.6377
vn 0.9242 0.1164 0.3637
vn 0.4043 -0.2803 -0.8706
vn 0.3845 -0.2985 -0.8735
vn 0.3135 -0.3470 -0.8839
vn 0.4835 0.8420 -0.2394
vn -0.6371 0.2046 0.7431
vn -0.6583 -0.2422 0.7127
vn 0.5188 0.5721 -0.6352
vn 0.5309 0.4294 -0.7306
vn 0.7713 0.2091 0.6011
vn 0.1851 -0.0548 0.9812
vn -0.2127 0.4054 0.8890
vn -0.4060 0.4533 0.7935
vn 0.2062 -0.9778 -0.0367
vn -0.1809 -0.8968 0.4037
vn 0.2166 -0.5841 -0.7822
vn 0.9431 -0.0064 -0.3325
vn 0.8776 0.1493 -0.4555
vn 0.5588 0.3213 0.7645
vn 0.4732 -0.3918 0.7891
vn 0.4389 0.1073 -0.8921
vn -0.3081 -0.4894 0.8158
vn 0.7194 -0.1603 -0.6759
vn -0.5592 -0.3860 0.7337
vn 0.5332 0.7053 -0.4672
vn 0.4596 0.8645 -0.2034
vn 0.3493 0.3530 -0.8680
vn 0.7229 -0.4806 -0.4964
vn 0.8170 0.1508 0.5566
vn 0.4097 0.3909 -0.8242
vn 0.8989 0.3638 -0.2444
vn -0.1704 -0.3872 0.9061
vn 0.3650 -0.2336 -0.9012
vn 0.2524 -0.0713 -0.9650
vn 0.8832 0.1082 0.4564
vn 0.9866 -0.0092 0.1632
vn 0.4263 0.6992 -0.5740
vn 0.0774 0.9539 -0.2899
vn 0.4456 0.6188 -0.6469
vn 0.8713 0.3533 0.3407
vn 0.4294 0.7443 -0.5115
vn 0.0976 -0.0364 0.9946
vn -0.5547 -0.7899 0.2613
vn 0.9963 -0.0638 -0.0577
vn 0.8953 -0.1270 -0.4269
vn 0.9634 0.2542 0.0855
vn 0.2742 0.9537 -0.1234
vn -0.5655 0.2691 0.7796
vn 0.5794 -0.5954 -0.5565
vn 0.4263 -0.4108 -0.8059
vn 0.5468 -0.4412 -0.7116
vn 0.0634 0.2242 -0.9725
vn 0.4014 0.0470 -0.9147
vn -0.4163 0.7870 0.4554
vn 0.0817 0.1599 -0.9837
vn 0.6183 -0.7533 0.2239
vn 0.6494 -0.0135 -0.7603
vn 0.1062 0.0055 -0.9943
vn -0.2032 -0.5213 0.8288
vn 0.3461 0.0905 -0.9338
vn 0.2303 -0.5927 -0.7718
vn 0.3019 -0.3471 -0.8879
vn 0.1001 0.9486 -0.3001
vn -0.2805 0.9375 0.2062
vn 0.5322 -0.6794 -0.5051
vn -0.4880 0.4554 0.7446
vn 0.8249 0.5056 -0.2529
vn 0.0988 0.0546 0.9936
vn -0.2104 -0.8750 0.4361
vn -0.9824 -0.1341 -0.1297
vn -0.8838 -0.2083 -0.4190
vn -0.6246 -0.4568 -0.6334
vn -0.4538 -0.4523 0.7678
vn 0.4558 -0.0055 -0.8901
vn 0.6027 -0.1995 -0.7726
vn 0.5211 0.0023 -0.8535
vn -0.9710 0.1790 0.1584
vn -0.0770 -0.9940 -0.0777
vn -0.8847 0.1881 0.4265
vn -0.4521 0.6894 0.5660
vn 0.1854 -0.3199 -0.9291
vn 0.8394 0.4885 0.2383
vn 0.0557 -0.7154 -0.6965
vn -0.2575 0.2976 0.9193
vn -0.7564 -0.3625 -0.5444
vn -0.9647 0.2617 -0.0304
vn 0.0663 -0.0739 0.9951
vn 0.7970 0.5524 0.2442
vn -0.7783 0.4628 -0.4243
vn -0.8149 0.5548 0.1676
vn -0.8382 0.4923 -0.2346
vn -0.7735 0.5367 -0.3370
vn 0.7838 -0.3008 -0.5433
vn 0.5500 -0.3889 -0.7391
vn 0.7747 0.5481 -0.3155
vn -0.0611 -0.9293 0.3642
vn -0.6254 -0.5120 -0.5889
vn -0.8124 -0.3916 -0.4319
vn -0.5987 0.2238 -0.7691
vn -0.9969 -0.0537 0.0568
vn -0.8490 -0.2814 -0.4472
vn -0.8543 0.1784 0.4882
vn -0.9623 0.0542 0.2664
vn -0.0242 0.9071 0.4203
vn -0.9457 0.2839 -0.1582
vn -0.6556 0.4810 0.5820
vn -0.6517 0.5919 0.4742
vn -0.1824 -0.6645 -0.7247
vn 0.1819 -0.9833 0.0039
vn 0.4025 0.8395 -0.3650
vn 0.2569 0.8123 -0.5237
vn -0.6001 0.6680 0.4401
vn -0.2101 0.9752 0.0703
vn 0.1050 -0.9032 -0.4162
vn -0.1327 -0.6816 0.7196
vn -0.2367 -0.5424 0.8061
vn -0.5103 -0.8451 0.1592
vn -0.0755 -0.9506 0.3010
vn 0.4130 0.6735 -0.6130
vn 0.1147 -0.9620 -0.2480
vn 0.0897 -0.8445 -0.5280
vn -0.8976 0.4320 0.0871
vn -0.9063 0.3386 -0.2531
vn 0.5140 0.3621 0.7776
vn 0.5895 0.6072 -0.5327
vn -0.5473 -0.6852 -0.4807
vn 0.5195 -0.5650 -0.6410
vn 0.3656 -0.6438 -0.6722
vn 0.4474 -0.4051 -0.7973
vn 0.1208 -0.0247 0.9924
vn 0.6318 -0.5478 0.5484
vn -0.0009 -0.6199 -0.7847
vn -0.3155 -0.6254 -0.7137
vn -0.4984 0.4056 0.7662
vn -0.7052 0.2022 0.6795
vn -0.3151 0.5162 0.7964
vn -0.5346 0.4691 0.7030
vn -0.2651 -0.7412 0.6167
vn -0.0662 0.6716 0.7379
vn 0.5887 -0.3309 -0.7375
vn -0.5377 0.2089 0.8169
vn 0.2688 0.6707 -0.6913
vn 0.6764 -0.7005 -0.2276
vn 0.5016 -0.5520 -0.6661
vn 0.5770 0.2374 -0.7815
vn -0.1806 0.5006 0.8467
vn -0.9093 0.4009 -0.1120
vn -0.5336 0.7683 0.3535
vn -0.1406 -0.5711 0.8087
vn -0.0826 -0.9530 0.2915
vn 0.2459 -0.5059 -0.8268
vn 0.1533 -0.5525 -0.8193
vn 0.4034 -0.8052 -0.4346
vn 0.3709 0.6757 -0.6370
vn 0.0625 0.7433 0.6660
vn -0.5072 -0.6643 -0.5490
vn 0.7312 0.6468 0.2168
vn 0.2202 0.5336 0.8166
vn -0.0143 0.5538 0.8325
vn -0.1439 -0.6264 0.7661
vn -0.4365 -0.4691 0.7677
vn -0.0789 0.0603 -0.9951
vn -0.8844 0.3822 -0.2679
vn -0.8495 -0.2467 -0.4663
vn -0.8012 -0.2952 -0.5205
vn -0.2527 -0.2200 0.9422
vn 0.4860 0.8683 0.0993
vn -0.2425 -0.7767 -0.5813
vn 0.0475 0.1811 0.9823
vn 0.1411 -0.4910 -0.8596
vn -0.2410 0.9395 0.2434
vn -0.9248 0.3377 -0.1754
vn 0.2420 0.7627 0.5997
vn 0.5390 0.3201 -0.7791
vn -0.2931 0.8741 0.3874
vn -0.6148 0.7807 0.1118
vn -0.5134 0.4580 0.7257
vn -0.8846 0.3985 0.2421
vn 0.5855 -0.4229 0.6916
vn 0.0345 0.9892 -0.1428
vn 0.1526 -0.9738 0.1687
vn -0.9229 0.3576 -0.1429
vn 0.3997 0.3959 0.8268
vn -0.4318 -0.8845 0.1768
vn -0.4185 -0.7984 -0.4329
vn -0.3625 -0.3984 -0.8425
vn -0.7855 -0.3301 -0.5235
vn -0.2331 0.2732 0.9333
vn -0.9582 0.2724 -0.0870
vn 0.4898 0.8705 -0.0488
vn -0.1940 0.7513 0.6307
vn 0.0248 -0.5532 -0.8327
vn 0.0362 -0.5944 -0.8033
vn 0.5813 -0.2663 -0.7689
vn 0.1780 0.5775 0.7967
vn 0.2261 0.8772 -0.4235
vn -0.2171 -0.9082 0.3579
vn 0.7653 -0.6386 -0.0808
vn -0.3583 -0.7846 -0.5060
vn 0.4725 -0.4353 -0.7663
vn 0.6838 -0.5625 -0.4648
vn 0.4364 -0.5547 -0.7084
vn 0.4856 -0.5878 -0.6471
vn 0.2576 -0.5500 -0.7945
vn -0.2654 -0.3060 -0.9143
vn -0.8645 0.3481 -0.3625
vn -0.4656 0.8841 0.0399
vn -0.4046 0.6325 0.6605
vn -0.0023 0.2931 0.9561
vn 0.2796 0.0732 -0.9573
vn -0.0490 -0.8479 0.5279
vn 0.3188 -0.8218 -0.4723
vn 0.5638 -0.2026 0.8007
vn 0.1744 0.6516 -0.7382
vn -0.7764 0.4262 0.4644
vn -0.3926 -0.4577 0.7977
vn -0.4345 0.1321 0.8909
vn 0.1230 0.0092 0.9924
vn 0.2807 0.6580 0.6987
vn 0.5670 0.8181 0.0957
vn -0.4661 0.4517 0.7607
vn 0.0079 -0.9999 0.0127
vn -0.0118 -0.9916 0.1285
vn 0.2199 -0.9195 -0.3259
vn 0.4125 0.6630 0.6248
vn -0.0291 0.1699 -0.9850
vn -0.2022 -0.5591 0.8040
vn -0.1615 -0.5967 0.7861
vn -0.0957 -0.7676 0.6337
vn 0.0835 0.7190 -0.6900
vn -0.1357 -0.6396 0.7566
vn -0.1890 -0.2259 0.9556
vn -0.4812 0.4442 0.7557
vn -0.7124 0.4571 0.5324
vn 0.4330 -0.5479 -0.7157
vn 0.2656 -0.5559 -0.7877
vn -0.0139 0.9041 0.4270
vn 0.8149 -0.5353 0.2224
vn 0.7724 -0.5589 -0.3019
vn 0.3883 0.9202 -0.0499
vn -0.3955 0.4797 0.7833
vn -0.7016 0.4648 0.5402
vn 0.0216 -0.9989 -0.0407
vn -0.1605 -0.3667 -0.9164
vn -0.7923 -0.3273 -0.5150
vn -0.3580 -0.8225 -0.4420
vn 0.4808 0.5506 0.6824
vn 0.5162 0.5273 0.6749
vn -0.1715 0.9396 0.2961
vn 0.4095 0.5522 0.7262
vn 0.5295 0.5650 0.6328
vn 0.1180 0.2939 0.9485
vn 0.4714 0.3816 -0.7951
vn 0.6691 0.4444 0.5957
vn 0.7281 0.4551 0.5126
vn 0.6481 0.4358 0.6246
vn -0.5604 0.8230 -0.0928
vn -0.8572 0.2715 -0.4377
vn -0.2395 0.2233 0.9449
vn -0.2712 0.7657 0.5833
vn 0.0718 0.9491 -0.3065
vn -0.2144 -0.8437 0.4920
vn -0.3167 0.5549 0.7693
vn -0.6861 0.4446 0.5759
vn -0.3226 -0.9365 0.1372
vn 0.5371 -0.7577 -0.3706
vn 0.4972 -0.0077 0.8676
vn 0.2885 0.8215 -0.4919
vn 0.2887 0.7605 -0.5817
vn 0.1852 0.7779 -0.6004
vn 0.3265 0.8500 -0.4135
vn 0.2898 0.8212 -0.4915
vn 0.4992 0.4642 0.7316
vn 0.0111 -0.8650 0.5016
vn -0.0002 -0.5696 -0.8219
vn 0.6996 -0.4335 -0.5681
vn -0.0679 -0.5276 0.8468
vn 0.4339 0.4471 -0.7822
vn 0.8525 -0.4886 0.1856
vn 0.7972 -0.3015 0.5230
vn -0.1230 0.9922 0.0196
vn -0.6248 0.7434 -0.2385
vn -0.8012 0.3130 -0.5100
vn -0.0213 0.9772 0.2114
vn 0.6650 0.4055 0.6272
vn 0.9133 0.2661 0.3082
vn -0.5046 -0.7701 -0.3903
vn -0.2577 -0.8152 -0.5187
vn -0.1278 -0.6492 0.7498
vn -0.0760 0.9926 0.0946
vn 0.0179 -0.8293 0.5585
vn -0.1837 0.4675 0.8647
vn -0.1058 -0.6492 0.7532
vn -0.3670 -0.2498 0.8960
vn 0.2033 0.2867 0.9362
vn -0.2170 0.7501 0.6247
vn 0.5326 -0.2632 -0.8044
vn 0.9677 0.0603 0.2450
vn 0.1904 -0.9637 -0.1874
vn 0.3059 -0.7952 -0.5236
vn 0.7920 -0.5693 -0.2205
vn 0.8154 -0.2700 0.5121
vn -0.7835 -0.3762 -0.4947
vn 0.1539 0.3375 0.9286
vn -0.0260 -0.5114 0.8590
vn -0.0900 -0.6269 0.7739
vn 0.6019 0.5597 0.5696
vn 0.2902 0.6725 0.6808
vn 0.1850 0.9273 0.3256
vn -0.0064 -0.9913 0.1314
vn 0.0425 -0.8406 -0.5400
vn 0.0432 0.0763 0.9961
vn -0.0072 -0.1920 0.9814
vn 0.8462 0.3298 0.4186
vn 0.9301 0.2522 0.2672
vn 0.9083 -0.3649 -0.2045
vn 0.8122 -0.3891 -0.4347
vn 0.1906 0.7891 -0.5839
vn 0.2991 0.8762 -0.3779
vn 0.2180 0.8486 -0.4820
vn 0.4722 0.0625 0.8793
vn 0.9752 -0.1146 -0.1892
vn 0.8701 -0.3197 -0.3750
vn 0.6172 0.0364 0.7860
vn 0.0078 -0.5297 -0.8482
vn 0.0392 -0.3915 -0.9193
vn 0.6391 0.5992 0.4821
vn 0.4454 0.7987 0.4047
vn 0.6722 0.0094 0.7403
vn 0.9745 -0.0225 -0.2231
vn 0.1841 0.0912 -0.9787
vn 0.9610 0.0111 0.2762
vn 0.2751 -0.5180 -0.8100
vn 0.0819 0.9564 -0.2804
vn 0.4791 -0.2268 -0.8480
vn 0.7813 -0.5727 -0.2481
vn 0.8817 -0.4692 -0.0495
vn 0.8367 -0.4546 -0.3054
vn 0.3594 0.8868 -0.2907
vn -0.7318 0.4589 -0.5039
vn 0.0363 0.3242 -0.9453
vn -0.0984 -0.9817 -0.1631
vn 0.3573 -0.9326 -0.0502
vn 0.3548 0.3435 0.8696
vn -0.0041 -0.8950 -0.4461
vn 0.9937 0.1074 -0.0331
vn -0.2741 0.3700 0.8877
vn 0.9445 -0.2929 0.1484
vn -0.8549 -0.2664 -0.4452
vn -0.5060 -0.8210 -0.2645
vn -0.0083 -0.9980 0.0634
vn -0.3251 0.3876 0.8626
vn 0.7884 0.0708 0.6110
vn -0.2284 -0.7974 0.5585
vn -0.0734 -0.2552 -0.9641
vn -0.2048 -0.9764 0.0685
vn -0.1718 -0.7648 0.6209
vn -0.2049 -0.6202 0.7572
vn 0.2834 0.5810 -0.7629
vn 0.1263 0.0287 -0.9916
vn 0.7929 -0.6066 0.0588
vn -0.0984 -0.9399 0.3269
vn -0.2181 0.9389 -0.2663
vn -0.9232 0.0034 0.3843
vn -0.7966 0.4618 -0.3901
vn -0.9904 -0.0660 0.1213
vn 0.8959 0.0285 0.4433
vn -0.3969 0.8789 -0.2644
vn -0.7144 0.4240 -0.5567
vn -0.9003 -0.3529 -0.2548
vn -0.5070 -0.7795 0.3680
vn 0.8601 -0.2369 0.4518
vn -0.6570 -0.0209 0.7536
vn -0.6359 -0.7559 -0.1558
vn -0.0106 0.4571 0.8893
vn 0.4065 0.3835 0.8293
vn 0.1461 0.4423 0.8849
vn 0.0466 0.4954 0.8674
vn -0.1252 0.9415 0.3128
vn -0.5967 0.0645 -0.7999
vn -0.4867 -0.1379 -0.8626
vn -0.7252 -0.5440 -0.4220
vn 0.0057 0.5951 -0.8036
vn 0.8874 -0.0294 0.4601
vn 0.8560 -0.4291 -0.2884
vn 0.9170 -0.3934 0.0663
vn -0.8366 0.1007 -0.5384
vn -0.8524 -0.2732 -0.4459
vn 0.3782 -0.5751 -0.7254
vn 0.4518 -0.8694 0.2002
vn 0.0965 -0.1475 -0.9843
vn 0.2658 -0.8528 -0.4495
vn -0.3204 -0.3185 0.8921
vn -0.6024 0.6943 0.3937
vn -0.8148 -0.4695 -0.3401
vn -0.3343 0.9348 -0.1201
vn -0.1941 0.6931 -0.6942
vn -0.1604 -0.8064 -0.5692
vn 0.2634 0.9567 0.1238
vn -0.1825 0.0142 0.9831
vn -0.3928 0.6053 0.6924
vn 0.2958 -0.8993 -0.3222
vn 0.1501 0.1039 -0.9832
vn 0.0095 -0.1296 0.9915
vn -0.0826 -0.9954 0.0476
vn 0.9183 -0.3281 -0.2215
vn 0.7722 -0.5736 0.2734
vn 0.9320 -0.2237 0.2852
vn -0.0853 -0.9733 -0.2130
vn 0.2286 0.6920 0.6848
vn -0.2038 -0.7799 0.5918
vn -0.2240 0.7195 0.6573
vn 0.1009 -0.5482 0.8302
vn 0.2040 -0.9117 0.3568
vn 0.9275 -0.3366 -0.1624
vn 0.1571 0.9485 -0.2752
vn 0.0210 0.4887 0.8722
vn -0.2527 -0.1555 0.9550
vn -0.5746 0.6548 -0.4910
vn -0.7324 -0.6521 -0.1958
vn -0.1112 -0.0068 0.9938
vn 0.8775 -0.0323 0.4785
vn 0.9764 -0.1641 0.1402
vn -0.0489 -0.4863 0.8724
vn -0.0378 -0.1248 0.9915
vn -0.8403 0.4933 -0.2251
vn -0.0750 -0.2909 0.9538
vn 0.3072 -0.4708 -0.8270
vn -0.5977 0.0712 -0.7985
vn -0.4901 0.8708 -0.0390
vn -0.1010 -0.7967 -0.5959
vn 0.3632 -0.0837 -0.9279
vn -0.0487 0.9583 0.2815
vn -0.5951 0.6522 0.4696
vn 0.0099 -0.9942 0.1073
vn -0.0917 0.9523 -0.2909
vn -0.3817 0.8313 -0.4041
vn -0.3946 -0.0837 -0.9151
vn 0.6712 0.2131 0.7100
vn 0.8031 0.0314 0.5951
vn 0.7369 0.1431 0.6607
vn 0.0794 0.4400 -0.8945
vn 0.9660 -0.0932 0.2413
vn -0.0928 -0.7653 0.6370
vn 0.4682 -0.7782 0.4185
vn -0.0548 -0.1313 0.9898
vn 0.0119 -0.3876 0.9217
vn -0.0041 -0.1149 0.9934
vn 0.1758 0.9833 0.0477
vn -0.0645 -0.8750 0.4797
vn 0.6581 0.6434 0.3910
vn 0.8484 0.2556 0.4637
vn 0.6762 0.2519 0.6923
vn 0.0810 0.3142 0.9459
vn 0.1592 0.9004 -0.4049
vn 0.2845 0.6711 -0.6846
vn 0.0167 0.1440 -0.9894
vn 0.1594 0.9813 -0.1082
vn 0.3683 -0.8775 -0.3072
vn -0.2998 0.2731 0.9141
vn 0.1759 -0.9066 -0.3836
vn 0.9108 -0.1607 0.3804
vn 0.9470 -0.1580 0.2797
vn -0.1558 0.5493 0.8210
vn -0.4827 0.7496 -0.4529
vn -0.0908 -0.9955 0.0280
vn -0.1554 -0.5756 -0.8028
vn 0.0830 -0.2129 -0.9735
vn 0.2791 -0.4915 -0.8249
vn 0.7242 0.2427 0.6455
vn -0.8386 0.5336 -0.1100
vn -0.0382 -0.9724 0.2302
vn 0.8303 -0.1886 0.5244
vn 0.8351 -0.3700 0.4071
vn 0.1761 -0.5373 0.8248
vn -0.3340 0.4978 0.8004
vn -0.7415 0.1760 -0.6474
vn -0.5070 -0.7794 0.3680
vn -0.5174 0.8238 0.2316
vn 0.3447 0.0986 -0.9335
vn -0.1792 -0.3135 -0.9325
vn -0.2156 -0.1807 -0.9596
vn -0.3574 -0.0764 -0.9308
vn -0.1412 -0.7675 0.6254
vn 0.0878 0.7555 0.6493
vn 0.7383 0.5528 0.3864
vn 0.0830 0.5088 -0.8569
vn 0.0472 -0.1223 -0.9914
vn -0.0517 -0.7551 -0.6536
vn -0.4046 -0.2161 -0.8886
vn 0.1344 -0.0388 0.9902
vn 0.4195 0.3392 0.8420
vn 0.3384 -0.8676 0.3643
vn 0.1733 -0.8386 -0.5164
vn -0.1538 0.8573 0.4914
vn 0.2378 0.3384 0.9104
vn -0.5282 -0.8428 -0.1034
vn -0.2588 -0.9383 0.2292
vn -0.1670 -0.2804 -0.9453
vn 0.0060 -0.4444 -0.8958
vn -0.1841 -0.3039 0.9347
vn -0.0307 0.3805 0.9243
vn 0.0315 0.9944 -0.1005
vn 0.4837 0.2828 0.8283
vn 0.6409 0.0066 0.7676
vn 0.3769 0.9258 0.0286
vn 0.0830 0.9541 0.2877
vn 0.2972 0.0195 -0.9546
vn -0.0376 -0.1837 -0.9823
vn 0.1337 -0.5697 -0.8109
vn -0.2973 0.5217 -0.7997
vn -0.1989 -0.7171 -0.6680
vn 0.5938 0.7961 0.1169
vn 0.3637 0.9310 -0.0306
vn -0.0875 -0.7685 0.6339
vn -0.1251 -0.9920 -0.0192
vn -0.0541 -0.2430 0.9685
vn 0.8174 -0.1034 0.5668
vn 0.7562 -0.1366 0.6399
vn -0.6737 0.7254 -0.1413
vn -0.4258 0.6298 0.6496
vn 0.2322 -0.5623 -0.7936
vn 0.1919 -0.5553 -0.8092
vn -0.0619 -0.8371 0.5435
vn 0.0539 -0.0722 0.9959
vn 0.0310 -0.3698 0.9286
vn 0.0657 -0.0627 0.9959
vn -0.0498 -0.7742 0.6310
vn -0.1814 0.4350 0.8820
vn -0.4532 0.6927 0.5610
vn -0.7835 0.6200 0.0406
vn 0.3292 -0.5032 -0.7990
vn -0.0615 0.0908 0.9940
vn -0.7401 0.2420 -0.6275
vn 0.2669 -0.5041 0.8213
vn -0.5169 0.4737 -0.7130
vn -0.0948 0.4734 0.8757
vn -0.1486 -0.4301 -0.8905
vn 0.5494 -0.6666 0.5037
vn 0.4522 -0.7353 0.5048
vn 0.7539 -0.3678 0.5443
vn -0.1639 -0.9810 -0.1036
vn -0.3760 -0.2910 -0.8797
vn -0.0270 -0.9933 0.1122
vn -0.0210 -0.9977 -0.0638
vn -0.7481 0.6423 -0.1663
vn -0.4107 0.7760 0.4787
vn 0.0385 -0.6756 -0.7362
vn 0.0260 0.9782 -0.2060
vn -0.0562 0.1585 -0.9858
vn -0.7497 0.5946 0.2903
vn 0.1055 0.8008 -0.5895
vn 0.8132 0.4186 0.4044
vn 0.4930 -0.6433 -0.5857
vn -0.0468 0.8576 0.5121
vn -0.1097 0.9314 0.3470
vn 0.4569 -0.8621 -0.2191
vn 0.1602 -0.7043 -0.6916
vn 0.4903 -0.8106 0.3203
vn 0.2949 -0.3685 -0.8816
vn 0.5682 -0.6691 -0.4791
vn 0.4113 0.1426 0.9003
vn -0.2241 -0.4296 -0.8748
vn 0.7211 -0.2102 0.6602
vn -0.1465 -0.2548 0.9558
vn 0.1167 -0.6523 -0.7490
vn 0.7414 0.6406 0.1997
vn 0.7941 -0.3922 0.4644
vn 0.5457 -0.7492 -0.3753
vn 0.0430 -0.9902 0.1328
vn 0.0973 0.4915 0.8654
vn 0.6414 -0.6354 -0.4299
vn 0.8088 -0.1751 0.5614
vn -0.6142 0.1806 -0.7682
vn -0.3657 -0.2147 -0.9056
vn 0.2078 -0.2626 -0.9423
vn 0.2210 0.2084 -0.9527
vn -0.0450 -0.9071 0.4184
vn 0.0071 -0.9640 -0.2659
vn 0.8518 0.3303 0.4066
vn -0.2630 -0.7574 -0.5976
vn -0.4527 0.8292 0.3280
vn -0.7165 0.6288 -0.3021
vn 0.8456 0.4544 0.2801
vn -0.2371 -0.1864 -0.9534
vn -0.2586 -0.3324 -0.9070
vn -0.1215 0.1584 -0.9799
vn -0.0440 -0.1951 0.9798
vn -0.6978 0.5859 -0.4121
vn -0.1144 0.5222 0.8451
vn -0.0720 0.7103 0.7002
vn 0.0094 0.9349 -0.3549
vn -0.2522 0.2211 0.9421
vn 0.8080 -0.5841 0.0772
vn 0.7633 -0.6322 -0.1330
vn 0.1073 -0.0924 0.9899
vn 0.0761 -0.3876 0.9187
vn 0.1373 -0.1106 0.9843
vn -0.2300 0.1704 -0.9582
vn 0.4662 -0.7493 -0.4704
vn -0.4456 0.1795 -0.8771
vn 0.8323 -0.4661 0.3001
vn -0.0326 -0.5573 0.8297
vn 0.4622 -0.6698 0.5811
vn 0.8809 -0.0079 0.4732
vn 0.3417 -0.4354 0.8329
vn -0.7912 0.4779 -0.3817
vn 0.0308 0.6989 -0.7145
vn 0.1626 -0.2512 -0.9542
vn -0.0097 -0.9922 -0.1245
vn -0.0109 -0.6664 0.7455
vn -0.0639 -0.8236 0.5635
vn 0.6120 -0.7395 0.2805
vn -0.8149 0.5097 0.2760
vn 0.1092 0.5771 -0.8093
vn 0.1162 -0.8695 -0.4801
vn -0.1188 0.9924 -0.0328
vn 0.5081 0.0595 0.8592
vn 0.7394 -0.6688 -0.0772
vn 0.9023 0.3348 0.2716
vn -0.1565 0.0271 0.9873
vn -0.1143 0.4016 0.9086
vn -0.1235 -0.5537 -0.8235
vn -0.0617 -0.0423 0.9972
vn -0.1823 0.0691 -0.9808
vn 0.7754 -0.3327 0.5367
vn 0.5807 -0.5692 0.5820
vn 0.1481 -0.7817 0.6058
vn 0.0299 -0.0137 0.9995
vn -0.4839 0.3809 0.7879
vn -0.6354 0.5091 -0.5805
vn 0.6828 -0.3693 0.6304
vn -0.2076 -0.9782 0.0050
vn 0.9129 0.1936 0.3594
vn 0.7817 -0.2478 0.5722
vn -0.5243 0.8384 -0.1490
vn -0.2298 0.7081 0.6677
vn -0.0249 0.9226 0.3850
vn -0.5452 0.1333 -0.8277
vn -0.8558 0.3613 -0.3702
vn -0.9050 -0.3349 0.2625
vn -0.7957 -0.3677 0.4813
vn -0.8312 -0.5531 0.0567
vn 0.1918 -0.5369 -0.8216
vn 0.1088 -0.3971 -0.9113
vn 0.0245 -0.8236 -0.5667
vn 0.0948 0.1662 -0.9815
vn -0.5012 -0.2051 -0.8407
vn 0.4179 -0.8421 -0.3410
vn 0.0121 0.9799 -0.1992
vn 0.0563 -0.9604 0.2730
vn -0.8083 -0.5752 -0.1254
vn -0.8152 -0.4009 -0.4179
vn 0.1522 -0.3361 0.9294
vn 0.1804 -0.0957 0.9789
vn -0.2816 0.9584 0.0461
vn -0.9087 0.3698 0.1936
vn -0.8267 -0.1934 0.5283
vn -0.1642 0.8562 0.4899
vn 0.6060 -0.6678 -0.4322
vn 0.2553 -0.2728 -0.9276
vn -0.3148 -0.2670 -0.9108
vn -0.1978 0.0444 -0.9792
vn 0.0635 0.6345 -0.7703
vn 0.3048 0.4339 0.8479
vn -0.6380 -0.5308 -0.5579
vn -0.7033 -0.5333 0.4700
vn -0.7847 -0.2136 0.5819
vn -0.7045 -0.4236 0.5694
vn -0.3531 -0.7954 -0.4927
vn -0.8082 -0.0376 0.5877
vn -0.2362 -0.9668 0.0977
vn -0.6736 0.5834 0.4538
vn -0.7949 0.2187 0.5659
vn -0.7326 0.3135 0.6041
vn -0.0430 -0.8571 0.5133
vn -0.4807 0.3936 0.7836
vn 0.1175 0.1816 -0.9763
vn 0.4296 -0.3817 0.8184
vn -0.6833 0.4494 -0.5755
vn 0.5808 0.0119 0.8140
vn 0.0165 -0.1463 -0.9891
vn -0.4894 0.3965 0.7767
vn -0.0201 -0.7581 -0.6518
vn 0.0102 -0.6238 0.7815
vn -0.8766 0.2640 -0.4023
vn -0.5832 0.0553 -0.8105
vn -0.0136 -0.7702 0.6376
vn 0.7587 -0.4105 0.5059
vn -0.4220 0.9023 -0.0883
vn 0.1020 -0.9669 -0.2338
vn 0.0650 0.0734 0.9952
vn -0.6121 -0.7078 0.3527
vn -0.6610 -0.6805 0.3162
vn -0.9765 -0.2126 0.0358
vn -0.7514 -0.0483 0.6581
vn -0.0262 0.5491 0.8354
vn -0.3578 0.8378 0.4123
vn -0.5400 0.7490 0.3839
vn -0.7043 -0.2770 -0.6536
vn -0.4832 -0.2759 -0.8309
vn -0.5634 -0.3091 -0.7662
vn -0.0258 -0.1316 -0.9910
vn 0.2320 -0.9499 0.2095
vn -0.0402 -0.0997 0.9942
vn 0.7029 -0.7102 0.0382
vn -0.0111 -0.9980 0.0627
vn -0.6599 -0.1217 0.7414
vn 0.2594 0.5402 0.8006
vn -0.4553 -0.3235 -0.8295
vn -0.7731 -0.2817 -0.5683
vn -0.9939 -0.0673 -0.0872
vn -0.7947 0.0592 0.6041
vn -0.6679 0.3000 0.6811
vn -0.9797 0.1950 0.0464
vn 0.0599 0.9790 -0.1947
vn 0.0037 -0.8047 -0.5936
vn 0.6999 -0.6461 0.3045
vn -0.7227 0.0084 -0.6911
vn 0.0322 -0.8399 -0.5418
vn -0.5790 -0.0829 -0.8111
vn -0.7797 0.1820 0.5991
vn -0.6271 0.5306 0.5703
vn -0.1934 0.9689 0.1546
vn 0.2955 -0.8303 -0.4725
vn -0.0973 0.7672 -0.6340
vn 0.0025 -0.7502 0.6612
vn -0.1511 -0.1288 -0.9801
vn -0.0683 -0.1747 -0.9823
vn -0.2524 0.0218 0.9674
vn -0.4474 -0.2671 -0.8535
vn -0.4453 -0.7596 -0.4741
vn -0.2755 0.2090 0.9383
vn -0.1447 0.1032 0.9841
vn -0.3593 -0.0620 0.9312
vn -0.2814 -0.6799 -0.6771
vn -0.5131 -0.8576 -0.0369
vn 0.0238 0.1720 0.9848
vn -0.2702 0.0706 -0.9602
vn 0.0565 0.6024 -0.7962
vn -0.1222 0.1198 0.9853
vn 0.6752 -0.6392 -0.3682
vn -0.4944 0.7292 -0.4732
vn -0.1867 0.1931 0.9633
vn -0.8373 -0.0879 0.5396
vn -0.3486 0.0684 -0.9348
vn 0.0269 0.9152 0.4022
vn 0.5335 -0.2938 0.7931
vn -0.2787 -0.9553 0.0983
vn 0.4553 -0.8864 0.0839
vn -0.3115 -0.9488 -0.0518
vn -0.4387 -0.8986 -0.0084
vn 0.0870 0.9872 0.1335
vn -0.0307 0.9962 0.0815
vn -0.4076 0.6174 0.6728
vn -0.0170 0.8999 0.4358
vn 0.7658 -0.3627 0.5310
vn 0.0794 -0.0888 -0.9929
vn -0.1796 -0.2574 -0.9495
vn 0.2824 0.0402 -0.9584
vn 0.4464 -0.4439 -0.7770
vn 0.1061 0.3002 -0.9480
vn -0.7113 -0.6497 0.2682
vn -0.5602 0.6416 0.5239
vn 0.2370 -0.2798 -0.9303
vn -0.3987 0.1983 0.8954
vn 0.2513 -0.2443 0.9366
vn -0.5665 0.2423 -0.7876
vn -0.3070 0.9279 -0.2118
vn 0.0183 -0.5917 0.8060
vn 0.2335 -0.0292 0.9719
vn 0.6848 -0.6325 0.3619
vn 0.6048 -0.0236 0.7961
vn 0.4804 -0.4174 -0.7713
vn -0.4239 0.9031 0.0689
vn 0.0786 0.1757 0.9813
vn 0.1245 -0.1896 -0.9739
vn 0.7844 -0.5356 0.3128
vn -0.0168 -0.5488 -0.8358
vn 0.2852 0.0066 0.9585
vn 0.5586 -0.1621 0.8134
vn -0.6606 0.4691 0.5861
vn -0.5722 0.1453 -0.8071
vn -0.4451 0.7428 -0.5001
vn 0.7877 -0.5550 -0.2675
vn -0.1159 -0.2158 -0.9695
vn -0.1693 0.7865 -0.5939
vn -0.4669 -0.3722 -0.8021
vn -0.1282 0.9888 0.0769
vn -0.0281 -0.8912 -0.4528
vn 0.0921 -0.9788 -0.1832
vn -0.0193 -0.0345 -0.9992
vn -0.8480 -0.1717 0.5014
vn -0.6947 -0.7092 0.1200
vn -0.0449 0.9551 0.2928
vn 0.3873 0.3702 0.8444
vn 0.0606 0.1801 0.9818
vn -0.5218 -0.7259 -0.4481
vn -0.5216 -0.2721 -0.8086
vn 0.0384 0.5473 0.8361
vn -0.3910 0.1316 -0.9110
vn -0.3250 0.2821 -0.9027
vn 0.4377 -0.3056 -0.8456
vn -0.2132 -0.8591 -0.4652
vn 0.1185 0.2459 0.9620
vn -0.3014 -0.0211 0.9533
vn -0.0626 -0.9967 -0.0509
vn 0.2103 -0.8493 -0.4842
vn -0.3172 -0.9225 -0.2199
vn 0.5794 -0.1272 0.8050
vn -0.3279 -0.9383 0.1099
vn 0.3756 0.9232 -0.0814
vn -0.5597 0.5304 0.6367
vn 0.5790 -0.3724 0.7253
vn 0.3723 -0.9222 -0.1042
vn 0.2213 -0.4635 0.8580
vn 0.4243 0.0151 -0.9054
vn 0.4385 -0.8410 0.3170
vn 0.6032 0.0237 -0.7973
vn -0.6502 0.3682 0.6646
vn 0.3903 0.2830 0.8761
vn 0.1654 0.2464 0.9550
vn 0.6057 0.3557 0.7118
vn 0.0866 0.8968 0.4339
vn -0.0706 -0.7075 0.7032
vn -0.0624 -0.6745 0.7356
vn -0.0258 -0.0543 0.9982
vn 0.8579 -0.4190 0.2975
vn 0.4478 -0.2577 -0.8562
vn -0.1254 -0.1809 -0.9755
vn 0.5005 0.3166 0.8057
vn 0.5777 0.0554 0.8144
vn 0.2450 0.7273 0.6411
vn 0.1413 0.9814 -0.1297
vn 0.3651 -0.8107 -0.4576
vn -0.0969 0.9930 0.0674
vn -0.5493 0.8336 0.0580
vn 0.5058 0.1729 0.8452
vn 0.1074 -0.6134 0.7824
vn 0.5357 0.8228 -0.1897
vn 0.1899 0.2819 -0.9405
vn -0.5818 -0.7344 -0.3496
vn 0.0024 -0.7912 0.6115
vn -0.2277 0.8078 0.5437
vn 0.4133 0.0212 0.9104
vn 0.3483 0.1121 0.9307
vn 0.3888 0.1831 0.9029
vn 0.3595 -0.9134 0.1907
vn 0.3370 -0.8194 -0.4638
vn -0.1003 -0.9835 0.1507
vn 0.8373 -0.4102 -0.3614
vn -0.5488 0.1204 -0.8273
vn -0.4813 -0.2406 -0.8429
vn 0.5797 0.0637 -0.8123
vn 0.4813 -0.1613 -0.8616
vn -0.6941 0.3340 0.6377
vn -0.8603 -0.2185 0.4606
vn -0.2489 0.7627 -0.5969
vn 0.0591 0.6302 -0.7742
vn 0.3847 -0.2770 -0.8805
vn -0.3356 0.3385 -0.8791
vn -0.0683 -0.5422 -0.8374
vn -0.5858 -0.1201 -0.8015
vn 0.5796 -0.0827 -0.8107
vn -0.7201 -0.6931 0.0331
vn 0.6836 -0.1078 0.7218
vn 0.7792 0.3381 0.5277
vn 0.8894 0.3049 0.3405
vn 0.1108 0.5402 0.8342
vn 0.6440 0.1283 0.7542
vn 0.9086 -0.3435 0.2377
vn -0.1098 -0.8682 -0.4840
vn 0.9330 0.1793 -0.3119
vn 0.9448 0.1222 -0.3039
vn 0.3870 0.9199 0.0633
vn -0.0187 -0.0122 -0.9998
vn 0.8661 -0.3029 -0.3976
vn -0.1456 0.9717 -0.1858
vn 0.7549 0.1139 -0.6459
vn 0.8531 0.1783 -0.4903
vn -0.4284 0.6652 -0.6116
vn -0.4083 0.8126 -0.4160
vn -0.4979 0.8437 -0.2009
vn 0.0566 -0.0828 0.9950
vn 0.7140 0.1937 0.6728
vn -0.3069 -0.9272 0.2146
vn -0.2638 -0.8995 -0.3484
vn 0.9434 0.2955 0.1509
vn 0.2261 -0.7928 -0.5660
vn 0.4379 -0.6032 -0.6666
vn 0.9354 0.0118 -0.3535
vn -0.8793 -0.2797 0.3855
vn -0.5184 0.3441 -0.7828
vn 0.8397 -0.0130 0.5429
vn -0.0755 -0.4099 0.9090
vn -0.3896 0.0828 0.9173
vn -0.3855 -0.8712 -0.3041
vn 0.9609 0.2768 0.0041
vn -0.3456 -0.7159 -0.6067
vn -0.4053 -0.3564 -0.8419
vn 0.9531 0.1714 0.2493
vn 0.5831 -0.3879 0.7138
vn 0.8946 -0.1954 -0.4018
vn 0.9573 -0.2004 0.2084
vn -0.7924 -0.3528 -0.4976
vn -0.9482 -0.2165 -0.2325
vn -0.7996 -0.3608 -0.4801
vn 0.2660 0.7769 0.5706
vn 0.0284 -0.9964 -0.0803
vn -0.9903 -0.1278 -0.0544
vn -0.9896 -0.1433 -0.0155
vn -0.4737 0.3986 -0.7853
vn 0.4916 -0.7772 -0.3927
vn -0.4926 0.2372 0.8373
vn -0.5555 0.4530 0.6973
vn 0.3302 -0.9018 0.2787
vn 0.3276 -0.8911 0.3140
vn -0.8204 -0.5564 0.1317
vn 0.1682 0.9650 0.2014
vn -0.9655 -0.1935 -0.1742
vn -0.9949 -0.0764 0.0666
vn -0.9941 0.0218 0.1064
vn -0.7597 -0.3614 -0.5405
vn -0.9637 0.0305 0.2654
vn -0.9510 -0.0597 0.3033
vn 0.0702 0.9895 0.1261
vn 0.1704 0.9159 0.3635
vn 0.9132 -0.1003 -0.3951
vn -0.9925 -0.0719 0.0993
vn 0.1647 -0.6231 0.7646
vn 0.2019 -0.4812 0.8530
vn 0.3084 -0.2633 0.9141
vn -0.1718 0.8074 0.5645
vn -0.6415 0.2412 0.7282
vn -0.8489 0.0181 0.5282
vn 0.4596 -0.2759 -0.8442
vn 0.4142 -0.0064 -0.9102
vn -0.7197 -0.4445 -0.5333
vn -0.1836 -0.8953 0.4060
vn -0.0812 -0.8694 0.4874
vn -0.8753 -0.2477 -0.4153
vn 0.9649 -0.0767 0.2514
vn -0.1865 -0.8769 0.4429
vn -0.5763 -0.4204 -0.7008
vn -0.2235 0.9188 -0.3252
vn -0.3204 0.8365 -0.4446
vn -0.7900 -0.6123 0.0306
vn 0.9710 0.0439 0.2351
vn 0.6074 -0.4607 -0.6472
vn 0.6595 -0.3869 -0.6445
vn -0.5333 -0.8366 -0.1254
vn -0.6957 -0.3932 -0.6012
vn -0.2871 -0.4408 -0.8505
vn 0.4835 0.2710 0.8323
vn 0.3992 0.4831 0.7792
vn 0.4177 0.5238 0.7424
vn -0.7896 -0.3563 -0.4996
vn -0.2469 0.6694 0.7007
vn 0.3019 -0.7007 0.6464
vn 0.2764 -0.6095 0.7430
vn 0.1074 -0.8211 -0.5606
vn -0.0195 -0.8704 -0.4920
vn 0.4991 0.4643 0.7316
vn 0.4642 0.1128 0.8785
vn 0.4880 0.4125 0.7692
vn 0.4877 -0.5681 -0.6629
vn 0.3532 -0.8544 0.3810
vn 0.3792 -0.7170 0.5850
vn 0.1250 0.9186 0.3749
vn 0.1461 0.9043 0.4012
vn -0.3155 0.3532 -0.8807
vn -0.4128 0.1902 -0.8907
vn -0.1282 -0.9519 -0.2784
vn -0.3020 -0.8397 -0.4513
vn -0.5990 0.0951 -0.7951
vn 0.2129 0.1965 -0.9571
vn 0.3197 -0.9307 0.1777
vn 0.5269 0.4998 0.6875
vn 0.4858 0.5631 0.6685
vn -0.0744 0.5473 -0.8336
vn -0.0740 -0.7368 0.6720
vn 0.0403 -0.3756 0.9259
vn 0.0494 0.7511 -0.6583
vn 0.6252 0.7750 -0.0918
vn 0.6387 0.7164 -0.2808
vn -0.2899 0.5087 0.8107
vn -0.3659 0.3875 0.8461
vn -0.1108 -0.5467 -0.8299
vn -0.0493 -0.3468 -0.9367
vn -0.2804 -0.4521 -0.8467
vn -0.5056 0.3423 -0.7919
vn 0.0001 0.7675 0.6410
vn 0.0215 0.8517 0.5236
vn -0.1423 -0.9312 -0.3357
vn -0.2094 -0.9718 -0.1088
vn -0.1639 -0.9696 0.1818
vn 0.3485 -0.0999 -0.9320
vn -0.0499 0.2127 -0.9759
vn -0.0949 0.5053 -0.8577
vn -0.0259 -0.8685 -0.4950
vn 0.7134 0.5565 -0.4259
vn 0.7461 0.5042 -0.4349
vn 0.6871 0.6152 -0.3865
vn -0.5684 -0.4105 -0.7130
vn -0.5553 -0.4080 -0.7247
vn 0.2654 0.9268 0.2659
vn 0.6702 0.7398 -0.0595
vn -0.4822 -0.8487 -0.2173
vn -0.5911 -0.7970 -0.1243
vn -0.7336 -0.3046 -0.6074
vn -0.6930 -0.2687 -0.6690
vn -0.6870 -0.2870 -0.6676
vn -0.7452 -0.3712 -0.5540
vn 0.0125 0.4141 -0.9101
vn -0.3059 -0.0022 0.9521
vn 0.8145 0.2844 -0.5056
vn 0.8035 0.2115 -0.5565
vn 0.7957 -0.0442 -0.6040
vn 0.7985 -0.0786 -0.5968
vn 0.7856 -0.1923 -0.5881
vn -0.0130 0.8530 -0.5218
vn -0.0452 0.9686 -0.2443
vn 0.3508 -0.8480 0.3972
vn -0.2696 -0.9427 0.1966
vn -0.3670 -0.9200 0.1377
vn -0.7327 0.4342 0.5241
vn -0.5109 0.4645 0.7233
vn -0.8994 -0.1530 0.4095
vn -0.5630 -0.4202 -0.7117
vn -0.7232 -0.4168 -0.5506
vn -0.0827 -0.6960 -0.7133
vn -0.2095 -0.2348 0.9492
vn 0.1206 0.5628 0.8178
vn 0.1179 0.8219 0.5573
vn 0.1215 0.2237 0.9671
vn -0.5429 -0.8391 -0.0344
vn -0.5314 -0.4227 -0.7341
vn 0.3809 0.7090 0.5934
vn 0.5140 -0.5564 -0.6529
vn 0.4134 -0.9099 0.0343
vn -0.6621 0.7265 0.1837
vn -0.6260 0.7775 -0.0604
vn -0.4939 0.8564 -0.1503
vn -0.0579 -0.9580 -0.2810
vn 0.0029 -0.9965 -0.0838
vn -0.6554 -0.3714 -0.6577
vn 0.5262 -0.6181 -0.5840
vn 0.0892 -0.0940 0.9916
vn -0.7456 -0.4184 -0.5187
vn -0.6895 -0.6446 -0.3301
vn 0.7182 -0.2961 -0.6297
vn 0.5913 -0.0599 0.8043
vn 0.1587 0.9760 0.1490
vn -0.7158 -0.2010 -0.6688
vn 0.5075 -0.8417 -0.1841
vn 0.1948 0.9043 0.3800
vn 0.0962 0.9343 0.3432
vn -0.6283 0.1779 -0.7574
vn 0.3038 -0.0733 -0.9499
vn -0.1433 0.6757 -0.7232
vn 0.0017 0.7196 -0.6944
vn -0.2021 0.6529 -0.7300
vn 0.0389 -0.4280 -0.9029
vn 0.0275 -0.4127 -0.9104
vn 0.5388 0.4864 0.6878
vn 0.5943 -0.3518 0.7232
vn -0.1282 0.9747 -0.1834
vn -0.1764 0.9306 -0.3208
vn -0.1071 -0.8109 -0.5752
vn -0.7513 0.5615 0.3469
vn -0.4047 0.4490 -0.7966
vn -0.5848 -0.7879 -0.1930
vn -0.5717 -0.7727 -0.2759
vn -0.6324 -0.7176 -0.2920
vn -0.9098 -0.3699 0.1881
vn -0.0052 -0.4169 -0.9089
vn 0.3767 -0.1613 -0.9122
vn 0.0602 0.3426 -0.9376
vn 0.3545 0.1387 -0.9247
vn 0.5211 0.0486 -0.8521
vn -0.4251 -0.7975 0.4281
vn -0.3226 -0.9377 0.1293
vn -0.3416 -0.9116 0.2286
vn -0.4052 -0.6496 0.6433
vn -0.3549 0.9240 0.1423
vn -0.6440 -0.1476 -0.7506
vn -0.1959 0.5401 -0.8185
vn -0.1878 0.5677 -0.8015
vn -0.1956 0.6273 -0.7538
vn 0.0106 0.9999 -0.0133
vn -0.5878 0.5830 0.5609
vn 0.5184 0.3463 0.7819
vn 0.0364 -0.6340 0.7724
vn 0.6020 -0.0354 -0.7977
vn -0.6861 0.4485 -0.5728
vn -0.5298 0.3190 -0.7858
vn -0.5862 0.3268 -0.7413
vn -0.0154 0.5336 -0.8456
vn 0.1460 0.5872 -0.7961
vn -0.2806 0.9044 -0.3215
vn 0.5928 0.7788 -0.2050
vn 0.4174 0.8968 -0.1464
vn -0.5965 0.3592 -0.7177
vn 0.3470 0.5326 -0.7720
vn -0.6228 0.7778 -0.0848
vn -0.3983 0.6121 -0.6831
vn -0.5062 -0.8563 0.1023
vn -0.0051 -0.8222 0.5692
vn 0.2551 0.7826 0.5678
vn -0.3814 0.5183 -0.7654
vn -0.2664 0.5550 -0.7881
vn 0.5652 0.8219 0.0709
vn -0.1512 -0.9086 0.3894
vn 0.6039 -0.0521 -0.7954
vn 0.5372 0.3504 0.7672
vn -0.9130 -0.3043 0.2717
vn -0.0808 0.3866 -0.9187
vn -0.1694 0.3460 -0.9228
vn 0.6009 -0.2069 -0.7720
vn 0.3759 0.9205 -0.1068
vn 0.6251 0.6661 -0.4069
vn 0.2279 -0.5955 0.7703
vn 0.7073 -0.1551 -0.6897
vn -0.7043 0.1005 0.7027
vn -0.5628 -0.3554 0.7463
vn -0.4126 -0.6063 0.6798
vt 0.424915 0.044505
vt 0.419499 0.062871
vt 0.408922 0.073232
vt 0.406983 0.074036
vt 0.388567 0.075054
vt 0.385123 0.073550
vt 0.375000 0.059174
vt 0.375000 0.011563
vt 0.375154 0.011177
vt 0.382351 0.006661
vt 0.388722 0.002599
vt 0.392710 0.002599
vt 0.409571 0.007081
vt 0.414995 0.012362
vt 0.421039 0.022849
vt 0.424455 0.028512
vt 0.425989 0.032649
vt 0.426074 0.037825
vt 0.426177 0.042472
vt 0.593831 0.023882
vt 0.590177 0.013205
vt 0.594644 0.002517
vt 0.595295 0.000000
vt 0.625000 0.000000
vt 0.625000 0.035794
vt 0.618236 0.037676
vt 0.612379 0.038882
vt 0.607103 0.036582
vt 0.595141 0.028340
vt 0.520535 0.089557
vt 0.521509 0.074081
vt 0.523267 0.065426
vt 0.526819 0.061667
vt 0.538709 0.048441
vt 0.541763 0.047541
vt 0.550594 0.045255
vt 0.562798 0.044782
vt 0.566570 0.046676
vt 0.576834 0.052321
vt 0.583693 0.063502
vt 0.585542 0.068871
vt 0.581925 0.082921
vt 0.578731 0.091624
vt 0.564995 0.102156
vt 0.559132 0.106383
vt 0.551967 0.106943
vt 0.539855 0.109075
vt 0.535479 0.109068
vt 0.522671 0.092127
vt 0.520781 0.090206
vt 0.608855 0.187833
vt 0.609468 0.174545
vt 0.609698 0.168952
vt 0.610312 0.162031
vt 0.613892 0.159252
vt 0.621950 0.154619
vt 0.625000 0.153873
vt 0.625000 0.223962
vt 0.623388 0.220131
vt 0.616638 0.207856
vt 0.613789 0.199343
vt 0.512359 0.137970
vt 0.522096 0.127580
vt 0.528579 0.127631
vt 0.539627 0.128944
vt 0.545655 0.135117
vt 0.554867 0.145847
vt 0.556123 0.151037
vt 0.557417 0.156056
vt 0.559444 0.167092
vt 0.561914 0.172289
vt 0.561986 0.177380
vt 0.561971 0.184442
vt 0.561630 0.200063
vt 0.561700 0.220743
vt 0.561602 0.222228
vt 0.561549 0.225762
vt 0.558364 0.244169
vt 0.557483 0.250000
vt 0.500691 0.250000
vt 0.505029 0.226603
vt 0.504715 0.216851
vt 0.504975 0.204906
vt 0.502768 0.188993
vt 0.503509 0.181595
vt 0.503431 0.178729
vt 0.503429 0.171831
vt 0.503762 0.162020
vt 0.503789 0.158932
vt 0.505787 0.148663
vt 0.507959 0.143030
vt 0.426989 0.211115
vt 0.410273 0.211370
vt 0.395856 0.208431
vt 0.390303 0.205443
vt 0.384459 0.200471
vt 0.379644 0.196352
vt 0.375000 0.193910
vt 0.375000 0.154771
vt 0.376554 0.154082
vt 0.383186 0.152787
vt 0.391791 0.149724
vt 0.402853 0.153083
vt 0.404731 0.153240
vt 0.417763 0.154727
vt 0.426912 0.156060
vt 0.434043 0.160992
vt 0.442296 0.169722
vt 0.446074 0.173635
vt 0.448708 0.176752
vt 0.447589 0.183662
vt 0.446893 0.199462
vt 0.433452 0.209331
vt 0.430195 0.211280
vt 0.454045 0.228303
vt 0.454328 0.228134
vt 0.454762 0.228223
vt 0.469772 0.231214
vt 0.476466 0.237965
vt 0.483814 0.244956
vt 0.484191 0.250000
vt 0.427601 0.250000
vt 0.428776 0.246350
vt 0.433529 0.238330
vt 0.434668 0.236296
vt 0.435043 0.235911
vt 0.435712 0.235738
vt 0.450657 0.229641
vt 0.554531 0.256079
vt 0.551600 0.261175
vt 0.536327 0.268015
vt 0.534651 0.268894
vt 0.533833 0.268874
vt 0.513085 0.265922
vt 0.508899 0.262871
vt 0.500784 0.250635
vt 0.593652 0.483902
vt 0.609067 0.479849
vt 0.625000 0.484932
vt 0.625000 0.500000
vt 0.581159 0.500000
vt 0.581106 0.498750
vt 0.592722 0.484454
vt 0.593122 0.483995
vt 0.420743 0.500000
vt 0.420738 0.497803
vt 0.422868 0.490910
vt 0.424879 0.478657
vt 0.428139 0.466607
vt 0.429027 0.461396
vt 0.434150 0.450728
vt 0.436377 0.443160
vt 0.438988 0.432473
vt 0.441739 0.416170
vt 0.442239 0.414128
vt 0.442344 0.411111
vt 0.446585 0.398305
vt 0.447434 0.392097
vt 0.451176 0.379554
vt 0.451442 0.371109
vt 0.449400 0.355534
vt 0.449396 0.354919
vt 0.449182 0.353718
vt 0.449356 0.330707
vt 0.449318 0.325166
vt 0.448816 0.311616
vt 0.443480 0.296223
vt 0.442849 0.290846
vt 0.440848 0.284809
vt 0.435053 0.267900
vt 0.431647 0.258713
vt 0.485500 0.253794
vt 0.488062 0.260884
vt 0.488215 0.273135
vt 0.493160 0.283883
vt 0.494019 0.289987
vt 0.497757 0.305351
vt 0.498450 0.309489
vt 0.500897 0.321752
vt 0.501018 0.322551
vt 0.501599 0.327354
vt 0.502259 0.345805
vt 0.502086 0.348640
vt 0.502454 0.361499
vt 0.502679 0.365619
vt 0.503502 0.380412
vt 0.503384 0.382030
vt 0.502627 0.397934
vt 0.502174 0.403011
vt 0.500505 0.417905
vt 0.498405 0.431394
vt 0.495369 0.443221
vt 0.492866 0.453945
vt 0.486273 0.469484
vt 0.483523 0.477136
vt 0.473864 0.491830
vt 0.473842 0.491860
vt 0.473832 0.491873
vt 0.467467 0.500000
vt 0.534878 0.451454
vt 0.534862 0.450037
vt 0.537587 0.437869
vt 0.541046 0.435232
vt 0.547545 0.423924
vt 0.555695 0.420610
vt 0.568739 0.420630
vt 0.575037 0.422546
vt 0.578288 0.425471
vt 0.587721 0.430993
vt 0.592490 0.442819
vt 0.594921 0.451043
vt 0.593562 0.467384
vt 0.593042 0.468444
vt 0.582535 0.478392
vt 0.572584 0.481994
vt 0.565159 0.482540
vt 0.555004 0.481225
vt 0.546441 0.473460
vt 0.544411 0.471746
vt 0.536802 0.455502
vt 0.584243 0.506528
vt 0.584176 0.506364
vt 0.625000 0.577992
vt 0.617377 0.564492
vt 0.616318 0.561143
vt 0.611936 0.555784
vt 0.604033 0.540503
vt 0.597203 0.529653
vt 0.595267 0.526329
vt 0.585494 0.509028
vt 0.531856 0.554178
vt 0.533507 0.561265
vt 0.530331 0.569332
vt 0.526135 0.579602
vt 0.516748 0.583670
vt 0.505905 0.588300
vt 0.497884 0.588114
vt 0.492594 0.587256
vt 0.483507 0.579771
vt 0.479526 0.575417
vt 0.477939 0.571781
vt 0.474353 0.554248
vt 0.479542 0.544650
vt 0.485326 0.537138
vt 0.507784 0.531361
vt 0.511260 0.530656
vt 0.512848 0.531637
vt 0.529273 0.542986
vt 0.412174 0.679352
vt 0.411421 0.679962
vt 0.409174 0.680389
vt 0.393883 0.683644
vt 0.375000 0.678105
vt 0.375000 0.631156
vt 0.385419 0.627565
vt 0.391135 0.627785
vt 0.402302 0.627461
vt 0.410901 0.630543
vt 0.418261 0.634676
vt 0.426071 0.645634
vt 0.426930 0.646856
vt 0.427698 0.648202
vt 0.427358 0.652678
vt 0.426498 0.666328
vt 0.514426 0.656171
vt 0.514455 0.655331
vt 0.513995 0.651068
vt 0.512403 0.634012
vt 0.511818 0.632319
vt 0.512427 0.628952
vt 0.520514 0.614053
vt 0.528695 0.603560
vt 0.530941 0.602924
vt 0.537763 0.601771
vt 0.554599 0.597771
vt 0.559058 0.598082
vt 0.569000 0.610682
vt 0.570918 0.612471
vt 0.571224 0.613430
vt 0.573515 0.629749
vt 0.571685 0.640784
vt 0.570757 0.642538
vt 0.568965 0.644070
vt 0.558075 0.658558
vt 0.548811 0.664991
vt 0.538812 0.666315
vt 0.526546 0.666205
vt 0.515357 0.657367
vt 0.434435 0.632491
vt 0.434378 0.632443
vt 0.434103 0.632279
vt 0.410878 0.619088
vt 0.402962 0.614635
vt 0.396796 0.605719
vt 0.385440 0.595643
vt 0.384011 0.593740
vt 0.383466 0.591033
vt 0.379674 0.580701
vt 0.380803 0.573362
vt 0.385990 0.566778
vt 0.393112 0.562039
vt 0.397736 0.560950
vt 0.406372 0.561239
vt 0.415951 0.559794
vt 0.418044 0.560609
vt 0.419982 0.561448
vt 0.433615 0.568321
vt 0.441316 0.570265
vt 0.449799 0.574447
vt 0.457156 0.579350
vt 0.461823 0.584303
vt 0.469276 0.597471
vt 0.473841 0.609522
vt 0.480496 0.613141
vt 0.485849 0.627179
vt 0.478833 0.632913
vt 0.472095 0.640762
vt 0.458151 0.637678
vt 0.455549 0.635915
vt 0.451052 0.635186
vt 0.443341 0.633058
vt 0.403705 0.532032
vt 0.403266 0.529981
vt 0.403862 0.529379
vt 0.405180 0.525906
vt 0.410618 0.513450
vt 0.411014 0.510302
vt 0.416268 0.504318
vt 0.472483 0.507093
vt 0.474631 0.511744
vt 0.472334 0.526185
vt 0.471383 0.529127
vt 0.470187 0.530739
vt 0.455841 0.546284
vt 0.455445 0.546446
vt 0.453458 0.547449
vt 0.442797 0.552823
vt 0.427421 0.553246
vt 0.424566 0.554321
vt 0.418267 0.552047
vt 0.408357 0.546567
vt 0.625000 1.000000
vt 0.595295 1.000000
vt 0.597625 0.988665
vt 0.602143 0.977844
vt 0.604788 0.969934
vt 0.605393 0.964922
vt 0.606287 0.955737
vt 0.612643 0.944034
vt 0.612317 0.938730
vt 0.612697 0.929847
vt 0.622646 0.916749
vt 0.624193 0.912506
vt 0.625000 0.911854
vt 0.535293 0.973690
vt 0.535149 0.973590
vt 0.515103 0.963773
vt 0.514088 0.961220
vt 0.506205 0.943641
vt 0.508903 0.935688
vt 0.509901 0.932218
vt 0.516439 0.926048
vt 0.522409 0.921332
vt 0.526789 0.919719
vt 0.534297 0.915042
vt 0.550057 0.914323
vt 0.551906 0.914264
vt 0.553140 0.914885
vt 0.567391 0.921403
vt 0.569916 0.925899
vt 0.574851 0.930514
vt 0.576673 0.945266
vt 0.576018 0.954397
vt 0.572596 0.959609
vt 0.561642 0.967020
vt 0.555471 0.969177
vt 0.535412 0.973731
vt 0.468057 0.847108
vt 0.485804 0.848418
vt 0.487498 0.849185
vt 0.491030 0.851784
vt 0.503696 0.859479
vt 0.510513 0.867339
vt 0.512754 0.871451
vt 0.513795 0.873766
vt 0.506728 0.878896
vt 0.491741 0.889774
vt 0.487488 0.892860
vt 0.468059 0.906966
vt 0.467133 0.907637
vt 0.458973 0.896619
vt 0.455348 0.888609
vt 0.452945 0.882981
vt 0.451750 0.879506
vt 0.452914 0.867871
vt 0.452507 0.862329
vt 0.457995 0.856106
vt 0.464309 0.848524
vt 0.359186 0.635772
vt 0.373206 0.631497
vt 0.373487 0.678014
vt 0.364921 0.676251
vt 0.362604 0.673166
vt 0.349104 0.658210
vt 0.347697 0.652856
vt 0.358253 0.636949
vt 0.358779 0.636157
vt 0.369703 0.568509
vt 0.371380 0.581989
vt 0.369867 0.587849
vt 0.360957 0.593877
vt 0.353799 0.600903
vt 0.344598 0.601758
vt 0.329147 0.600452
vt 0.325785 0.598014
vt 0.312809 0.594149
vt 0.305757 0.583214
vt 0.301630 0.579523
vt 0.300261 0.573017
vt 0.300671 0.563392
vt 0.304811 0.557705
vt 0.315382 0.546714
vt 0.317433 0.546180
vt 0.335094 0.543395
vt 0.338173 0.544178
vt 0.342664 0.546570
vt 0.358733 0.553831
vt 0.369222 0.567858
vt 0.369596 0.568261
vt 0.125000 0.690826
vt 0.130293 0.688285
vt 0.141591 0.673213
vt 0.146845 0.663142
vt 0.151023 0.656880
vt 0.158988 0.643047
vt 0.159656 0.635585
vt 0.164308 0.630505
vt 0.166910 0.624106
vt 0.171448 0.608845
vt 0.175750 0.598206
vt 0.179343 0.587343
vt 0.184248 0.567075
vt 0.185304 0.565349
vt 0.186073 0.564211
vt 0.195201 0.549250
vt 0.207351 0.531570
vt 0.207555 0.531556
vt 0.208144 0.531613
vt 0.227461 0.532685
vt 0.229673 0.534760
vt 0.230168 0.537302
vt 0.231709 0.540644
vt 0.235132 0.550425
vt 0.238992 0.563499
vt 0.238026 0.572569
vt 0.236028 0.580715
vt 0.234422 0.591434
vt 0.233837 0.601170
vt 0.227351 0.614416
vt 0.223890 0.626426
vt 0.219195 0.635709
vt 0.214901 0.644313
vt 0.205524 0.659205
vt 0.203378 0.662025
vt 0.200380 0.666513
vt 0.190084 0.674699
vt 0.183435 0.679865
vt 0.176133 0.689129
vt 0.167083 0.697027
vt 0.160224 0.700602
vt 0.156890 0.705314
vt 0.146411 0.713795
vt 0.140573 0.721233
vt 0.134670 0.727040
vt 0.125000 0.738437
vt 0.129353 0.591247
vt 0.125000 0.595229
vt 0.125000 0.556090
vt 0.128098 0.557511
vt 0.130971 0.563232
vt 0.133111 0.570945
vt 0.130373 0.584399
vt 0.245816 0.710111
vt 0.231640 0.701633
vt 0.228930 0.694393
vt 0.223539 0.686500
vt 0.224547 0.670869
vt 0.225560 0.668114
vt 0.241408 0.658401
vt 0.255720 0.655359
vt 0.262945 0.657309
vt 0.282037 0.669327
vt 0.283677 0.671647
vt 0.285312 0.676136
vt 0.291157 0.690334
vt 0.291461 0.696044
vt 0.287245 0.703908
vt 0.284084 0.709581
vt 0.276086 0.713050
vt 0.254539 0.715162
vt 0.249813 0.713306
vt 0.847465 0.529714
vt 0.852628 0.514238
vt 0.863820 0.523700
vt 0.875000 0.526038
vt 0.875000 0.596127
vt 0.868554 0.589219
vt 0.867419 0.587826
vt 0.866914 0.587056
vt 0.856733 0.572902
vt 0.856318 0.561938
vt 0.848139 0.552312
vt 0.847724 0.551169
vt 0.846859 0.549064
vt 0.848558 0.535978
vt 0.838469 0.730123
vt 0.841074 0.727578
vt 0.854997 0.722373
vt 0.861054 0.717706
vt 0.871110 0.716374
vt 0.875000 0.714206
vt 0.875000 0.750000
vt 0.786854 0.750000
vt 0.788813 0.749206
vt 0.792120 0.748460
vt 0.796187 0.746656
vt 0.812268 0.744078
vt 0.822713 0.736934
vt 0.825514 0.735904
vt 0.831100 0.732044
vt 0.635874 0.552266
vt 0.631730 0.566115
vt 0.640068 0.500000
vt 0.640048 0.500319
vt 0.642817 0.514337
vt 0.642131 0.524078
vt 0.641541 0.529936
vt 0.641065 0.540023
vt 0.638803 0.547016
vt 0.000000 0.000000
s 0
f 810/1/1 860/2/1 869/3/1 867/4/1 866/5/1 868/6/1 859/7/1 857/8/1 858/9/1 798/10/1 797/11/1 796/12/1 801/13/1 800/14/1 799/15/1 821/16/1 822/17/1 812/18/1 811/19/1
f 803/20/1 802/21/1 794/22/1 795/23/1 1/24/1 824/25/1 804/26/1 806/27/1 805/28/1 823/29/1
f 828/30/1 814/31/1 813/32/1 815/33/1 817/34/1 816/35/1 808/36/1 807/37/1 809/38/1 819/39/1 818/40/1 820/41/1 832/42/1 831/43/1 827/44/1 826/45/1 825/46/1 840/47/1 835/48/1 830/49/1 829/50/1
f 850/51/1 843/52/1 841/53/1 844/54/1 847/55/1 848/56/1 849/57/1 853/58/1 854/59/1 855/60/1 856/61/1
f 861/62/1 833/63/1 834/64/1 839/65/1 837/66/1 838/67/1 836/68/1 846/69/1 845/70/1 842/71/1 852/72/1 851/73/1 901/74/1 894/75/1 892/76/1 891/77/1 917/78/1 916/79/1 914/80/1 890/81/1 893/82/1 900/83/1 873/84/1 874/85/1 875/86/1 880/87/1 882/88/1 881/89/1 863/90/1 862/91/1
f 895/92/1 920/93/1 919/94/1 918/95/1 889/96/1 887/97/1 888/98/1 883/99/1 884/100/1 864/101/1 865/102/1 885/103/1 886/104/1 872/105/1 871/106/1 870/107/1 877/108/1 876/109/1 879/110/1 878/111/1 898/112/1 897/113/1 896/114/1
f 903/115/1 899/116/1 902/117/1 905/118/1 910/119/1 915/120/1 913/121/1 912/122/1 911/123/1 909/124/1 908/125/1 907/126/1 906/127/1 904/128/1
f 914/80/2 916/79/2 925/129/2 926/130/2 927/131/2 929/132/2 928/133/2 930/134/2 931/135/2 921/136/2
f 994/137/2 957/138/2 958/139/2 2/140/2 1004/141/2 1005/142/2 996/143/2 995/144/2
f 998/145/2 997/146/2 999/147/2 1008/148/2 991/149/2 990/150/2 1011/151/2 1010/152/2 977/153/2 972/154/2 970/155/2 971/156/2 982/157/2 966/158/2 965/159/2 964/160/2 960/161/2 961/162/2 962/163/2 963/164/2 959/165/2 943/166/2 934/167/2 933/168/2 935/169/2 938/170/2 924/171/2 912/122/2 913/121/2 922/172/2 923/173/2 936/174/2 937/175/2 932/176/2 939/177/2 942/178/2 944/179/2 940/180/2 941/181/2 949/182/2 948/183/2 947/184/2 945/185/2 969/186/2 968/187/2 967/188/2 975/189/2 973/190/2 976/191/2 978/192/2 984/193/2 987/194/2 988/195/2 1001/196/2 1002/197/2 1003/198/2 1000/199/2
f 983/200/2 979/201/2 980/202/2 981/203/2 974/204/2 946/205/2 954/206/2 953/207/2 951/208/2 950/209/2 952/210/2 956/211/2 955/212/2 993/213/2 992/214/2 1007/215/2 1006/216/2 1009/217/2 989/218/2 986/219/2 985/220/2
f 1056/221/3 1057/222/3 1004/141/3 2/140/3 1043/223/3 1042/224/3 1073/225/3 1072/226/3 1071/227/3 1067/228/3 1066/229/3 1058/230/3
f 1054/231/3 1070/232/3 1037/233/3 1038/234/3 1029/235/3 1027/236/3 1028/237/3 1036/238/3 1030/239/3 1031/240/3 1032/241/3 1046/242/3 1050/243/3 1053/244/3 1047/245/3 1048/246/3 1049/247/3 1055/248/3
f 1077/249/3 1078/250/3 1075/251/3 1074/252/3 1076/253/3 1095/254/3 1093/255/3 1094/256/3 1106/257/3 1102/258/3 1098/259/3 1097/260/3 1099/261/3 1103/262/3 1085/263/3 1086/264/3
f 1080/265/3 1079/266/3 1081/267/3 1024/268/3 1025/269/3 1026/270/3 1022/271/3 1020/272/3 1021/273/3 1040/274/3 1039/275/3 1041/276/3 1019/277/3 1017/278/3 1018/279/3 1023/280/3 1016/281/3 1014/282/3 1015/283/3 1012/284/3 1013/285/3 1084/286/3 1083/287/3 1082/288/3
f 1090/289/3 1091/290/3 1096/291/3 1105/292/3 1104/293/3 1110/294/3 1111/295/3 1112/296/3 1113/297/3 1114/298/3 1131/299/3 1117/300/3 1118/301/3 1119/302/3 1122/303/3 1120/304/3 1121/305/3 1123/306/3 1115/307/3 1116/308/3 1033/309/3 1034/310/3 1035/311/3 1109/312/3 1108/313/3 1107/314/3 1132/315/3 1100/316/3 1101/317/3 1088/318/3 1087/319/3 1089/320/3 1092/321/3
f 1127/322/3 1125/323/3 1126/324/3 1061/325/3 1062/326/3 1063/327/3 1059/328/3 998/145/3 1000/199/3 1060/329/3 1065/330/3 1064/331/3 1069/332/3 1052/333/3 1051/334/3 1045/335/3 1044/336/3 1068/337/3 1130/338/3 1124/339/3 1128/340/3 1129/341/3
f 1/342/4 795/343/4 1157/344/4 1158/345/4 1133/346/4 1134/347/4 1135/348/4 1137/349/4 1138/350/4 1140/351/4 1144/352/4 1156/353/4 1150/354/4
f 1159/355/4 1160/356/4 1171/357/4 1167/358/4 1166/359/4 1163/360/4 1164/361/4 1165/362/4 1187/363/4 1173/364/4 1172/365/4 1149/366/4 1148/367/4 1141/368/4 1142/369/4 1143/370/4 1139/371/4 1136/372/4 1170/373/4 1168/374/4 1169/375/4 1162/376/4 1161/377/4
f 1183/378/4 1151/379/4 1153/380/4 1152/381/4 1154/382/4 1155/383/4 1145/384/4 1146/385/4 1147/386/4 1186/387/4 1175/388/4 1177/389/4 1178/390/4 1176/391/4 1174/392/4 1182/393/4 1180/394/4 1179/395/4 1181/396/4 1185/397/4 1184/398/4
f 1214/399/5 1228/400/5 1095/254/5 1076/253/5 1227/401/5 1230/402/5 1231/403/5 1217/404/5 1218/405/5 1216/406/5 1215/407/5
f 1224/408/5 1229/409/5 1232/410/5 1222/411/5 1221/412/5 1220/413/5 1219/414/5 1206/415/5 1205/416/5 1203/417/5 1204/418/5 1199/419/5 1200/420/5 1207/421/5 1209/422/5 1208/423/5 1212/424/5 1211/425/5 1213/426/5 1223/427/5 1226/428/5 1225/429/5
f 859/430/5 1236/431/5 1237/432/5 1251/433/5 1245/434/5 1243/435/5 1242/436/5 1244/437/5 1252/438/5 1254/439/5 1255/440/5 1256/441/5 1257/442/5 1268/443/5 1267/444/5 1188/445/5 1190/446/5 1189/447/5 1191/448/5 1193/449/5 1192/450/5 1194/451/5 1197/452/5 1202/453/5 1198/454/5 1201/455/5 1210/456/5 1196/457/5 1195/458/5 1286/459/5 1285/460/5 1284/461/5 1266/462/5 1264/463/5 1263/464/5 1261/465/5 1262/466/5 1250/467/5 1249/468/5 1248/469/5 1246/470/5 1247/471/5 1253/472/5 1234/473/5 1235/474/5 857/475/5
f 1238/476/5 883/477/5 888/478/5 1233/479/5 1241/480/5 1240/481/5 1239/482/5
f 1269/483/5 1283/484/5 1260/485/5 1259/486/5 1258/487/5 1265/488/5 1275/489/5 1274/490/5 1273/491/5 1277/492/5 1276/493/5 1278/494/5 1281/495/5 1279/496/5 1280/497/5 1282/498/5 1272/499/5 1271/500/5 1270/501/5
f 1296/502/6 1302/503/6 1294/504/6 853/505/6 849/506/6 1288/507/6 1289/508/6 1290/509/6 1291/510/6 1292/511/6 1299/512/6 1300/513/6 1297/514/6 1301/515/6
f 1305/516/6 1304/517/6 1303/518/6 1293/519/6 1287/520/6 824/521/6 1/522/6 1150/523/6 1312/524/6 1311/525/6 1310/526/6 1309/527/6 1307/528/6 1308/529/6 1306/530/6
f 1316/531/6 1318/532/6 1043/223/6 2/140/6 958/533/6 1295/534/6 1298/535/6 1314/536/6 1313/537/6 1315/538/6 1317/539/6
s 1
f 906/540/7 907/540/8 6/540/9
f 908/540/10 6/540/9 907/540/8
f 873/540/11 12/540/12 874/540/13
f 874/540/13 12/540/12 875/540/14
f 796/540/15 797/540/16 25/540/17
f 816/540/18 817/540/19 26/540/20
f 26/540/20 33/540/21 808/540/22 816/540/18
f 20/540/23 26/540/20 817/540/19 815/540/24
f 909/540/25 6/540/9 908/540/10
f 11/540/26 50/540/27 910/540/28 905/540/29
f 813/540/30 20/540/23 815/540/24
f 1233/540/31 888/540/32 887/540/33 14/540/34
f 889/540/35 14/540/34 887/540/33
f 842/540/36 845/540/37 41/540/38
f 845/540/37 846/540/39 41/540/38
f 804/540/40 18/540/41 806/540/42
f 922/540/43 913/540/44 915/540/45 50/540/27
f 915/540/45 910/540/28 50/540/27
f 15/540/46 901/540/47 851/540/48
f 864/540/49 884/540/50 29/540/51
f 797/540/16 798/540/52 25/540/17
f 891/540/53 892/540/54 4/540/55
f 905/540/29 902/540/56 11/540/26
f 802/540/57 58/540/58 794/540/59
f 9/540/60 861/540/61 862/540/62
f 892/540/54 894/540/63 4/540/55
f 877/540/64 870/540/65 32/540/66
f 870/540/65 871/540/67 32/540/66
f 875/540/14 12/540/12 880/540/68
f 25/540/17 744/540/69 801/540/70 796/540/15
f 831/540/71 832/540/72 7/540/73
f 5/540/74 7/540/73 832/540/72 820/540/75
f 18/540/41 804/540/40 824/540/76 1287/540/77
f 884/540/50 883/540/78 1238/540/79 29/540/51
f 89/540/80 743/540/81 63/540/82
f 1235/540/83 28/540/84 858/540/85 857/540/86
f 823/540/87 24/540/88 803/540/89
f 847/540/90 1289/540/91 1288/540/92 848/540/93
f 810/540/94 811/540/95 8/540/96
f 15/540/46 4/540/55 894/540/63 901/540/47
f 19/540/97 890/540/98 914/540/99 921/540/100
f 904/540/101 906/540/7 6/540/9
f 820/540/75 818/540/102 5/540/74
f 925/540/103 916/540/104 917/540/105 30/540/106
f 885/540/107 865/540/108 40/540/109
f 29/540/51 40/540/109 865/540/108 864/540/49
f 863/540/110 9/540/60 862/540/62
f 811/540/95 812/540/111 8/540/96
f 869/540/112 31/540/113 867/540/114
f 835/540/115 16/540/116 830/540/117
f 794/540/59 58/540/58 1157/540/118 795/540/119
f 920/540/120 23/540/121 919/540/122
f 847/540/90 844/540/123 13/540/124 1290/540/125 1289/540/91
f 860/540/126 37/540/127 31/540/113 869/540/112
f 858/540/85 28/540/84 25/540/17 798/540/52
f 1241/540/128 1233/540/31 14/540/34
f 10/540/129 839/540/130 834/540/131
f 10/540/129 51/540/132 837/540/133 839/540/130
f 897/540/134 898/540/135 17/540/136
f 24/540/88 58/540/58 802/540/57 803/540/89
f 4/540/55 30/540/106 917/540/105 891/540/53
f 828/540/137 38/540/138 814/540/139
f 814/540/139 38/540/138 20/540/23 813/540/30
f 848/540/93 1288/540/92 849/540/140
f 27/540/141 32/540/66 871/540/67 872/540/142
f 810/540/94 8/540/96 37/540/127 860/540/126
f 895/540/143 23/540/121 920/540/120
f 1239/540/144 29/540/51 1238/540/79
f 18/540/41 52/540/145 24/540/88
f 833/540/146 21/540/147 10/540/129 834/540/131
f 838/540/148 837/540/133 51/540/132
f 48/540/149 12/540/12 873/540/11 900/540/150
f 744/540/69 25/540/17 77/540/151
f 12/540/12 45/540/152 882/540/153 880/540/68
f 72/540/154 9/540/60 863/540/110 881/540/155
f 23/540/121 49/540/156 918/540/157 919/540/122
f 80/540/158 6/540/9 909/540/25 911/540/159
f 854/540/160 34/540/161 855/540/162
f 35/540/163 15/540/46 851/540/48 852/540/164
f 42/540/165 41/540/38 846/540/39 836/540/166
f 51/540/132 42/540/165 836/540/166 838/540/148
f 26/540/20 20/540/23 53/540/167
f 92/540/168 11/540/26 902/540/56 899/540/169
f 744/540/69 61/540/170 821/540/171 799/540/172
f 19/540/97 48/540/149 900/540/150 893/540/173
f 50/540/27 923/540/174 922/540/43
f 872/540/142 886/540/175 27/540/141
f 861/540/61 9/540/60 21/540/147 833/540/146
f 28/540/84 1235/540/83 1234/540/176
f 68/540/177 16/540/116 825/540/178 826/540/179
f 59/540/180 5/540/74 743/540/81
f 22/540/181 31/540/113 78/540/182
f 37/540/127 8/540/96 36/540/183
f 36/540/183 8/540/96 812/540/111 822/540/184
f 18/540/41 1287/540/77 1293/540/185
f 44/540/186 1240/540/187 1241/540/128 14/540/34
f 72/540/154 60/540/188 9/540/60
f 69/540/189 45/540/152 12/540/12
f 30/540/106 926/540/190 925/540/103
f 41/540/38 35/540/163 852/540/164 842/540/36
f 28/540/84 77/540/151 25/540/17
f 68/540/177 7/540/73 107/540/191
f 6/540/9 80/540/158 903/540/192 904/540/101
f 50/540/27 11/540/26 103/540/193
f 45/540/152 72/540/154 881/540/155 882/540/153
f 48/540/149 69/540/189 12/540/12
f 4/540/55 55/540/194 30/540/106
f 80/540/158 911/540/159 912/540/195 924/540/196
f 60/540/188 21/540/147 9/540/60
f 80/540/158 924/540/196 938/540/197
f 40/540/109 27/540/141 886/540/175 885/540/107
f 52/540/145 18/540/41 1293/540/185 1303/540/198
f 43/540/199 17/540/136 39/540/200
f 62/540/201 38/540/138 828/540/137 829/540/202
f 918/540/157 49/540/156 14/540/34 889/540/35
f 61/540/170 744/540/69 77/540/151
f 15/540/46 47/540/203 4/540/55
f 4/540/55 47/540/203 55/540/194
f 52/540/145 58/540/58 24/540/88
f 33/540/21 26/540/20 53/540/167
f 1240/540/187 44/540/186 29/540/51 1239/540/144
f 80/540/158 92/540/168 899/540/169 903/540/192
f 37/540/127 36/540/183 97/540/204
f 5/540/74 90/540/205 7/540/73
f 90/540/205 5/540/74 59/540/180
f 31/540/113 37/540/127 81/540/206
f 31/540/113 81/540/206 78/540/182
f 32/540/66 745/540/207 88/540/208
f 33/540/21 53/540/167 746/540/209
f 54/540/210 56/540/211 19/540/97
f 41/540/38 91/540/212 35/540/163
f 36/540/183 61/540/170 748/540/213
f 61/540/170 36/540/183 822/540/184 821/540/171
f 53/540/167 38/540/138 66/540/214
f 38/540/138 62/540/201 66/540/214
f 51/540/132 10/540/129 70/540/215
f 13/540/124 1291/540/216 1290/540/125
f 43/540/199 39/540/200 57/540/217
f 39/540/200 88/540/208 57/540/217
f 42/540/165 91/540/212 41/540/38
f 1304/540/218 52/540/145 1303/540/198
f 62/540/201 16/540/116 64/540/219
f 56/540/211 48/540/149 19/540/97
f 11/540/26 92/540/168 103/540/193
f 119/540/220 58/540/58 52/540/145
f 44/540/186 14/540/34 49/540/156
f 44/540/186 76/540/221 29/540/51
f 35/540/163 67/540/222 15/540/46
f 15/540/46 67/540/222 47/540/203
f 40/540/109 29/540/51 76/540/221
f 69/540/189 105/540/223 45/540/152
f 64/540/219 16/540/116 68/540/177
f 85/540/224 69/540/189 48/540/149
f 53/540/167 20/540/23 38/540/138
f 53/540/167 66/540/214 746/540/209
f 923/540/174 50/540/27 103/540/193 936/540/225
f 1158/540/226 1157/540/118 58/540/58 119/540/220
f 1158/540/226 119/540/220 1133/540/227
f 30/540/106 927/540/228 926/540/190
f 30/540/106 55/540/194 929/540/229 927/540/228
f 1305/540/230 119/540/220 52/540/145 1304/540/218
f 73/540/231 87/540/232 23/540/121
f 35/540/163 91/540/212 79/540/233
f 35/540/163 79/540/233 67/540/222
f 40/540/109 76/540/221 27/540/141
f 62/540/201 99/540/234 66/540/214
f 85/540/224 48/540/149 56/540/211
f 42/540/165 51/540/132 84/540/235
f 21/540/147 65/540/236 10/540/129
f 10/540/129 65/540/236 70/540/215
f 928/540/237 929/540/229 55/540/194 54/540/210
f 49/540/156 23/540/121 87/540/232
f 54/540/210 930/540/238 928/540/237
f 47/540/203 74/540/239 55/540/194
f 68/540/177 107/540/191 777/540/240
f 105/540/223 72/540/154 45/540/152
f 47/540/203 67/540/222 74/540/239
f 43/540/199 57/540/217 93/540/241
f 95/540/242 1253/540/243 1247/540/244
f 1302/540/245 1296/540/246 34/540/161
f 107/540/191 7/540/73 90/540/205
f 83/540/247 43/540/199 93/540/241
f 55/540/194 74/540/239 54/540/210
f 74/540/239 56/540/211 54/540/210
f 72/540/154 104/540/248 60/540/188
f 61/540/170 77/540/151 102/540/249
f 74/540/239 85/540/224 56/540/211
f 115/540/250 44/540/186 49/540/156
f 115/540/250 76/540/221 44/540/186
f 1134/540/251 1133/540/227 119/540/220
f 95/540/242 28/540/84 1234/540/176 1253/540/243
f 115/540/250 49/540/156 87/540/232
f 62/540/201 64/540/219 99/540/234
f 103/540/193 937/540/252 936/540/225
f 67/540/222 79/540/233 74/540/239
f 746/540/209 66/540/214 130/540/253
f 66/540/214 99/540/234 130/540/253
f 95/540/242 77/540/151 28/540/84
f 116/540/254 80/540/158 938/540/197 935/540/255
f 64/540/219 68/540/177 777/540/240
f 51/540/132 70/540/215 84/540/235
f 132/540/256 46/540/257 83/540/247
f 46/540/257 132/540/256 73/540/231
f 79/540/233 85/540/224 74/540/239
f 121/540/258 76/540/221 115/540/250
f 27/540/141 76/540/221 121/540/258
f 102/540/249 77/540/151 95/540/242
f 78/540/182 81/540/206 114/540/259
f 79/540/233 101/540/260 85/540/224
f 101/540/260 69/540/189 85/540/224
f 114/540/259 81/540/206 147/540/261
f 57/540/217 88/540/208 109/540/262
f 82/540/263 94/540/264 113/540/265
f 93/540/241 57/540/217 128/540/266
f 128/540/266 57/540/217 109/540/262
f 34/540/161 1296/540/246 1301/540/267
f 71/540/268 34/540/161 1301/540/267 1297/540/269
f 94/540/264 82/540/263 86/540/270
f 745/540/207 109/540/262 88/540/208
f 89/540/80 63/540/82 138/540/271
f 747/540/272 86/540/270 82/540/263
f 93/540/241 157/540/273 83/540/247
f 105/540/223 104/540/248 72/540/154
f 116/540/254 935/540/255 933/540/274
f 79/540/233 108/540/275 101/540/260
f 118/540/276 746/540/209 130/540/253
f 91/540/212 108/540/275 79/540/233
f 90/540/205 59/540/180 146/540/277
f 100/540/278 94/540/264 98/540/279
f 116/540/254 92/540/168 80/540/158
f 70/540/215 140/540/280 84/540/235
f 91/540/212 120/540/281 108/540/275
f 96/540/282 110/540/283 1244/540/284 1242/540/285
f 1300/540/286 1299/540/287 71/540/268
f 71/540/268 1297/540/269 1300/540/286
f 126/540/288 69/540/189 101/540/260
f 126/540/288 105/540/223 69/540/189
f 117/540/289 103/540/193 92/540/168
f 82/540/263 113/540/265 1171/540/290 1160/540/291
f 108/540/275 126/540/288 101/540/260
f 78/540/182 114/540/259 110/540/283
f 1242/540/285 1243/540/292 96/540/282
f 1161/540/293 82/540/263 1159/540/294
f 1169/540/295 747/540/272 1162/540/296
f 107/540/191 90/540/205 154/540/297
f 106/540/298 100/540/278 98/540/279
f 111/540/299 112/540/300 86/540/270
f 99/540/234 64/540/219 777/540/240
f 100/540/278 155/540/301 94/540/264
f 1159/540/294 82/540/263 1160/540/291
f 745/540/207 143/540/302 109/540/262
f 153/540/303 119/540/220 1305/540/230 1306/540/304
f 27/540/141 121/540/258 745/540/207
f 112/540/300 122/540/305 98/540/279
f 61/540/170 102/540/249 748/540/213
f 132/540/256 83/540/247 127/540/306
f 196/540/307 138/540/271 118/540/276
f 117/540/289 166/540/308 103/540/193
f 70/540/215 65/540/236 129/540/309
f 123/540/310 129/540/309 65/540/236
f 128/540/266 109/540/262 151/540/311
f 171/540/312 73/540/231 132/540/256
f 777/540/240 107/540/191 154/540/297
f 124/540/313 117/540/289 92/540/168
f 108/540/275 120/540/281 126/540/288
f 94/540/264 155/540/301 113/540/265
f 750/540/314 124/540/313 116/540/254
f 122/540/305 106/540/298 98/540/279
f 110/540/283 136/540/315 1252/540/316 1244/540/284
f 42/540/165 84/540/235 91/540/212
f 84/540/235 140/540/280 150/540/317
f 164/540/318 105/540/223 126/540/288
f 87/540/232 73/540/231 171/540/312
f 65/540/236 75/540/319 123/540/310
f 133/540/320 1248/540/321 1249/540/322
f 769/540/323 748/540/213 152/540/324
f 113/540/265 155/540/301 1166/540/325 1167/540/326
f 125/540/327 747/540/272 1169/540/295 1168/540/328
f 142/540/329 111/540/299 747/540/272
f 125/540/327 142/540/329 747/540/272
f 110/540/283 114/540/259 131/540/330
f 110/540/283 131/540/330 136/540/315
f 135/540/331 89/540/80 138/540/271
f 135/540/331 59/540/180 89/540/80
f 159/540/332 112/540/300 111/540/299
f 140/540/280 70/540/215 129/540/309
f 121/540/258 115/540/250 139/540/333
f 148/540/334 93/540/241 128/540/266
f 113/540/265 1167/540/326 1171/540/290
f 99/540/234 183/540/335 130/540/253
f 134/540/336 95/540/242 1247/540/244 1246/540/337
f 87/540/232 160/540/338 115/540/250
f 95/540/242 134/540/336 102/540/249
f 104/540/248 105/540/223 164/540/318
f 1170/540/339 125/540/327 1168/540/328
f 141/540/340 106/540/298 137/540/341
f 152/540/324 102/540/249 134/540/336
f 115/540/250 160/540/338 139/540/333
f 937/540/252 103/540/193 166/540/308 932/540/342
f 144/540/343 166/540/308 117/540/289
f 144/540/343 117/540/289 124/540/313
f 933/540/274 934/540/344 116/540/254
f 750/540/314 116/540/254 934/540/344 943/540/345
f 121/540/258 170/540/346 745/540/207
f 121/540/258 139/540/333 170/540/346
f 142/540/329 159/540/332 111/540/299
f 104/540/248 164/540/318 158/540/347
f 137/540/341 106/540/298 122/540/305
f 157/540/273 93/540/241 148/540/334
f 191/540/348 137/540/341 122/540/305
f 75/540/319 145/540/349 123/540/310
f 120/540/281 150/540/317 179/540/350
f 91/540/212 150/540/317 120/540/281
f 209/540/351 142/540/329 125/540/327
f 1136/540/352 209/540/351 125/540/327 1170/540/339
f 166/540/308 939/540/353 932/540/342
f 183/540/335 99/540/234 777/540/240
f 151/540/311 178/540/354 128/540/266
f 109/540/262 143/540/302 151/540/311
f 178/540/354 148/540/334 128/540/266
f 104/540/248 158/540/347 749/540/355
f 141/540/340 156/540/356 149/540/357
f 141/540/340 149/540/357 784/540/358
f 59/540/180 169/540/359 146/540/277
f 169/540/359 59/540/180 135/540/331
f 1308/540/360 153/540/303 1306/540/304
f 100/540/278 784/540/358 778/540/361
f 100/540/278 778/540/361 155/540/301
f 173/540/362 114/540/259 147/540/261
f 196/540/307 118/540/276 177/540/363
f 221/540/364 127/540/306 157/540/273
f 177/540/363 118/540/276 130/540/253
f 1254/540/365 1252/540/316 136/540/315
f 219/540/366 137/540/341 191/540/348
f 160/540/338 87/540/232 171/540/312
f 160/540/338 171/540/312 163/540/367
f 141/540/340 189/540/368 779/540/369
f 136/540/315 131/540/330 167/540/370
f 136/540/315 167/540/370 162/540/371
f 176/540/372 769/540/323 152/540/324
f 154/540/297 780/540/373 777/540/240
f 151/540/311 143/540/302 174/540/374
f 136/540/315 162/540/371 1255/540/375 1254/540/365
f 745/540/207 170/540/346 143/540/302
f 140/540/280 165/540/376 150/540/317
f 145/540/349 175/540/377 123/540/310
f 145/540/349 187/540/378 175/540/377
f 145/540/349 181/540/379 187/540/378
f 156/540/356 161/540/380 149/540/357
f 146/540/277 169/540/359 195/540/381
f 114/540/259 173/540/362 131/540/330
f 1256/540/382 1255/540/375 162/540/371
f 153/540/303 1308/540/360 1307/540/383
f 154/540/297 146/540/277 192/540/384
f 146/540/277 195/540/381 192/540/384
f 959/540/385 257/540/386 750/540/314 943/540/345
f 170/540/346 139/540/333 222/540/387
f 219/540/366 189/540/368 137/540/341
f 182/540/388 159/540/332 142/540/329
f 150/540/317 165/540/376 179/540/350
f 132/540/256 127/540/306 180/540/389
f 171/540/312 132/540/256 180/540/389
f 178/540/354 151/540/311 193/540/390
f 193/540/390 151/540/311 174/540/374
f 152/540/324 134/540/336 172/540/391
f 176/540/372 152/540/324 172/540/391
f 149/540/357 185/540/392 784/540/358
f 147/540/261 769/540/323 176/540/372
f 134/540/336 133/540/320 172/540/391
f 1250/540/393 220/540/394 133/540/320 1249/540/322
f 220/540/394 1250/540/393 1262/540/395
f 155/540/301 214/540/396 1163/540/397 1166/540/325
f 75/540/319 790/540/398 145/540/349
f 161/540/380 156/540/356 168/540/399
f 188/540/400 168/540/399 156/540/356
f 184/540/401 157/540/273 148/540/334
f 167/540/370 131/540/330 203/540/402
f 131/540/330 173/540/362 203/540/402
f 190/540/403 177/540/363 130/540/253
f 166/540/308 144/540/343 223/540/404
f 221/540/364 157/540/273 184/540/401
f 130/540/253 183/540/335 190/540/403
f 143/540/302 170/540/346 226/540/405
f 174/540/374 143/540/302 226/540/405
f 751/540/406 147/540/261 176/540/372
f 158/540/347 227/540/407 749/540/355
f 162/540/371 1257/540/408 1256/540/382
f 210/540/409 200/540/410 178/540/354
f 140/540/280 205/540/411 165/540/376
f 201/540/412 191/540/348 159/540/332
f 201/540/412 159/540/332 182/540/388
f 139/540/333 160/540/338 163/540/367
f 165/540/376 786/540/413 179/540/350
f 163/540/367 171/540/312 180/540/389
f 162/540/371 167/540/370 194/540/414
f 139/540/333 163/540/367 222/540/387
f 144/540/343 218/540/415 223/540/404
f 142/540/329 209/540/351 182/540/388
f 135/540/331 138/540/271 186/540/416
f 778/540/361 185/540/392 787/540/417
f 165/540/376 235/540/418 786/540/413
f 205/540/411 235/540/418 165/540/376
f 749/540/355 248/540/419 181/540/379
f 123/540/310 198/540/420 129/540/309
f 148/540/334 178/540/354 200/540/410
f 184/540/401 148/540/334 200/540/410
f 175/540/377 198/540/420 123/540/310
f 127/540/306 221/540/364 180/540/389
f 232/540/421 198/540/420 175/540/377
f 169/540/359 135/540/331 204/540/422
f 183/540/335 274/540/423 190/540/403
f 939/540/353 166/540/308 223/540/404 942/540/424
f 195/540/381 169/540/359 197/540/425
f 197/540/425 169/540/359 204/540/422
f 210/540/409 178/540/354 193/540/390
f 164/540/318 786/540/413 158/540/347
f 207/540/426 1268/540/427 1257/540/408 162/540/371
f 1163/540/397 214/540/396 1164/540/428
f 751/540/406 173/540/362 147/540/261
f 250/540/429 177/540/363 190/540/403
f 129/540/309 205/540/411 140/540/280
f 124/540/313 750/540/314 144/540/343
f 213/540/430 188/540/400 779/540/369
f 176/540/372 172/540/391 206/540/431
f 751/540/406 176/540/372 206/540/431
f 183/540/335 780/540/373 274/540/423
f 220/540/394 1262/540/395 1261/540/432
f 230/540/433 227/540/407 158/540/347
f 207/540/426 236/540/434 1267/540/435 1268/540/427
f 193/540/390 174/540/374 285/540/436
f 248/540/419 278/540/437 181/540/379
f 161/540/380 202/540/438 215/540/439
f 211/540/440 201/540/412 182/540/388
f 212/540/441 211/540/440 182/540/388
f 185/540/392 149/540/357 161/540/380
f 221/540/364 184/540/401 249/540/442
f 1139/540/443 209/540/351 1136/540/352
f 177/540/363 250/540/429 196/540/307
f 275/540/444 189/540/368 219/540/366
f 275/540/444 213/540/430 189/540/368
f 182/540/388 209/540/351 212/540/441
f 129/540/309 198/540/420 205/540/411
f 167/540/370 203/540/402 228/540/445
f 194/540/414 167/540/370 228/540/445
f 163/540/367 180/540/389 770/540/446
f 201/540/412 211/540/440 243/540/447
f 253/540/448 219/540/366 191/540/348
f 225/540/449 212/540/441 209/540/351
f 168/540/399 217/540/450 208/540/451
f 220/540/394 172/540/391 133/540/320
f 206/540/431 172/540/391 220/540/394
f 195/540/381 216/540/452 234/540/453
f 180/540/389 221/540/364 233/540/454
f 188/540/400 217/540/450 168/540/399
f 210/540/409 193/540/390 262/540/455
f 262/540/455 193/540/390 285/540/436
f 184/540/401 200/540/410 252/540/456
f 1267/540/435 236/540/434 1188/540/457
f 187/540/378 240/540/458 175/540/377
f 158/540/347 786/540/413 230/540/433
f 155/540/301 782/540/459 214/540/396
f 231/540/460 203/540/402 173/540/362
f 232/540/421 205/540/411 198/540/420
f 1144/540/461 1140/540/462 199/540/463 1310/540/464 1311/540/465
f 1139/540/443 1143/540/466 209/540/351
f 204/540/422 186/540/416 242/540/467
f 181/540/379 278/540/437 187/540/378
f 243/540/447 253/540/448 191/540/348
f 285/540/436 174/540/374 226/540/405
f 257/540/386 959/540/385 963/540/468
f 216/540/452 195/540/381 197/540/425
f 1165/540/469 1164/540/428 214/540/396
f 242/540/467 308/540/470 197/540/425
f 248/540/419 749/540/355 227/540/407
f 233/540/454 229/540/471 180/540/389
f 751/540/406 206/540/431 238/540/472
f 231/540/460 751/540/406 241/540/473
f 256/540/474 192/540/384 234/540/453
f 208/540/451 217/540/450 224/540/475
f 208/540/451 224/540/475 247/540/476
f 232/540/421 175/540/377 240/540/458
f 239/540/477 217/540/450 188/540/400
f 1142/540/478 225/540/449 209/540/351 1143/540/466
f 211/540/440 212/540/441 245/540/479
f 215/540/439 202/540/438 258/540/480
f 245/540/479 212/540/441 225/540/449
f 243/540/447 191/540/348 201/540/412
f 240/540/458 187/540/378 300/540/481
f 300/540/481 187/540/378 278/540/437
f 223/540/404 944/540/482 942/540/424
f 297/540/483 224/540/475 217/540/450
f 239/540/477 297/540/483 217/540/450
f 223/540/404 218/540/415 246/540/484
f 241/540/473 751/540/406 238/540/472
f 236/540/434 1190/540/485 1188/540/457
f 226/540/405 170/540/346 222/540/387
f 944/540/482 223/540/404 246/540/484 940/540/486
f 200/540/410 210/540/409 276/540/487
f 252/540/456 249/540/442 184/540/401
f 207/540/426 194/540/414 261/540/488
f 194/540/414 228/540/445 261/540/488
f 221/540/364 249/540/442 233/540/454
f 252/540/456 302/540/489 249/540/442
f 222/540/387 770/540/446 244/540/490
f 259/540/491 243/540/447 211/540/440
f 208/540/451 247/540/476 202/540/438
f 220/540/394 238/540/472 206/540/431
f 242/540/467 186/540/416 263/540/492
f 283/540/493 226/540/405 244/540/490
f 276/540/487 252/540/456 200/540/410
f 1261/540/432 1263/540/494 238/540/472 220/540/394
f 231/540/460 241/540/473 269/540/495
f 245/540/479 259/540/491 211/540/440
f 258/540/480 202/540/438 237/540/496
f 207/540/426 261/540/488 266/540/497
f 197/540/425 308/540/470 216/540/452
f 246/540/484 316/540/498 941/540/499 940/540/486
f 213/540/430 275/540/444 313/540/500
f 205/540/411 299/540/501 235/540/418
f 213/540/430 279/540/502 188/540/400
f 279/540/502 239/540/477 188/540/400
f 246/540/484 218/540/415 272/540/503
f 218/540/415 255/540/504 272/540/503
f 232/540/421 295/540/505 205/540/411
f 230/540/433 786/540/413 235/540/418
f 299/540/501 230/540/433 235/540/418
f 316/540/498 949/540/506 941/540/499
f 245/540/479 225/540/449 1141/540/507 1148/540/508
f 276/540/487 210/540/409 262/540/455
f 214/540/396 251/540/509 1187/540/510 1165/540/469
f 214/540/396 782/540/459 251/540/509
f 291/540/511 248/540/419 227/540/407
f 1156/540/512 1144/540/461 1311/540/465 1312/540/513
f 228/540/445 203/540/402 260/540/514
f 313/540/500 279/540/502 213/540/430
f 251/540/509 254/540/515 1173/540/516 1187/540/510
f 236/540/434 207/540/426 266/540/497
f 228/540/445 292/540/517 261/540/488
f 962/540/518 314/540/519 257/540/386 963/540/468
f 335/540/520 752/540/521 239/540/477
f 260/540/514 231/540/460 269/540/495
f 260/540/514 277/540/522 228/540/445
f 291/540/511 227/540/407 230/540/433
f 1172/540/523 1173/540/516 254/540/515
f 1142/540/478 1141/540/507 225/540/449
f 294/540/524 190/540/403 274/540/423
f 265/540/525 253/540/448 243/540/447
f 250/540/429 288/540/526 263/540/492
f 279/540/502 335/540/520 239/540/477
f 233/540/454 249/540/442 298/540/527
f 244/540/490 229/540/471 280/540/528
f 283/540/493 244/540/490 280/540/528
f 1264/540/529 264/540/530 238/540/472 1263/540/494
f 1266/540/531 264/540/530 1264/540/529
f 316/540/498 246/540/484 272/540/503
f 1312/540/513 1150/540/532 1156/540/512
f 268/540/533 237/540/496 247/540/476
f 265/540/525 243/540/447 259/540/491
f 248/540/419 312/540/534 278/540/437
f 312/540/534 248/540/419 291/540/511
f 215/540/439 282/540/535 303/540/536
f 254/540/515 259/540/491 245/540/479
f 236/540/434 266/540/497 306/540/537
f 241/540/473 238/540/472 264/540/530
f 269/540/495 241/540/473 264/540/530
f 327/540/538 257/540/386 314/540/519
f 258/540/480 282/540/535 215/540/439
f 285/540/436 226/540/405 283/540/493
f 254/540/515 245/540/479 1148/540/508 1149/540/539
f 327/540/538 255/540/504 257/540/386
f 272/540/503 255/540/504 327/540/538
f 205/540/411 295/540/505 299/540/501
f 254/540/515 1149/540/539 1172/540/523
f 234/540/453 216/540/452 322/540/540
f 228/540/445 277/540/522 292/540/517
f 251/540/509 259/540/491 254/540/515
f 251/540/509 265/540/525 259/540/491
f 782/540/459 785/540/541 251/540/509
f 271/540/542 319/540/543 237/540/496
f 277/540/522 260/540/514 269/540/495
f 262/540/455 285/540/436 320/540/544
f 252/540/456 276/540/487 309/540/545
f 331/540/546 261/540/488 292/540/517
f 276/540/487 262/540/455 290/540/547
f 278/540/437 361/540/548 300/540/481
f 240/540/458 304/540/549 339/540/550
f 232/540/421 240/540/458 781/540/551
f 284/540/552 233/540/454 298/540/527
f 961/540/553 314/540/519 962/540/518
f 281/540/554 782/540/459 787/540/417
f 237/540/496 268/540/533 271/540/542
f 316/540/498 272/540/503 345/540/555
f 303/540/536 281/540/554 787/540/417
f 312/540/534 361/540/548 278/540/437
f 782/540/459 281/540/554 785/540/541
f 274/540/423 256/540/474 289/540/556
f 270/540/557 293/540/558 267/540/559
f 237/540/496 319/540/543 258/540/480
f 289/540/556 256/540/474 234/540/453
f 305/540/560 253/540/448 785/540/541
f 247/540/476 287/540/561 268/540/533
f 271/540/542 268/540/533 310/540/562
f 267/540/559 293/540/558 273/540/563
f 273/540/563 329/540/564 267/540/559
f 269/540/495 264/540/530 286/540/565
f 277/540/522 269/540/495 286/540/565
f 270/540/557 267/540/559 329/540/564
f 270/540/557 329/540/564 301/540/566
f 315/540/567 319/540/543 271/540/542
f 1190/540/485 236/540/434 306/540/537 1189/540/568
f 318/540/569 1193/540/570 1191/540/571
f 323/540/572 298/540/527 249/540/442
f 258/540/480 319/540/543 282/540/535
f 293/540/558 296/540/573 273/540/563
f 273/540/563 296/540/573 1176/540/574 1178/540/575
f 311/540/576 274/540/423 289/540/556
f 294/540/524 274/540/423 311/540/576
f 326/540/577 313/540/500 275/540/444
f 1284/540/578 307/540/579 264/540/530 1266/540/531
f 1258/540/580 1259/540/581 271/540/542 310/540/562
f 283/540/493 280/540/528 354/540/582
f 286/540/565 264/540/530 307/540/579
f 277/540/522 286/540/565 292/540/517
f 282/540/535 342/540/583 303/540/536
f 314/540/519 961/540/553 960/540/584
f 305/540/560 326/540/577 275/540/444
f 323/540/572 249/540/442 302/540/489
f 309/540/545 302/540/489 252/540/456
f 285/540/436 283/540/493 340/540/585
f 340/540/585 283/540/493 354/540/582
f 317/540/586 309/540/545 276/540/487
f 285/540/436 340/540/585 320/540/544
f 290/540/547 262/540/455 320/540/544
f 325/540/587 293/540/558 270/540/557
f 301/540/566 325/540/587 270/540/557
f 300/540/481 304/540/549 240/540/458
f 306/540/537 318/540/569 1191/540/571 1189/540/568
f 315/540/567 271/540/542 1259/540/581 1260/540/588
f 289/540/556 234/540/453 321/540/589
f 336/540/590 289/540/556 321/540/589
f 337/540/591 300/540/481 361/540/548
f 330/540/592 291/540/511 230/540/433
f 308/540/470 332/540/593 216/540/452
f 234/540/453 322/540/540 324/540/594
f 266/540/497 261/540/488 331/540/546
f 288/540/526 333/540/595 263/540/492
f 324/540/594 321/540/589 234/540/453
f 230/540/433 299/540/501 330/540/592
f 288/540/526 294/540/524 363/540/596
f 316/540/498 948/540/597 949/540/506
f 282/540/535 334/540/598 342/540/583
f 1285/540/599 307/540/579 1284/540/578
f 303/540/536 346/540/600 281/540/554
f 307/540/579 328/540/601 286/540/565
f 286/540/565 328/540/601 292/540/517
f 345/540/555 272/540/503 327/540/538
f 345/540/555 327/540/538 377/540/602
f 311/540/576 289/540/556 336/540/590
f 295/540/505 360/540/603 299/540/501
f 292/540/517 328/540/601 331/540/546
f 355/540/604 276/540/487 290/540/547
f 300/540/481 337/540/591 304/540/549
f 294/540/524 311/540/576 363/540/596
f 216/540/452 332/540/593 322/540/540
f 302/540/489 378/540/605 323/540/572
f 281/540/554 326/540/577 305/540/560
f 378/540/605 302/540/489 309/540/545
f 332/540/593 308/540/470 365/540/606
f 308/540/470 351/540/607 365/540/606
f 313/540/500 335/540/520 279/540/502
f 1286/540/608 328/540/601 307/540/579 1285/540/599
f 298/540/527 323/540/572 359/540/609
f 371/540/610 325/540/587 301/540/566
f 371/540/610 301/540/566 356/540/611
f 310/540/562 1265/540/612 1258/540/580
f 315/540/567 1260/540/588 1283/540/613
f 363/540/596 311/540/576 336/540/590
f 322/540/540 332/540/593 386/540/614
f 303/540/536 342/540/583 346/540/600
f 341/540/615 313/540/500 326/540/577
f 341/540/615 335/540/520 313/540/500
f 1195/540/616 328/540/601 1286/540/608
f 948/540/597 316/540/498 344/540/617 947/540/618
f 316/540/498 345/540/555 344/540/617
f 325/540/587 347/540/619 293/540/558
f 281/540/554 346/540/600 326/540/577
f 319/540/543 334/540/598 282/540/535
f 315/540/567 334/540/598 319/540/543
f 364/540/620 295/540/505 781/540/551
f 363/540/596 350/540/621 288/540/526
f 350/540/621 333/540/595 288/540/526
f 347/540/619 353/540/622 293/540/558
f 321/540/589 324/540/594 343/540/623
f 336/540/590 321/540/589 343/540/623
f 327/540/538 314/540/519 376/540/624
f 322/540/540 386/540/614 324/540/594
f 354/540/582 280/540/528 348/540/625
f 352/540/626 323/540/572 378/540/605
f 359/540/609 323/540/572 352/540/626
f 369/540/627 347/540/619 325/540/587
f 290/540/547 320/540/544 398/540/628
f 310/540/562 338/540/629 1275/540/630 1265/540/612
f 296/540/573 1174/540/631 1176/540/574
f 1202/540/632 306/540/537 771/540/633 1198/540/634
f 377/540/602 327/540/538 376/540/624
f 389/540/635 361/540/548 312/540/534
f 326/540/577 346/540/600 341/540/615
f 1196/540/636 331/540/546 328/540/601 1195/540/616
f 339/540/550 304/540/549 392/540/637
f 299/540/501 360/540/603 330/540/592
f 355/540/604 317/540/586 276/540/487
f 280/540/528 284/540/552 348/540/625
f 359/540/609 284/540/552 298/540/527
f 342/540/583 334/540/598 358/540/638
f 945/540/639 344/540/617 404/540/640 969/540/641
f 297/540/483 752/540/521 349/540/642
f 344/540/617 345/540/555 395/540/643
f 291/540/511 389/540/635 312/540/534
f 372/540/644 752/540/521 753/540/645
f 318/540/569 306/540/537 1202/540/632 1197/540/646
f 295/540/505 366/540/647 360/540/603
f 364/540/620 366/540/647 295/540/505
f 291/540/511 362/540/648 389/540/635
f 406/540/649 284/540/552 359/540/609
f 345/540/555 377/540/602 395/540/643
f 363/540/596 336/540/590 383/540/650
f 1274/540/651 1275/540/630 338/540/629
f 351/540/607 333/540/595 407/540/652
f 339/540/550 392/540/637 364/540/620
f 309/540/545 317/540/586 368/540/653
f 320/540/544 340/540/585 357/540/654
f 357/540/654 340/540/585 354/540/582
f 1201/540/655 771/540/633 1210/540/656
f 414/540/657 369/540/627 325/540/587
f 414/540/657 325/540/587 371/540/610
f 336/540/590 343/540/623 393/540/658
f 392/540/637 304/540/549 370/540/659
f 376/540/624 314/540/519 394/540/660
f 394/540/660 314/540/519 960/540/584 964/540/661
f 380/540/662 354/540/582 348/540/625
f 1194/540/663 318/540/569 1197/540/646
f 344/540/617 945/540/639 947/540/618
f 404/540/640 344/540/617 395/540/643
f 347/540/619 369/540/627 756/540/664
f 315/540/567 367/540/665 334/540/598
f 355/540/604 290/540/547 398/540/628
f 320/540/544 357/540/654 398/540/628
f 342/540/583 385/540/666 754/540/667
f 365/540/606 410/540/668 332/540/593
f 324/540/594 386/540/614 373/540/669
f 330/540/592 362/540/648 291/540/511
f 410/540/668 386/540/614 332/540/593
f 755/540/670 353/540/622 347/540/619
f 756/540/664 755/540/670 347/540/619
f 329/540/564 1175/540/671 1186/540/671
f 324/540/594 382/540/672 343/540/623
f 348/540/625 284/540/552 374/540/673
f 353/540/622 390/540/674 1180/540/675 1182/540/676
f 296/540/573 353/540/622 1182/540/676 1174/540/631
f 324/540/594 373/540/669 382/540/672
f 379/540/677 355/540/604 398/540/628
f 366/540/647 381/540/678 360/540/603
f 374/540/673 284/540/552 406/540/649
f 372/540/644 405/540/679 349/540/642
f 423/540/680 413/540/681 389/540/635
f 341/540/615 754/540/667 753/540/645
f 378/540/605 309/540/545 368/540/653
f 337/540/591 384/540/682 370/540/659
f 304/540/549 337/540/591 370/540/659
f 390/540/674 353/540/622 397/540/683
f 357/540/654 354/540/582 380/540/662
f 379/540/677 317/540/586 355/540/604
f 1146/540/684 1145/540/685 371/540/610 356/540/611
f 350/540/621 363/540/596 383/540/650
f 757/540/686 351/540/607 407/540/652
f 357/540/654 380/540/662 412/540/687
f 365/540/606 351/540/607 757/540/686
f 424/540/688 378/540/605 368/540/653
f 371/540/610 415/540/689 414/540/657
f 350/540/621 407/540/652 333/540/595
f 1269/540/690 375/540/691 315/540/567 1283/540/613
f 367/540/665 315/540/567 375/540/691
f 360/540/603 381/540/678 330/540/592
f 394/540/660 964/540/661 965/540/692
f 380/540/662 348/540/625 374/540/673
f 1179/540/693 1180/540/675 390/540/674
f 393/540/658 343/540/623 382/540/672
f 403/540/694 317/540/586 379/540/677
f 398/540/628 357/540/654 412/540/687
f 410/540/668 365/540/606 757/540/686
f 366/540/647 401/540/695 381/540/678
f 359/540/609 352/540/626 421/540/696
f 1155/540/697 425/540/698 371/540/610 1145/540/685
f 349/540/642 405/540/679 387/540/699
f 367/540/665 358/540/638 334/540/598
f 371/540/610 425/540/698 415/540/689
f 408/540/700 362/540/648 330/540/592
f 374/540/673 406/540/649 402/540/701
f 380/540/662 374/540/673 402/540/701
f 413/540/681 384/540/682 791/540/702
f 368/540/653 317/540/586 403/540/694
f 390/540/674 397/540/683 445/540/703
f 383/540/650 336/540/590 442/540/704
f 442/540/704 336/540/590 393/540/658
f 377/540/602 376/540/624 420/540/705
f 420/540/705 376/540/624 394/540/660
f 338/540/629 399/540/706 1273/540/707 1274/540/651
f 387/540/699 399/540/706 338/540/629
f 379/540/677 398/540/628 439/540/708
f 395/540/643 377/540/602 396/540/709
f 420/540/705 396/540/709 377/540/602
f 791/540/702 389/540/635 413/540/681
f 364/540/620 392/540/637 391/540/710
f 385/540/666 358/540/638 418/540/711
f 342/540/583 358/540/638 385/540/666
f 352/540/626 378/540/605 424/540/688
f 403/540/694 379/540/677 439/540/708
f 406/540/649 359/540/609 421/540/696
f 421/540/696 352/540/626 424/540/688
f 330/540/592 381/540/678 408/540/700
f 1154/540/712 425/540/698 1155/540/697
f 393/540/658 382/540/672 438/540/713
f 438/540/713 382/540/672 452/540/714
f 390/540/674 409/540/715 1181/540/716 1179/540/693
f 395/540/643 396/540/709 426/540/717
f 968/540/718 404/540/640 435/540/719 967/540/720
f 422/540/721 392/540/637 370/540/659
f 454/540/722 368/540/653 403/540/694
f 756/540/664 428/540/723 400/540/724
f 407/540/652 350/540/621 416/540/725
f 404/540/640 395/540/643 435/540/719
f 386/540/614 450/540/726 373/540/669
f 400/540/724 388/540/727 756/540/664
f 386/540/614 410/540/668 456/540/728
f 450/540/726 386/540/614 456/540/728
f 393/540/658 438/540/713 443/540/729
f 369/540/627 414/540/657 431/540/730
f 428/540/723 756/540/664 369/540/627
f 431/540/730 428/540/723 369/540/627
f 965/540/692 966/540/731 394/540/660
f 382/540/672 373/540/669 452/540/714
f 390/540/674 445/540/703 409/540/715
f 367/540/665 411/540/732 358/540/638
f 392/540/637 422/540/721 391/540/710
f 367/540/665 375/540/691 776/540/733
f 442/540/704 393/540/658 443/540/729
f 358/540/638 411/540/732 418/540/711
f 416/540/725 350/540/621 383/540/650
f 404/540/640 968/540/718 969/540/641
f 1154/540/712 1152/540/734 425/540/698
f 454/540/722 424/540/688 368/540/653
f 435/540/719 395/540/643 426/540/717
f 396/540/709 420/540/705 419/540/735
f 426/540/717 396/540/709 419/540/735
f 445/540/703 397/540/683 417/540/736
f 439/540/708 398/540/628 430/540/737
f 430/540/737 398/540/628 412/540/687
f 384/540/682 427/540/738 370/540/659
f 400/540/724 434/540/739 388/540/727
f 428/540/723 460/540/740 400/540/724
f 400/540/724 460/540/740 434/540/739
f 413/540/681 437/540/741 384/540/682
f 408/540/700 458/540/742 362/540/648
f 423/540/680 389/540/635 362/540/648
f 383/540/650 442/540/704 429/540/743
f 438/540/713 452/540/714 457/540/744
f 458/540/742 423/540/680 362/540/648
f 432/540/745 406/540/649 421/540/696
f 405/540/679 418/540/711 436/540/746
f 387/540/699 405/540/679 436/540/746
f 402/540/701 406/540/649 432/540/745
f 409/540/715 1185/540/747 1181/540/716
f 408/540/700 381/540/678 455/540/748
f 401/540/695 455/540/748 381/540/678
f 421/540/696 424/540/688 453/540/749
f 433/540/750 757/540/686 407/540/652
f 433/540/750 407/540/652 416/540/725
f 441/540/751 412/540/687 380/540/662
f 410/540/668 757/540/686 471/540/752
f 410/540/668 471/540/752 456/540/728
f 479/540/753 416/540/725 383/540/650
f 455/540/748 458/540/742 408/540/700
f 399/540/706 387/540/699 436/540/746
f 437/540/741 427/540/738 384/540/682
f 424/540/688 454/540/722 453/540/749
f 468/540/754 409/540/715 445/540/703
f 414/540/657 466/540/755 431/540/730
f 370/540/659 427/540/738 422/540/721
f 420/540/705 394/540/660 966/540/731 982/540/756
f 415/540/689 466/540/755 414/540/657
f 415/540/689 425/540/698 465/540/757
f 465/540/757 466/540/755 415/540/689
f 757/540/686 433/540/750 471/540/752
f 412/540/687 441/540/751 430/540/737
f 459/540/758 403/540/694 439/540/708
f 445/540/703 417/540/736 498/540/759
f 1277/540/760 1273/540/707 399/540/706
f 452/540/714 373/540/669 450/540/726
f 465/540/757 425/540/698 1152/540/734 1153/540/761
f 416/540/725 449/540/762 433/540/750
f 422/540/721 427/540/738 486/540/763
f 431/540/730 469/540/764 428/540/723
f 1185/540/747 409/540/715 468/540/754 1184/540/765
f 411/540/732 440/540/766 418/540/711
f 388/540/727 463/540/767 444/540/768
f 388/540/727 434/540/739 463/540/767
f 474/540/769 441/540/751 402/540/701
f 482/540/770 474/540/769 402/540/701
f 388/540/727 444/540/768 417/540/736
f 439/540/708 430/540/737 484/540/771
f 484/540/771 430/540/737 475/540/772
f 402/540/701 432/540/745 482/540/770
f 440/540/766 436/540/746 418/540/711
f 440/540/766 447/540/773 436/540/746
f 420/540/705 477/540/774 419/540/735
f 417/540/736 444/540/768 498/540/759
f 471/540/752 433/540/750 449/540/762
f 403/540/694 459/540/758 454/540/722
f 483/540/775 434/540/739 460/540/740
f 434/540/739 483/540/775 448/540/776
f 479/540/753 383/540/650 429/540/743
f 436/540/746 447/540/773 399/540/706
f 1277/540/760 399/540/706 447/540/773 1276/540/777
f 434/540/739 448/540/776 463/540/767
f 485/540/778 420/540/705 982/540/756 971/540/779
f 970/540/780 485/540/778 971/540/779
f 422/540/721 478/540/781 391/540/710
f 451/540/782 443/540/729 438/540/713
f 451/540/782 438/540/713 457/540/744
f 484/540/771 459/540/758 439/540/708
f 453/540/749 454/540/722 523/540/783
f 478/540/781 401/540/695 391/540/710
f 460/540/740 512/540/784 483/540/775
f 432/540/745 421/540/696 467/540/785
f 467/540/785 421/540/696 453/540/749
f 464/540/786 452/540/714 450/540/726
f 468/540/754 476/540/787 1183/540/788 1184/540/765
f 975/540/789 435/540/719 461/540/790 973/540/791
f 523/540/783 454/540/722 459/540/758
f 493/540/792 442/540/704 443/540/729
f 493/540/792 429/540/743 442/540/704
f 428/540/723 469/540/764 460/540/740
f 461/540/790 435/540/719 426/540/717
f 445/540/703 498/540/759 489/540/793
f 443/540/729 487/540/794 493/540/792
f 468/540/754 445/540/703 489/540/793
f 449/540/762 416/540/725 479/540/753
f 476/540/787 1151/540/795 1183/540/788
f 443/540/729 451/540/782 487/540/794
f 562/540/796 459/540/758 484/540/771
f 446/540/797 470/540/798 440/540/766
f 450/540/726 456/540/728 495/540/799
f 450/540/726 495/540/799 464/540/786
f 462/540/800 451/540/782 457/540/744
f 462/540/800 487/540/794 451/540/782
f 789/540/801 423/540/680 458/540/742
f 437/540/741 413/540/681 473/540/802
f 484/540/771 475/540/772 533/540/803
f 422/540/721 516/540/804 478/540/781
f 461/540/790 426/540/717 480/540/805
f 521/540/806 456/540/728 471/540/752
f 462/540/800 457/540/744 472/540/807
f 482/540/770 432/540/745 502/540/808
f 470/540/798 447/540/773 440/540/766
f 476/540/787 465/540/757 1153/540/761 1151/540/795
f 437/540/741 501/540/809 427/540/738
f 455/540/748 514/540/810 458/540/742
f 466/540/755 500/540/811 431/540/730
f 500/540/811 469/540/764 431/540/730
f 437/540/741 473/540/802 501/540/809
f 468/540/754 489/540/793 490/540/812
f 1276/540/777 447/540/773 470/540/798 1278/540/813
f 514/540/810 789/540/801 458/540/742
f 532/540/814 758/540/815 478/540/781
f 498/540/759 444/540/768 522/540/816
f 521/540/806 471/540/752 449/540/762
f 530/540/817 523/540/783 459/540/758
f 530/540/817 459/540/758 562/540/796
f 485/540/778 970/540/780 972/540/818
f 435/540/719 975/540/789 967/540/720
f 473/540/802 413/540/681 423/540/680
f 465/540/757 496/540/819 466/540/755
f 496/540/819 500/540/811 466/540/755
f 1282/540/820 446/540/797 1272/540/821
f 495/540/799 511/540/822 464/540/786
f 464/540/786 511/540/822 503/540/823
f 448/540/776 492/540/824 463/540/767
f 469/540/764 512/540/784 460/540/740
f 1280/540/825 446/540/797 1282/540/820
f 426/540/717 491/540/826 480/540/805
f 491/540/826 426/540/717 419/540/735
f 516/540/804 532/540/814 478/540/781
f 1278/540/813 470/540/798 1281/540/827
f 1279/540/828 470/540/798 446/540/797 1280/540/825
f 483/540/775 524/540/829 448/540/776
f 477/540/774 420/540/705 485/540/778
f 455/540/748 481/540/830 514/540/810
f 486/540/763 516/540/804 422/540/721
f 432/540/745 467/540/785 502/540/808
f 468/540/754 490/540/812 476/540/787
f 448/540/776 524/540/829 492/540/824
f 453/540/749 523/540/783 528/540/831
f 1281/540/827 470/540/798 1279/540/828
f 419/540/735 477/540/774 491/540/826
f 521/540/806 495/540/799 456/540/728
f 463/540/767 522/540/816 444/540/768
f 487/540/794 462/540/800 517/540/832
f 488/540/833 462/540/800 472/540/807
f 517/540/832 462/540/800 488/540/833
f 510/540/834 953/540/835 954/540/836
f 473/540/802 560/540/837 501/540/809
f 499/540/838 441/540/751 474/540/769
f 494/540/839 475/540/772 441/540/751
f 494/540/839 441/540/751 499/540/838
f 533/540/803 475/540/772 494/540/839
f 474/540/769 482/540/770 556/540/840
f 474/540/769 556/540/840 499/540/838
f 463/540/767 547/540/841 522/540/816
f 522/540/816 563/540/842 498/540/759
f 467/540/785 453/540/749 497/540/843
f 501/540/809 525/540/844 486/540/763
f 946/540/845 508/540/846 510/540/834 954/540/836
f 973/540/791 461/540/790 529/540/847 976/540/848
f 481/540/830 570/540/849 514/540/810
f 488/540/833 472/540/807 513/540/850
f 492/540/824 547/540/841 463/540/767
f 510/540/834 951/540/851 953/540/835
f 556/540/840 482/540/770 502/540/808
f 483/540/775 512/540/784 549/540/852
f 483/540/775 549/540/852 524/540/829
f 515/540/853 449/540/762 479/540/753
f 515/540/853 479/540/753 772/540/854
f 455/540/748 758/540/815 481/540/830
f 546/540/855 485/540/778 972/540/818 977/540/856
f 546/540/855 477/540/774 485/540/778
f 467/540/785 571/540/857 502/540/808
f 467/540/785 497/540/843 571/540/857
f 486/540/763 525/540/844 516/540/804
f 497/540/843 453/540/749 528/540/831
f 469/540/764 542/540/858 512/540/784
f 508/540/846 946/540/845 974/540/859
f 1203/540/860 540/540/861 1204/540/862
f 477/540/774 509/540/863 491/540/826
f 1199/540/864 1204/540/862 540/540/861
f 491/540/826 509/540/863 518/540/865
f 490/540/812 496/540/819 476/540/787
f 1207/540/866 1200/540/867 505/540/868
f 540/540/861 505/540/868 1200/540/867 1199/540/864
f 562/540/796 484/540/771 759/540/869
f 513/540/850 472/540/807 536/540/870
f 521/540/806 449/540/762 515/540/853
f 792/540/871 560/540/837 473/540/802
f 480/540/805 491/540/826 518/540/865
f 511/540/822 495/540/799 544/540/872
f 504/540/873 547/540/841 492/540/824
f 548/540/874 469/540/764 500/540/811
f 542/540/858 469/540/764 548/540/874
f 499/540/838 556/540/840 526/540/875
f 536/540/870 472/540/807 520/540/876
f 495/540/799 521/540/806 544/540/872
f 519/540/877 494/540/839 499/540/838
f 533/540/803 494/540/839 519/540/877
f 525/540/844 558/540/878 516/540/804
f 563/540/842 489/540/793 498/540/759
f 507/540/879 488/540/833 513/540/850
f 543/540/880 488/540/833 507/540/879
f 529/540/847 480/540/805 551/540/881
f 529/540/847 461/540/790 480/540/805
f 519/540/877 499/540/838 526/540/875
f 500/540/811 773/540/882 548/540/874
f 504/540/873 492/540/824 555/540/883
f 492/540/824 524/540/829 555/540/883
f 501/540/809 531/540/884 525/540/844
f 560/540/837 531/540/884 501/540/809
f 503/540/823 511/540/822 554/540/885
f 1203/540/860 1205/540/886 559/540/887 540/540/861
f 508/540/846 506/540/888 510/540/834
f 510/540/834 506/540/888 534/540/889
f 556/540/840 502/540/808 571/540/857
f 592/540/890 523/540/783 530/540/817
f 505/540/868 545/540/891 1209/540/892 1207/540/866
f 508/540/846 974/540/859 981/540/893
f 980/540/894 550/540/895 508/540/846 981/540/893
f 487/540/794 566/540/896 493/540/792
f 566/540/896 772/540/854 493/540/792
f 525/540/844 531/540/884 590/540/897
f 562/540/796 762/540/898 530/540/817
f 490/540/812 489/540/793 537/540/899
f 759/540/869 533/540/803 606/540/900
f 534/540/889 950/540/901 951/540/851 510/540/834
f 549/540/852 512/540/784 589/540/902
f 551/540/881 480/540/805 518/540/865
f 565/540/903 760/540/904 508/540/846
f 506/540/888 527/540/905 538/540/906
f 516/540/804 558/540/878 532/540/814
f 566/540/896 487/540/794 517/540/832
f 513/540/850 536/540/870 539/540/907
f 507/540/879 513/540/850 535/540/908
f 571/540/857 497/540/843 567/540/909
f 533/540/803 519/540/877 587/540/910
f 587/540/910 519/540/877 526/540/875
f 549/540/852 555/540/883 524/540/829
f 503/540/823 554/540/885 520/540/876
f 489/540/793 563/540/842 537/540/899
f 544/540/872 521/540/806 585/540/911
f 552/540/912 507/540/879 535/540/908
f 522/540/816 588/540/913 563/540/842
f 543/540/880 517/540/832 488/540/833
f 523/540/783 592/540/890 528/540/831
f 525/540/844 590/540/897 558/540/878
f 504/540/873 569/540/914 547/540/841
f 552/540/912 535/540/908 527/540/905
f 527/540/905 535/540/908 541/540/915
f 535/540/908 513/540/850 539/540/907
f 505/540/868 540/540/861 553/540/916
f 506/540/888 538/540/906 534/540/889
f 1208/540/917 1209/540/892 545/540/891
f 553/540/916 545/540/891 505/540/868
f 541/540/915 535/540/908 539/540/907
f 560/540/837 561/540/918 531/540/884
f 531/540/884 561/540/918 590/540/897
f 565/540/903 508/540/846 550/540/895
f 570/540/849 557/540/919 514/540/810
f 551/540/881 518/540/865 582/540/920
f 578/540/921 564/540/922 543/540/880
f 541/540/915 538/540/906 527/540/905
f 558/540/878 594/540/923 532/540/814
f 533/540/803 587/540/910 606/540/900
f 608/540/924 574/540/925 546/540/855
f 585/540/911 521/540/806 515/540/853
f 534/540/889 538/540/906 617/540/926
f 534/540/889 612/540/927 952/540/928 950/540/901
f 543/540/880 507/540/879 552/540/912
f 617/540/926 612/540/927 534/540/889
f 569/540/914 597/540/929 547/540/841
f 547/540/841 588/540/913 522/540/816
f 1206/540/930 559/540/887 1205/540/886
f 594/540/923 481/540/830 532/540/814
f 566/540/896 517/540/832 564/540/922
f 536/540/870 520/540/876 580/540/931
f 520/540/876 554/540/885 580/540/931
f 546/540/855 977/540/856 1010/540/932
f 526/540/875 556/540/840 761/540/933
f 612/540/927 956/540/934 952/540/928
f 579/540/935 515/540/853 772/540/854
f 579/540/935 585/540/911 515/540/853
f 504/540/873 555/540/883 600/540/936
f 541/540/915 539/540/907 581/540/937
f 553/540/916 540/540/861 568/540/938
f 608/540/924 546/540/855 1010/540/932 1011/540/939
f 593/540/940 528/540/831 592/540/890
f 511/540/822 544/540/872 599/540/941
f 511/540/822 599/540/941 554/540/885
f 595/540/942 509/540/863 574/540/925
f 578/540/921 543/540/880 552/540/912
f 563/540/842 588/540/913 636/540/943
f 540/540/861 559/540/887 568/540/938
f 1219/540/944 601/540/945 559/540/887 1206/540/930
f 595/540/942 518/540/865 509/540/863
f 545/540/891 613/540/946 1212/540/947 1208/540/917
f 594/540/923 605/540/948 481/540/830
f 589/540/902 512/540/784 542/540/858
f 547/540/841 597/540/929 588/540/913
f 596/540/949 555/540/883 549/540/852
f 564/540/922 517/540/832 543/540/880
f 773/540/882 537/540/899 573/540/950
f 761/540/933 556/540/840 571/540/857
f 586/540/951 979/540/952 983/540/953
f 579/540/935 772/540/854 577/540/954
f 583/540/955 792/540/871 557/540/919
f 568/540/938 559/540/887 575/540/956
f 559/540/887 601/540/945 575/540/956
f 576/540/957 553/540/916 568/540/938
f 572/540/958 561/540/918 560/540/837
f 617/540/926 538/540/906 607/540/959
f 538/540/906 541/540/915 607/540/959
f 566/540/896 577/540/954 772/540/854
f 573/540/950 548/540/874 773/540/882
f 591/540/960 529/540/847 551/540/881
f 569/540/914 504/540/873 584/540/961
f 600/540/936 584/540/961 504/540/873
f 586/540/951 550/540/895 980/540/894 979/540/952
f 555/540/883 626/540/962 600/540/936
f 594/540/923 558/540/878 656/540/963
f 595/540/942 582/540/920 518/540/865
f 529/540/847 978/540/964 976/540/848
f 537/540/899 609/540/965 573/540/950
f 563/540/842 609/540/965 537/540/899
f 619/540/966 542/540/858 548/540/874
f 573/540/950 619/540/966 548/540/874
f 581/540/937 607/540/959 541/540/915
f 615/540/967 577/540/954 566/540/896
f 603/540/968 570/540/849 605/540/948
f 539/540/907 536/540/870 604/540/969
f 539/540/907 604/540/969 581/540/937
f 614/540/970 565/540/903 550/540/895
f 586/540/951 614/540/970 550/540/895
f 536/540/870 580/540/931 604/540/969
f 591/540/960 551/540/881 582/540/920
f 585/540/911 579/540/935 627/540/971
f 587/540/910 526/540/875 643/540/972
f 609/540/965 619/540/966 573/540/950
f 978/540/964 529/540/847 591/540/960 984/540/973
f 580/540/931 554/540/885 628/540/974
f 554/540/885 599/540/941 628/540/974
f 636/540/943 609/540/965 563/540/842
f 530/540/817 762/540/898 592/540/890
f 602/540/975 576/540/957 568/540/938
f 645/540/976 600/540/936 655/540/977
f 623/540/978 579/540/935 577/540/954
f 639/540/979 565/540/903 614/540/970
f 583/540/955 572/540/958 792/540/871
f 570/540/849 616/540/980 557/540/919
f 557/540/919 616/540/980 583/540/955
f 564/540/922 615/540/967 566/540/896
f 615/540/967 623/540/978 577/540/954
f 599/540/941 544/540/872 585/540/911
f 584/540/961 645/540/976 611/540/981
f 596/540/949 622/540/982 555/540/883
f 622/540/982 626/540/962 555/540/883
f 606/540/900 587/540/910 620/540/983
f 587/540/910 643/540/972 620/540/983
f 597/540/929 681/540/984 588/540/913
f 588/540/913 681/540/984 636/540/943
f 625/540/985 526/540/875 761/540/933
f 610/540/986 575/540/956 661/540/987
f 624/540/988 576/540/957 602/540/975
f 619/540/966 618/540/989 589/540/902
f 581/540/937 621/540/990 607/540/959
f 641/540/991 608/540/924 644/540/992
f 762/540/898 631/540/993 592/540/890
f 593/540/940 592/540/890 631/540/993
f 990/540/994 642/540/995 608/540/924 1011/540/939
f 623/540/978 627/540/971 579/540/935
f 632/540/996 564/540/922 578/540/921
f 615/540/967 564/540/922 632/540/996
f 611/540/981 687/540/997 597/540/929
f 643/540/972 526/540/875 625/540/985
f 638/540/998 607/540/959 621/540/990
f 637/540/999 605/540/948 594/540/923
f 645/540/976 584/540/961 600/540/936
f 655/540/977 600/540/936 626/540/962
f 1220/540/1000 695/540/1001 601/540/945 1219/540/944
f 575/540/956 601/540/945 662/540/1002
f 601/540/945 695/540/1001 662/540/1002
f 580/540/931 650/540/1003 604/540/969
f 580/540/931 628/540/974 650/540/1003
f 629/540/1004 574/540/925 641/540/991
f 629/540/1004 595/540/942 574/540/925
f 1211/540/1005 1212/540/947 613/540/946
f 660/540/1006 603/540/968 605/540/948
f 637/540/999 660/540/1006 605/540/948
f 609/540/965 651/540/1007 619/540/966
f 561/540/918 701/540/1008 590/540/897
f 570/540/849 603/540/968 616/540/980
f 617/540/926 607/540/959 638/540/998
f 608/540/924 642/540/995 644/540/992
f 591/540/960 582/540/920 667/540/1009
f 641/540/991 574/540/925 608/540/924
f 983/540/953 985/540/1010 586/540/951
f 681/540/984 652/540/1011 636/540/943
f 575/540/956 662/540/1002 661/540/987
f 649/540/1012 614/540/970 586/540/951
f 636/540/943 651/540/1007 609/540/965
f 602/540/975 610/540/986 635/540/1013
f 612/540/927 634/540/1014 955/540/1015 956/540/934
f 955/540/1015 634/540/1014 993/540/1016
f 685/540/1017 593/540/940 631/540/993
f 606/540/900 648/540/1018 759/540/869
f 678/540/1019 630/540/1020 648/540/1018
f 627/540/971 623/540/978 654/540/1021
f 647/540/1022 578/540/921 598/540/1023
f 647/540/1022 632/540/996 578/540/921
f 617/540/926 638/540/998 764/540/1024
f 581/540/937 604/540/969 665/540/1025
f 621/540/990 581/540/937 665/540/1025
f 672/540/1026 596/540/949 618/540/989
f 596/540/949 672/540/1026 622/540/982
f 685/540/1017 640/540/1027 567/540/909
f 681/540/984 597/540/929 687/540/997
f 561/540/918 572/540/958 688/540/1028
f 622/540/982 669/540/1029 626/540/962
f 660/540/1006 657/540/1030 603/540/968
f 628/540/974 627/540/971 654/540/1021
f 599/540/941 627/540/971 628/540/974
f 651/540/1007 663/540/1031 618/540/989
f 656/540/963 728/540/1032 637/540/999
f 656/540/963 637/540/999 594/540/923
f 624/540/988 708/540/1033 613/540/946
f 616/540/980 698/540/1034 583/540/955
f 700/540/1035 641/540/991 644/540/992
f 626/540/962 669/540/1029 655/540/977
f 667/540/1009 582/540/920 763/540/1036
f 602/540/975 653/540/1037 624/540/988
f 691/540/1038 591/540/960 667/540/1009
f 987/540/1039 591/540/960 691/540/1038 988/540/1040
f 701/540/1008 673/540/1041 590/540/897
f 561/540/918 688/540/1028 701/540/1008
f 1221/540/1042 695/540/1001 1220/540/1000
f 606/540/900 620/540/983 686/540/1043
f 659/540/1044 623/540/978 615/540/967
f 645/540/976 1218/540/1045 1217/540/1046 611/540/981
f 649/540/1012 586/540/951 985/540/1010 986/540/1047
f 658/540/1048 647/540/1022 598/540/1023
f 666/540/1049 635/540/1013 633/540/1050
f 652/540/1011 651/540/1007 636/540/943
f 603/540/968 657/540/1030 668/540/1051
f 641/540/991 700/540/1035 629/540/1004
f 603/540/968 668/540/1051 616/540/980
f 606/540/900 686/540/1043 648/540/1018
f 625/540/985 761/540/933 646/540/1052
f 658/540/1048 598/540/1023 639/540/979
f 583/540/955 707/540/1053 572/540/958
f 572/540/958 707/540/1053 688/540/1028
f 650/540/1003 628/540/974 654/540/1021
f 644/540/992 642/540/995 709/540/1054
f 620/540/983 643/540/972 729/540/1055
f 722/540/1056 700/540/1035 644/540/992
f 618/540/989 663/540/1031 672/540/1026
f 686/540/1043 678/540/1019 648/540/1018
f 614/540/970 690/540/1057 639/540/979
f 639/540/979 690/540/1057 658/540/1048
f 661/540/987 674/540/1058 633/540/1050
f 604/540/969 650/540/1003 664/540/1059
f 604/540/969 664/540/1059 665/540/1025
f 992/540/1060 993/540/1016 634/540/1014 680/540/1061
f 680/540/1061 634/540/1014 764/540/1024
f 659/540/1044 615/540/967 632/540/996
f 631/540/993 699/540/1062 685/540/1017
f 621/540/990 665/540/1025 677/540/1063
f 649/540/1012 690/540/1057 614/540/970
f 698/540/1034 707/540/1053 583/540/955
f 650/540/1003 654/540/1021 676/540/1064
f 621/540/990 677/540/1063 638/540/998
f 620/540/983 729/540/1055 725/540/1065
f 725/540/1065 686/540/1043 620/540/983
f 649/540/1012 710/540/1066 713/540/1067
f 664/540/1059 650/540/1003 676/540/1064
f 624/540/988 675/540/1068 708/540/1033
f 729/540/1055 625/540/985 696/540/1069
f 644/540/992 709/540/1054 722/540/1056
f 679/540/1070 659/540/1044 632/540/996
f 742/540/1071 655/540/977 669/540/1029
f 729/540/1055 643/540/972 625/540/985
f 696/540/1069 625/540/985 646/540/1052
f 710/540/1066 649/540/1012 986/540/1047 989/540/1072
f 710/540/1066 989/540/1072 1009/540/1073
f 654/540/1021 623/540/978 659/540/1044
f 655/540/977 689/540/1074 645/540/976
f 742/540/1071 689/540/1074 655/540/977
f 1020/540/1075 668/540/1051 657/540/1030 1021/540/1076
f 702/540/1077 630/540/1020 678/540/1019
f 638/540/998 677/540/1063 683/540/1078
f 629/540/1004 700/540/1035 724/540/1079
f 661/540/987 662/540/1002 692/540/1080
f 699/540/1062 631/540/993 630/540/1020
f 674/540/1058 661/540/987 692/540/1080
f 680/540/1061 1007/540/1081 992/540/1060
f 695/540/1001 715/540/1082 662/540/1002
f 1222/540/1083 695/540/1001 1221/540/1042
f 716/540/1084 658/540/1048 690/540/1057
f 633/540/1050 674/540/1058 682/540/1085
f 632/540/996 647/540/1022 679/540/1070
f 645/540/976 689/540/1074 1216/540/1086 1218/540/1045
f 664/540/1059 694/540/1087 665/540/1025
f 677/540/1063 665/540/1025 694/540/1087
f 734/540/1088 726/540/1089 637/540/999
f 728/540/1032 734/540/1088 637/540/999
f 739/540/1090 674/540/1058 692/540/1080
f 690/540/1057 649/540/1012 713/540/1067
f 710/540/1066 1009/540/1073 1006/540/1091
f 611/540/981 711/540/1092 687/540/997
f 711/540/1092 611/540/981 1217/540/1046 1231/540/1093
f 718/540/1094 680/540/1061 683/540/1078
f 651/540/1007 765/540/1095 663/540/1031
f 679/540/1070 647/540/1022 703/540/1096
f 664/540/1059 676/540/1064 706/540/1097
f 697/540/1098 994/540/1099 995/540/1100
f 669/540/1029 622/540/982 721/540/1101
f 622/540/982 672/540/1026 721/540/1101
f 737/540/1102 681/540/984 687/540/997
f 697/540/1098 670/540/1103 957/540/1104 994/540/1099
f 687/540/997 711/540/1092 737/540/1102
f 1215/540/1105 1216/540/1086 689/540/1074
f 707/540/1053 723/540/1106 688/540/1028
f 726/540/1089 660/540/1006 637/540/999
f 1018/540/1107 1017/540/1108 660/540/1006 726/540/1089
f 681/540/984 712/540/1109 652/540/1011
f 703/540/1096 647/540/1022 658/540/1048
f 699/540/1062 630/540/1020 702/540/1077
f 701/540/1008 793/540/1110 673/540/1041
f 682/540/1085 674/540/1058 693/540/1111
f 674/540/1058 739/540/1090 693/540/1111
f 685/540/1017 699/540/1062 741/540/1112
f 670/540/1103 684/540/1113 1314/540/1114 1298/540/1115
f 705/540/1116 684/540/1113 670/540/1103
f 670/540/1103 1298/540/1115 1295/540/1117
f 1295/540/1117 958/540/1118 957/540/1104 670/540/1103
f 1106/540/1119 669/540/1029 721/540/1101 1102/540/1120
f 662/540/1002 715/540/1082 692/540/1080
f 679/540/1070 676/540/1064 659/540/1044
f 683/540/1078 677/540/1063 718/540/1094
f 664/540/1059 706/540/1097 694/540/1087
f 706/540/1097 676/540/1064 679/540/1070
f 714/540/1121 703/540/1096 658/540/1048
f 684/540/1113 1313/540/1122 1314/540/1114
f 667/540/1009 763/540/1036 1052/540/1123 1069/540/1124
f 691/540/1038 667/540/1009 1069/540/1124 1064/540/1125
f 671/540/1126 653/540/1037 635/540/1013
f 704/540/1127 666/540/1049 633/540/1050
f 737/540/1102 712/540/1109 681/540/984
f 704/540/1127 682/540/1085 717/540/1128
f 1080/540/1129 707/540/1053 698/540/1034 1079/540/1130
f 700/540/1035 722/540/1056 727/540/1131
f 763/540/1036 629/540/1004 1045/540/1132 1051/540/1133
f 684/540/1113 1315/540/1134 1313/540/1122
f 640/540/1027 685/540/1017 741/540/1112
f 694/540/1087 706/540/1097 719/540/1135
f 1044/540/1136 1045/540/1132 629/540/1004 724/540/1079
f 697/540/1098 995/540/1100 996/540/1137
f 723/540/1106 701/540/1008 688/540/1028
f 680/540/1061 710/540/1066 1006/540/1091 1007/540/1081
f 689/540/1074 742/540/1071 1228/540/1138 1214/540/1139
f 716/540/1084 714/540/1121 658/540/1048
f 716/540/1084 690/540/1057 713/540/1067
f 705/540/1116 670/540/1103 697/540/1098
f 682/540/1085 693/540/1111 733/540/1140
f 720/540/1141 694/540/1087 719/540/1135
f 735/540/1142 695/540/1001 1222/540/1083 1232/540/1143
f 731/540/1144 724/540/1079 700/540/1035
f 684/540/1113 705/540/1116 736/540/1145
f 740/540/1146 705/540/1116 697/540/1098
f 680/540/1061 713/540/1067 710/540/1066
f 677/540/1063 694/540/1087 720/540/1141
f 672/540/1026 663/540/1031 1103/540/1147 1099/540/1148
f 721/540/1101 672/540/1026 1099/540/1148 1097/540/1149
f 1315/540/1134 684/540/1113 736/540/1145 1317/540/1150
f 700/540/1035 727/540/1131 731/540/1144
f 718/540/1094 677/540/1063 720/540/1141
f 689/540/1074 1214/540/1139 1215/540/1105
f 730/540/1151 671/540/1126 666/540/1049
f 734/540/1088 728/540/1032 1012/540/1152 1015/540/1153
f 723/540/1106 793/540/1110 701/540/1008
f 715/540/1082 695/540/1001 735/540/1142
f 682/540/1085 733/540/1140 717/540/1128
f 1104/540/1154 1105/540/1155 692/540/1080 715/540/1082
f 703/540/1096 706/540/1097 679/540/1070
f 719/540/1135 706/540/1097 703/540/1096
f 767/540/1156 691/540/1038 1065/540/1157 1060/540/1158
f 707/540/1053 1080/540/1129 1082/540/1159 723/540/1106
f 765/540/1095 712/540/1109 1078/540/1160 1077/540/1161
f 1121/540/1162 653/540/1037 671/540/1126 1123/540/1163
f 709/540/1054 1063/540/1164 1062/540/1165 722/540/1056
f 1227/540/1166 737/540/1102 711/540/1092 1230/540/1167
f 727/540/1131 722/540/1056 738/540/1168
f 732/540/1169 698/540/1034 668/540/1051
f 1075/540/1170 1078/540/1160 712/540/1109 737/540/1102
f 680/540/1061 718/540/1094 713/540/1067
f 714/540/1121 719/540/1135 703/540/1096
f 718/540/1094 716/540/1084 713/540/1067
f 767/540/1156 1003/540/1171 1002/540/1172
f 668/540/1051 1020/540/1075 1022/540/1173
f 718/540/1094 720/540/1141 716/540/1084
f 719/540/1135 714/540/1121 720/540/1141
f 702/540/1077 678/540/1019 1038/540/1174 1037/540/1175
f 720/540/1141 714/540/1121 716/540/1084
f 741/540/1112 774/540/1176 640/540/1027
f 675/540/1068 1119/540/1177 1118/540/1178 708/540/1033
f 1035/540/1179 730/540/1151 704/540/1127 1109/540/1180
f 1031/540/1181 729/540/1055 696/540/1069 1032/540/1182
f 740/540/1146 697/540/1098 996/540/1137 1005/540/1183
f 722/540/1056 1062/540/1165 1061/540/1184 738/540/1168
f 730/540/1151 1034/540/1185 1033/540/1186 671/540/1126
f 686/540/1043 725/540/1065 1036/540/1187 1028/540/1188
f 686/540/1043 1028/540/1188 1027/540/1189
f 1079/540/1130 698/540/1034 732/540/1169 1081/540/1190
f 1046/540/1191 696/540/1069 774/540/1176 1050/540/1192
f 696/540/1069 1046/540/1191 1032/540/1182
f 739/540/1090 692/540/1080 1105/540/1155 1096/540/1193
f 708/540/1033 1118/540/1178 1117/540/1194 1225/540/1195 1226/540/1196
f 1066/540/1197 705/540/1116 740/540/1146 1058/540/1198
f 675/540/1068 1120/540/1199 1122/540/1200
f 693/540/1111 739/540/1090 1090/540/1201 1092/540/1202
f 1073/540/1203 1042/540/1204 1318/540/1205 1316/540/1206
f 668/540/1051 1022/540/1173 1026/540/1207 732/540/1169
f 726/540/1089 1023/540/1208 1018/540/1107
f 1224/540/1209 1131/540/1210 1114/540/1211 1229/540/1212
f 1229/540/1212 1114/540/1211 1113/540/1213 735/540/1142 1232/540/1143
f 1053/540/1214 774/540/1176 741/540/1112 1047/540/1215
f 1013/540/1216 1012/540/1152 728/540/1032 793/540/1110
f 1068/540/1217 724/540/1079 731/540/1144 1130/540/1218
f 1107/540/1219 1108/540/1220 717/540/1128
f 717/540/1128 1132/540/1221 1107/540/1219
f 705/540/1116 1066/540/1197 1067/540/1222 736/540/1145
f 736/540/1145 1072/540/1223 1073/540/1203 1316/540/1206 1317/540/1150
f 1030/540/1224 725/540/1065 729/540/1055 1031/540/1181
f 730/540/1151 1035/540/1179 1034/540/1185
f 675/540/1068 1122/540/1200 1119/540/1177
f 1016/540/1225 1023/540/1208 726/540/1089 734/540/1088
f 691/540/1038 1064/540/1125 1065/540/1157
f 699/540/1062 1055/540/1226 1049/540/1227 741/540/1112
f 1054/540/1228 1055/540/1226 699/540/1062 702/540/1077
f 731/540/1144 1124/540/1229 1130/540/1218
f 736/540/1145 1067/540/1222 1071/540/1230
f 721/540/1101 1097/540/1149 1098/540/1231
f 715/540/1082 1110/540/1232 1104/540/1154
f 793/540/1110 1084/540/1233 1013/540/1216
f 1225/540/1195 1117/540/1194 1131/540/1210 1224/540/1209
f 766/540/1234 1039/540/1235 1040/540/1236
f 736/540/1145 1071/540/1230 1072/540/1223
f 1076/540/1237 1074/540/1238 737/540/1102 1227/540/1166
f 1318/540/1205 1042/540/1204 1043/540/1239
f 1111/540/1240 1110/540/1232 715/540/1082 735/540/1142
f 702/540/1077 1037/540/1175 1070/540/1241
f 731/540/1144 727/540/1131 1129/540/1242 1128/540/1243
f 731/540/1144 1128/540/1243 1124/540/1229
f 725/540/1065 1030/540/1224 1036/540/1187
f 1112/540/1244 735/540/1142 1113/540/1213
f 724/540/1079 1068/540/1217 1044/540/1136
f 1085/540/1245 1103/540/1147 663/540/1031 765/540/1095
f 741/540/1112 1048/540/1246 1047/540/1215
f 1127/540/1247 1129/540/1242 727/540/1131 738/540/1168
f 1083/540/1248 1084/540/1233 793/540/1110 723/540/1106
f 671/540/1126 1115/540/1249 1123/540/1163
f 671/540/1126 1116/540/1250 1115/540/1249
f 702/540/1077 1070/540/1241 1054/540/1228
f 671/540/1126 1033/540/1186 1116/540/1250
f 738/540/1168 1125/540/1251 1127/540/1247
f 732/540/1169 1026/540/1207 1025/540/1252
f 735/540/1142 1112/540/1244 1111/540/1240
f 997/540/1253 998/540/1254 1059/540/1255
f 1083/540/1248 723/540/1106 1082/540/1159
f 1005/540/1183 1004/540/1256 1057/540/1257 740/540/1146
f 737/540/1102 1074/540/1238 1075/540/1170
f 1003/540/1171 767/540/1156 1060/540/1158 1000/540/1258
f 765/540/1095 1077/540/1161 1086/540/1259
f 742/540/1071 1093/540/1260 1095/540/1261 1228/540/1138
f 739/540/1090 1096/540/1193 1091/540/1262
f 766/540/1234 1041/540/1263 1039/540/1235
f 738/540/1168 1061/540/1184 1126/540/1264
f 733/540/1140 1089/540/1265 1087/540/1266
f 739/540/1090 1091/540/1262 1090/540/1201
f 733/540/1140 1088/540/1267 1101/540/1268
f 765/540/1095 1086/540/1259 1085/540/1245
f 741/540/1112 1049/540/1227 1048/540/1246
f 733/540/1140 1087/540/1266 1088/540/1267
f 740/540/1146 1056/540/1269 1058/540/1198
f 732/540/1169 1024/540/1270 1081/540/1190
f 732/540/1169 1025/540/1252 1024/540/1270
f 740/540/1146 1057/540/1257 1056/540/1269
f 856/540/1271 3/540/1272 850/540/1273
f 890/540/98 19/540/97 893/540/173
f 809/540/1274 807/540/1275 775/540/1276
f 743/540/81 775/540/1276 63/540/82
f 743/540/81 5/540/74 818/540/102 819/540/1277
f 17/540/136 46/540/257 896/540/1278 897/540/134
f 855/540/162 34/540/161 3/540/1272 856/540/1271
f 59/540/180 743/540/81 89/540/80
f 71/540/268 3/540/1272 34/540/161
f 16/540/116 62/540/201 829/540/202 830/540/117
f 745/540/207 32/540/66 27/540/141
f 33/540/21 746/540/209 63/540/82
f 83/540/247 46/540/257 17/540/136
f 43/540/199 83/540/247 17/540/136
f 96/540/282 78/540/182 110/540/283
f 747/540/272 82/540/263 1161/540/293 1162/540/296
f 63/540/82 746/540/209 118/540/276
f 747/540/272 111/540/299 86/540/270
f 90/540/205 146/540/277 154/540/297
f 97/540/204 748/540/213 769/540/323
f 748/540/213 97/540/204 36/540/183
f 84/540/235 150/540/317 91/540/212
f 748/540/213 102/540/249 152/540/324
f 134/540/336 1246/540/337 1248/540/321 133/540/320
f 127/540/306 83/540/247 157/540/273
f 154/540/297 192/540/384 780/540/373
f 255/540/504 750/540/314 257/540/386
f 750/540/314 218/540/415 144/540/343
f 218/540/415 750/540/314 255/540/504
f 185/540/392 161/540/380 215/540/439
f 751/540/406 231/540/460 173/540/362
f 186/540/416 138/540/271 196/540/307
f 242/540/467 197/540/425 204/540/422
f 226/540/405 222/540/387 244/540/490
f 247/540/476 237/540/496 202/540/438
f 215/540/439 303/540/536 787/540/417
f 203/540/402 231/540/460 260/540/514
f 752/540/521 297/540/483 239/540/477
f 229/540/471 233/540/454 284/540/552
f 280/540/528 229/540/471 284/540/552
f 297/540/483 287/540/561 224/540/475
f 785/540/541 253/540/448 265/540/525
f 349/540/642 287/540/561 297/540/483
f 785/540/541 281/540/554 305/540/560
f 771/540/633 306/540/537 266/540/497
f 351/540/607 308/540/470 242/540/467
f 331/540/546 771/540/633 266/540/497
f 349/540/642 752/540/521 372/540/644
f 752/540/521 335/540/520 753/540/645
f 341/540/615 753/540/645 335/540/520
f 346/540/600 754/540/667 341/540/615
f 342/540/583 754/540/667 346/540/600
f 753/540/645 385/540/666 372/540/644
f 755/540/670 397/540/683 353/540/622
f 1198/540/634 771/540/633 1201/540/655
f 753/540/645 754/540/667 385/540/666
f 397/540/683 755/540/670 417/540/736
f 756/540/664 388/540/727 755/540/670
f 417/540/736 755/540/670 388/540/727
f 367/540/665 776/540/733 411/540/732
f 441/540/751 475/540/772 430/540/737
f 411/540/732 776/540/733 440/540/766
f 402/540/701 441/540/751 380/540/662
f 758/540/815 401/540/695 478/540/781
f 401/540/695 758/540/815 455/540/748
f 476/540/787 496/540/819 465/540/757
f 759/540/869 484/540/771 533/540/803
f 758/540/815 532/540/814 481/540/830
f 760/540/904 506/540/888 508/540/846
f 506/540/888 760/540/904 527/540/905
f 760/540/904 788/540/1279 527/540/905
f 567/540/909 761/540/933 571/540/857
f 619/540/966 589/540/902 542/540/858
f 570/540/849 481/540/830 605/540/948
f 611/540/981 597/540/929 569/540/914
f 584/540/961 611/540/981 569/540/914
f 762/540/898 630/540/1020 631/540/993
f 599/540/941 585/540/911 627/540/971
f 612/540/927 617/540/926 764/540/1024
f 582/540/920 595/540/942 763/540/1036
f 763/540/1036 595/540/942 629/540/1004
f 567/540/909 593/540/940 685/540/1017
f 646/540/1052 640/540/1027 774/540/1176
f 635/540/1013 610/540/986 633/540/1050
f 612/540/927 764/540/1024 634/540/1014
f 764/540/1024 638/540/998 683/540/1078
f 635/540/1013 653/540/1037 602/540/975
f 610/540/986 661/540/987 633/540/1050
f 709/540/1054 642/540/995 991/540/1280 1008/540/1281
f 642/540/995 990/540/994 991/540/1280
f 680/540/1061 764/540/1024 683/540/1078
f 709/540/1054 1008/540/1281 999/540/1282
f 765/540/1095 651/540/1007 652/540/1011
f 652/540/1011 712/540/1109 765/540/1095
f 1094/540/1283 742/540/1071 669/540/1029 1106/540/1119
f 671/540/1126 635/540/1013 666/540/1049
f 704/540/1127 633/540/1050 682/540/1085
f 660/540/1006 766/540/1234 657/540/1030
f 1021/540/1076 657/540/1030 766/540/1234 1040/540/1236
f 711/540/1092 1231/540/1093 1230/540/1167
f 660/540/1006 1017/540/1108 1019/540/1284 766/540/1234
f 1002/540/1172 1001/540/1285 767/540/1156
f 691/540/1038 767/540/1156 1001/540/1285 988/540/1040
f 999/540/1282 997/540/1253 1059/540/1255 1063/540/1164 709/540/1054
f 668/540/1051 698/540/1034 616/540/980
f 721/540/1101 1098/540/1231 1102/540/1120
f 704/540/1127 730/540/1151 666/540/1049
f 733/540/1140 693/540/1111 1092/540/1202 1089/540/1265
f 734/540/1088 1015/540/1153 1014/540/1286
f 734/540/1088 1014/540/1286 1016/540/1225
f 763/540/1036 1051/540/1133 1052/540/1123
f 742/540/1071 1094/540/1283 1093/540/1260
f 766/540/1234 1019/540/1284 1041/540/1263
f 3/540/1272 13/540/124 843/540/1287 850/540/1273
f 768/540/1288 78/540/182 96/540/282
f 147/540/261 81/540/206 769/540/323
f 768/540/1288 1245/540/1289 1251/540/1290
f 768/540/1288 96/540/282 1243/540/292 1245/540/1289
f 124/540/313 92/540/168 116/540/254
f 153/540/303 199/540/463 1138/540/1291 1137/540/1292
f 189/540/368 141/540/340 137/540/341
f 135/540/331 186/540/416 204/540/422
f 162/540/371 194/540/414 207/540/426
f 770/540/446 180/540/389 229/540/471
f 155/540/301 778/540/361 782/540/459
f 770/540/446 222/540/387 163/540/367
f 770/540/446 229/540/471 244/540/490
f 268/540/533 783/540/1293 310/540/562
f 273/540/563 1178/540/575 1177/540/564
f 287/540/561 349/540/642 783/540/1293
f 331/540/546 1196/540/636 1210/540/656 771/540/633
f 429/540/743 772/540/854 479/540/753
f 772/540/854 429/540/743 493/540/792
f 773/540/882 500/540/811 496/540/819
f 490/540/812 773/540/882 496/540/819
f 773/540/882 490/540/812 537/540/899
f 639/540/979 598/540/1023 788/540/1279
f 546/540/855 574/540/925 509/540/863
f 568/540/938 575/540/956 610/540/986
f 591/540/960 987/540/1039 984/540/973
f 630/540/1020 762/540/898 648/540/1018
f 613/540/946 708/540/1033 1223/540/1294 1213/540/1295
f 654/540/1021 659/540/1044 676/540/1064
f 646/540/1052 774/540/1176 696/540/1069
f 1223/540/1294 708/540/1033 1226/540/1196
f 774/540/1176 1053/540/1214 1050/540/1192
f 1108/540/1220 1109/540/1180 704/540/1127 717/540/1128
f 775/540/1276 743/540/81 819/540/1277 809/540/1274
f 775/540/1276 33/540/21 63/540/82
f 33/540/21 775/540/1276 807/540/1275 808/540/22
f 780/540/373 192/540/384 256/540/474
f 287/540/561 247/540/476 224/540/475
f 776/540/733 446/540/797 440/540/766
f 565/540/903 639/540/979 760/540/904
f 651/540/1007 618/540/989 619/540/966
f 22/540/181 768/540/1288 1251/540/1290 1237/540/1296
f 138/540/271 63/540/82 118/540/276
f 183/540/335 777/540/240 780/540/373
f 141/540/340 779/540/369 156/540/356
f 784/540/358 185/540/392 778/540/361
f 156/540/356 779/540/369 188/540/400
f 213/540/430 779/540/369 189/540/368
f 780/540/373 256/540/474 274/540/423
f 195/540/381 234/540/453 192/540/384
f 295/540/505 232/540/421 781/540/551
f 781/540/551 240/540/458 339/540/550
f 364/540/620 781/540/551 339/540/550
f 356/540/611 1147/540/564 1146/540/684
f 613/540/946 1213/540/1295 1211/540/1005
f 119/540/220 1135/540/1297 1134/540/251
f 119/540/220 153/540/303 1137/540/1292 1135/540/1297
f 1140/540/462 1138/540/1291 199/540/463
f 787/540/417 782/540/459 778/540/361
f 783/540/1293 268/540/533 287/540/561
f 783/540/1293 338/540/629 310/540/562
f 1175/540/671 329/540/564 273/540/563 1177/540/564
f 387/540/699 783/540/1293 349/540/642
f 783/540/1293 387/540/699 338/540/629
f 385/540/666 418/540/711 405/540/679
f 546/540/855 509/540/863 477/540/774
f 100/540/278 106/540/298 784/540/358
f 106/540/298 141/540/340 784/540/358
f 785/540/541 265/540/525 251/540/509
f 578/540/921 552/540/912 598/540/1023
f 613/540/946 576/540/957 624/540/988
f 185/540/392 215/540/439 787/540/417
f 22/540/181 78/540/182 768/540/1288
f 576/540/957 613/540/946 553/540/916
f 545/540/891 553/540/916 613/540/946
f 385/540/666 405/540/679 372/540/644
f 866/540/1298 22/540/181 868/540/1299
f 60/540/188 75/540/319 21/540/147
f 75/540/319 65/540/236 21/540/147
f 179/540/350 786/540/413 164/540/318
f 738/540/1168 1126/540/1264 1125/540/1251
f 788/540/1279 552/540/912 527/540/905
f 639/540/979 788/540/1279 760/540/904
f 598/540/1023 552/540/912 788/540/1279
f 1270/540/1300 375/540/691 1269/540/690
f 356/540/611 301/540/566 329/540/564
f 1271/540/1301 375/540/691 1270/540/1300
f 457/540/744 503/540/823 472/540/807
f 1147/540/564 356/540/611 329/540/564 1186/540/671
f 145/540/349 749/540/355 181/540/379
f 501/540/809 486/540/763 427/540/738
f 831/540/71 7/540/73 827/540/1302
f 31/540/113 22/540/181 866/540/1298 867/540/114
f 868/540/1299 22/540/181 1236/540/1303 859/540/1304
f 22/540/181 1237/540/1296 1236/540/1303
f 761/540/933 567/540/909 646/540/1052
f 503/540/823 520/540/876 472/540/807
f 825/540/178 16/540/116 840/540/1305
f 840/540/1305 16/540/116 835/540/115
f 104/540/248 790/540/398 60/540/188
f 557/540/919 792/540/871 789/540/801
f 656/540/963 673/540/1041 793/540/1110
f 567/540/909 640/540/1027 646/540/1052
f 104/540/248 749/540/355 790/540/398
f 790/540/398 749/540/355 145/540/349
f 791/540/702 361/540/548 389/540/635
f 361/540/548 791/540/702 337/540/591
f 791/540/702 384/540/682 337/540/591
f 423/540/680 789/540/801 792/540/871
f 514/540/810 557/540/919 789/540/801
f 792/540/871 572/540/958 560/540/837
f 678/540/1019 1029/540/1306 1038/540/1174
f 7/540/73 68/540/177 826/540/179 827/540/1302
f 678/540/1019 686/540/1043 1027/540/1189 1029/540/1306
f 790/540/398 75/540/319 60/540/188
f 841/540/1307 13/540/124 844/540/123
f 318/540/569 1192/540/1308 1193/540/570
f 593/540/940 497/540/843 528/540/831
f 776/540/733 375/540/691 446/540/797
f 733/540/1140 1101/540/1268 1100/540/1309
f 34/540/161 854/540/160 853/540/1310 1294/540/1311
f 97/540/204 81/540/206 37/540/127
f 179/540/350 164/540/318 120/540/281
f 161/540/380 168/540/399 208/540/451
f 293/540/558 353/540/622 296/540/573
f 610/540/986 602/540/975 568/540/938
f 792/540/871 473/540/802 423/540/680
f 656/540/963 793/540/1110 728/540/1032
f 3/540/1272 1292/540/1312 1291/540/216 13/540/124
f 457/540/744 452/540/714 464/540/786
f 843/540/1287 13/540/124 841/540/1307
f 3/540/1272 71/540/268 1299/540/287 1292/540/1312
f 457/540/744 464/540/786 503/540/823
f 596/540/949 549/540/852 589/540/902
f 596/540/949 589/540/902 618/540/989
f 199/540/463 1309/540/1313 1310/540/464
f 805/540/1314 18/540/41 24/540/88 823/540/87
f 191/540/348 122/540/305 112/540/300
f 199/540/463 153/540/303 1307/540/383 1309/540/1313
f 294/540/524 288/540/526 250/540/429
f 318/540/569 1194/540/663 1192/540/1308
f 567/540/909 497/540/843 593/540/940
f 305/540/560 275/540/444 219/540/366
f 799/540/172 800/540/1315 744/540/69
f 806/540/42 18/540/41 805/540/1314
f 98/540/279 94/540/264 86/540/270
f 112/540/300 98/540/279 86/540/270
f 191/540/348 112/540/300 159/540/332
f 263/540/492 186/540/416 196/540/307
f 263/540/492 196/540/307 250/540/429
f 190/540/403 294/540/524 250/540/429
f 1272/540/821 446/540/797 375/540/691 1271/540/1301
f 305/540/560 219/540/366 253/540/448
f 351/540/607 242/540/467 263/540/492
f 717/540/1128 733/540/1140 1100/540/1309 1132/540/1221
f 800/540/1315 801/540/70 744/540/69
f 19/540/97 921/540/100 931/540/1316
f 931/540/1316 930/540/238 54/540/210 19/540/97
f 391/540/710 401/540/695 366/540/647
f 762/540/898 562/540/796 759/540/869
f 762/540/898 759/540/869 648/540/1018
f 675/540/1068 624/540/988 653/540/1037
f 898/540/135 878/540/1317 17/540/136
f 46/540/257 23/540/121 895/540/143 896/540/1278
f 878/540/1317 879/540/1318 39/540/200 17/540/136
f 32/540/66 88/540/208 876/540/1319 877/540/64
f 34/540/161 1294/540/1311 1302/540/245
f 88/540/208 39/540/200 879/540/1318 876/540/1319
f 73/540/231 23/540/121 46/540/257
f 769/540/323 81/540/206 97/540/204
f 120/540/281 164/540/318 126/540/288
f 161/540/380 208/540/451 202/540/438
f 351/540/607 263/540/492 333/540/595
f 364/540/620 391/540/710 366/540/647
f 558/540/878 590/540/897 673/540/1041
f 558/540/878 673/540/1041 656/540/963
f 653/540/1037 1121/540/1162 1120/540/1199 675/540/1068
